elapsed_time_s,target_speed_kmh,reference_speed_kmh,raw_factor,applied_factor,speed_difference_kmh,processing_time_ms,can_to_control_latency_ms
0.3236,0.721,149.998,0.3,0.9,149.277,0.3504,0.8149
0.3579,0.767,149.926,0.3,0.8,149.159,0.9676,4.0538
0.3901,0.875,149.823,0.3,0.7,148.948,0.7111,5.6869
0.4215,1.012,149.686,0.3,0.6,148.674,0.6114,7.6908
0.4535,1.134,149.517,0.3,0.5,148.383,0.6919,9.6869
0.486,1.353,149.331,0.3,0.4,147.978,0.6313,1.4529
0.5172,1.537,149.161,0.3,0.35,147.623,0.6412,2.6631
0.5495,1.722,148.984,0.3,0.325,147.262,0.6868,5.006
0.5815,1.949,148.802,0.3,0.3125,146.854,0.7735,7.5502
0.6134,2.194,148.606,0.3,0.3125,146.413,0.301,9.1289
0.6462,2.528,148.39,0.3,0.3125,145.862,0.373,1.6204
0.6769,2.804,148.17,0.3,0.3125,145.366,0.158,2.6771
0.7095,3.061,147.921,0.3,0.3125,144.86,0.1548,5.7412
0.7406,3.366,147.667,0.3,0.3125,144.302,0.158,6.9611
0.7731,3.589,147.389,0.3,0.3125,143.8,0.1689,9.0348
0.805,4.1,147.104,0.3,0.3125,143.003,0.1513,0.6796
0.8372,4.384,146.806,0.3,0.3125,142.421,0.1516,3.7619
0.8686,4.636,146.506,0.3,0.3125,141.87,0.1513,4.0315
0.9017,4.847,146.188,0.3,0.3125,141.341,0.2531,7.3264
0.9335,5.151,145.88,0.3,0.3125,140.729,0.2827,10.0507
0.9654,5.449,145.569,0.3,0.3125,140.12,0.2484,1.2109
0.9978,5.734,145.254,0.3,0.3125,139.52,0.3555,4.3824
1.0298,5.973,144.938,0.3,0.3125,138.966,0.2839,6.1015
1.0614,6.145,144.626,0.3,0.3125,138.481,0.4632,7.4762
1.0931,6.401,144.303,0.3,0.3125,137.902,0.1402,8.9366
1.1253,6.704,143.975,0.3,0.3125,137.272,0.1511,1.6804
1.1568,6.974,143.652,0.3,0.3125,136.678,0.1595,3.0054
1.189,7.079,143.319,0.3,0.3125,136.24,0.1514,4.9226
1.2214,7.328,142.984,0.3,0.3125,135.656,0.2394,7.1714
1.2538,7.494,142.648,0.3,0.3125,135.154,0.2879,9.3693
1.2851,7.701,142.322,0.3,0.3125,134.621,0.2533,1.1254
1.3177,7.834,141.983,0.3,0.3125,134.149,0.2667,3.4405
1.3494,7.954,141.653,0.3,0.3125,133.699,0.284,6.0564
1.3813,8.095,141.321,0.3,0.3125,133.226,0.3162,7.3231
1.4133,8.302,140.988,0.3,0.3125,132.686,0.3272,9.458
1.446,8.535,140.648,0.3,0.3125,132.113,0.2996,2.5634
1.4769,8.67,140.324,0.3,0.3125,131.654,0.1574,2.7218
1.5094,8.837,139.985,0.3,0.3125,131.148,0.1516,5.756
1.5411,8.977,139.654,0.3,0.3125,130.677,0.1528,7.0
1.573,9.118,139.319,0.3,0.3125,130.202,0.1687,9.1496
1.6045,9.343,138.988,0.3,0.3125,129.645,0.1465,0.621
1.6374,9.471,138.64,0.3,0.3125,129.168,0.1511,3.7477
1.6695,9.612,138.297,0.3,0.3125,128.685,0.1642,5.9467
1.7012,9.828,137.958,0.3,0.3125,128.13,0.1689,7.8202
1.7328,9.964,137.62,0.3,0.3125,127.656,0.1946,8.8894
1.7653,10.007,137.271,0.3,0.3125,127.264,0.1775,0.8068
1.7978,10.137,136.924,0.3,0.3125,126.788,0.3123,3.7157
1.8297,10.277,136.584,0.3,0.3125,126.307,0.3948,5.4151
1.8613,10.362,136.247,0.3,0.3125,125.885,0.5318,6.9802
1.8934,10.59,135.9,0.3,0.3125,125.31,0.1654,9.8135
1.9252,10.808,135.561,0.3,0.3125,124.753,0.1653,1.8176
1.9575,11.146,135.217,0.3,0.3125,124.071,0.1693,3.8705
1.9892,11.213,134.88,0.3,0.3125,123.667,0.1633,5.0154
2.0209,11.488,134.543,0.3,0.3125,123.055,0.1665,6.9735
2.053,11.605,134.204,0.3,0.3125,122.598,0.2915,9.3487
2.0857,11.747,133.857,0.3,0.3125,122.11,0.3049,1.4038
2.1175,11.921,133.52,0.3,0.3125,121.599,0.3101,3.6022
2.1498,12.01,133.178,0.3,0.3125,121.167,0.2967,5.5281
2.1813,12.078,132.844,0.3,0.3125,120.767,0.3691,7.3964
2.2133,12.282,132.504,0.3,0.3125,120.222,0.3138,9.3247
2.2449,12.541,132.169,0.3,0.3125,119.629,0.3342,1.2382
2.2773,12.732,131.824,0.3,0.3125,119.092,0.168,3.8015
2.3092,12.955,131.485,0.3,0.3125,118.53,0.1704,5.0765
2.3406,13.083,131.153,0.3,0.3125,118.07,0.1659,6.9696
2.3729,13.186,130.809,0.3,0.3125,117.623,0.1667,9.0636
2.4056,13.424,130.463,0.3,0.3125,117.04,0.2618,1.2613
2.4377,13.598,130.122,0.3,0.3125,116.524,0.2657,3.3876
2.4698,13.701,129.781,0.3,0.3125,116.08,0.2642,5.2395
2.5022,13.781,127.153,0.3,0.3125,113.372,0.8495,8.7282
2.5331,14.002,126.816,0.3,0.3125,112.814,0.175,9.8057
2.5656,15.721,126.47,0.3,0.3125,110.749,0.2288,1.146
2.5989,16.187,126.116,0.3,0.3125,109.929,0.3539,4.9517
2.6294,16.343,125.789,0.3,0.3125,109.446,0.3152,6.0639
2.6617,16.419,125.446,0.3,0.3125,109.027,0.5254,7.7086
2.693,16.628,125.108,0.3,0.3125,108.48,0.1576,8.8526
2.7251,16.951,124.764,0.3,0.3125,107.813,0.1502,1.7185
2.7568,17.211,124.425,0.3,0.3125,107.215,0.1573,3.0398
2.7894,17.301,124.077,0.3,0.3125,106.776,0.1545,4.9572
2.8216,17.423,123.733,0.3,0.3125,106.31,0.2579,7.4922
2.8535,17.541,123.391,0.3,0.3125,105.851,0.2626,10.0357
2.8855,17.843,123.05,0.3,0.3125,105.207,0.2553,1.1706
2.9172,17.934,122.71,0.3,0.3125,104.776,0.2716,3.5243
2.9495,18.1,122.365,0.3,0.3125,104.264,0.2803,6.0875
2.9817,18.246,122.021,0.3,0.3125,103.775,0.3063,8.2049
3.0133,18.41,121.683,0.3,0.3125,103.272,0.3354,9.325
3.0459,18.607,121.336,0.3,0.3125,102.729,0.4222,2.3854
3.0768,18.852,121.002,0.3,0.3125,102.15,0.1472,2.6608
3.1094,18.976,120.655,0.3,0.3125,101.679,0.151,5.7705
3.1415,19.145,120.312,0.3,0.3125,101.167,0.1507,7.7748
3.1728,19.303,119.977,0.3,0.3125,100.674,0.1516,8.9519
3.2048,19.526,119.636,0.3,0.3125,100.109,0.1503,0.6821
3.2368,19.636,119.293,0.3,0.3125,99.657,0.1531,2.8312
3.2689,19.82,118.951,0.3,0.3125,99.13,0.1539,4.8645
3.3011,20.043,118.608,0.3,0.3125,98.564,0.1586,6.8258
3.3331,20.105,118.266,0.3,0.3125,98.161,0.1746,9.7613
3.3669,20.339,117.905,0.3,0.3125,97.566,0.1673,0.8143
3.3974,20.455,117.582,0.3,0.3125,97.127,0.2755,3.3556
3.4292,20.59,117.243,0.3,0.3125,96.653,0.2852,5.0375
3.4611,20.666,116.902,0.3,0.3125,96.236,0.2199,7.2023
3.4926,20.858,116.565,0.3,0.3125,95.707,0.1527,8.8482
3.5249,20.849,116.221,0.3,0.3125,95.372,0.1474,1.6693
3.5572,20.914,115.877,0.3,0.3125,94.963,0.1553,3.012
3.5895,20.937,115.533,0.3,0.3125,94.597,0.1515,5.8884
3.6215,20.942,115.193,0.3,0.3125,94.252,0.2765,7.4169
3.6533,20.923,114.855,0.3,0.3125,93.931,0.279,9.9825
3.6853,20.889,114.514,0.3,0.3125,93.624,0.2551,1.1432
3.7176,20.832,114.17,0.3,0.3125,93.338,0.2672,3.5305
3.7495,20.851,113.831,0.3,0.3125,92.98,0.2734,6.0542
3.7817,20.769,113.488,0.3,0.3125,92.719,0.308,8.1837
3.8132,20.756,113.154,0.3,0.3125,92.398,0.3319,9.2794
3.8459,20.635,112.806,0.3,0.3125,92.172,0.4082,2.4581
3.8767,20.59,112.476,0.3,0.3125,91.886,0.1447,2.6747
3.9093,20.536,112.129,0.3,0.3125,91.593,0.1517,5.7533
3.9409,20.42,111.794,0.3,0.3125,91.374,0.1579,6.872
3.9734,20.429,111.448,0.3,0.3125,91.018,0.1619,8.8919
4.0048,20.219,111.115,0.3,0.3125,90.896,0.1598,0.7292
4.0372,20.234,110.77,0.3,0.3125,90.536,0.1633,2.8772
4.0686,20.18,110.436,0.3,0.3125,90.256,0.1594,4.9737
4.1013,20.156,110.089,0.3,0.3125,89.933,0.1637,7.8752
4.1333,20.059,109.749,0.3,0.3125,89.69,0.1651,9.8862
4.1665,19.975,109.397,0.3,0.3125,89.422,0.2469,1.6096
4.1977,20.007,109.067,0.3,0.3125,89.06,0.3115,3.3981
4.2297,19.953,108.729,0.3,0.3125,88.776,0.3385,5.3259
4.2609,19.897,108.399,0.3,0.3125,88.502,0.3414,7.1678
4.2933,19.923,108.054,0.3,0.3125,88.131,0.1724,9.0986
4.325,19.884,107.721,0.3,0.3125,87.838,0.1549,0.7197
4.3574,19.84,107.382,0.3,0.3125,87.542,0.1635,2.9434
4.3889,19.818,107.053,0.3,0.3125,87.236,0.1653,4.9329
4.4216,19.753,106.716,0.3,0.3125,86.962,0.2605,7.301
4.4536,19.851,106.387,0.3,0.3125,86.536,0.2714,10.1645
4.4851,19.794,106.065,0.3,0.3125,86.271,0.2717,1.1555
4.5169,19.743,105.742,0.3,0.3125,85.999,0.283,2.3436
4.5491,19.857,105.418,0.3,0.3125,85.561,0.3153,5.4466
4.5814,19.851,105.096,0.3,0.3125,85.245,0.315,7.1671
4.6137,19.841,104.775,0.3,0.3125,84.934,0.3199,10.2494
4.6456,19.88,104.461,0.3,0.3125,84.581,0.3167,2.2136
4.6776,19.874,104.148,0.3,0.3125,84.274,0.3449,4.0442
4.7086,19.863,103.846,0.3,0.3125,83.983,0.1541,4.7301
4.741,19.929,103.534,0.3,0.3125,83.605,0.159,6.8183
4.7731,19.903,103.228,0.3,0.3125,83.325,0.1648,9.2849
4.8053,19.909,102.923,0.3,0.3125,83.015,0.1604,1.8032
4.8368,19.957,102.628,0.3,0.3125,82.671,0.1511,2.7783
4.8693,19.994,102.325,0.3,0.3125,82.331,0.1664,2.8949
4.9013,19.994,102.03,0.3,0.3125,82.036,0.1524,7.0785
4.933,20.008,101.739,0.3,0.3125,81.731,0.1887,8.8176
4.9653,20.021,101.445,0.3,0.3125,81.424,0.1715,0.9476
4.999,19.959,101.142,0.3,0.3125,81.183,0.2944,5.1559
5.0306,19.952,100.117,0.3,0.3125,80.165,1.9161,4.7976
5.0615,20.036,99.835,0.3,0.3125,79.799,0.2955,7.3917
5.0931,20.008,99.562,0.3,0.3125,79.554,0.1535,8.9402
5.1249,19.99,99.291,0.3,0.3125,79.301,0.1549,0.6669
5.1576,20.002,99.015,0.3,0.3125,79.013,0.1936,3.0918
5.1889,20.065,98.753,0.3,0.3125,78.688,0.29,4.4589
5.2216,19.992,98.481,0.3,0.3125,78.489,0.2771,7.4713
5.2539,19.993,98.215,0.3,0.3125,78.222,0.311,10.3199
5.2857,20.046,97.955,0.3,0.3125,77.909,0.285,1.2385
5.3173,20.047,97.698,0.3,0.3125,77.651,0.3132,3.5716
5.3499,20.003,97.435,0.3,0.3125,77.432,0.3192,6.337
5.3817,19.97,97.182,0.3,0.3125,77.212,0.3113,8.2677
5.414,20.037,96.925,0.3,0.3125,76.888,0.3493,10.4242
5.4459,20.018,96.673,0.3,0.3125,76.655,0.3152,2.3119
5.4772,20.021,96.428,0.3,0.3125,76.407,0.2107,2.94
5.5093,20.042,96.178,0.3,0.3125,76.136,0.1775,5.8524
5.5411,20.029,95.933,0.3,0.3125,75.904,0.1835,6.9619
5.573,19.979,95.688,0.3,0.3125,75.709,0.1919,9.1592
5.6055,19.987,95.441,0.3,0.3125,75.454,0.1835,1.9053
5.6369,20.057,95.203,0.3,0.3125,75.146,0.1878,2.9847
5.6686,20.0,94.965,0.3,0.3125,74.965,0.1765,5.0518
5.7008,20.028,94.725,0.3,0.3125,74.697,0.1866,6.4811
5.7329,20.026,94.488,0.3,0.3125,74.462,0.2265,9.06
5.7649,20.059,94.253,0.3,0.3125,74.194,0.2673,1.3112
5.7976,20.007,94.014,0.3,0.3125,74.007,0.338,2.9266
5.8301,20.009,93.779,0.3,0.3125,73.77,0.4295,6.5584
5.8608,20.062,93.556,0.3,0.3125,73.493,0.201,7.1184
5.8935,20.016,93.322,0.3,0.3125,73.305,0.1923,9.1668
5.9253,20.009,93.095,0.3,0.3125,73.086,0.1769,1.8685
5.9569,20.006,92.872,0.3,0.3125,72.866,0.1982,3.1436
5.9886,20.003,92.649,0.3,0.3125,72.646,0.1895,5.0532
6.0216,20.035,92.419,0.3,0.3125,72.384,0.2906,7.4534
6.054,20.046,92.195,0.3,0.3125,72.149,0.3151,10.3543
6.0859,20.003,91.975,0.3,0.3125,71.972,0.2997,1.4099
6.1171,19.921,91.761,0.3,0.3125,71.84,0.2964,2.5031
6.1492,19.996,91.542,0.3,0.3125,71.546,0.3265,4.732
6.1818,19.992,91.322,0.3,0.3125,71.33,0.3133,8.2839
6.2139,19.97,91.106,0.3,0.3125,71.136,0.3396,9.4632
6.245,20.001,90.898,0.3,0.3125,70.897,0.3765,1.2544
6.2775,20.007,90.682,0.3,0.3125,70.675,0.1856,3.9757
6.3093,20.023,90.49,0.3,0.3125,70.468,0.1791,5.8647
6.3411,19.995,90.33,0.3,0.3125,70.336,0.1839,7.1158
6.3729,19.995,90.179,0.3,0.3125,70.184,0.2009,8.3714
6.4055,20.026,90.023,0.3,0.3125,69.998,0.1842,1.9889
6.4369,19.99,89.874,0.3,0.3125,69.883,0.2778,3.3445
6.4692,19.97,89.719,0.3,0.3125,69.749,0.3049,4.6344
6.5018,20.0,89.563,0.3,0.3125,69.563,0.3006,8.2086
6.5336,19.981,89.409,0.3,0.3125,69.428,0.3202,9.3175
6.5656,19.982,89.253,0.3,0.3125,69.271,0.2934,1.2288
6.5975,19.926,89.096,0.3,0.3125,69.17,0.3175,2.9357
6.6293,20.011,88.939,0.3,0.3125,68.928,0.3437,5.4573
6.6609,19.96,88.78,0.3,0.3125,68.82,0.2039,6.9936
6.693,19.984,88.617,0.3,0.3125,68.633,0.1969,9.0214
6.7251,20.036,88.454,0.3,0.3125,68.418,0.1798,0.7581
6.7571,20.037,88.29,0.3,0.3125,68.252,0.1773,2.8733
6.7894,19.987,88.123,0.3,0.3125,68.136,0.1767,5.8723
6.8216,19.97,87.956,0.3,0.3125,67.986,0.1814,7.133
6.8533,19.996,87.791,0.3,0.3125,67.795,0.2078,9.2419
6.8854,19.972,87.622,0.3,0.3125,67.651,0.184,1.9463
6.9171,19.988,87.456,0.3,0.3125,67.468,0.1923,3.2311
6.9497,20.04,87.284,0.3,0.3125,67.244,0.2271,5.5376
6.9822,20.041,87.113,0.3,0.3125,67.072,0.3792,8.5307
7.0133,19.999,86.948,0.3,0.3125,66.949,0.3903,9.5676
7.0459,19.975,86.775,0.3,0.3125,66.8,0.416,1.6497
7.0778,20.037,86.605,0.3,0.3125,66.568,0.3533,4.1482
7.109,19.986,86.438,0.3,0.3125,66.452,0.1839,4.9677
7.1415,19.967,86.264,0.3,0.3125,66.297,0.1917,7.0714
7.1731,20.028,86.095,0.3,0.3125,66.067,0.1989,8.3845
7.205,19.966,85.925,0.3,0.3125,65.958,0.1855,1.0476
7.2371,19.969,85.753,0.3,0.3125,65.784,0.2813,3.325
7.2694,20.026,85.579,0.3,0.3125,65.554,0.319,4.6913
7.3014,20.042,85.408,0.3,0.3125,65.366,0.3218,7.5257
7.3335,19.986,85.235,0.3,0.3125,65.249,0.3072,9.167
7.3648,19.995,85.066,0.3,0.3125,65.072,0.2874,1.2133
7.3971,19.983,84.893,0.3,0.3125,64.91,0.3374,3.3843
7.4311,19.949,84.71,0.3,0.3125,64.761,0.3566,6.9711
7.4611,19.963,84.547,0.3,0.3125,64.584,0.173,7.0337
7.493,19.957,84.376,0.3,0.3125,64.419,0.1935,9.0274
7.5252,20.036,84.203,0.3,0.3125,64.167,0.1785,1.8556
7.5584,19.979,84.147,0.3,0.3125,64.168,1.6043,4.3319
7.5889,19.974,83.975,0.3,0.3125,64.001,0.1883,4.9467
7.6215,20.025,83.8,0.3,0.3125,63.775,0.1887,7.1798
7.6534,19.989,83.628,0.3,0.3125,63.64,0.188,9.9622
7.6853,19.994,83.457,0.3,0.3125,63.463,0.176,1.8593
7.7175,20.015,83.284,0.3,0.3125,63.269,0.1784,3.113
7.7487,20.026,83.117,0.3,0.3125,63.091,0.2017,4.4601
7.7817,19.998,82.94,0.3,0.3125,62.942,0.1832,8.0274
7.8137,19.976,82.769,0.3,0.3125,62.792,0.3517,9.7169
7.8454,20.057,82.6,0.3,0.3125,62.543,0.3856,1.3911
7.8772,20.012,82.428,0.3,0.3125,62.416,0.1877,3.8245
7.909,19.988,82.258,0.3,0.3125,62.27,0.1775,4.9436
7.9406,20.005,82.089,0.3,0.3125,62.084,0.1768,6.0313
7.9726,20.009,81.918,0.3,0.3125,61.909,0.1813,8.0928
8.0054,19.992,81.743,0.3,0.3125,61.752,0.1775,0.9783
8.037,20.008,81.576,0.3,0.3125,61.568,0.2726,3.2726
8.0694,20.039,81.403,0.3,0.3125,61.364,0.3131,5.5374
8.1017,19.98,81.231,0.3,0.3125,61.251,0.287,8.1188
8.1334,20.006,81.063,0.3,0.3125,61.057,0.302,9.2149
8.165,19.976,80.895,0.3,0.3125,60.919,0.2951,1.3579
8.1973,20.029,80.725,0.3,0.3125,60.696,0.3466,1.8747
8.2312,20.02,80.546,0.3,0.3125,60.526,0.3877,6.9363
8.262,20.014,80.383,0.3,0.3125,60.369,0.3393,8.5119
8.2931,20.025,80.218,0.3,0.3125,60.193,0.1853,9.0126
8.3247,19.97,80.052,0.3,0.3125,60.082,0.1758,0.8183
8.3575,20.007,79.88,0.3,0.3125,59.872,0.171,3.8529
8.3892,20.028,79.713,0.3,0.3125,59.685,0.1724,4.9449
8.4214,19.973,79.544,0.3,0.3125,59.572,0.1683,7.0974
8.4536,19.983,79.376,0.3,0.3125,59.394,0.1945,8.3185
8.4853,19.982,79.21,0.3,0.3125,59.228,0.1722,1.8808
8.5176,20.019,79.042,0.3,0.3125,59.023,0.322,3.4031
8.5495,19.993,78.876,0.3,0.3125,58.883,0.1936,5.2446
8.5819,19.989,78.708,0.3,0.3125,58.719,0.3611,8.3935
8.6138,20.018,78.542,0.3,0.3125,58.525,0.3215,9.4049
8.6456,20.008,78.378,0.3,0.3125,58.37,0.3491,2.2949
8.6775,19.976,78.212,0.3,0.3125,58.235,0.1848,3.8404
8.7093,19.972,78.047,0.3,0.3125,58.075,0.1819,5.1374
8.7413,20.025,77.882,0.3,0.3125,57.857,0.1801,6.9896
8.7727,19.998,77.72,0.3,0.3125,57.723,0.1753,8.071
8.8055,19.981,77.552,0.3,0.3125,57.571,0.256,1.2942
8.8368,19.999,77.391,0.3,0.3125,57.393,0.2497,3.1588
8.8698,19.996,77.222,0.3,0.3125,57.226,0.2587,5.2924
8.9015,19.995,77.06,0.3,0.3125,57.065,0.3126,7.4273
8.9334,20.026,76.896,0.3,0.3125,56.87,0.2927,9.1624
8.9659,20.022,76.731,0.3,0.3125,56.708,0.3237,1.648
8.9977,19.998,76.568,0.3,0.3125,56.57,0.3213,4.1982
9.0296,19.997,76.407,0.3,0.3125,56.409,0.4511,5.6704
9.0623,20.059,76.241,0.3,0.3125,56.182,0.5777,8.703
9.0928,19.96,76.083,0.3,0.3125,56.123,0.1736,8.9023
9.1253,20.039,75.919,0.3,0.3125,55.879,0.1638,1.7882
9.1569,20.029,75.759,0.3,0.3125,55.729,0.1951,3.1556
9.1893,20.043,75.595,0.3,0.3125,55.551,0.1852,5.0404
9.2218,19.97,75.431,0.3,0.3125,55.461,0.2937,7.662
9.2538,19.996,75.269,0.3,0.3125,55.274,0.2938,10.149
9.2848,20.009,75.113,0.3,0.3125,55.104,0.2698,1.192
9.3171,19.986,74.951,0.3,0.3125,54.965,0.3595,2.754
9.3497,19.973,74.786,0.3,0.3125,54.813,0.2856,6.1466
9.3815,19.999,74.627,0.3,0.3125,54.627,0.329,7.2654
9.4137,19.988,74.466,0.3,0.3125,54.477,0.3995,9.5049
9.446,19.986,74.304,0.3,0.3125,54.319,0.4918,2.6795
9.4768,19.981,74.149,0.3,0.3125,54.168,0.1762,2.8584
9.5087,20.017,73.989,0.3,0.3125,53.973,0.1843,4.9342
9.5409,19.967,73.828,0.3,0.3125,53.861,0.1873,7.0171
9.5736,19.954,73.666,0.3,0.3125,53.712,0.1904,9.0756
9.6051,20.008,73.509,0.3,0.3125,53.501,0.1835,0.8577
9.6375,19.992,73.348,0.3,0.3125,53.356,0.1772,3.9733
9.6692,19.997,73.19,0.3,0.3125,53.193,0.1953,5.2935
9.7007,20.01,73.034,0.3,0.3125,53.023,0.1887,6.1598
9.7328,19.997,72.875,0.3,0.3125,52.878,0.2173,8.9912
9.7657,19.977,72.712,0.3,0.3125,52.735,0.2122,1.3159
9.7979,19.968,72.553,0.3,0.3125,52.585,0.3621,4.4005
9.8286,20.02,72.401,0.3,0.3125,52.381,0.1863,4.8337
9.862,20.022,72.238,0.3,0.3125,52.216,0.5283,7.8693
9.8935,19.935,72.081,0.3,0.3125,52.145,0.1739,9.0496
9.9245,19.989,71.928,0.3,0.3125,51.939,0.1687,0.72
9.9567,19.997,71.769,0.3,0.3125,51.772,0.1747,2.1504
9.9892,19.976,71.61,0.3,0.3125,51.634,0.179,5.0236
10.0209,19.981,71.455,0.3,0.3125,51.474,0.2718,7.286
10.0537,20.04,71.294,0.3,0.3125,51.255,0.2768,10.0805
10.0858,20.05,70.984,0.3,0.3125,50.934,1.1335,2.1222
10.1172,19.979,70.827,0.3,0.3125,50.847,0.2826,3.3777
10.1488,20.016,70.671,0.3,0.3125,50.655,0.1854,4.9443
10.1815,20.061,70.513,0.3,0.3125,50.452,0.3374,7.3587
10.2132,20.007,70.358,0.3,0.3125,50.351,0.3702,9.4455
10.2463,19.994,70.198,0.3,0.3125,50.204,0.4652,2.6019
10.277,20.005,70.047,0.3,0.3125,50.042,0.1735,2.8096
10.3087,19.981,69.893,0.3,0.3125,49.912,0.1767,4.8949
10.341,20.0,69.736,0.3,0.3125,49.735,0.1758,6.9097
10.3731,20.049,69.58,0.3,0.3125,49.531,0.1804,9.0255
10.4047,20.06,69.427,0.3,0.3125,49.367,0.175,0.8231
10.4369,19.989,69.271,0.3,0.3125,49.282,0.1789,3.0009
10.4693,19.957,69.114,0.3,0.3125,49.157,0.1687,4.9923
10.5012,20.037,68.96,0.3,0.3125,48.923,0.1936,7.8732
10.5335,19.972,68.804,0.3,0.3125,48.832,0.1916,9.8304
10.5656,20.011,68.649,0.3,0.3125,48.638,0.1811,1.2905
10.5974,20.008,68.497,0.3,0.3125,48.488,0.3829,3.2801
10.6293,20.04,68.343,0.3,0.3125,48.303,0.3585,5.5173
10.6613,20.0,68.188,0.3,0.3125,48.188,0.2627,7.1497
10.6935,20.018,68.033,0.3,0.3125,48.016,0.1755,8.9902
10.7255,20.002,67.879,0.3,0.3125,47.878,0.1692,1.8021
10.7572,19.995,67.727,0.3,0.3125,47.732,0.1755,3.0659
10.7887,19.98,67.576,0.3,0.3125,47.596,0.1702,5.039
10.821,19.986,67.421,0.3,0.3125,47.436,0.2702,6.5308
10.8537,19.98,67.265,0.3,0.3125,47.284,0.2727,10.0551
10.8849,19.994,67.115,0.3,0.3125,47.122,0.2703,11.0816
10.917,19.964,66.962,0.3,0.3125,46.998,0.2945,2.6384
10.9491,20.022,66.808,0.3,0.3125,46.787,0.2893,5.2182
10.9813,19.966,66.655,0.3,0.3125,46.688,0.3227,7.3469
11.0137,19.957,66.5,0.3001,0.3125,46.543,0.3638,9.4088
11.0462,20.018,66.345,0.3017,0.3125,46.327,0.4511,1.9298
11.0767,20.029,66.199,0.3026,0.3125,46.169,0.1624,2.8015
11.1088,20.003,66.046,0.3029,0.3125,46.043,0.1754,4.8879
11.1406,20.021,65.894,0.3038,0.3125,45.873,0.1834,7.016
11.173,20.054,65.741,0.3051,0.3125,45.686,0.1799,9.1385
11.2052,20.035,65.587,0.3055,0.3125,45.553,0.1746,0.8555
11.2374,19.975,65.434,0.3053,0.3125,45.459,0.1803,2.9906
11.2692,20.008,65.283,0.3065,0.3125,45.275,0.1788,5.0879
11.3015,20.045,65.13,0.3078,0.3125,45.085,0.1919,8.0386
11.3328,19.965,64.982,0.3072,0.3125,45.017,0.2044,8.9963
11.3654,19.952,64.828,0.3078,0.3125,44.876,0.3114,1.523
11.3995,20.014,64.666,0.3095,0.3125,44.652,0.2281,5.0178
11.4294,20.002,64.525,0.31,0.3125,44.523,0.3303,5.3469
11.4615,19.917,64.373,0.3094,0.3125,44.456,0.1915,7.2285
11.4934,20.046,64.222,0.3121,0.3125,44.176,0.1777,9.0356
11.5253,20.078,64.071,0.3134,0.3125,43.993,0.1706,1.8127
11.5574,20.017,63.92,0.3132,0.3125,43.903,0.1714,3.1396
11.5891,19.994,63.77,0.3135,0.3125,43.776,0.1727,5.0282
11.6214,20.035,63.618,0.3149,0.3125,43.584,0.2769,7.5948
11.6539,20.005,63.465,0.3152,0.3125,43.46,0.2943,10.2446
11.6854,19.942,63.317,0.315,0.3125,43.374,0.2595,1.174
11.7173,19.986,63.167,0.3164,0.3125,43.181,0.2914,3.6336
11.7498,19.979,63.014,0.3171,0.3125,43.035,0.2855,6.129
11.782,19.984,62.863,0.3179,0.3125,42.879,0.3225,8.3029
11.8132,20.008,62.716,0.319,0.3125,42.708,0.3567,9.4675
11.8463,20.003,62.561,0.3197,0.3125,42.558,0.461,2.585
11.8772,19.995,62.415,0.3204,0.3125,42.42,0.1732,3.8115
11.9089,19.968,62.266,0.3207,0.3125,42.298,0.1711,4.9
11.9414,20.018,62.114,0.3223,0.3125,42.096,0.1721,7.0383
11.9732,19.967,61.965,0.3222,0.3125,41.998,0.188,8.3824
12.0052,19.939,61.815,0.3226,0.3125,41.876,0.1709,0.8924
12.037,19.97,61.666,0.3238,0.3125,41.696,0.249,3.2694
12.0693,20.03,61.515,0.3256,0.3125,41.485,0.2631,4.5501
12.1017,20.013,61.364,0.3261,0.3125,41.351,0.2699,8.1087
12.1334,20.011,61.215,0.3269,0.3125,41.204,0.2987,9.2285
12.1657,20.014,61.064,0.3278,0.3125,41.05,0.287,1.5677
12.1978,20.032,60.915,0.3288,0.3125,40.883,0.2992,4.1523
12.2296,19.982,60.767,0.3288,0.3125,40.785,0.4414,5.6166
12.2618,20.017,60.617,0.3302,0.3125,40.6,0.488,8.406
12.2929,20.02,60.47,0.3311,0.3125,40.45,0.1619,8.8763
12.3246,20.013,60.322,0.3318,0.3125,40.309,0.1636,0.7595
12.3568,20.001,60.172,0.3324,0.3125,40.171,0.1579,2.8194
12.3897,19.981,60.021,0.3329,0.3227,40.04,0.5827,5.3562
12.4212,19.975,59.867,0.3337,0.3227,39.892,0.1738,6.9998
12.4533,19.978,59.713,0.3346,0.3227,39.735,0.1751,9.1
12.4846,19.995,59.562,0.3357,0.3227,39.568,0.1816,0.9268
12.5169,20.069,59.407,0.3378,0.3227,39.338,0.2033,2.3397
12.5489,20.001,59.253,0.3375,0.3227,39.252,0.1926,4.4538
12.5815,19.997,59.097,0.3384,0.3227,39.1,0.4067,7.475
12.6146,20.056,58.83,0.3409,0.3227,38.774,1.3135,10.3947
12.6476,19.992,58.667,0.3408,0.3227,38.675,0.3347,4.0155
12.6773,20.007,58.524,0.3419,0.3227,38.517,0.1773,3.8034
12.7095,20.011,58.371,0.3428,0.3328,38.359,0.5469,5.36
12.7415,20.006,58.21,0.3437,0.3328,38.204,0.1769,7.1459
12.7727,19.973,58.056,0.344,0.3328,38.083,0.1738,9.0051
12.8048,19.958,57.898,0.3447,0.3328,37.94,0.2453,1.1213
12.8368,20.006,57.739,0.3465,0.3328,37.733,0.251,2.4514
12.8697,19.988,57.576,0.3472,0.3328,37.588,0.2485,5.2688
12.9011,19.963,57.421,0.3477,0.3328,37.458,0.2881,7.2457
12.9336,20.02,57.26,0.3496,0.3328,37.24,0.3069,10.2501
12.9652,20.017,57.104,0.3505,0.3328,37.086,0.246,1.2809
12.9972,19.994,56.946,0.3511,0.3328,36.952,0.3242,3.3424
13.0295,19.977,56.786,0.3518,0.3328,36.809,0.3377,5.3383
13.0625,20.008,56.625,0.3533,0.3431,36.617,0.8962,8.8889
13.093,20.004,56.466,0.3543,0.3431,36.462,0.1784,8.901
13.1249,19.995,56.303,0.3551,0.3431,36.308,0.1643,0.6921
13.157,20.011,56.14,0.3564,0.3431,36.129,0.1684,2.8708
13.1895,20.013,55.975,0.3575,0.3431,35.962,0.1701,5.9307
13.2215,19.948,55.811,0.3574,0.3431,35.864,0.1842,7.427
13.2527,20.035,55.653,0.36,0.3431,35.617,0.1723,8.1264
13.2846,20.029,55.491,0.3609,0.3431,35.462,0.1673,0.8482
13.3171,20.028,55.325,0.362,0.3431,35.297,0.2248,2.7787
13.3495,20.028,55.162,0.3631,0.3531,35.134,0.5286,6.231
13.382,20.0,54.991,0.3637,0.3531,34.991,0.3383,8.3071
13.4134,20.025,54.828,0.3652,0.3531,34.803,0.3998,9.5866
13.4456,20.015,54.659,0.3662,0.3531,34.644,0.3028,2.2001
13.4769,20.0,54.495,0.367,0.3531,34.495,0.1676,2.8185
13.5091,19.941,54.327,0.3671,0.3531,34.386,0.1692,4.9536
13.5409,20.028,54.161,0.3698,0.3531,34.134,0.1743,7.1189
13.5729,20.006,53.995,0.3705,0.3531,33.989,0.1694,9.0912
13.6057,19.978,53.825,0.3712,0.3531,33.847,0.197,1.1285
13.6378,20.031,53.661,0.3733,0.3632,33.63,0.5993,3.5773
13.6696,19.99,53.49,0.3737,0.3632,33.501,0.2611,5.357
13.702,20.084,53.319,0.3767,0.3632,33.235,0.3029,8.2975
13.7338,19.959,53.15,0.3755,0.3632,33.192,0.2707,10.0939
13.7661,19.977,52.981,0.3771,0.3632,33.004,0.4242,1.698
13.7976,19.994,52.815,0.3786,0.3632,32.821,0.321,4.2529
13.831,19.97,52.64,0.3794,0.3632,32.67,0.3411,7.5949
13.8608,20.052,52.484,0.3821,0.3632,32.432,0.2132,6.9606
13.8931,19.957,52.315,0.3815,0.3632,32.358,0.1781,8.9608
13.9252,19.972,52.149,0.383,0.3632,32.177,0.1673,1.8162
13.9573,20.013,51.984,0.385,0.3741,31.972,0.4383,3.1681
13.9892,20.034,51.814,0.3867,0.3741,31.78,0.1755,4.919
14.0215,19.987,51.643,0.387,0.3741,31.656,0.1874,7.2466
14.0531,19.989,51.477,0.3883,0.3741,31.488,0.1755,8.9929
14.0847,19.989,51.312,0.3896,0.3741,31.322,0.1803,1.0217
14.117,19.969,51.143,0.3905,0.3741,31.174,0.1701,3.1098
14.1494,20.001,50.976,0.3924,0.3741,30.975,0.2173,5.3022
14.1816,20.028,50.813,0.3941,0.3841,30.785,0.8804,7.8798
14.2138,20.006,50.64,0.3951,0.3841,30.634,0.3563,9.5606
14.2461,19.963,50.472,0.3955,0.3841,30.509,0.5205,2.7453
14.2773,20.028,50.308,0.3981,0.3841,30.281,0.171,3.7837
14.3092,19.979,50.144,0.3984,0.3841,30.165,0.1676,4.9869
14.341,19.958,49.982,0.3993,0.3841,30.024,0.1832,7.2422
14.3727,20.024,49.822,0.4019,0.3841,29.798,0.1658,9.0016
14.4054,20.015,49.658,0.4031,0.3841,29.643,0.168,1.914
14.4374,20.035,49.503,0.4047,0.3944,29.468,0.6578,3.6946
14.4698,20.012,49.339,0.4056,0.3944,29.327,0.2576,5.2841
14.5018,20.006,49.181,0.4068,0.3944,29.175,0.2995,8.1852
14.5337,19.993,49.027,0.4078,0.3944,29.034,0.299,10.2224
14.5656,19.977,48.874,0.4087,0.3944,28.898,0.2624,1.1025
14.5979,20.04,48.722,0.4113,0.3944,28.682,0.3124,4.2317
14.6295,20.009,48.577,0.4119,0.3944,28.568,0.4878,5.665
14.6624,19.924,48.427,0.4114,0.3944,28.504,0.4675,8.6316
14.6933,20.028,48.29,0.4148,0.4046,28.261,0.4516,9.1919
14.7249,20.061,48.146,0.4167,0.4046,28.085,0.1695,0.686
14.7571,20.037,48.006,0.4174,0.4046,27.968,0.1686,2.9263
14.7887,19.979,47.872,0.4173,0.4046,27.893,0.177,5.0174
14.8211,20.001,47.738,0.419,0.4046,27.737,0.1674,7.0065
14.8527,20.004,47.609,0.4202,0.4046,27.605,0.1826,8.9204
14.8854,19.983,47.478,0.4209,0.4046,27.496,0.1623,1.9248
14.9173,19.987,47.354,0.4221,0.4046,27.367,0.2423,2.5987
14.9491,20.016,47.231,0.4238,0.4046,27.215,0.1773,5.0651
14.9817,19.984,47.109,0.4242,0.4046,27.125,0.3805,7.4707
15.0139,20.01,46.992,0.4258,0.4152,26.982,0.8435,10.0654
15.0458,20.003,46.871,0.4268,0.4152,26.868,0.2981,1.3589
15.0767,20.012,46.758,0.428,0.4152,26.745,0.1664,2.8179
15.1093,19.965,46.641,0.428,0.4152,26.677,0.1705,5.0977
15.1427,20.004,46.505,0.4301,0.4152,26.501,1.5335,8.3144
15.1729,19.992,46.398,0.4309,0.4152,26.406,0.1708,9.163
15.2049,19.976,46.291,0.4315,0.4152,26.316,0.2399,1.106
15.2375,19.969,46.184,0.4324,0.4152,26.215,0.2478,3.2082
15.2694,20.0,46.082,0.434,0.4152,26.082,0.2972,5.0451
15.3011,20.0,45.983,0.4349,0.4152,25.983,0.2873,7.1861
15.3342,19.974,45.883,0.4353,0.4253,25.909,0.9667,10.7994
15.365,19.995,45.786,0.4367,0.4253,25.792,0.2813,1.2683
15.3972,20.005,45.689,0.4378,0.4253,25.685,0.3363,3.3883
15.4294,19.98,45.594,0.4382,0.4253,25.614,0.4821,5.6361
15.4606,20.005,45.503,0.4396,0.4253,25.498,0.1813,6.8792
15.4936,20.038,45.409,0.4413,0.4253,25.372,0.1922,9.1241
15.5245,20.011,45.324,0.4415,0.4253,25.312,0.1687,0.808
15.5574,20.016,45.234,0.4425,0.4253,25.218,0.1691,3.9509
15.5891,20.008,45.15,0.4432,0.4253,25.141,0.1862,5.4271
15.6208,20.051,45.067,0.4449,0.4253,25.015,0.1826,6.2063
15.6533,19.975,44.983,0.4441,0.4253,25.008,0.1988,9.9399
15.6849,20.006,44.904,0.4455,0.4354,24.898,0.4399,1.1803
15.7175,20.045,44.821,0.4472,0.4354,24.775,0.1712,3.1298
15.749,19.874,44.742,0.4442,0.4354,24.868,0.1946,5.0548
15.7817,19.993,44.663,0.4476,0.4354,24.67,0.304,7.3817
15.8128,19.99,44.589,0.4483,0.4354,24.599,0.278,8.2665
15.846,19.95,44.511,0.4482,0.4354,24.561,0.464,2.6346
15.8774,19.996,44.438,0.45,0.4354,24.443,0.178,3.8465
15.9095,20.004,44.366,0.4509,0.4354,24.362,0.1834,5.1305
15.941,20.004,44.296,0.4516,0.4354,24.291,0.2338,6.4611
15.9732,19.995,44.217,0.4522,0.4354,24.222,0.1608,9.1865
16.0054,20.003,44.122,0.4534,0.4354,24.119,0.1712,1.9033
16.037,20.033,44.011,0.4552,0.4354,23.978,0.2163,2.4558
16.0698,20.012,43.881,0.4561,0.4457,23.869,0.7325,5.4958
16.1013,20.011,43.734,0.4576,0.4457,23.723,0.2683,7.1604
16.1329,19.997,43.6,0.4587,0.4457,23.603,0.2272,9.2153
16.166,20.013,43.526,0.4598,0.4457,23.513,0.2935,1.3176
16.1978,19.981,43.476,0.4596,0.4457,23.495,0.3987,4.4123
16.2296,19.964,43.43,0.4597,0.4457,23.466,0.3305,6.2657
16.2608,19.997,43.387,0.4609,0.4457,23.39,0.2004,6.8126
16.2928,19.992,43.345,0.4612,0.4457,23.353,0.1566,9.1114
16.3253,19.987,43.304,0.4615,0.4457,23.317,0.1656,1.8795
16.3568,20.001,43.265,0.4623,0.4457,23.264,0.1634,2.9462
16.3893,19.983,43.225,0.4623,0.4457,23.242,0.1535,4.9402
16.4214,20.0,43.186,0.4631,0.4457,23.186,0.2497,7.248
16.4538,19.987,43.146,0.4632,0.4457,23.159,0.2521,10.0874
16.4848,19.999,43.109,0.4639,0.4457,23.11,0.2544,1.1522
16.5173,20.006,43.069,0.4645,0.4457,23.063,0.2589,3.3599
16.5494,19.961,43.03,0.4639,0.4457,23.069,0.3358,5.9063
16.5818,19.984,42.99,0.4648,0.4457,23.006,0.3656,8.4104
16.6139,20.005,42.951,0.4658,0.4557,22.945,1.0769,10.2187
16.6452,20.016,42.91,0.4665,0.4557,22.894,0.3803,1.2323
16.6775,19.967,42.869,0.4658,0.4557,22.901,0.1799,3.8185
16.7089,19.977,42.828,0.4665,0.4557,22.851,0.148,4.774
16.7408,19.984,42.787,0.4671,0.4557,22.804,0.1763,6.7656
16.7731,19.977,42.746,0.4674,0.4557,22.768,0.1624,8.3873
16.805,20.021,42.705,0.4688,0.4557,22.684,0.1689,1.3494
16.8372,20.081,42.663,0.4707,0.4557,22.583,0.1559,2.7864
16.869,20.011,42.622,0.4695,0.4557,22.611,0.1596,4.3589
16.9014,20.033,42.581,0.4705,0.4557,22.547,0.1948,7.7456
16.9329,20.057,42.54,0.4715,0.4557,22.483,0.1927,8.7356
16.9662,19.993,42.497,0.4705,0.4557,22.504,0.296,1.5486
16.9971,19.992,42.458,0.4709,0.4557,22.465,0.3275,3.6489
17.029,20.039,42.417,0.4724,0.4557,22.378,0.3165,5.3491
17.0607,19.985,42.377,0.4716,0.4557,22.392,0.1996,7.0365
17.0927,19.958,42.336,0.4714,0.4557,22.378,0.165,8.2987
17.1249,19.962,42.295,0.472,0.4557,22.333,0.1715,1.2918
17.1569,20.035,42.255,0.4741,0.4557,22.22,0.1943,3.072
17.1886,19.998,42.216,0.4737,0.4557,22.218,0.1705,4.6476
17.2206,19.965,42.176,0.4734,0.4557,22.211,0.1565,5.9706
17.253,20.024,42.137,0.4752,0.4557,22.113,0.1821,8.8439
17.2854,20.026,42.097,0.4757,0.4557,22.071,0.1691,1.444
17.3171,19.975,42.059,0.4749,0.4557,22.084,0.2067,3.3747
17.3491,19.976,42.021,0.4754,0.4557,22.045,0.3013,5.6756
17.3821,20.005,41.983,0.4765,0.4661,21.978,0.7962,8.4528
17.4129,19.977,41.946,0.4762,0.4661,21.969,0.3015,8.4414
17.4469,19.978,41.906,0.4767,0.4661,21.928,0.3646,2.9397
17.4767,19.976,41.872,0.4771,0.4661,21.896,0.1575,2.7995
17.5086,20.003,41.835,0.4781,0.4661,21.833,0.1586,4.3263
17.5406,19.974,41.8,0.4779,0.4661,21.826,0.1767,6.5777
17.5731,20.049,41.764,0.4801,0.4661,21.715,0.167,9.2968
17.6065,20.004,41.728,0.4794,0.4661,21.724,0.2571,2.0056
17.6369,20.023,41.695,0.4802,0.4661,21.672,0.2545,2.3973
17.6697,19.988,41.532,0.4813,0.4661,21.544,1.1003,6.0936
17.701,20.04,41.502,0.4829,0.4661,21.461,0.2612,6.3754
17.7331,20.001,41.471,0.4823,0.4661,21.471,0.2917,9.3844
17.7662,20.009,41.441,0.4828,0.4661,21.432,0.2757,2.2706
17.7978,20.04,41.412,0.4839,0.4661,21.372,0.3056,3.9122
17.8301,20.03,41.384,0.484,0.4661,21.354,0.3989,6.3472
17.8606,20.023,41.357,0.4841,0.4661,21.334,0.1633,6.9051
17.8932,19.98,41.329,0.4834,0.4661,21.35,0.1797,8.9895
17.9256,19.987,41.302,0.4839,0.4661,21.315,0.1628,1.3902
17.9575,20.01,41.276,0.4848,0.4661,21.266,0.161,3.8163
17.989,19.925,41.251,0.483,0.4661,21.326,0.1762,4.8987
18.0206,19.985,41.226,0.4848,0.4661,21.241,0.1705,6.7693
18.0528,20.012,41.201,0.4857,0.4661,21.189,0.1669,8.8471
18.0857,20.007,41.176,0.4859,0.4661,21.17,0.1726,1.5959
18.117,20.017,41.153,0.4864,0.4763,21.136,0.5104,3.171
18.1496,20.058,41.129,0.4877,0.4763,21.071,0.1881,6.0567
18.1817,20.01,41.106,0.4868,0.4763,21.096,0.3187,7.4683
18.2131,19.977,41.084,0.4863,0.4763,21.106,0.3548,9.5227
18.2501,19.99,41.061,0.4868,0.4763,21.07,4.4554,6.3181
18.2769,20.017,41.04,0.4877,0.4763,21.023,0.1538,2.5108
18.3088,19.99,41.019,0.4873,0.4763,21.029,0.1581,5.076
18.3408,19.971,40.998,0.4871,0.4763,21.027,0.1774,6.3796
18.3736,20.012,40.977,0.4884,0.4763,20.965,0.1756,9.7018
18.4056,20.014,40.957,0.4887,0.4763,20.943,0.2322,2.0006
18.4367,19.951,40.938,0.4874,0.4763,20.987,0.2421,2.2603
18.469,20.019,40.919,0.4892,0.4763,20.899,0.2793,5.192
18.5013,20.022,40.9,0.4895,0.4763,20.878,0.2684,7.4146
18.5338,19.941,40.881,0.4878,0.4763,20.941,0.2871,9.4801
18.5664,19.978,40.863,0.4889,0.4763,20.885,0.2615,2.3769
18.5979,20.031,40.846,0.4904,0.4763,20.815,0.3138,4.3882
18.6302,20.009,40.829,0.4901,0.4763,20.82,0.407,6.8314
18.6607,19.901,40.813,0.4876,0.4763,20.912,0.173,7.2589
18.6927,20.01,40.797,0.4905,0.4763,20.787,0.1741,9.1445
18.7251,20.036,40.78,0.4913,0.4763,20.744,0.1445,0.7215
18.7574,19.995,40.765,0.4905,0.4763,20.77,0.1559,3.7782
18.7892,19.997,40.749,0.4907,0.4763,20.753,0.17,3.5482
18.8205,20.0,40.735,0.491,0.4763,20.735,0.1585,6.2465
18.8537,19.989,40.719,0.4909,0.4763,20.731,0.1846,10.0251
18.8868,19.969,40.704,0.4906,0.4763,20.735,0.2541,2.2889
18.9166,20.008,40.69,0.4917,0.4763,20.682,0.1653,2.3387
18.9496,20.027,40.675,0.4924,0.4763,20.648,0.1819,6.1449
18.9817,20.035,40.66,0.4927,0.4763,20.625,0.3055,7.9937
19.0133,20.035,40.646,0.4929,0.4763,20.61,0.436,9.1424
19.0457,19.971,40.631,0.4915,0.4763,20.66,0.2998,2.1353
19.0765,19.991,40.616,0.4922,0.4763,20.626,0.161,2.8205
19.1092,19.953,40.601,0.4914,0.4763,20.648,0.1668,5.4957
19.1409,20.038,40.586,0.4937,0.4763,20.549,0.1623,6.5223
19.1729,20.019,40.572,0.4934,0.4763,20.553,0.1653,8.9491
19.2058,19.991,40.557,0.4929,0.4763,20.566,0.174,1.8433
19.2376,20.001,40.542,0.4933,0.4763,20.541,0.2392,3.4531
19.2697,20.001,40.527,0.4935,0.4763,20.526,0.2637,5.7848
19.3009,19.969,40.513,0.4929,0.4763,20.544,0.2711,6.8389
19.3338,19.994,40.497,0.4937,0.4763,20.504,0.2875,10.1136
19.3663,20.012,40.482,0.4943,0.4763,20.47,0.2944,2.4095
19.3972,20.031,40.468,0.495,0.4763,20.437,0.2948,3.2209
19.4302,19.988,40.453,0.4941,0.4763,20.465,0.3938,6.7151
19.461,20.022,40.439,0.4951,0.4763,20.416,0.1954,7.0
19.4931,20.021,40.424,0.4953,0.4763,20.403,0.1562,8.9163
19.5256,19.983,40.409,0.4945,0.4763,20.426,0.1582,1.5292
19.5569,19.988,40.394,0.4948,0.4763,20.407,0.1601,3.0866
19.5895,19.993,40.379,0.4951,0.4763,20.386,0.1605,5.9822
19.6212,20.0,40.365,0.4955,0.4763,20.365,0.1726,7.4848
19.6526,19.955,40.35,0.4945,0.4763,20.395,0.1602,8.5092
19.6857,20.007,40.335,0.496,0.4763,20.328,0.1518,1.5034
19.7172,20.002,40.32,0.4961,0.4763,20.318,0.1569,3.4702
19.7494,19.989,40.306,0.4959,0.4763,20.317,0.1885,5.2371
19.7823,20.012,40.291,0.4967,0.4865,20.279,0.772,8.4046
19.8136,20.027,40.276,0.4972,0.4865,20.249,0.2883,9.376
19.8452,20.016,40.261,0.4971,0.4865,20.245,0.1717,1.5088
19.8768,19.98,40.246,0.4965,0.4865,20.266,0.1618,2.9576
19.9089,20.0,40.231,0.4971,0.4865,20.231,0.1646,5.1825
19.941,20.026,40.216,0.498,0.4865,20.19,0.1639,6.5314
19.9735,19.963,40.201,0.4966,0.4865,20.238,0.1668,9.6747
20.0056,19.928,40.185,0.4959,0.4865,20.258,0.2313,1.9613
20.0372,20.036,40.171,0.4988,0.4865,20.135,0.2331,2.7222
20.0689,20.027,40.156,0.4987,0.4865,20.129,0.2891,4.7402
20.1013,19.914,40.141,0.4961,0.4865,20.227,0.3172,7.3264
20.1338,20.003,40.126,0.4985,0.4865,20.122,0.2832,9.5019
20.167,19.995,40.11,0.4985,0.4865,20.115,0.272,3.098
20.1976,20.026,40.012,0.5005,0.4865,19.986,1.0282,3.6281
20.2299,20.089,39.999,0.5023,0.4865,19.909,0.3417,6.4241
20.2621,19.962,39.986,0.4992,0.4865,20.024,0.4481,7.837
20.2931,19.976,39.974,0.4997,0.4865,19.998,0.1646,8.9836
20.3251,20.0,39.962,0.5005,0.4865,19.962,0.1566,0.7288
20.3569,19.999,39.951,0.5006,0.4865,19.952,0.1663,2.9433
20.3895,20.018,39.939,0.5012,0.4865,19.922,0.1819,5.9558
20.4215,19.979,39.928,0.5004,0.4865,19.949,0.1739,6.8944
20.4528,19.991,39.918,0.5008,0.4865,19.927,0.178,8.6989
20.4857,19.993,39.907,0.501,0.4865,19.914,0.1693,1.8057
20.5173,19.999,39.897,0.5012,0.4865,19.899,0.2,2.7326
20.5494,19.974,39.888,0.5008,0.4865,19.913,0.4877,4.5449
20.582,20.0,39.878,0.5015,0.4865,19.878,0.3908,8.5198
20.6134,19.993,39.869,0.5015,0.4865,19.876,0.3485,9.1259
20.6453,19.974,39.86,0.5011,0.4865,19.886,0.3431,1.4725
20.6772,19.945,39.851,0.5005,0.4865,19.906,0.1567,2.8287
20.7095,19.995,39.842,0.5019,0.4865,19.847,0.1598,5.9297
20.7409,20.035,39.834,0.5029,0.4865,19.8,0.1631,6.426
20.7733,20.028,39.826,0.5029,0.4865,19.798,0.1633,9.3097
20.8062,20.026,39.818,0.5029,0.4865,19.792,0.2768,1.9241
20.8373,20.029,39.81,0.5031,0.4865,19.781,0.2422,3.5637
20.8697,19.971,39.803,0.5017,0.4865,19.832,0.2547,5.9322
20.9012,20.027,39.795,0.5033,0.4865,19.768,0.3092,7.3253
20.9333,20.022,39.788,0.5032,0.4865,19.766,0.2848,9.5386
20.9655,20.022,39.781,0.5033,0.4865,19.759,0.2533,1.5985
20.9976,19.939,39.774,0.5013,0.4865,19.835,0.3037,3.7625
21.0298,20.03,39.768,0.5037,0.4865,19.738,0.3256,6.3479
21.0605,20.013,39.761,0.5033,0.4865,19.748,0.1635,6.1872
21.0931,19.983,39.755,0.5026,0.4865,19.773,0.165,8.9524
21.1255,19.955,39.749,0.502,0.4865,19.794,0.1487,1.4046
21.1573,20.03,39.743,0.504,0.4865,19.713,0.1697,2.9922
21.1887,19.969,39.738,0.5025,0.4865,19.769,0.1674,4.973
21.2214,20.002,39.732,0.5034,0.4865,19.73,0.1619,6.5759
21.2534,20.033,39.727,0.5043,0.4865,19.694,0.1812,9.7201
21.2857,20.015,39.722,0.5039,0.4865,19.706,0.1568,1.5987
21.3169,19.975,39.717,0.5029,0.4865,19.742,0.3379,2.7555
21.3499,20.029,39.712,0.5044,0.4865,19.683,0.4152,5.9431
21.3819,20.008,39.707,0.5039,0.4865,19.699,0.3041,8.477
21.4131,19.977,39.703,0.5032,0.4865,19.726,0.338,9.7314
21.4451,19.971,39.699,0.5031,0.4865,19.728,0.2827,1.2742
21.4766,20.026,39.694,0.5045,0.4865,19.669,0.1666,2.6264
21.5089,20.004,39.69,0.504,0.4865,19.687,0.158,5.1449
21.5411,19.952,39.686,0.5027,0.4865,19.735,0.1724,7.5103
21.5734,20.024,39.683,0.5046,0.4865,19.659,0.1731,9.4589
21.6058,20.02,39.679,0.5046,0.4865,19.659,0.2336,2.0007
21.6367,19.985,39.676,0.5037,0.4865,19.691,0.2362,2.1821
21.6687,19.989,39.672,0.5039,0.4865,19.683,0.2463,2.6839
21.7015,20.013,39.669,0.5045,0.4865,19.656,0.2732,7.6306
21.734,19.973,39.666,0.5035,0.4865,19.693,0.3015,9.8395
21.7666,19.985,39.663,0.5039,0.4865,19.678,0.2587,2.6174
21.7974,19.967,39.66,0.5035,0.4865,19.692,0.3102,3.2304
21.8302,20.032,39.657,0.5051,0.4865,19.624,0.4047,6.4074
21.8608,19.98,39.654,0.5039,0.4865,19.674,0.1557,6.896
21.8932,20.053,39.652,0.5057,0.4865,19.598,0.1661,9.0228
21.9258,20.016,39.649,0.5048,0.4865,19.634,0.1563,1.5025
21.9566,20.011,39.647,0.5047,0.4865,19.636,0.1598,2.2615
21.989,19.963,39.645,0.5036,0.4865,19.681,0.2381,5.3516
22.0218,19.979,39.642,0.504,0.4865,19.664,0.2636,7.8488
22.0531,20.015,39.64,0.5049,0.4865,19.625,0.2692,9.1712
22.0852,20.015,39.638,0.5049,0.4865,19.623,0.2305,1.1979
22.1173,19.996,39.637,0.5045,0.4865,19.64,0.2404,3.3104
22.1498,20.023,39.635,0.5052,0.4865,19.612,0.288,6.2752
22.1815,19.958,39.633,0.5036,0.4865,19.675,0.2881,7.3952
22.2134,20.065,39.631,0.5063,0.4865,19.566,0.2937,9.585
22.2447,19.993,39.63,0.5045,0.4865,19.637,0.2828,0.9686
22.2766,19.998,39.628,0.5046,0.4865,19.63,0.1455,2.806
22.3086,19.927,39.627,0.5029,0.4865,19.7,0.1612,4.9802
22.3406,19.971,39.626,0.504,0.4865,19.655,0.1694,6.8846
22.373,20.018,39.625,0.5052,0.4865,19.606,0.1562,8.5598
22.4048,20.018,39.623,0.5052,0.4865,19.606,0.1468,0.7524
22.4367,19.986,39.622,0.5044,0.4865,19.636,0.1484,2.8526
22.4695,20.043,39.621,0.5059,0.4865,19.578,0.1491,5.0928
22.501,20.026,39.621,0.5054,0.4865,19.595,0.1601,6.9471
22.5333,19.986,39.62,0.5044,0.4865,19.634,0.1802,6.9547
22.5659,19.998,39.619,0.5047,0.4865,19.621,0.1629,1.1194
22.5976,20.006,39.618,0.505,0.4865,19.613,0.3098,4.2254
22.6297,19.994,39.618,0.5047,0.4865,19.623,0.3407,5.4801
22.6618,19.976,39.617,0.5042,0.4865,19.641,0.4633,7.6173
22.6931,20.019,39.617,0.5053,0.4865,19.597,0.1663,8.8818
22.7263,20.011,39.616,0.5051,0.4865,19.605,1.2051,2.4449
22.7573,19.991,39.616,0.5046,0.4865,19.624,0.1551,3.0075
22.7889,20.016,39.615,0.5053,0.4865,19.599,0.243,4.806
22.8217,19.982,39.615,0.5044,0.4865,19.633,0.2484,7.7441
22.853,19.918,39.615,0.5028,0.4865,19.697,0.2889,9.0698
22.8859,19.939,39.615,0.5033,0.4865,19.676,0.2551,2.1976
22.9169,20.012,39.615,0.5051,0.4865,19.604,0.2841,2.6364
22.9498,19.979,39.615,0.5043,0.4865,19.636,0.2684,6.1292
22.9819,19.938,39.615,0.5033,0.4865,19.677,0.3191,8.0061
23.0135,20.004,39.616,0.5049,0.4865,19.612,0.3713,9.159
23.0462,20.023,39.616,0.5054,0.4865,19.593,0.4257,2.3981
23.0768,20.02,39.616,0.5053,0.4865,19.597,0.1526,2.7529
23.1088,19.992,39.617,0.5046,0.4865,19.624,0.1557,4.8798
23.1411,20.036,39.617,0.5058,0.4865,19.581,0.1619,7.0276
23.1734,20.039,39.617,0.5058,0.4865,19.578,0.1716,9.2546
23.2053,20.005,39.618,0.5049,0.4865,19.613,0.1624,1.6899
23.2371,20.036,39.619,0.5057,0.4865,19.583,0.1596,2.9207
23.2689,19.985,39.619,0.5044,0.4865,19.634,0.1656,5.0156
23.3014,19.995,39.62,0.5047,0.4865,19.624,0.1688,7.2344
23.3385,20.0,39.621,0.5048,0.4865,19.621,0.1724,14.9334
23.3658,20.044,39.621,0.5059,0.4865,19.577,0.1786,2.0108
23.3992,19.975,39.622,0.5041,0.4865,19.647,0.3653,5.7628
23.4296,19.959,39.623,0.5037,0.4865,19.664,0.3115,5.3259
23.4616,20.018,39.624,0.5052,0.4865,19.606,0.4338,7.5825
23.4932,19.998,39.625,0.5047,0.4865,19.626,0.1662,9.4616
23.5251,20.024,39.626,0.5053,0.4865,19.601,0.1607,1.3109
23.5574,20.002,39.627,0.5048,0.4865,19.625,0.1685,3.1932
23.5893,20.002,39.628,0.5047,0.4865,19.626,0.2523,4.7169
23.6208,19.983,39.629,0.5043,0.4865,19.645,0.2552,6.7665
23.6536,20.007,39.63,0.5048,0.4865,19.623,0.2862,9.917
23.6857,20.024,39.631,0.5053,0.4865,19.607,0.2518,2.0323
23.7171,20.009,39.632,0.5049,0.4865,19.623,0.2621,3.175
23.7496,19.94,39.634,0.5031,0.4865,19.693,0.2083,5.8068
23.7815,19.983,39.635,0.5042,0.4865,19.652,0.4296,7.1834
23.8132,20.007,39.636,0.5048,0.4865,19.629,0.3485,9.6626
23.8463,20.017,39.638,0.505,0.4865,19.621,0.4314,2.3683
23.8766,19.967,39.639,0.5037,0.4865,19.672,0.1526,2.5119
23.9087,19.984,39.64,0.5041,0.4865,19.657,0.158,4.9983
23.9408,20.006,39.642,0.5047,0.4865,19.636,0.1567,6.6419
23.9728,19.925,39.643,0.5026,0.4865,19.718,0.1729,8.8938
24.0049,20.034,39.645,0.5053,0.4865,19.611,0.1661,1.3734
24.037,20.051,39.646,0.5057,0.4865,19.596,0.1626,2.7022
24.0689,20.001,39.648,0.5045,0.4865,19.647,0.1683,5.0696
24.1013,19.977,39.65,0.5038,0.4865,19.673,0.1721,7.871
24.1334,20.038,39.651,0.5054,0.4865,19.613,0.1914,9.0594
24.1664,19.981,39.653,0.5039,0.4865,19.672,0.2542,2.1677
24.1977,19.976,39.655,0.5037,0.4865,19.679,0.3564,4.1005
24.2299,20.079,39.656,0.5063,0.4865,19.578,0.3502,6.1161
24.2607,20.024,39.658,0.5049,0.4865,19.634,0.1627,6.9056
24.2927,19.992,39.66,0.5041,0.4865,19.668,0.1743,9.0679
24.3253,19.941,39.662,0.5028,0.4865,19.72,0.1617,1.2172
24.357,20.022,39.663,0.5048,0.4865,19.641,0.1695,3.0989
24.3887,20.003,39.665,0.5043,0.4865,19.662,0.1953,5.1487
24.4214,20.012,39.667,0.5045,0.4865,19.655,0.2434,7.4618
24.4538,19.991,39.669,0.504,0.4865,19.678,0.2638,9.9575
24.4856,20.051,39.671,0.5054,0.4865,19.62,0.2508,1.9831
24.5175,19.994,39.673,0.504,0.4865,19.679,0.2629,3.4533
24.5491,19.979,39.675,0.5036,0.4865,19.696,0.2995,5.6768
24.581,20.064,39.677,0.5057,0.4865,19.612,0.2999,6.6208
24.6135,20.033,39.679,0.5049,0.4865,19.646,0.3447,10.0702
24.6458,19.969,39.681,0.5032,0.4865,19.711,0.5256,2.1133
24.6774,20.014,39.683,0.5044,0.4865,19.669,0.2032,3.5967
24.7087,20.009,39.685,0.5042,0.4865,19.675,0.1616,4.5674
24.7409,19.957,39.687,0.5029,0.4865,19.729,0.1771,6.7314
24.7734,20.009,39.689,0.5041,0.4865,19.68,0.1766,9.6297
24.8049,20.014,39.691,0.5042,0.4865,19.677,0.1602,1.375
24.837,20.02,39.693,0.5044,0.4865,19.673,0.1683,2.8074
24.8694,19.959,39.695,0.5028,0.4865,19.736,0.1819,5.5848
24.9008,20.004,39.697,0.5039,0.4865,19.693,0.1856,6.7052
24.9336,20.003,39.699,0.5039,0.4865,19.697,0.2006,9.6033
24.9662,19.938,39.701,0.5022,0.4865,19.764,0.2215,2.4057
24.9974,20.005,39.703,0.5039,0.4865,19.698,0.4294,3.025
25.0303,19.953,39.706,0.5025,0.4865,19.753,0.4121,6.2778
25.0619,19.993,39.708,0.5035,0.4865,19.715,0.4989,7.3329
25.0934,20.019,39.71,0.5041,0.4865,19.691,0.1847,9.4773
25.1253,20.043,39.712,0.5047,0.4865,19.669,0.2531,1.3996
25.1574,20.042,39.714,0.5047,0.4865,19.672,0.1614,3.3695
25.1895,19.969,39.717,0.5028,0.4865,19.748,0.1769,5.6186
25.2213,20.026,39.719,0.5042,0.4865,19.692,0.267,7.1699
25.2542,20.033,39.721,0.5043,0.4865,19.689,1.2094,9.6815
25.2858,20.015,39.724,0.5038,0.4865,19.709,0.2605,2.0677
25.317,19.954,39.726,0.5023,0.4865,19.772,0.298,2.4121
25.3498,20.034,39.728,0.5043,0.4865,19.694,0.2972,5.1285
25.3813,19.974,39.73,0.5027,0.4865,19.756,0.3136,7.2405
25.4137,19.962,39.733,0.5024,0.4865,19.771,0.3246,10.1684
25.4453,19.996,39.735,0.5032,0.4865,19.739,0.2087,1.3997
25.4767,20.054,39.737,0.5047,0.4865,19.683,0.1675,2.4999
25.5086,19.992,39.739,0.5031,0.4865,19.748,0.1692,4.6529
25.5409,20.011,39.742,0.5035,0.4865,19.731,0.1722,6.7084
25.5729,20.026,39.744,0.5039,0.4865,19.718,0.1613,8.5465
25.6053,19.992,39.746,0.503,0.4865,19.755,0.1687,1.4034
25.6369,19.964,39.749,0.5023,0.4865,19.784,0.1561,2.6265
25.6691,19.989,39.751,0.5029,0.4865,19.762,0.1665,4.7322
25.701,20.01,39.753,0.5034,0.4865,19.743,0.1718,7.4076
25.7335,19.974,39.756,0.5024,0.4865,19.782,0.1972,9.1689
25.766,19.972,39.758,0.5023,0.4865,19.786,0.2782,2.1638
25.7973,20.018,39.76,0.5035,0.4865,19.742,0.2827,3.3345
25.8292,20.018,39.762,0.5034,0.4865,19.745,0.4786,5.5
25.862,19.948,39.765,0.5017,0.4865,19.816,0.3721,8.2883
25.8927,19.993,39.767,0.5027,0.4865,19.774,0.1579,8.6372
25.925,20.036,39.769,0.5038,0.4865,19.734,0.1653,1.2289
25.9575,20.03,39.772,0.5036,0.4865,19.742,0.157,3.646
25.989,19.991,39.774,0.5026,0.4865,19.783,0.1701,4.7019
26.0207,20.002,39.776,0.5029,0.4865,19.774,0.1633,6.8184
26.0534,19.997,39.779,0.5027,0.4865,19.782,0.1688,9.712
26.0857,19.951,39.781,0.5015,0.4865,19.83,0.1627,1.4362
26.1174,19.992,39.783,0.5025,0.4865,19.791,0.2001,3.6817
26.1496,19.985,39.785,0.5023,0.4865,19.8,0.2508,6.1624
26.1819,20.018,39.788,0.5031,0.4865,19.77,0.3366,7.7883
26.2134,20.036,39.79,0.5036,0.4865,19.754,0.3457,9.7203
26.2453,20.032,39.792,0.5034,0.4865,19.76,0.172,1.3351
26.2775,19.998,39.795,0.5025,0.4865,19.797,0.1742,3.6873
26.3089,19.991,39.797,0.5023,0.4865,19.805,0.1664,5.0865
26.3415,20.029,39.799,0.5033,0.4865,19.77,0.1687,7.6333
26.3732,20.044,39.801,0.5036,0.4865,19.758,0.1794,9.2264
26.4064,20.017,39.804,0.5029,0.4865,19.787,0.2374,1.9933
26.4375,19.943,39.806,0.501,0.4865,19.862,0.2421,3.7052
26.4692,20.006,39.808,0.5026,0.4865,19.802,0.2463,3.4195
26.5018,20.0,39.81,0.5024,0.4865,19.811,0.2602,7.8246
26.5332,20.02,39.813,0.5028,0.4865,19.793,0.2764,9.4316
26.5667,20.039,39.815,0.5033,0.4865,19.776,0.253,2.1987
26.5978,20.014,39.817,0.5026,0.4865,19.803,0.309,4.1893
26.6293,19.977,39.819,0.5017,0.4865,19.842,0.3711,5.4332
26.6622,19.988,39.822,0.5019,0.4865,19.834,0.594,8.6055
26.6931,20.036,39.824,0.5031,0.4865,19.788,0.1671,8.8342
26.725,19.968,39.826,0.5014,0.4865,19.858,0.1631,1.3442
26.7575,19.96,39.828,0.5012,0.4865,19.868,0.17,3.7439
26.7888,19.969,39.83,0.5013,0.4865,19.862,0.167,4.8689
26.8208,20.04,39.833,0.5031,0.4865,19.793,0.1676,6.8019
26.8532,19.97,39.835,0.5013,0.4865,19.865,0.1799,9.4534
26.8857,19.994,39.837,0.5019,0.4865,19.843,0.1612,1.4936
26.9172,19.995,39.839,0.5019,0.4865,19.844,0.1671,3.3865
26.9495,19.994,39.841,0.5018,0.4865,19.848,0.2555,5.9422
26.9819,19.978,39.844,0.5014,0.4865,19.866,0.3156,7.5863
27.0152,20.007,39.846,0.5021,0.4865,19.839,0.359,11.3879
27.0451,19.995,39.848,0.5018,0.4865,19.853,0.1654,1.3989
27.0767,19.957,39.85,0.5008,0.4865,19.893,0.1635,2.5637
27.1088,20.02,39.852,0.5024,0.4865,19.832,0.1648,4.9915
27.1406,20.056,39.854,0.5032,0.4865,19.799,0.1646,6.1132
27.1778,19.938,39.857,0.5002,0.4865,19.919,0.1951,13.8585
27.2062,19.977,39.859,0.5012,0.4865,19.881,0.2788,2.0985
27.237,20.032,39.861,0.5026,0.4865,19.829,0.2645,2.3998
27.2694,19.979,39.863,0.5012,0.4865,19.884,0.3048,5.2048
27.3014,19.953,39.865,0.5005,0.4865,19.912,0.2776,7.6554
27.3339,20.029,39.867,0.5024,0.4865,19.838,0.2828,9.8652
27.3667,20.026,39.869,0.5023,0.4865,19.843,0.2577,2.5499
27.3977,20.015,39.871,0.502,0.4865,19.856,0.3349,4.0512
27.4292,19.98,39.873,0.5011,0.4865,19.893,0.3531,4.886
27.4611,20.005,39.875,0.5017,0.4865,19.87,0.1727,7.6304
27.4929,19.996,39.877,0.5015,0.4865,19.88,0.1599,8.623
27.5254,19.968,39.879,0.5007,0.4865,19.911,0.1527,1.2322
27.5572,20.049,39.881,0.5027,0.4865,19.832,0.1574,3.6669
27.5891,20.084,39.883,0.5036,0.4865,19.799,0.1707,4.7671
27.6212,20.003,39.885,0.5015,0.4865,19.882,0.1697,7.3934
27.6526,20.026,39.887,0.5021,0.4865,19.861,0.1692,8.8624
27.6849,20.003,39.889,0.5015,0.4865,19.886,0.1553,1.3969
27.7173,20.032,39.891,0.5022,0.4865,19.859,0.1577,3.4456
27.749,20.008,39.893,0.5016,0.4865,19.884,0.286,5.2282
27.7833,19.984,39.897,0.5009,0.4865,19.913,2.1597,9.2166
27.8131,20.002,39.899,0.5013,0.4865,19.897,0.3095,9.2142
27.8447,19.995,39.901,0.5011,0.4865,19.906,0.246,1.3424
27.8769,20.0,39.902,0.5012,0.4865,19.902,0.1549,3.457
27.9087,20.022,39.904,0.5018,0.4865,19.882,0.1558,4.7839
27.9405,19.989,39.906,0.5009,0.4865,19.917,0.1589,6.0103
27.9726,20.005,39.908,0.5013,0.4865,19.903,0.1604,8.6303
28.0055,20.037,39.91,0.5021,0.4865,19.873,0.1769,1.0209
28.0369,19.993,39.912,0.5009,0.4865,19.919,0.2394,3.2581
28.0688,19.978,39.913,0.5005,0.4865,19.936,0.2535,4.5739
28.101,20.014,39.915,0.5014,0.4865,19.901,0.2664,6.8001
28.1333,20.009,39.917,0.5013,0.4865,19.908,0.2746,9.2744
28.1661,19.986,39.919,0.5007,0.4865,19.932,0.2694,2.0919
28.1976,19.955,39.92,0.4999,0.4865,19.965,0.2802,3.8186
28.229,20.016,39.922,0.5014,0.4865,19.906,0.292,5.0096
28.2623,20.009,39.924,0.5012,0.4865,19.915,0.496,8.4518
28.2932,19.931,39.925,0.4992,0.4865,19.994,0.1684,8.8974
28.3251,20.016,39.927,0.5013,0.4865,19.911,0.1624,1.3349
28.3572,20.011,39.929,0.5012,0.4865,19.918,0.1658,3.7785
28.3891,20.019,39.93,0.5014,0.4865,19.911,0.162,5.6267
28.4214,19.969,39.932,0.5001,0.4865,19.963,0.1645,7.6129
28.4533,19.993,39.933,0.5007,0.4865,19.94,0.1774,9.494
28.4858,20.044,39.935,0.5019,0.4865,19.891,0.1549,1.4396
28.5168,19.959,39.937,0.4998,0.4865,19.978,0.1904,2.8522
28.5497,20.014,39.938,0.5011,0.4865,19.924,0.3768,5.8087
28.5822,20.007,39.94,0.5009,0.4865,19.933,0.4176,8.6361
28.6135,20.008,39.941,0.5009,0.4865,19.933,0.3166,9.6583
28.6453,19.943,39.943,0.4993,0.4865,20.0,0.1602,1.3539
28.6768,20.02,39.944,0.5012,0.4865,19.924,0.1621,2.6318
28.7091,20.038,39.946,0.5016,0.4865,19.907,0.1697,5.1312
28.7406,19.948,39.947,0.4994,0.4865,19.999,0.1653,6.3405
28.7732,19.966,39.949,0.4998,0.4865,19.982,0.1687,9.1978
28.806,20.024,39.95,0.5012,0.4865,19.927,0.2492,1.8592
28.8371,19.984,39.952,0.5002,0.4865,19.968,0.3112,2.4383
28.8696,20.036,39.953,0.5015,0.4865,19.917,0.2742,5.1825
28.9018,20.053,39.954,0.5019,0.4865,19.901,0.3444,7.8591
28.9331,20.018,39.956,0.501,0.4865,19.938,0.2647,9.3049
28.9662,19.947,39.957,0.4992,0.4865,20.01,0.2862,2.1142
28.9973,20.035,39.958,0.5014,0.4865,19.923,0.34,3.3936
29.0301,19.996,39.96,0.5004,0.4865,19.964,0.3744,6.2765
29.0607,19.971,39.961,0.4998,0.4865,19.99,0.1594,6.7139
29.093,20.012,39.962,0.5008,0.4865,19.951,0.1582,8.7133
29.1255,20.0,39.964,0.5005,0.4865,19.963,0.1534,1.3145
29.1566,19.99,39.965,0.5002,0.4865,19.975,0.1644,2.7981
29.1891,19.933,39.966,0.4988,0.4865,20.033,0.1639,4.7781
29.2213,20.006,39.968,0.5005,0.4865,19.962,0.1627,7.3172
29.2528,20.009,39.969,0.5006,0.4865,19.959,0.1633,8.7298
29.2857,20.032,39.97,0.5012,0.4865,19.938,0.166,1.5054
29.3173,19.984,39.971,0.4999,0.4865,19.988,0.1672,3.4421
29.3494,20.04,39.972,0.5013,0.4865,19.933,0.1854,5.3795
29.3819,20.026,39.974,0.501,0.4865,19.948,0.2955,8.0314
29.4141,19.983,39.975,0.4999,0.4865,19.991,0.5845,10.2976
29.4451,20.0,39.976,0.5003,0.4865,19.976,0.1513,1.2051
29.4767,20.021,39.977,0.5008,0.4865,19.956,0.1521,2.4537
29.5088,20.001,39.978,0.5003,0.4865,19.978,0.1615,4.9419
29.5408,20.037,39.979,0.5012,0.4865,19.942,0.1633,6.2623
29.5736,20.045,39.98,0.5014,0.4865,19.935,0.1645,9.6435
29.6065,20.044,39.982,0.5013,0.4865,19.937,0.1675,2.0931
29.6369,19.965,39.983,0.4993,0.4865,20.017,0.2663,2.3442
29.6692,20.021,39.984,0.5007,0.4865,19.962,0.2624,5.0821
29.7013,19.968,39.985,0.4994,0.4865,20.017,0.2835,7.444
29.7335,19.944,39.986,0.4988,0.4865,20.042,0.3156,9.4474
29.7661,20.029,39.987,0.5009,0.4865,19.958,0.2769,2.0335
29.7978,20.015,39.988,0.5005,0.4865,19.973,0.3242,4.1036
29.8308,19.995,39.989,0.5,0.4865,19.994,0.3627,6.6555
29.8611,19.993,39.99,0.5,0.4865,19.997,0.1586,7.6312
29.893,20.011,39.991,0.5004,0.4865,19.98,0.1627,8.7515
29.9252,20.03,39.992,0.5008,0.4865,19.962,0.1539,1.2642
29.9573,19.985,39.993,0.4997,0.4865,20.008,0.1642,3.0811
29.9892,20.018,39.994,0.5005,0.4865,19.976,0.241,4.5438
30.0214,20.012,39.995,0.5004,0.4865,19.983,0.2564,7.2147
30.0537,19.982,39.995,0.4996,0.4865,20.014,0.276,9.901
30.0858,19.962,39.996,0.4991,0.4865,20.034,0.2469,2.0141
30.1176,19.98,39.997,0.4995,0.4865,20.017,0.2884,3.5111
30.1497,20.011,39.998,0.5003,0.4865,19.987,0.2678,5.9407
30.1819,19.944,39.999,0.4986,0.4865,20.055,0.294,7.6053
30.2136,20.003,40.0,0.5001,0.4865,19.996,0.3342,9.9617
30.2457,19.998,40.001,0.5,0.4865,20.002,0.4947,1.8667
30.277,19.994,40.001,0.4998,0.4865,20.008,0.1532,3.499
30.309,20.001,40.004,0.5,0.4865,20.003,0.6458,5.1386
30.3411,20.021,40.005,0.5005,0.4865,19.984,0.157,7.7054
30.3728,19.993,40.006,0.4997,0.4865,20.013,0.1655,8.7181
30.4054,20.005,40.006,0.5,0.4865,20.002,0.1613,1.3979
30.4372,20.093,40.007,0.5022,0.4865,19.914,0.1628,2.8021
30.4694,20.055,40.008,0.5013,0.4865,19.953,0.1667,5.255
30.5012,20.009,40.008,0.5001,0.4865,20.0,0.2793,7.195
30.5336,20.004,40.009,0.5,0.4865,20.006,0.1988,10.1846
30.5668,20.127,40.01,0.5031,0.4865,19.883,0.2033,2.2478
30.5975,20.032,40.01,0.5007,0.4865,19.978,0.3484,3.7336
30.63,19.969,40.011,0.4991,0.4865,20.042,0.3528,6.5759
30.6609,20.046,40.012,0.501,0.4865,19.966,0.1709,7.049
30.6928,20.029,40.012,0.5006,0.4865,19.983,0.1635,9.1723
30.7247,20.017,40.013,0.5003,0.4865,19.996,0.1591,1.3565
30.757,19.974,40.014,0.4992,0.4865,20.039,0.2453,2.6483
30.789,20.015,40.014,0.5002,0.4865,19.999,0.1776,4.7925
30.8213,19.996,40.015,0.4997,0.4865,20.019,0.1691,7.4257
30.8537,20.006,40.015,0.4999,0.4865,20.01,0.2548,9.7499
30.8857,20.016,40.016,0.5002,0.4865,20.0,0.1569,1.4256
30.9168,20.021,40.016,0.5003,0.4865,19.996,0.1831,2.83
30.9509,19.976,40.017,0.4992,0.4865,20.041,0.2008,6.2266
30.9819,20.051,40.018,0.5011,0.4865,19.967,0.2964,7.5716
31.0136,20.031,40.018,0.5006,0.4865,19.987,0.3249,9.6054
31.0452,19.963,40.019,0.4988,0.4865,20.056,0.1552,1.2606
31.0769,19.913,40.019,0.4976,0.4865,20.107,0.1593,2.6041
31.109,19.988,40.02,0.4995,0.4865,20.032,0.1633,5.0958
31.1416,20.036,40.02,0.5007,0.4865,19.984,0.1763,7.6387
31.1727,19.947,40.021,0.4984,0.4865,20.073,0.1682,8.722
31.2054,19.993,40.021,0.4996,0.4865,20.028,0.2331,1.7828
31.237,19.995,40.021,0.4996,0.4865,20.027,0.1588,3.2709
31.2697,19.996,40.022,0.4996,0.4865,20.025,0.253,5.4524
31.3009,19.974,40.022,0.4991,0.4865,20.048,0.2655,7.1987
31.3331,19.992,40.023,0.4995,0.4865,20.031,0.2846,9.1218
31.3665,20.013,40.023,0.5,0.4865,20.01,0.2649,2.4566
31.3971,19.97,40.024,0.499,0.4865,20.054,0.3327,3.5029
31.4301,20.014,40.024,0.5,0.4865,20.01,0.3812,5.816
31.4615,19.992,40.024,0.4995,0.4865,20.032,0.319,7.8494
31.493,19.983,40.025,0.4993,0.4865,20.042,0.1575,8.6132
31.5254,19.982,40.025,0.4992,0.4865,20.043,0.1523,1.2113
31.5569,19.941,40.025,0.4982,0.4865,20.084,0.1565,2.585
31.5891,19.988,40.026,0.4994,0.4865,20.038,0.1579,5.6246
31.6215,19.923,40.026,0.4977,0.4865,20.103,0.1586,7.6188
31.6528,19.984,40.026,0.4993,0.4865,20.042,0.1638,9.0333
31.6849,20.023,40.027,0.5002,0.4865,20.004,0.1549,1.4116
31.7173,20.022,40.027,0.5002,0.4865,20.005,0.1587,3.2453
31.7496,20.034,40.027,0.5005,0.4865,19.994,0.1819,5.4264
31.7818,20.025,40.028,0.5003,0.4865,20.003,0.2964,7.8961
31.8134,20.009,40.028,0.4999,0.4865,20.019,0.3318,9.3091
31.846,19.956,40.028,0.4985,0.4865,20.072,0.3845,2.1272
31.8771,19.975,40.029,0.499,0.4865,20.053,0.1562,3.324
31.9105,19.97,40.029,0.4989,0.4865,20.059,0.1635,6.32
31.9411,19.93,40.029,0.4979,0.4865,20.099,0.1589,7.6461
31.9732,20.016,40.029,0.5,0.4865,20.014,0.1648,9.3856
32.0052,20.001,40.03,0.4997,0.4865,20.029,0.1539,1.3809
32.0371,20.061,40.03,0.5012,0.4865,19.968,0.1587,2.7166
32.0692,19.957,40.03,0.4986,0.4865,20.073,0.1744,5.0218
32.1017,19.999,40.03,0.4996,0.4865,20.031,0.2719,7.9506
32.1328,20.021,40.03,0.5001,0.4865,20.01,0.2034,9.3687
32.1671,19.996,40.031,0.4995,0.4865,20.034,0.1935,0.9331
32.1993,19.954,40.031,0.4985,0.4865,20.077,0.3742,5.5351
32.2299,20.005,40.031,0.4997,0.4865,20.026,0.3021,5.769
32.2607,20.033,40.031,0.5004,0.4865,19.998,0.157,7.0335
32.293,20.018,40.031,0.5001,0.4865,20.013,0.1617,9.266
32.3271,19.986,40.031,0.4993,0.4865,20.045,0.151,0.7466
32.3575,20.002,40.032,0.4996,0.4865,20.03,0.1679,3.2983
32.3891,19.982,40.032,0.4992,0.4865,20.049,0.2555,4.7141
32.4215,20.02,40.032,0.5001,0.4865,20.012,0.247,6.7151
32.4537,19.995,40.032,0.4995,0.4865,20.037,0.2813,9.9421
32.4859,20.01,40.032,0.4998,0.4865,20.022,0.2558,2.0385
32.5173,19.949,40.032,0.4983,0.4865,20.084,0.2909,2.9621
32.5496,20.001,40.032,0.4996,0.4865,20.031,0.2742,5.2075
32.5814,19.986,40.033,0.4992,0.4865,20.047,0.3495,7.8254
32.6163,19.962,40.033,0.4986,0.4865,20.071,0.2877,12.8511
32.6465,19.98,40.033,0.4991,0.4865,20.052,0.3463,2.5604
32.677,20.007,40.033,0.4998,0.4865,20.026,0.1578,3.5611
32.7091,20.006,40.033,0.4997,0.4865,20.027,0.1617,5.63
32.7409,19.963,40.033,0.4987,0.4865,20.07,0.162,6.6843
32.7735,20.022,40.033,0.5001,0.4865,20.011,0.1635,9.6265
32.805,20.039,40.033,0.5005,0.4865,19.995,0.1608,1.3825
32.8384,19.975,40.033,0.499,0.4865,20.058,1.5284,4.0842
32.8695,19.988,40.033,0.4993,0.4865,20.045,0.1625,5.6494
32.9009,19.996,40.033,0.4995,0.4865,20.038,0.1671,6.9623
32.9337,19.978,40.033,0.499,0.4865,20.055,0.1839,9.7644
32.9667,19.986,40.033,0.4992,0.4865,20.048,0.2784,2.2727
32.9972,19.994,40.033,0.4994,0.4865,20.04,0.3146,3.2066
33.0301,20.037,40.033,0.5005,0.4865,19.996,0.3685,6.1749
33.0618,19.992,40.033,0.4994,0.4865,20.042,0.4368,7.4244
33.0933,19.991,40.033,0.4994,0.4865,20.043,0.1597,9.2124
33.1252,20.027,40.033,0.5003,0.4865,20.007,0.1546,1.2706
33.1575,19.978,40.033,0.499,0.4865,20.055,0.1605,3.9024
33.1892,19.97,40.033,0.4988,0.4865,20.063,0.2603,5.4472
33.221,19.949,40.033,0.4983,0.4865,20.085,0.2573,4.9263
33.2535,19.957,40.033,0.4985,0.4865,20.076,0.3131,9.4308
33.286,19.972,40.033,0.4989,0.4865,20.061,0.269,1.2955
33.3169,19.985,40.033,0.4992,0.4865,20.049,0.2984,2.8496
33.3501,20.023,40.033,0.5002,0.4865,20.01,0.3656,6.2174
33.3813,19.991,40.033,0.4994,0.4865,20.042,0.3722,7.8491
33.4136,20.017,40.033,0.5,0.4865,20.016,0.3565,10.0053
33.4461,20.005,40.033,0.4997,0.4865,20.028,0.4155,2.2297
33.477,20.012,40.033,0.4999,0.4865,20.021,0.1594,3.5959
33.5092,19.962,40.033,0.4986,0.4865,20.071,0.16,5.6703
33.5413,20.001,40.033,0.4996,0.4865,20.032,0.1642,7.796
33.5726,20.018,40.033,0.5,0.4865,20.015,0.2189,8.7082
33.6051,19.948,40.033,0.4983,0.4865,20.085,0.162,1.3822
33.6371,19.986,40.033,0.4992,0.4865,20.047,0.1646,2.722
33.6694,19.987,40.033,0.4993,0.4865,20.046,0.165,5.4046
33.7007,20.01,40.033,0.4999,0.4865,20.022,0.1676,6.7482
33.7336,20.023,40.032,0.5002,0.4865,20.01,0.1902,9.735
33.7666,19.944,40.032,0.4982,0.4865,20.088,0.1886,2.6944
33.7975,20.012,40.032,0.4999,0.4865,20.02,0.2814,3.6959
33.8301,19.971,40.032,0.4989,0.4865,20.061,0.3573,5.9722
33.8611,19.995,40.032,0.4995,0.4865,20.037,0.1805,6.982
33.8932,20.022,40.032,0.5002,0.4865,20.01,0.1649,9.2768
33.925,20.021,40.032,0.5001,0.4865,20.011,0.1531,1.2575
33.9574,19.988,40.032,0.4993,0.4865,20.044,0.1584,3.0302
33.989,20.007,40.032,0.4998,0.4865,20.024,0.2417,5.3753
34.0213,20.033,40.032,0.5004,0.4865,19.998,0.2508,7.1599
34.0539,19.976,40.031,0.499,0.4865,20.055,0.2788,9.8804
34.0856,20.01,40.031,0.4999,0.4865,20.021,0.2452,1.8616
34.1172,20.022,40.031,0.5002,0.4865,20.009,0.2682,3.1208
34.1497,20.03,40.031,0.5004,0.4865,20.001,0.3178,5.8666
34.1811,19.991,40.031,0.4994,0.4865,20.039,0.3496,6.8708
34.2152,20.016,40.031,0.5,0.4865,20.015,0.3571,11.5766
34.2455,20.028,40.031,0.5003,0.4865,20.003,0.3634,1.7241
34.2767,19.985,40.031,0.4992,0.4865,20.046,0.1534,2.4805
34.3095,20.024,40.03,0.5002,0.4865,20.006,0.1595,5.721
34.3408,19.987,40.03,0.4993,0.4865,20.043,0.1546,6.5685
34.373,19.959,40.03,0.4986,0.4865,20.071,0.1609,9.0357
34.4052,19.953,40.03,0.4984,0.4865,20.077,0.1534,1.3334
34.4375,20.008,40.03,0.4998,0.4865,20.022,0.1576,3.789
34.4688,20.0,40.03,0.4996,0.4865,20.03,0.1625,4.842
34.5013,19.933,40.029,0.498,0.4865,20.096,0.1721,7.6071
34.5337,20.012,40.029,0.4999,0.4865,20.017,0.1976,9.516
34.5665,20.0,40.029,0.4996,0.4865,20.03,0.2107,2.5282
34.5979,20.0,40.029,0.4996,0.4865,20.029,0.356,4.2577
34.629,19.979,40.029,0.4991,0.4865,20.05,0.3143,5.2217
34.6607,19.992,40.029,0.4994,0.4865,20.037,0.1569,6.9678
34.6928,19.992,40.029,0.4994,0.4865,20.037,0.1585,9.05
34.7254,19.993,40.028,0.4995,0.4865,20.035,0.1518,1.1946
34.7566,20.035,40.028,0.5005,0.4865,19.993,0.1551,2.8884
34.7889,19.994,40.028,0.4995,0.4865,20.034,0.2399,5.2283
34.8215,19.973,40.028,0.499,0.4865,20.055,0.2415,7.3795
34.853,20.0,40.028,0.4996,0.4865,20.028,0.28,9.5483
34.8858,19.979,40.028,0.4991,0.4865,20.049,0.2554,1.9746
34.9168,20.062,40.027,0.5012,0.4865,19.965,0.2739,2.5246
34.9496,19.937,40.027,0.4981,0.4865,20.09,0.3143,5.2989
34.9813,20.021,40.027,0.5002,0.4865,20.006,0.2988,7.4526
35.0137,20.019,40.027,0.5001,0.4865,20.008,0.3472,9.4766
35.0468,20.028,40.027,0.5004,0.4865,19.999,0.3492,2.7238
35.0768,19.989,40.026,0.4994,0.4865,20.038,0.1597,2.5743
35.1093,20.018,40.026,0.5001,0.4865,20.009,0.1632,5.652
35.1411,20.029,40.026,0.5004,0.4865,19.997,0.1631,6.7413
35.1735,19.987,40.026,0.4993,0.4865,20.039,0.1612,9.3648
35.2049,19.996,40.026,0.4996,0.4865,20.03,0.1574,1.3966
35.2371,20.048,40.026,0.5009,0.4865,19.977,0.1554,3.6644
35.2693,19.969,40.025,0.4989,0.4865,20.057,0.1582,5.3459
35.3006,20.014,40.025,0.5,0.4865,20.011,0.1833,6.5163
35.3338,20.031,40.025,0.5005,0.4865,19.993,0.2194,10.3249
35.3705,20.041,40.024,0.5007,0.4865,19.983,4.4665,6.5806
35.3978,19.973,40.024,0.499,0.4865,20.051,0.2867,3.9507
35.4299,20.013,40.024,0.5,0.4865,20.011,0.298,6.3942
35.4607,20.016,40.024,0.5001,0.4865,20.008,0.1563,6.8458
35.493,19.927,40.024,0.4979,0.4865,20.097,0.1591,9.0851
35.525,20.004,40.023,0.4998,0.4865,20.019,0.1485,0.6638
35.5585,19.979,40.023,0.4992,0.4865,20.044,0.1622,4.8308
35.5891,20.017,40.023,0.5001,0.4865,20.006,0.2383,5.3419
35.6215,19.98,40.023,0.4992,0.4865,20.043,0.2426,6.7215
35.6538,19.995,40.023,0.4996,0.4865,20.028,0.2793,9.8563
35.6858,20.013,40.022,0.5,0.4865,20.01,0.252,2.0783
35.7172,19.969,40.022,0.4989,0.4865,20.053,0.2615,2.3924
35.7504,20.031,40.022,0.5005,0.4865,19.991,0.9453,6.8123
35.7819,20.016,40.022,0.5001,0.4865,20.006,0.3038,7.7976
35.8145,19.996,40.022,0.4996,0.4865,20.025,0.3049,10.3204
35.8454,19.953,40.021,0.4986,0.4865,20.068,0.2884,1.6106
35.8806,19.965,40.021,0.4989,0.4865,20.056,0.3081,1.6148
35.9085,19.996,40.021,0.4996,0.4865,20.026,0.1602,4.0498
35.9409,19.931,40.021,0.498,0.4865,20.09,0.1593,7.2314
35.9732,20.015,40.021,0.5001,0.4865,20.006,0.1646,8.9966
36.0063,20.028,40.02,0.5004,0.4865,19.992,0.2287,1.9117
36.0369,20.022,40.02,0.5003,0.4865,19.998,0.2301,3.2629
36.0694,19.972,40.02,0.499,0.4865,20.048,0.2608,5.317
36.1018,20.015,40.02,0.5001,0.4865,20.004,0.2729,7.988
36.1331,20.015,40.02,0.5001,0.4865,20.005,0.295,9.672
36.1667,19.99,40.019,0.4995,0.4865,20.03,0.2617,2.6257
36.1978,20.046,40.019,0.5009,0.4865,19.973,0.2922,3.9564
36.2292,20.032,40.019,0.5006,0.4865,19.987,0.4393,5.1794
36.2606,20.022,40.019,0.5003,0.4865,19.997,0.1599,6.6813
36.2931,19.998,40.019,0.4997,0.4865,20.021,0.1588,8.7315
36.325,19.979,40.018,0.4992,0.4865,20.04,0.1568,1.227
36.3571,20.023,40.018,0.5004,0.4865,19.995,0.1557,2.7416
36.3892,19.942,40.018,0.4983,0.4865,20.076,0.1639,5.7257
36.4207,20.026,40.018,0.5004,0.4865,19.992,0.1661,6.2188
36.4527,20.035,40.018,0.5007,0.4865,19.983,0.1734,8.8147
36.4851,20.008,40.017,0.5,0.4865,20.01,0.16,1.484
36.5166,19.973,40.017,0.4991,0.4865,20.044,0.1701,1.9766
36.549,20.019,40.017,0.5003,0.4865,19.998,0.2872,4.9936
36.5822,19.979,40.017,0.4993,0.4865,20.038,0.4574,8.408
36.6129,19.976,40.017,0.4992,0.4865,20.041,0.3283,9.2304
36.6456,20.048,40.016,0.501,0.4865,19.968,0.3174,1.8027
36.6768,20.016,40.016,0.5002,0.4865,20.001,0.1571,2.5736
36.7087,19.974,40.016,0.4991,0.4865,20.042,0.1562,4.9078
36.7409,20.005,40.016,0.4999,0.4865,20.01,0.1583,7.0761
36.7734,20.016,40.016,0.5002,0.4865,19.999,0.1608,9.1788
36.8065,20.008,40.015,0.5,0.4865,20.008,0.2489,2.001
36.8374,19.958,40.015,0.4988,0.4865,20.057,0.2464,3.4806
36.869,19.991,40.015,0.4996,0.4865,20.024,0.2748,2.6846
36.9015,20.043,40.015,0.5009,0.4865,19.972,0.2881,7.3795
36.9334,19.994,40.015,0.4997,0.4865,20.021,0.4103,9.9771
36.9669,19.999,40.015,0.4998,0.4865,20.015,0.277,2.6779
36.9978,19.964,40.014,0.4989,0.4865,20.05,0.3724,3.6688
37.0293,20.047,40.014,0.501,0.4865,19.967,0.4042,5.756
37.0614,19.992,40.014,0.4996,0.4865,20.022,0.1707,7.6253
37.0931,19.992,40.014,0.4996,0.4865,20.022,0.1601,8.7242
37.1247,20.023,40.014,0.5004,0.4865,19.99,0.1555,1.2668
37.1574,19.991,40.013,0.4996,0.4865,20.022,0.1579,3.5995
37.189,20.05,40.013,0.5011,0.4865,19.964,0.161,4.6798
37.2206,20.003,40.013,0.4999,0.4865,20.01,0.1644,6.6119
37.253,19.964,40.013,0.4989,0.4865,20.049,0.1699,8.8474
37.2852,19.974,40.013,0.4992,0.4865,20.039,0.16,0.8078
37.3166,20.003,40.012,0.4999,0.4865,20.01,0.1815,2.6125
37.3492,20.029,40.012,0.5006,0.4865,19.984,0.329,4.8711
37.382,19.943,40.012,0.4984,0.4865,20.069,0.3159,7.9243
37.4142,19.978,40.012,0.4993,0.4865,20.034,0.3958,9.6737
37.4454,19.952,40.012,0.4986,0.4865,20.06,0.4185,1.7765
37.4771,19.967,40.012,0.499,0.4865,20.045,0.1574,3.5382
37.5088,20.0,40.011,0.4999,0.4865,20.011,0.165,5.0137
37.5411,20.01,40.011,0.5001,0.4865,20.001,0.1655,7.4796
37.5729,20.0,40.011,0.4999,0.4865,20.011,0.1682,8.8148
37.6061,19.968,40.011,0.4991,0.4865,20.043,0.2786,2.01
37.6373,20.0,40.011,0.4999,0.4865,20.011,0.2513,3.5906
37.669,20.021,40.011,0.5004,0.4865,19.989,0.2542,4.417
37.701,19.982,40.01,0.4994,0.4865,20.028,0.2733,6.6294
37.7336,20.01,40.01,0.5001,0.4865,20.001,0.2772,9.7972
37.7662,20.018,40.01,0.5003,0.4865,19.992,0.2942,2.0404
37.7974,20.03,40.01,0.5006,0.4865,19.98,0.2912,3.2022
37.8295,19.977,40.01,0.4993,0.4865,20.032,0.4289,5.3605
37.8606,20.033,40.01,0.5007,0.4865,19.976,0.1583,6.6808
37.8938,20.037,40.009,0.5008,0.4865,19.972,0.6095,10.2532
37.9253,19.994,40.009,0.4997,0.4865,20.015,0.1511,1.2355
37.9568,19.99,40.009,0.4996,0.4865,20.019,0.156,2.6804
37.9893,19.988,40.009,0.4996,0.4865,20.021,0.1556,5.823
38.0213,20.023,40.008,0.5005,0.4865,19.985,0.1626,6.485
38.0525,20.025,40.008,0.5005,0.4865,19.983,0.1603,5.9473
38.085,20.05,40.008,0.5011,0.4865,19.958,0.1606,1.4628
38.1174,20.01,40.008,0.5001,0.4865,19.998,0.1581,3.2989
38.1492,19.972,40.008,0.4992,0.4865,20.035,0.2495,5.1914
38.181,20.007,40.008,0.5001,0.4865,20.0,0.3077,7.5001
38.2135,20.02,40.008,0.5004,0.4865,19.987,0.3346,9.4149
38.2463,20.017,40.007,0.5003,0.4865,19.991,0.3561,2.2126
38.2774,19.979,40.007,0.4994,0.4865,20.028,0.1557,3.4988
38.3093,20.034,40.007,0.5008,0.4865,19.973,0.1584,5.0171
38.3409,20.051,40.007,0.5012,0.4865,19.956,0.1587,7.2179
38.3733,19.974,40.007,0.4993,0.4865,20.033,0.1646,9.1013
38.4063,19.974,40.007,0.4993,0.4865,20.033,0.2365,1.9364
38.4371,20.017,40.007,0.5003,0.4865,19.99,0.2604,3.3954
38.4691,20.015,40.006,0.5003,0.4865,19.991,0.2728,4.8729
38.5014,19.972,40.006,0.4992,0.4865,20.035,0.2802,7.5362
38.5332,19.997,40.006,0.4998,0.4865,20.009,0.2803,8.9586
38.5665,20.007,40.006,0.5001,0.4865,19.999,0.2722,2.3119
38.5971,20.001,40.006,0.5,0.4865,20.005,0.3167,3.1376
38.6293,20.02,40.006,0.5004,0.4865,19.985,0.4191,5.0488
38.661,19.994,40.006,0.4998,0.4865,20.012,0.1685,7.517
38.6933,19.958,40.005,0.4989,0.4865,20.048,0.16,9.6948
38.7249,19.965,40.005,0.4991,0.4865,20.04,0.148,1.1985
38.7566,19.967,40.005,0.4991,0.4865,20.038,0.1524,2.5549
38.7893,20.049,40.005,0.5012,0.4865,19.956,0.1514,5.6785
38.8213,19.964,40.005,0.499,0.4865,20.04,0.17,7.3778
38.8533,19.985,40.005,0.4996,0.4865,20.019,0.1763,9.4964
38.8859,19.985,40.005,0.4996,0.4865,20.019,0.1693,1.6361
38.9166,20.011,40.004,0.5002,0.4865,19.994,0.1748,2.0818
38.95,19.997,40.004,0.4999,0.4865,20.008,0.2076,6.2215
38.9812,19.992,40.004,0.4997,0.4865,20.012,0.297,7.354
39.0135,20.011,40.004,0.5002,0.4865,19.993,0.3386,9.532
39.0464,19.969,40.004,0.4992,0.4865,20.035,0.7209,2.4102
39.077,20.002,40.004,0.5,0.4865,20.002,0.1551,3.5454
39.1094,20.016,40.004,0.5004,0.4865,19.988,0.1569,5.5908
39.1406,20.007,40.004,0.5001,0.4865,19.996,0.1721,6.9182
39.1735,20.092,40.003,0.5022,0.4865,19.912,0.1592,9.4665
39.205,20.002,40.003,0.5,0.4865,20.001,0.157,1.3372
39.2372,20.023,40.003,0.5005,0.4865,19.981,0.1567,3.6954
39.269,19.982,40.003,0.4995,0.4865,20.021,0.1647,4.9631
39.301,20.008,40.003,0.5002,0.4865,19.995,0.1699,7.2544
39.3337,20.044,40.003,0.5011,0.4865,19.959,0.199,10.0816
39.3663,20.036,40.003,0.5009,0.4865,19.967,0.2004,2.2674
39.3974,20.011,40.003,0.5002,0.4865,19.992,0.3379,3.5649
39.4302,20.033,40.003,0.5008,0.4865,19.969,0.385,6.5599
39.461,20.032,40.002,0.5008,0.4865,19.97,0.1692,6.9475
39.4929,19.992,40.002,0.4998,0.4865,20.011,0.1632,9.0772
39.5248,20.021,40.002,0.5005,0.4865,19.981,0.1524,1.242
39.5569,20.048,40.002,0.5012,0.4865,19.955,0.1564,3.1954
39.5891,20.01,40.002,0.5002,0.4865,19.992,0.24,5.2173
39.6209,19.995,40.002,0.4998,0.4865,20.007,0.2532,6.6288
39.6534,20.047,40.002,0.5012,0.4865,19.954,0.2737,9.1123
39.686,20.029,40.002,0.5007,0.4865,19.973,0.2524,1.9981
39.7169,19.983,40.002,0.4996,0.4865,20.019,0.2557,2.4387
39.7491,19.995,40.002,0.4999,0.4865,20.006,0.3024,5.6803
39.7812,20.018,40.001,0.5004,0.4865,19.983,0.3101,7.4003
39.8138,19.955,40.001,0.4988,0.4865,20.047,0.3386,9.8628
39.8466,19.993,40.001,0.4998,0.4865,20.008,0.3887,2.3663
39.8772,19.991,40.001,0.4998,0.4865,20.011,0.1568,3.5299
39.909,20.018,40.001,0.5004,0.4865,19.983,0.1617,5.6456
39.9412,19.988,40.001,0.4997,0.4865,20.013,0.1639,7.7534
39.9728,20.013,40.001,0.5003,0.4865,19.988,0.174,8.6427
40.0051,20.018,40.001,0.5004,0.4865,19.983,0.154,1.2734
40.0371,19.924,40.001,0.4981,0.4865,20.077,0.1558,3.6445
40.0694,20.024,40.001,0.5006,0.4865,19.977,0.1569,5.3621
40.1008,19.986,40.001,0.4996,0.4865,20.014,0.1614,6.8941
40.1328,19.952,40.001,0.4988,0.4865,20.049,0.1947,8.6257
40.1661,19.924,40.0,0.4981,0.4865,20.076,0.2657,2.0761
40.1971,20.04,40.0,0.501,0.4865,19.96,0.2971,2.9262
40.2293,20.026,40.0,0.5006,0.4865,19.975,0.4235,5.3074
40.2607,19.928,40.0,0.4982,0.4865,20.072,0.1635,6.9752
40.2932,20.03,40.0,0.5007,0.4865,19.97,0.1669,9.3302
40.325,20.006,40.0,0.5002,0.4865,19.994,0.1484,0.6863
40.3573,20.003,40.0,0.5001,0.4865,19.997,0.1585,3.0259
40.3892,20.025,40.0,0.5006,0.4865,19.975,0.236,5.3894
40.4222,20.001,40.0,0.5,0.4865,19.999,0.9795,7.4016
40.4537,20.118,40.0,0.503,0.4865,19.882,0.252,9.8101
40.486,20.094,40.0,0.5024,0.4865,19.905,0.2523,2.0536
40.5176,20.063,40.0,0.5016,0.4865,19.937,0.2402,3.3652
40.5496,20.243,39.999,0.5061,0.4865,19.757,0.3104,5.3532
40.5819,20.388,39.999,0.5097,0.4981,19.611,0.8789,8.3585
40.6139,20.443,39.999,0.5111,0.4981,19.556,0.3991,10.2926
40.6475,20.607,39.999,0.5152,0.4981,19.392,0.4017,3.4811
40.677,20.761,39.999,0.519,0.5086,19.238,0.4941,2.8962
40.709,20.976,39.999,0.5244,0.5086,19.024,0.1794,4.6213
40.7415,21.175,39.999,0.5294,0.519,18.824,0.5033,7.2494
40.7734,21.264,39.999,0.5316,0.519,18.735,0.1822,9.3669
40.8057,21.538,39.999,0.5385,0.519,18.461,0.1691,1.5233
40.8378,21.893,39.999,0.5473,0.5332,18.106,0.47,4.1421
40.8686,22.051,39.999,0.5513,0.5332,17.948,0.1796,4.2845
40.9022,22.263,39.999,0.5566,0.5449,17.736,0.8766,7.0162
40.9332,22.415,39.999,0.5604,0.5449,17.584,0.2925,9.0796
40.9673,22.735,39.999,0.5684,0.5566,17.264,1.0138,2.8673
40.9979,23.008,39.999,0.5752,0.5566,16.99,0.3056,4.4432
41.0303,23.222,39.999,0.5806,0.5686,16.776,1.2334,6.6211
41.0615,23.487,39.998,0.5872,0.5686,16.511,0.1923,7.6236
41.0936,23.672,39.998,0.5918,0.5802,16.326,0.4878,10.0
41.1255,23.97,39.998,0.5993,0.5802,16.028,0.1711,1.2366
41.1578,24.196,39.998,0.6049,0.5926,15.802,0.4638,3.2361
41.1892,24.358,39.998,0.609,0.5926,15.641,0.1815,5.1908
41.2219,24.551,39.998,0.6138,0.6032,15.447,0.7474,7.0973
41.2529,24.731,39.998,0.6183,0.6032,15.267,0.3167,8.6875
41.2868,25.005,39.998,0.6252,0.6142,14.993,0.8826,2.7361
41.3176,25.206,39.998,0.6302,0.6142,14.792,0.306,3.4021
41.3497,25.421,39.998,0.6356,0.6249,14.577,0.8249,6.1429
41.3814,25.651,39.998,0.6413,0.6249,14.347,0.3905,7.1478
41.4146,25.876,39.998,0.6469,0.6359,14.122,1.1673,10.426
41.4456,26.055,39.998,0.6514,0.6359,13.943,0.3351,1.2293
41.4769,26.268,39.998,0.6567,0.6463,13.73,0.4996,2.8758
41.5095,26.423,39.998,0.6606,0.6463,13.574,0.173,5.5853
41.5411,26.645,39.998,0.6662,0.6463,13.353,0.1806,6.7193
41.573,26.592,39.998,0.6648,0.6463,13.406,0.1929,8.0912
41.6055,27.009,39.998,0.6753,0.6608,12.989,0.4521,1.7008
41.6372,27.156,39.998,0.6789,0.6608,12.842,0.1848,3.7702
41.6693,27.254,39.998,0.6814,0.6711,12.744,0.703,2.5814
41.7013,27.376,39.998,0.6844,0.6711,12.621,0.2597,7.4345
41.7339,27.414,39.997,0.6854,0.6711,12.583,0.2253,9.8569
41.7667,27.813,39.997,0.6954,0.6832,12.184,0.5623,2.4883
41.7978,27.972,39.997,0.6993,0.6832,12.025,0.4805,3.7617
41.8292,28.042,39.997,0.7011,0.6832,11.955,0.4502,5.49
41.8613,28.183,39.997,0.7046,0.6939,11.814,0.4939,7.5748
41.893,28.241,39.997,0.7061,0.6939,11.756,0.1804,9.0862
41.9253,28.71,39.997,0.7178,0.7059,11.288,0.4554,1.524
41.9574,28.894,39.997,0.7224,0.7059,11.103,0.2669,3.0932
41.9896,28.975,39.997,0.7244,0.7059,11.022,0.2369,5.6075
42.0214,29.216,39.997,0.7304,0.7182,10.781,0.6862,7.0727
42.0539,29.314,39.997,0.7329,0.7182,10.683,0.3006,9.8953
42.0859,29.412,39.997,0.7354,0.7182,10.585,0.2612,1.8778
42.1171,29.512,39.997,0.7378,0.7182,10.485,0.326,2.5448
42.1506,29.787,39.997,0.7447,0.7314,10.21,1.0023,6.602
42.1816,29.884,39.997,0.7472,0.7314,10.113,0.3826,8.1494
42.2147,30.131,39.997,0.7533,0.7424,9.866,1.0664,10.8241
42.2453,29.776,39.997,0.7445,0.7424,10.221,0.3062,1.5411
42.2774,29.935,39.997,0.7484,0.7424,10.062,0.1699,3.5315
42.3086,30.088,39.997,0.7522,0.7424,9.909,0.1747,4.6342
42.3406,30.405,39.997,0.7602,0.7424,9.592,0.1769,6.9075
42.3729,30.441,39.997,0.7611,0.7424,9.556,0.178,8.4613
42.4057,31.402,39.997,0.7851,0.7637,8.595,0.9796,2.2158
42.4382,31.553,39.997,0.7889,0.7763,8.445,0.8013,4.3181
42.4687,31.644,39.997,0.7912,0.7763,8.353,0.1779,4.0278
42.5015,31.659,39.997,0.7915,0.7763,8.338,0.2143,7.1696
42.533,31.797,39.997,0.795,0.7763,8.2,0.2263,8.6868
42.5671,31.693,39.997,0.7924,0.7763,8.304,0.3092,2.5734
42.5991,32.019,39.997,0.8005,0.7884,7.978,1.5479,5.6686
42.629,32.206,39.997,0.8052,0.7884,7.791,0.3162,5.2031
42.6614,32.54,39.997,0.8136,0.801,7.457,0.5328,7.6349
42.6929,32.692,39.997,0.8174,0.801,7.305,0.1812,9.0313
42.7251,32.585,39.997,0.8147,0.801,7.412,0.1718,1.2894
42.7567,32.753,39.997,0.8189,0.801,7.244,0.1731,2.8757
42.7893,33.089,39.997,0.8273,0.8141,6.908,0.7036,4.7561
42.8222,33.397,39.997,0.835,0.8246,6.6,0.782,8.0074
42.8537,33.558,39.997,0.839,0.8246,6.439,0.2961,9.3722
42.8861,33.552,39.997,0.8389,0.8246,6.445,0.2929,2.0126
42.9192,33.791,39.997,0.8448,0.8347,6.206,0.777,2.8332
42.9506,34.009,39.997,0.8503,0.8347,5.988,1.0969,7.1492
42.9827,34.225,39.997,0.8557,0.8452,5.772,1.554,8.9244
43.0136,34.351,39.997,0.8588,0.8452,5.646,0.3684,9.3363
43.045,34.449,39.997,0.8613,0.8452,5.548,0.2621,1.3688
43.0769,34.758,39.997,0.869,0.8571,5.239,0.5307,2.6848
43.1087,34.903,39.997,0.8726,0.8571,5.094,0.1684,4.7694
43.1414,34.941,39.997,0.8736,0.8571,5.056,0.1869,7.3736
43.1733,35.064,39.997,0.8767,0.8571,4.933,0.2734,8.6101
43.2089,35.472,39.997,0.8869,0.872,4.525,0.7494,3.7847
43.2367,35.496,39.997,0.8875,0.872,4.502,0.1719,2.5789
43.2697,35.589,39.997,0.8898,0.872,4.408,0.1848,5.2941
43.3012,35.825,39.997,0.8957,0.8838,4.172,0.4948,7.0435
43.3332,36.146,39.997,0.9037,0.8838,3.852,0.2889,9.4413
43.3679,36.156,39.997,0.904,0.8939,3.841,1.3246,2.7663
43.3978,36.477,39.997,0.912,0.8939,3.52,0.4747,3.9852
43.4314,36.659,39.997,0.9165,0.9052,3.339,1.5482,7.8462
43.461,36.727,39.997,0.9182,0.9052,3.271,0.1791,6.8274
43.4935,36.835,39.997,0.9209,0.9052,3.163,0.1792,9.8466
43.5258,37.109,39.997,0.9278,0.9165,2.889,0.5615,1.6162
43.5575,37.198,39.997,0.93,0.9165,2.8,0.1741,3.7033
43.5892,37.427,39.997,0.9357,0.9165,2.57,0.1743,4.7395
43.6215,37.659,39.997,0.9415,0.929,2.339,0.6123,6.9961
43.6527,37.753,39.998,0.9439,0.929,2.244,0.2002,8.9906
43.6858,38.057,39.998,0.9515,0.9403,1.94,0.5872,1.9666
43.7173,38.152,39.998,0.9539,0.9403,1.845,0.1727,3.0947
43.7494,38.19,39.998,0.9548,0.9403,1.808,0.3656,5.1441
43.7816,38.529,39.998,0.9633,0.9518,1.469,0.8386,8.0321
43.8136,38.643,39.998,0.9661,0.9518,1.355,0.3911,9.8001
43.8466,38.853,39.998,0.9714,0.9518,1.145,0.4623,2.3263
43.8775,39.007,39.998,0.9752,0.9635,0.991,0.4589,3.8402
43.9091,39.041,39.998,0.9761,0.9635,0.956,0.1761,5.0479
43.9416,39.377,39.998,0.9845,0.974,0.621,0.4549,7.4523
43.9731,39.464,39.998,0.9867,0.974,0.534,0.2798,6.173
44.0086,39.741,39.998,0.9936,0.974,0.256,0.2888,4.0192
44.0378,39.773,39.998,0.9944,0.9842,0.225,0.6642,4.1659
44.0695,40.032,39.998,1.0008,0.9842,0.034,0.1808,5.1777
44.1013,40.179,39.998,1.0045,0.9944,0.181,0.5721,7.1167
44.1334,40.196,39.998,1.0049,0.9944,0.198,0.2543,9.8993
44.1676,40.502,39.998,1.0126,0.9944,0.504,0.1861,1.3249
44.1975,40.534,39.998,1.0134,0.9944,0.536,0.3309,3.4229
44.2295,40.75,39.998,1.0188,1.0066,0.751,0.8909,5.4192
44.2616,40.783,39.998,1.0196,1.0066,0.785,0.277,7.0118
44.2933,40.718,39.998,1.018,1.0066,0.72,0.1792,9.2755
44.325,40.95,39.998,1.0238,1.0066,0.951,0.1674,1.2089
44.3568,40.811,39.998,1.0203,1.0066,0.812,0.2721,2.5549
44.3895,40.961,39.998,1.0241,1.0066,0.963,0.2607,5.4387
44.421,40.941,39.998,1.0236,1.0066,0.942,0.2911,6.3523
44.4539,40.849,39.998,1.0213,1.0066,0.851,0.2911,9.6807
44.4865,40.884,39.998,1.0221,1.0066,0.886,0.2593,2.0049
44.5169,40.82,39.998,1.0205,1.0066,0.821,0.2762,2.4211
44.5497,40.728,39.998,1.0182,1.0066,0.73,0.3342,5.4846
44.5814,40.714,39.999,1.0179,1.0066,0.716,0.3644,7.1074
44.614,40.725,39.999,1.0182,1.0066,0.727,0.4022,10.406
44.6449,40.625,39.999,1.0157,1.0066,0.626,0.161,1.2447
44.6768,40.433,39.999,1.0108,1.0066,0.434,0.1741,2.5067
44.709,40.354,39.999,1.0089,1.0066,0.356,0.1562,4.6359
44.7414,40.438,39.999,1.011,1.0066,0.439,0.1652,7.3215
44.7729,40.301,39.999,1.0076,1.0066,0.302,0.297,7.8173
44.8056,40.312,39.999,1.0078,1.0066,0.313,0.1581,1.3797
44.8374,40.134,39.999,1.0034,1.0066,0.135,0.2762,3.4307
44.869,40.092,39.999,1.0023,1.0066,0.093,0.2618,4.4666
44.9009,40.095,39.999,1.0024,1.0066,0.096,0.2991,6.7068
44.9336,40.022,39.999,1.0006,1.0066,0.023,0.3252,9.2839
44.9672,40.009,39.999,1.0003,1.0066,0.01,0.2634,2.6437
44.9982,39.96,39.999,0.999,1.0066,0.039,0.4462,4.6594
45.0295,39.925,39.999,0.9981,1.0066,0.074,0.5011,6.0079
45.0614,39.923,39.999,0.9981,1.0066,0.076,0.1886,7.6799
45.093,39.893,39.999,0.9973,1.0066,0.107,0.1606,9.1856
45.1252,39.879,39.999,0.997,1.0066,0.12,0.1524,1.2405
45.1572,39.842,39.999,0.9961,1.0066,0.157,0.1717,3.7116
45.1895,39.787,39.999,0.9947,1.0066,0.212,0.1573,5.7681
45.2214,39.887,39.999,0.9972,1.0066,0.112,0.1692,6.7045
45.2536,39.833,39.999,0.9958,1.0066,0.166,0.169,9.5093
45.2855,39.888,39.999,0.9972,1.0066,0.112,0.1793,1.6961
45.3169,39.75,39.999,0.9938,1.0066,0.25,0.2135,2.5693
45.3512,39.743,39.999,0.9936,1.0066,0.256,0.4902,7.0164
45.3814,39.894,39.999,0.9974,1.0066,0.105,0.346,7.5513
45.4137,39.878,39.999,0.997,1.0066,0.121,0.3395,9.5472
45.4458,39.888,39.999,0.9972,1.0066,0.111,0.4976,1.822
45.4812,39.774,39.999,0.9944,1.0066,0.225,4.5439,6.8524
45.5089,39.878,40.0,0.997,1.0066,0.122,0.1537,4.8917
45.5414,39.932,40.0,0.9983,1.0066,0.067,0.1578,6.4285
45.5732,39.829,40.0,0.9957,1.0066,0.17,0.2587,8.1551
45.6057,39.973,40.0,0.9993,1.0066,0.026,0.2246,1.1401
45.6374,39.913,40.0,0.9978,1.0066,0.087,0.2532,3.4407
45.6689,40.006,40.0,1.0002,1.0066,0.006,0.2645,4.5559
45.7019,39.958,40.0,0.999,1.0066,0.042,0.2696,7.6027
45.7334,39.875,40.0,0.9969,1.0066,0.125,0.2759,9.9498
45.7673,39.982,40.0,0.9996,1.0066,0.018,0.3159,3.0158
45.7982,39.95,40.0,0.9988,1.0066,0.049,0.3915,4.5721
45.8293,40.073,40.0,1.0018,1.0066,0.074,0.4876,5.86
45.8613,39.963,40.0,0.9991,1.0066,0.037,0.1669,7.635
45.8934,39.948,40.0,0.9987,1.0066,0.052,0.1609,9.7893
45.9254,39.999,40.0,1.0,1.0066,0.001,0.172,1.3161
45.9571,40.05,40.0,1.0013,1.0066,0.05,0.1582,2.7336
45.9894,40.062,40.0,1.0016,1.0066,0.062,0.1601,5.7851
46.0211,39.967,40.0,0.9992,1.0066,0.033,0.1652,6.8314
46.0528,39.972,40.0,0.9993,1.0066,0.028,0.2325,9.2515
46.0851,39.946,40.0,0.9987,1.0066,0.054,0.1575,1.4925
46.1174,40.051,40.0,1.0013,1.0066,0.051,0.1609,2.3043
46.1493,40.043,40.0,1.0011,1.0066,0.043,0.3575,5.6696
46.1817,40.0,40.0,1.0,1.0066,0.0,0.3324,8.2914
46.2143,40.028,40.0,1.0007,1.0066,0.028,0.5082,10.753
46.2447,39.973,40.0,0.9993,1.0066,0.027,0.1712,1.2801
46.2773,40.107,40.0,1.0027,1.0066,0.107,0.1598,3.7648
46.3088,40.057,40.0,1.0014,1.0066,0.057,0.1597,4.7149
46.341,39.937,40.0,0.9984,1.0066,0.063,0.1572,6.8574
46.3732,40.05,40.0,1.0013,1.0066,0.05,0.1674,9.2779
46.4056,40.009,40.0,1.0002,1.0066,0.009,0.1496,1.3628
46.4366,40.051,40.0,1.0013,1.0066,0.051,0.1595,2.8444
46.4693,39.957,40.0,0.9989,1.0066,0.044,0.1674,5.0308
46.5006,40.019,40.0,1.0005,1.0066,0.019,0.1953,6.4536
46.5337,40.02,40.0,1.0005,1.0066,0.019,0.2005,7.3263
46.567,40.003,40.0,1.0001,1.0066,0.003,0.2425,2.5725
46.5995,39.944,40.0,0.9986,1.0066,0.056,0.4018,5.7411
46.6297,39.911,40.0,0.9978,1.0066,0.089,0.394,5.362
46.6609,40.019,40.0,1.0005,1.0066,0.019,0.156,6.9299
46.6933,40.072,40.0,1.0018,1.0066,0.072,0.1541,9.2411
46.7255,40.025,40.0,1.0006,1.0066,0.025,0.1525,1.2345
46.757,40.01,40.0,1.0002,1.0066,0.01,0.1562,3.2278
46.7897,40.041,40.0,1.001,1.0066,0.041,0.2378,5.4267
46.8217,40.035,40.0,1.0009,1.0066,0.035,0.244,6.8429
46.8533,40.051,40.0,1.0013,1.0066,0.051,0.2836,8.9529
46.8863,40.053,40.0,1.0013,1.0066,0.052,0.3387,2.1889
46.9175,39.992,40.0,0.9998,1.0066,0.009,0.2691,2.773
46.9497,40.007,40.0,1.0002,1.0066,0.007,0.1948,5.4393
46.9815,40.053,40.0,1.0013,1.0066,0.053,0.3245,7.3995
47.0146,39.965,40.0,0.9991,1.0066,0.035,0.461,10.9017
47.0448,40.024,40.0,1.0006,1.0066,0.023,0.168,1.3295
47.0768,39.924,40.0,0.9981,1.0066,0.076,0.1603,2.666
47.1088,40.051,40.0,1.0013,1.0066,0.051,0.1573,4.6787
47.1409,39.94,40.0,0.9985,1.0066,0.06,0.1526,6.6671
47.1726,39.932,40.0,0.9983,1.0066,0.068,0.1588,7.9829
47.2059,40.023,40.0,1.0006,1.0066,0.023,0.1537,1.6659
47.2375,39.993,40.0,0.9998,1.0066,0.007,0.1583,3.7319
47.2691,40.077,40.0,1.0019,1.0066,0.076,0.1721,4.7685
47.3007,39.984,40.0,0.9996,1.0066,0.016,0.1966,7.2069
47.3336,39.993,40.0,0.9998,1.0066,0.007,0.1962,9.2143
47.3675,39.989,40.0,0.9997,1.0066,0.012,0.1644,0.9483
47.4003,40.052,40.0,1.0013,1.0066,0.051,2.6953,6.1719
47.4317,40.023,40.0,1.0006,1.0066,0.023,0.3573,8.2234
47.4618,39.917,40.0,0.9979,1.0066,0.083,0.4107,7.4448
47.493,40.009,40.0,1.0002,1.0066,0.009,0.1617,9.085
47.5252,39.958,40.0,0.9989,1.0066,0.043,0.1552,1.292
47.5571,40.025,40.0,1.0006,1.0066,0.024,0.1578,3.1789
47.5894,40.01,40.0,1.0002,1.0066,0.009,0.2415,5.3958
47.621,39.93,40.0,0.9982,1.0066,0.07,0.2651,6.6065
47.654,40.023,40.0,1.0006,1.0066,0.023,0.2794,9.635
47.6861,39.939,40.0,0.9985,1.0066,0.061,0.2771,2.0631
47.7181,40.049,40.0,1.0012,1.0066,0.049,0.3063,3.5872
47.7508,39.999,40.0,1.0,1.0066,0.002,0.3265,6.6956
47.7814,39.97,40.0,0.9992,1.0066,0.031,0.4009,7.6868
47.8136,39.995,40.0,0.9999,1.0066,0.005,0.3364,9.1319
47.8454,40.044,40.0,1.0011,1.0066,0.044,0.3958,1.6449
47.8773,40.032,40.0,1.0008,1.0066,0.031,0.1574,3.6477
47.9089,39.856,40.0,0.9964,1.0066,0.144,0.1594,5.1117
47.9414,40.033,40.0,1.0008,1.0066,0.033,0.1624,7.2129
47.9729,40.066,40.0,1.0017,1.0066,0.066,0.2624,7.9669
48.0068,40.039,40.0,1.001,1.0066,0.038,1.0045,2.7564
48.0374,40.013,40.0,1.0003,1.0066,0.013,0.2524,3.4285
48.0692,39.939,40.0,0.9985,1.0066,0.061,0.2881,4.7075
48.1041,40.031,40.0,1.0008,1.0066,0.03,0.4346,10.5375
48.1333,40.016,40.0,1.0004,1.0066,0.016,0.3127,9.742
48.167,40.042,40.0,1.001,1.0066,0.041,0.2462,2.4731
48.1977,39.926,40.0,0.9982,1.0066,0.074,0.3322,3.4975
48.2294,39.926,40.0,0.9981,1.0066,0.074,0.4554,5.6351
48.261,39.959,40.0,0.999,1.0066,0.042,0.1572,6.9344
48.2935,39.993,40.0,0.9998,1.0066,0.007,0.1606,9.307
48.3249,40.061,40.0,1.0015,1.0066,0.061,0.1538,1.2797
48.3568,39.982,40.0,0.9996,1.0066,0.018,0.237,2.2034
48.3895,40.019,40.0,1.0005,1.0066,0.018,0.1524,5.0145
48.4216,39.996,40.0,0.9999,1.0066,0.005,0.2617,7.0769
48.4532,39.931,40.0,0.9983,1.0066,0.069,0.3015,9.7946
48.4861,40.079,40.0,1.002,1.0066,0.079,0.2804,2.0343
48.5169,39.937,40.0,0.9984,1.0066,0.063,0.2927,2.3581
48.5501,40.015,40.0,1.0004,1.0066,0.015,0.25,6.2148
48.5816,39.988,40.0,0.9997,1.0066,0.012,0.3116,7.2531
48.6142,39.948,40.0,0.9987,1.0066,0.052,0.483,10.633
48.6454,40.014,40.0,1.0003,1.0066,0.013,0.2975,1.437
48.6771,40.001,40.0,1.0,1.0066,0.001,0.1563,3.5477
48.7093,40.027,40.0,1.0007,1.0066,0.027,0.1549,5.5873
48.7406,39.899,40.0,0.9975,1.0066,0.101,0.1572,6.8189
48.7735,39.961,40.0,0.999,1.0066,0.039,0.1627,9.0543
48.8049,39.988,40.0,0.9997,1.0066,0.013,0.1572,1.4702
48.8365,40.007,40.0,1.0002,1.0066,0.007,0.1576,2.8352
48.8691,40.02,40.0,1.0005,1.0066,0.019,0.1867,4.7942
48.902,39.958,40.0,0.9989,1.0066,0.042,0.2662,7.7883
48.9336,40.018,40.0,1.0004,1.0066,0.018,0.2042,7.2571
48.9676,39.987,40.0,0.9997,1.0066,0.013,0.3139,3.0097
48.9979,40.021,40.0,1.0005,1.0066,0.021,0.3423,4.0472
49.029,40.027,40.0,1.0007,1.0066,0.027,0.3014,5.4305
49.0616,39.953,40.0,0.9988,1.0066,0.047,0.3694,7.0957
49.0926,40.071,40.0,1.0018,1.0066,0.07,0.1579,8.808
49.1246,40.019,40.0,1.0005,1.0066,0.019,0.1487,1.2384
49.1572,40.004,40.0,1.0001,1.0066,0.004,0.1663,3.4474
49.1887,39.976,40.0,0.9994,1.0066,0.024,0.1612,4.8832
49.2206,39.984,40.0,0.9996,1.0066,0.016,0.1687,5.7689
49.2528,39.997,40.0,0.9999,1.0066,0.003,0.1799,8.744
49.2852,40.002,40.0,1.0001,1.0066,0.002,0.1558,1.4439
49.3169,40.077,40.0,1.0019,1.0066,0.077,0.222,2.4069
49.3491,39.944,40.0,0.9986,1.0066,0.057,0.2999,4.7788
49.3814,40.028,40.0,1.0007,1.0066,0.028,0.342,7.6024
49.414,40.05,40.0,1.0012,1.0066,0.05,0.4292,9.8577
49.4453,40.022,40.0,1.0005,1.0066,0.022,0.2883,1.4118
49.477,40.035,40.0,1.0009,1.0066,0.035,0.1526,3.4843
49.5088,39.932,40.0,0.9983,1.0066,0.068,0.1901,4.0417
49.5414,40.047,40.0,1.0012,1.0066,0.047,0.1587,7.7394
49.5733,39.992,40.0,0.9998,1.0066,0.008,0.1712,8.7326
49.6056,40.051,40.0,1.0013,1.0066,0.05,0.179,1.5356
49.6365,39.977,40.0,0.9994,1.0066,0.023,0.1578,2.8074
49.6687,39.957,40.0,0.9989,1.0066,0.043,0.1794,4.1565
49.7019,40.035,40.0,1.0009,1.0066,0.035,0.3042,8.3791
49.7333,40.006,40.0,1.0001,1.0066,0.006,0.2812,9.8309
49.767,40.015,40.0,1.0004,1.0066,0.015,0.2857,2.6316
49.7978,39.913,40.0,0.9978,1.0066,0.087,0.3624,3.4904
49.8303,39.921,40.0,0.998,1.0066,0.079,0.5955,6.4945
49.8609,40.053,40.0,1.0013,1.0066,0.053,0.1551,7.1268
49.8945,39.975,40.0,0.9994,1.0066,0.025,0.178,10.3934
49.925,40.017,40.0,1.0004,1.0066,0.017,0.1525,1.2954
49.9569,39.96,40.0,0.999,1.0066,0.04,0.1565,3.1757
49.9894,40.081,40.0,1.002,1.0066,0.081,0.2337,5.3102
50.021,39.975,40.0,0.9994,1.0066,0.025,0.2707,6.5508
50.0539,40.023,40.0,1.0006,1.0066,0.023,0.2986,10.4096
50.0852,40.002,40.0,1.0,1.0066,0.002,0.1516,1.4557
50.1168,39.945,40.0,0.9986,1.0066,0.055,0.1893,2.1011
50.1501,40.083,40.0,1.0021,1.0066,0.083,0.3002,6.1165
50.1817,40.01,40.0,1.0002,1.0066,0.01,0.3574,7.3824
50.2159,39.953,40.0,0.9988,1.0066,0.047,0.4589,11.6502
50.2457,39.945,40.0,0.9986,1.0066,0.055,0.2931,1.84
50.277,40.018,40.0,1.0004,1.0066,0.018,0.1613,3.0283
50.3093,40.041,40.0,1.001,1.0066,0.041,0.1657,5.3882
50.3416,39.93,40.0,0.9983,1.0066,0.07,0.1698,7.3895
50.3736,39.989,40.0,0.9997,1.0066,0.011,0.17,9.1119
50.4059,39.908,40.0,0.9977,1.0066,0.092,0.1647,1.5068
50.4369,40.069,40.0,1.0017,1.0066,0.069,0.2776,2.652
50.4699,40.01,40.0,1.0003,1.0066,0.01,0.2985,3.2234
50.5009,39.951,40.0,0.9988,1.0066,0.049,0.2807,6.7783
50.5379,40.062,40.0,1.0015,1.0066,0.062,4.4279,13.8739
50.5671,39.939,40.0,0.9985,1.0066,0.061,0.2607,2.5152
50.5975,40.058,40.0,1.0014,1.0066,0.058,0.3257,3.9647
50.6293,40.036,40.0,1.0009,1.0066,0.036,0.2932,4.9122
50.661,40.0,40.0,1.0,1.0066,0.0,0.1563,6.7393
50.6928,40.041,40.0,1.001,1.0066,0.041,0.1624,8.8607
50.7248,39.995,40.0,0.9999,1.0066,0.005,0.1558,1.2889
50.7568,40.04,40.0,1.001,1.0066,0.04,0.1693,2.8128
50.7887,39.933,40.0,0.9983,1.0066,0.067,0.1571,4.8131
50.8213,40.035,40.0,1.0009,1.0066,0.035,0.1767,6.8662
50.8532,40.013,40.0,1.0003,1.0066,0.013,0.3004,9.7458
50.886,39.992,40.0,0.9998,1.0066,0.008,0.2962,2.0082
50.9182,40.004,40.0,1.0001,1.0066,0.004,0.3365,3.3157
50.95,39.918,40.0,0.998,1.0066,0.082,0.3731,6.2217
50.9816,40.105,40.0,1.0026,1.0066,0.105,0.3951,7.6002
51.0138,40.005,40.0,1.0001,1.0066,0.005,0.3447,9.5161
51.0462,40.063,40.0,1.0016,1.0066,0.063,0.5698,2.0772
51.0773,39.958,40.0,0.9989,1.0066,0.042,0.1581,3.5648
51.1087,39.969,40.0,0.9992,1.0066,0.031,0.159,5.1001
51.1409,40.118,40.0,1.003,1.0066,0.118,0.2024,6.9389
51.173,40.02,40.0,1.0005,1.0066,0.02,0.3045,8.4565
51.2054,40.103,40.0,1.0026,1.0066,0.103,0.1514,1.53
51.2376,39.964,40.0,0.9991,1.0066,0.036,0.251,3.3952
51.2691,40.027,40.0,1.0007,1.0066,0.027,0.2594,3.8237
51.3013,40.034,40.0,1.0008,1.0066,0.034,0.2945,7.812
51.3337,39.979,40.0,0.9995,1.0066,0.021,0.2702,10.1727
51.3673,40.038,40.0,1.001,1.0066,0.038,0.2684,2.6556
51.3977,39.948,40.0,0.9987,1.0066,0.052,0.4192,4.197
51.4295,40.049,40.0,1.0012,1.0066,0.049,0.586,5.8756
51.4611,39.981,40.0,0.9995,1.0066,0.019,0.1606,6.7541
51.4926,39.904,40.0,0.9976,1.0066,0.096,0.1602,8.8379
51.5256,39.987,40.0,0.9997,1.0066,0.013,0.159,1.332
51.5569,40.037,40.0,1.0009,1.0066,0.037,0.2463,2.6529
51.5889,40.056,40.0,1.0014,1.0066,0.056,0.2398,4.431
51.6208,39.958,40.0,0.999,1.0066,0.042,0.2713,6.3491
51.6532,39.891,40.0,0.9973,1.0066,0.109,0.2946,9.7154
51.6863,39.938,40.0,0.9985,1.0066,0.062,0.2771,2.0168
51.7173,40.027,40.0,1.0007,1.0066,0.027,0.282,2.1956
51.7502,39.984,40.0,0.9996,1.0066,0.016,0.3393,6.7554
51.7819,39.928,40.0,0.9982,1.0066,0.072,0.3548,7.5855
51.8142,40.043,40.0,1.0011,1.0066,0.043,0.4472,9.8205
51.8457,39.92,40.0,0.998,1.0066,0.08,0.4122,1.7815
51.8771,39.998,40.0,0.9999,1.0066,0.002,0.1581,3.6879
51.909,40.0,40.0,1.0,1.0066,0.0,0.1545,4.6928
51.9409,39.957,40.0,0.9989,1.0066,0.043,0.16,6.8446
51.9728,40.036,40.0,1.0009,1.0066,0.036,0.1703,8.4647
52.0052,39.993,40.0,0.9998,1.0066,0.007,0.1481,1.3197
52.0368,40.057,40.0,1.0014,1.0066,0.057,0.1642,3.1319
52.0688,40.002,40.0,1.0001,1.0066,0.002,0.1696,4.3559
52.1016,40.005,40.0,1.0001,1.0066,0.005,0.3529,8.1633
52.1334,40.061,40.0,1.0015,1.0066,0.061,0.3457,9.0385
52.1669,40.018,40.0,1.0004,1.0066,0.018,0.2547,2.607
52.1975,40.041,40.0,1.001,1.0066,0.041,0.3466,3.4103
52.2303,39.982,40.0,0.9995,1.0066,0.018,0.5504,6.783
52.2607,40.059,40.0,1.0015,1.0066,0.059,0.1584,6.9406
52.2925,39.956,40.0,0.9989,1.0066,0.044,0.1599,8.3368
52.325,40.06,40.0,1.0015,1.0066,0.06,0.1483,0.6915
52.3571,39.966,40.0,0.9991,1.0066,0.034,0.1573,3.1862
52.3895,39.9,40.0,0.9975,1.0066,0.1,0.2393,5.4171
52.421,40.045,40.0,1.0011,1.0066,0.045,0.249,4.4396
52.4535,40.048,40.0,1.0012,1.0066,0.048,0.318,9.5285
52.4855,40.074,40.0,1.0019,1.0066,0.074,0.1596,1.5688
52.5175,39.993,40.0,0.9998,1.0066,0.007,0.1978,3.1858
52.5504,39.928,40.0,0.9982,1.0066,0.072,0.1945,6.9632
52.5816,40.06,40.0,1.0015,1.0066,0.06,0.3036,7.295
52.6143,39.957,40.0,0.9989,1.0066,0.043,0.4889,10.4907
52.6486,40.035,40.0,1.0009,1.0066,0.035,0.3502,3.0832
52.6769,39.96,40.0,0.999,1.0066,0.04,0.1607,2.5876
52.7088,39.95,40.0,0.9988,1.0066,0.05,0.16,5.1222
52.7408,39.999,40.0,1.0,1.0066,0.001,0.1706,6.6349
52.773,39.946,40.0,0.9987,1.0066,0.054,0.3054,8.6075
52.8054,40.034,40.0,1.0009,1.0066,0.034,0.1553,1.6409
52.8376,39.945,40.0,0.9986,1.0066,0.055,0.2595,3.5031
52.8689,40.037,40.0,1.0009,1.0066,0.037,0.2449,2.4175
52.9013,39.985,40.0,0.9996,1.0066,0.015,0.2863,7.8359
52.9333,39.961,40.0,0.999,1.0066,0.039,0.1929,8.9746
52.9677,39.966,40.0,0.9991,1.0066,0.034,0.2467,1.2383
52.9974,39.961,40.0,0.999,1.0066,0.039,0.3575,3.7502
53.0299,40.053,40.0,1.0013,1.0066,0.053,0.7806,5.7893
53.0624,39.947,40.0,0.9987,1.0066,0.053,1.0903,8.6825
53.0934,39.949,40.0,0.9987,1.0066,0.051,0.1669,9.3003
53.1248,39.934,40.0,0.9983,1.0066,0.066,0.1507,1.2645
53.1573,40.012,40.0,1.0003,1.0066,0.012,0.1997,2.7623
53.1889,40.077,40.0,1.0019,1.0066,0.077,0.1604,4.7922
53.2212,39.973,40.0,0.9993,1.0066,0.027,0.1617,5.2804
53.2535,40.025,40.0,1.0006,1.0066,0.025,0.1734,10.1405
53.2852,39.957,40.0,0.9989,1.0066,0.043,0.1523,1.4853
53.3174,40.046,40.0,1.0011,1.0066,0.046,0.2021,3.0643
53.3494,40.059,40.0,1.0015,1.0066,0.059,0.3756,5.9478
53.3815,39.976,40.0,0.9994,1.0066,0.024,0.3545,7.4531
53.4141,40.088,40.0,1.0022,1.0066,0.088,0.4114,10.2641
53.4448,39.958,40.0,0.999,1.0066,0.042,0.1645,1.3096
53.4771,40.012,40.0,1.0003,1.0066,0.012,0.1514,3.4262
53.5088,39.943,40.0,0.9986,1.0066,0.057,0.1544,5.0294
53.5425,39.989,40.0,0.9997,1.0066,0.011,0.1633,8.3843
53.5733,40.005,40.0,1.0001,1.0066,0.005,0.2799,8.2751
53.6053,39.946,40.0,0.9986,1.0066,0.054,0.1669,1.6787
53.6377,39.929,40.0,0.9982,1.0066,0.071,0.2449,3.4935
53.6689,39.947,40.0,0.9987,1.0066,0.053,0.2516,2.1573
53.7011,40.08,40.0,1.002,1.0066,0.08,0.2825,7.5253
53.7334,40.093,40.0,1.0023,1.0066,0.093,0.1886,9.4037
53.7673,40.004,40.0,1.0001,1.0066,0.004,0.271,2.6521
53.7971,39.952,40.0,0.9988,1.0066,0.048,0.2889,2.9117
53.8298,39.916,40.0,0.9979,1.0066,0.084,0.5644,6.2294
53.8608,40.07,40.0,1.0018,1.0066,0.07,0.1619,6.9435
53.8928,39.996,40.0,0.9999,1.0066,0.004,0.166,8.604
53.9249,40.07,40.0,1.0017,1.0066,0.07,0.1511,1.2881
53.9568,39.931,40.0,0.9983,1.0066,0.069,0.2331,3.1505
53.9896,39.939,40.0,0.9985,1.0066,0.061,0.2374,5.3896
54.0208,40.062,40.0,1.0015,1.0066,0.062,0.2542,5.9955
54.0532,39.993,40.0,0.9998,1.0066,0.007,0.304,9.7846
54.086,40.056,40.0,1.0014,1.0066,0.056,0.2432,1.8828
54.1176,39.981,40.0,0.9995,1.0066,0.019,0.2719,2.6413
54.1493,39.965,40.0,0.9991,1.0066,0.035,0.3271,5.2162
54.1819,40.03,40.0,1.0008,1.0066,0.03,0.3827,8.3631
54.2142,39.994,40.0,0.9999,1.0066,0.006,0.4843,10.565
54.2448,40.029,40.0,1.0007,1.0066,0.029,0.1802,1.3055
54.2771,40.018,40.0,1.0004,1.0066,0.018,0.1587,2.836
54.3089,40.076,40.0,1.0019,1.0066,0.076,0.1594,4.6744
54.3406,40.048,40.0,1.0012,1.0066,0.048,0.1591,6.8176
54.3728,39.972,40.0,0.9993,1.0066,0.028,0.163,7.547
54.4056,40.017,40.0,1.0004,1.0066,0.017,0.1547,1.3962
54.4367,40.034,40.0,1.0008,1.0066,0.034,0.1579,2.8162
54.4689,40.058,40.0,1.0014,1.0066,0.058,0.1624,5.021
54.5011,39.994,40.0,0.9998,1.0066,0.006,0.2421,6.8166
54.5335,39.948,40.0,0.9987,1.0066,0.052,0.1989,9.5628
54.5671,39.982,40.0,0.9995,1.0066,0.018,0.1882,2.6288
54.5979,40.046,40.0,1.0012,1.0066,0.046,0.3929,3.6022
54.6294,40.005,40.0,1.0001,1.0066,0.005,0.4347,5.6321
54.6613,39.957,40.0,0.9989,1.0066,0.043,0.1676,7.0995
54.6932,39.9,40.0,0.9975,1.0066,0.1,0.1581,8.2719
54.7271,39.847,40.0,0.9962,1.0066,0.153,0.1511,0.7637
54.7576,40.045,40.0,1.0011,1.0066,0.045,0.2447,3.1223
54.7896,39.997,40.0,0.9999,1.0066,0.003,0.2397,5.3801
54.8211,39.976,40.0,0.9994,1.0066,0.024,0.2656,6.5765
54.8535,40.105,40.0,1.0026,1.0066,0.105,0.2792,10.0968
54.8865,40.012,40.0,1.0003,1.0066,0.012,0.2649,2.3324
54.9173,40.019,40.0,1.0005,1.0066,0.019,0.2847,2.7318
54.9496,39.977,40.0,0.9994,1.0066,0.023,0.3681,6.0633
54.9818,40.011,40.0,1.0003,1.0066,0.011,0.3566,8.1979
55.0143,40.063,40.0,1.0016,1.0066,0.063,0.4464,10.8641
55.045,40.029,40.0,1.0007,1.0066,0.029,0.2545,1.4282
55.0768,40.028,40.0,1.0007,1.0066,0.028,0.1608,2.6616
55.1093,39.98,40.0,0.9995,1.0066,0.02,0.1631,5.8465
55.1408,40.023,40.0,1.0006,1.0066,0.023,0.1611,6.9749
55.1727,40.032,40.0,1.0008,1.0066,0.032,0.1616,8.3809
55.205,40.026,40.0,1.0007,1.0066,0.026,0.1505,1.3945
55.2366,39.983,40.0,0.9996,1.0066,0.017,0.152,2.7684
55.2687,39.945,40.0,0.9986,1.0066,0.055,0.1759,3.7363
55.3011,40.083,40.0,1.0021,1.0066,0.083,0.1993,6.8008
55.3337,40.01,40.0,1.0002,1.0066,0.01,0.2143,9.9574
55.3671,39.957,40.0,0.9989,1.0066,0.043,0.3472,3.0148
55.3978,39.961,40.0,0.999,1.0066,0.039,0.5509,4.429
55.4293,39.969,40.0,0.9992,1.0066,0.031,0.2916,5.888
55.4613,40.059,40.0,1.0015,1.0066,0.059,0.1537,7.7229
55.4928,39.989,40.0,0.9997,1.0066,0.011,0.1673,9.0002
55.5253,40.022,40.0,1.0005,1.0066,0.022,0.1621,1.3566
55.5576,39.987,40.0,0.9997,1.0066,0.013,0.2537,3.6694
55.5903,40.055,40.0,1.0014,1.0066,0.055,1.0705,5.9607
55.621,40.011,40.0,1.0003,1.0066,0.011,0.2669,6.5221
55.6532,39.936,40.0,0.9984,1.0066,0.064,0.3997,9.5777
55.6866,40.003,40.0,1.0001,1.0066,0.003,0.2628,2.3734
55.7176,39.903,40.0,0.9976,1.0066,0.097,0.2783,2.8714
55.7494,40.044,40.0,1.0011,1.0066,0.044,0.3691,5.9598
55.7823,39.98,40.0,0.9995,1.0066,0.02,0.4305,8.6813
55.8134,39.983,40.0,0.9996,1.0066,0.017,0.4066,9.144
55.8458,39.966,40.0,0.9992,1.0066,0.034,0.3547,1.8645
55.8775,40.036,40.0,1.0009,1.0066,0.036,0.1653,3.6151
55.9095,40.058,40.0,1.0014,1.0066,0.058,0.167,5.9374
55.9408,40.017,40.0,1.0004,1.0066,0.017,0.1658,6.9659
55.9734,39.953,40.0,0.9988,1.0066,0.047,0.1732,9.1668
56.005,39.969,40.0,0.9992,1.0066,0.031,0.1606,1.4191
56.0367,40.072,40.0,1.0018,1.0066,0.072,0.1591,2.8093
56.0688,40.041,40.0,1.001,1.0066,0.041,0.1854,4.2617
56.1015,39.944,40.0,0.9986,1.0066,0.056,0.1694,7.1461
56.1334,40.021,40.0,1.0005,1.0066,0.021,0.3184,9.7776
56.1666,39.935,40.0,0.9984,1.0066,0.065,0.3359,1.6572
56.1975,40.037,40.0,1.0009,1.0066,0.037,0.3161,3.1464
56.2302,39.976,40.0,0.9994,1.0066,0.024,0.5508,5.8536
56.2611,39.969,40.0,0.9992,1.0066,0.031,0.1583,7.1642
56.2935,40.013,40.0,1.0003,1.0066,0.013,0.1602,9.2096
56.3251,39.975,40.0,0.9994,1.0066,0.025,0.158,1.5378
56.3574,40.057,40.0,1.0014,1.0066,0.057,0.2349,3.523
56.3888,39.989,40.0,0.9997,1.0066,0.011,0.2539,4.6441
56.4217,40.044,40.0,1.0011,1.0066,0.044,0.2704,7.0292
56.4533,40.008,40.0,1.0002,1.0066,0.008,0.2827,9.7109
56.4862,40.041,40.0,1.001,1.0066,0.041,0.2797,2.0207
56.5174,40.021,40.0,1.0005,1.0066,0.021,0.3059,2.6535
56.5494,39.969,40.0,0.9992,1.0066,0.031,0.3077,5.9478
56.5816,40.027,40.0,1.0007,1.0066,0.027,0.3354,7.9645
56.6134,40.007,40.0,1.0002,1.0066,0.007,0.5278,9.7586
56.6449,40.039,40.0,1.001,1.0066,0.039,0.1695,1.3217
56.6773,39.979,40.0,0.9995,1.0066,0.021,0.1571,3.5526
56.7093,39.961,40.0,0.999,1.0066,0.039,0.159,5.6874
56.7407,40.04,40.0,1.001,1.0066,0.04,0.1572,6.7845
56.7733,40.021,40.0,1.0005,1.0066,0.021,0.155,6.8195
56.8051,39.907,40.0,0.9977,1.0066,0.093,0.1491,1.2502
56.8365,39.934,40.0,0.9983,1.0066,0.066,0.1533,2.7717
56.8685,39.98,40.0,0.9995,1.0066,0.02,0.1564,1.8908
56.9017,40.087,40.0,1.0022,1.0066,0.087,0.6146,7.8821
56.9337,39.965,40.0,0.9991,1.0066,0.035,0.1972,9.8813
56.9673,40.025,40.0,1.0006,1.0066,0.025,0.3038,2.6414
56.9975,39.996,40.0,0.9999,1.0066,0.004,0.4182,3.152
57.0296,40.033,40.0,1.0008,1.0066,0.033,0.5374,5.8835
57.0615,39.999,40.0,1.0,1.0066,0.001,0.166,7.6473
57.0933,39.94,40.0,0.9985,1.0066,0.06,0.1654,8.8631
57.1249,39.987,40.0,0.9997,1.0066,0.013,0.1568,1.3254
57.1572,40.011,40.0,1.0003,1.0066,0.011,0.1634,3.399
57.189,40.066,40.0,1.0017,1.0066,0.066,0.2557,4.8252
57.2214,39.972,40.0,0.9993,1.0066,0.028,0.2702,6.8236
57.2532,39.9,40.0,0.9975,1.0066,0.1,0.4005,9.2572
57.2867,39.942,40.0,0.9986,1.0066,0.058,0.264,2.3076
57.3174,40.013,40.0,1.0003,1.0066,0.013,0.2806,2.8196
57.3495,40.063,40.0,1.0016,1.0066,0.063,0.3766,5.889
57.3817,39.947,40.0,0.9987,1.0066,0.053,0.3483,7.4919
57.4144,39.963,40.0,0.9991,1.0066,0.037,0.4838,10.8559
57.445,39.891,40.0,0.9973,1.0066,0.109,0.1725,1.3869
57.4774,40.003,40.0,1.0001,1.0066,0.003,0.161,3.5596
57.5093,40.054,40.0,1.0013,1.0066,0.054,0.1641,5.7817
57.5408,39.961,40.0,0.999,1.0066,0.039,0.1661,6.9434
57.5735,40.035,40.0,1.0009,1.0066,0.035,0.1706,9.5548
57.6053,40.023,40.0,1.0006,1.0066,0.023,0.1627,1.4888
57.6367,40.052,40.0,1.0013,1.0066,0.052,0.1663,2.929
57.6687,40.067,40.0,1.0017,1.0066,0.067,0.1854,4.059
57.7014,39.944,40.0,0.9986,1.0066,0.056,0.1747,7.558
57.7337,40.018,40.0,1.0005,1.0066,0.018,0.3184,9.7981
57.7672,39.981,40.0,0.9995,1.0066,0.019,0.2035,2.7184
57.7974,40.01,40.0,1.0002,1.0066,0.01,0.3617,3.9241
57.8297,39.954,40.0,0.9989,1.0066,0.046,0.633,6.0108
57.8611,40.026,40.0,1.0006,1.0066,0.026,0.1851,7.3511
57.8932,40.031,40.0,1.0008,1.0066,0.031,0.1684,8.5666
57.925,39.999,40.0,1.0,1.0066,0.001,0.1615,1.3599
57.9581,39.97,40.0,0.9992,1.0066,0.03,0.2969,3.0258
57.9887,39.982,40.0,0.9995,1.0066,0.018,0.1596,4.8669
58.0207,40.139,40.0,1.0035,1.0066,0.139,0.1825,6.569
58.0528,40.061,40.0,1.0015,1.0066,0.061,0.1842,9.3583
58.0856,40.074,40.0,1.0019,1.0066,0.074,0.1809,1.6649
58.1198,40.016,40.0,1.0004,1.0066,0.016,0.7109,3.2435
58.1498,39.979,40.0,0.9995,1.0066,0.021,0.3723,6.2856
58.1818,40.055,40.0,1.0014,1.0066,0.055,0.3198,8.356
58.2143,40.018,40.0,1.0004,1.0066,0.018,0.4956,10.7509
58.2457,40.045,40.0,1.0011,1.0066,0.045,0.385,1.7779
58.2766,39.88,40.0,0.997,1.0066,0.12,0.1582,2.7302
58.3095,39.983,40.0,0.9996,1.0066,0.017,0.1583,5.6498
58.3411,40.02,40.0,1.0005,1.0066,0.02,0.1624,6.8868
58.3731,39.981,40.0,0.9995,1.0066,0.019,0.1789,9.0733
58.4056,40.019,40.0,1.0005,1.0066,0.019,0.1591,0.8912
58.4375,39.917,40.0,0.9979,1.0066,0.083,0.1629,3.9166
58.4694,40.01,40.0,1.0003,1.0066,0.01,0.1664,5.5137
58.501,40.018,40.0,1.0005,1.0066,0.018,0.2154,7.4957
58.5336,39.925,40.0,0.9981,1.0066,0.075,0.3526,9.8915
58.5672,40.015,40.0,1.0004,1.0066,0.015,0.209,2.6974
58.5975,39.952,40.0,0.9988,1.0066,0.048,0.4678,3.3403
58.6295,40.093,40.0,1.0023,1.0066,0.093,0.4729,5.457
58.6614,40.004,40.0,1.0001,1.0066,0.004,0.1703,6.4516
58.6926,39.925,40.0,0.9981,1.0066,0.075,0.1527,8.6902
58.7246,39.973,40.0,0.9993,1.0066,0.027,0.1503,1.2147
58.7573,40.1,40.0,1.0025,1.0066,0.1,0.1552,3.6604
58.7887,40.025,40.0,1.0006,1.0066,0.025,0.1589,4.8144
58.8207,39.953,40.0,0.9988,1.0066,0.047,0.163,6.0072
58.8528,40.01,40.0,1.0002,1.0066,0.01,0.1763,8.9257
58.8856,39.923,40.0,0.9981,1.0066,0.077,0.1699,1.6662
58.9167,40.003,40.0,1.0001,1.0066,0.003,0.1849,2.2669
58.9492,40.043,40.0,1.0011,1.0066,0.043,0.3185,5.6909
58.9818,39.914,40.0,0.9979,1.0066,0.086,0.3872,7.9124
59.0143,40.02,40.0,1.0005,1.0066,0.02,0.417,10.2774
59.0452,39.81,40.0,0.9952,1.0066,0.19,0.2355,1.5086
59.0772,40.056,40.0,1.0014,1.0066,0.056,0.1556,3.5942
59.1086,40.038,40.0,1.0009,1.0066,0.038,0.1682,4.6379
59.1407,39.993,40.0,0.9998,1.0066,0.007,0.1603,6.8754
59.1735,40.04,40.0,1.001,1.0066,0.04,0.1692,8.9594
59.2058,40.007,40.0,1.0002,1.0066,0.007,0.1655,1.5077
59.237,40.045,40.0,1.0011,1.0066,0.045,0.164,2.852
59.2706,39.949,40.0,0.9987,1.0066,0.051,0.1737,4.0788
59.301,40.05,40.0,1.0012,1.0066,0.05,0.197,7.1731
59.3333,40.026,40.0,1.0007,1.0066,0.026,0.4802,9.5103
59.3676,40.041,40.0,1.001,1.0066,0.041,0.1927,3.0309
59.3973,40.007,40.0,1.0002,1.0066,0.007,0.3735,3.5869
59.4312,39.945,40.0,0.9986,1.0066,0.055,0.3641,7.4239
59.4608,40.029,40.0,1.0007,1.0066,0.029,0.1645,7.0795
59.4926,40.017,40.0,1.0004,1.0066,0.017,0.161,8.4051
59.525,40.036,40.0,1.0009,1.0066,0.036,0.1573,1.3626
59.5571,39.993,40.0,0.9998,1.0066,0.007,0.2479,3.1559
59.5892,39.958,40.0,0.999,1.0066,0.042,0.2478,4.6334
59.621,40.069,40.0,1.0017,1.0066,0.069,0.2766,6.0021
59.6535,40.049,40.0,1.0012,1.0066,0.049,0.2826,9.8743
59.6863,40.058,40.0,1.0015,1.0066,0.058,0.3036,2.0718
59.7173,39.98,40.0,0.9995,1.0066,0.02,0.2655,2.5302
59.7495,40.03,40.0,1.0007,1.0066,0.03,0.3753,6.0081
59.7817,40.032,40.0,1.0008,1.0066,0.032,0.3882,8.2199
59.8143,39.952,40.0,0.9988,1.0066,0.048,0.4944,10.4885
59.8452,40.055,40.0,1.0014,1.0066,0.055,0.1659,1.2362
59.8766,39.98,40.0,0.9995,1.0066,0.02,0.1494,2.4734
59.9087,40.03,40.0,1.0008,1.0066,0.03,0.1575,4.674
59.9407,40.029,40.0,1.0007,1.0066,0.029,0.1606,6.8125
59.973,39.942,40.0,0.9986,1.0066,0.058,0.163,7.4971
60.0052,39.983,40.0,0.9996,1.0066,0.017,0.1561,1.4112
60.0368,39.972,40.0,0.9993,1.0066,0.028,0.1567,2.831
60.0694,40.056,40.0,1.0014,1.0066,0.056,0.1827,4.948
60.1009,39.858,40.0,0.9964,1.0066,0.142,0.2019,7.1547
60.1335,39.932,40.0,0.9983,1.0066,0.068,0.3302,9.5918
60.1673,39.955,40.0,0.9989,1.0066,0.045,0.1876,2.691
60.1977,40.027,40.0,1.0007,1.0066,0.027,0.3601,3.4514
60.2292,40.056,40.0,1.0014,1.0066,0.056,0.2941,5.3787
60.2611,39.928,40.0,0.9982,1.0066,0.072,0.1859,7.1218
60.293,40.04,40.0,1.001,1.0066,0.04,0.1645,8.5993
60.3249,39.966,40.0,0.9991,1.0066,0.034,0.1604,1.3625
60.3573,40.085,40.0,1.0021,1.0066,0.085,0.1623,3.3193
60.3897,40.059,40.0,1.0015,1.0066,0.059,0.242,5.4216
60.4213,39.961,40.0,0.999,1.0066,0.039,0.2584,5.9953
60.4535,40.021,40.0,1.0005,1.0066,0.021,0.2776,9.6847
60.4864,39.961,40.0,0.999,1.0066,0.039,0.2563,2.0398
60.5182,40.037,40.0,1.0009,1.0066,0.037,0.3469,3.3072
60.5496,39.977,40.0,0.9994,1.0066,0.023,0.3169,5.368
60.5819,40.028,40.0,1.0007,1.0066,0.028,0.3572,8.3922
60.6142,40.071,40.0,1.0018,1.0066,0.071,0.5847,9.728
60.646,40.041,40.0,1.001,1.0066,0.041,1.1298,2.3333
60.6774,40.068,40.0,1.0017,1.0066,0.068,0.1634,3.6009
60.7093,39.966,40.0,0.9992,1.0066,0.034,0.1617,5.2222
60.741,40.019,40.0,1.0005,1.0066,0.019,0.1569,7.1833
60.7731,40.019,40.0,1.0005,1.0066,0.019,0.3605,6.5181
60.8062,40.049,40.0,1.0012,1.0066,0.049,0.2629,2.1749
60.8377,40.024,40.0,1.0006,1.0066,0.024,0.2612,3.5072
60.8691,40.013,40.0,1.0003,1.0066,0.013,0.2755,3.8336
60.9013,40.082,40.0,1.0021,1.0066,0.082,0.2935,7.3685
60.9339,40.003,40.0,1.0001,1.0066,0.003,0.286,10.2152
60.9672,40.033,40.0,1.0008,1.0066,0.033,0.2757,2.5887
60.9978,39.994,40.0,0.9998,1.0066,0.006,0.3729,4.277
61.0305,39.982,40.0,0.9995,1.0066,0.018,0.4712,6.9779
61.0612,40.032,40.0,1.0008,1.0066,0.032,0.1569,7.7463
61.093,39.963,40.0,0.9991,1.0066,0.037,0.1565,8.8353
61.125,40.025,40.0,1.0006,1.0066,0.025,0.1574,1.3351
61.1573,39.957,40.0,0.9989,1.0066,0.043,0.1633,3.7866
61.1892,39.858,40.0,0.9964,1.0066,0.142,0.1603,4.8393
61.2207,40.019,40.0,1.0005,1.0066,0.019,0.1549,3.9162
61.2536,39.969,40.0,0.9992,1.0066,0.031,0.1669,9.2522
61.2855,40.029,40.0,1.0007,1.0066,0.029,0.1564,1.4803
61.3171,40.005,40.0,1.0001,1.0066,0.005,0.3474,2.5383
61.3492,40.034,40.0,1.0009,1.0066,0.034,0.3772,5.8397
61.3816,40.023,40.0,1.0006,1.0066,0.023,0.3564,7.9922
61.4142,39.972,40.0,0.9993,1.0066,0.028,0.4342,10.2321
61.445,40.005,40.0,1.0001,1.0066,0.005,0.1533,0.67
61.4769,39.984,40.0,0.9996,1.0066,0.016,0.1545,2.7716
61.5088,40.075,40.0,1.0019,1.0066,0.075,0.1526,5.0124
61.5414,39.987,40.0,0.9997,1.0066,0.013,0.1559,7.1679
61.5732,39.903,40.0,0.9976,1.0066,0.097,0.2678,8.8146
61.6058,39.959,40.0,0.999,1.0066,0.041,0.2293,1.9047
61.6377,39.989,40.0,0.9997,1.0066,0.011,0.2492,3.4413
61.6691,40.011,40.0,1.0003,1.0066,0.011,0.2865,4.81
61.7013,39.911,40.0,0.9978,1.0066,0.089,0.2823,7.5225
61.7338,39.977,40.0,0.9994,1.0066,0.023,0.2915,10.0357
61.7673,39.978,40.0,0.9995,1.0066,0.022,0.2627,2.7295
61.7978,40.071,40.0,1.0018,1.0066,0.071,0.4147,3.8186
61.8306,39.993,40.0,0.9998,1.0066,0.007,0.6094,6.8816
61.8612,39.939,40.0,0.9985,1.0066,0.061,0.1611,7.7715
61.893,40.027,40.0,1.0007,1.0066,0.027,0.1626,8.9963
61.9247,39.949,40.0,0.9987,1.0066,0.051,0.1479,1.2358
61.9575,40.03,40.0,1.0007,1.0066,0.03,0.1524,3.5961
61.9886,40.014,40.0,1.0003,1.0066,0.014,0.1585,4.7443
62.0208,39.989,40.0,0.9997,1.0066,0.011,0.1699,6.3064
62.0527,40.02,40.0,1.0005,1.0066,0.02,0.1763,8.4366
62.0853,40.022,40.0,1.0006,1.0066,0.022,0.1513,1.3842
62.117,40.008,40.0,1.0002,1.0066,0.008,0.2968,2.5588
62.1495,39.961,40.0,0.999,1.0066,0.039,0.3558,6.1165
62.1821,40.042,40.0,1.001,1.0066,0.042,0.4358,8.3027
62.2142,40.046,40.0,1.0011,1.0066,0.046,0.4305,10.0661
62.2447,40.005,40.0,1.0001,1.0066,0.005,0.163,1.2829
62.2775,39.968,40.0,0.9992,1.0066,0.032,0.1633,3.5496
62.3087,39.914,40.0,0.9978,1.0066,0.086,0.1623,4.8441
62.3405,40.017,40.0,1.0004,1.0066,0.017,0.1574,6.2344
62.3731,40.048,40.0,1.0012,1.0066,0.048,0.2591,8.2816
62.4054,40.113,40.0,1.0028,1.0066,0.113,0.1499,1.4788
62.4376,40.018,40.0,1.0005,1.0066,0.018,0.2499,3.3517
62.4693,39.886,40.0,0.9971,1.0066,0.114,0.2675,4.5918
62.5013,40.122,40.0,1.003,1.0066,0.122,0.2821,7.7686
62.5337,39.997,40.0,0.9999,1.0066,0.003,0.2766,10.2191
62.5663,40.132,40.0,1.0033,1.0066,0.132,0.3627,1.6043
62.5978,39.972,40.0,0.9993,1.0066,0.028,0.3821,4.3208
62.6299,39.991,40.0,0.9998,1.0066,0.009,0.5969,6.3588
62.6613,40.002,40.0,1.0,1.0066,0.002,0.1696,7.7224
62.6931,39.932,40.0,0.9983,1.0066,0.068,0.1706,8.9945
62.7249,40.028,40.0,1.0007,1.0066,0.028,0.1607,1.279
62.7572,39.885,40.0,0.9971,1.0066,0.115,0.1604,3.7738
62.7892,39.997,40.0,0.9999,1.0066,0.003,0.161,4.7527
62.8208,40.037,40.0,1.0009,1.0066,0.037,0.1554,5.9347
62.853,39.899,40.0,0.9975,1.0066,0.101,0.1739,8.7633
62.8856,39.999,40.0,1.0,1.0066,0.001,0.1493,1.4093
62.9179,39.998,40.0,1.0,1.0066,0.002,0.3232,3.7448
62.9493,40.109,40.0,1.0027,1.0066,0.109,0.3627,5.6539
62.9814,39.957,40.0,0.9989,1.0066,0.043,0.2895,7.8026
63.0142,39.933,40.0,0.9983,1.0066,0.067,0.4416,10.2213
63.046,40.034,40.0,1.0008,1.0066,0.034,0.2781,1.698
63.0769,40.021,40.0,1.0005,1.0066,0.021,0.15,3.4116
63.1094,40.037,40.0,1.0009,1.0066,0.037,0.1552,5.2057
63.1408,39.981,40.0,0.9995,1.0066,0.019,0.1537,6.7754
63.1745,39.968,40.0,0.9992,1.0066,0.032,1.1775,10.0755
63.2052,39.986,40.0,0.9996,1.0066,0.014,0.1498,1.3456
63.2368,40.056,40.0,1.0014,1.0066,0.056,0.1642,2.8549
63.2706,40.011,40.0,1.0003,1.0066,0.011,0.1764,4.1432
63.3019,39.957,40.0,0.9989,1.0066,0.043,0.4171,7.9083
63.3332,39.894,40.0,0.9974,1.0066,0.106,0.2115,9.4493
63.3663,39.95,40.0,0.9987,1.0066,0.05,0.5562,2.3475
63.3976,40.05,40.0,1.0013,1.0066,0.05,0.2883,3.7078
63.4293,39.973,40.0,0.9993,1.0066,0.027,0.4705,5.7305
63.4608,40.058,40.0,1.0015,1.0066,0.058,0.1416,7.0
63.4934,40.024,40.0,1.0006,1.0066,0.024,0.1443,9.1475
63.525,40.025,40.0,1.0006,1.0066,0.025,0.1284,0.6095
63.5569,40.01,40.0,1.0002,1.0066,0.01,0.1413,3.0794
63.5894,39.952,40.0,0.9988,1.0066,0.048,0.227,5.1932
63.6209,40.05,40.0,1.0013,1.0066,0.05,0.2511,6.1668
63.6533,40.015,40.0,1.0004,1.0066,0.015,0.2718,9.9049
63.6862,40.036,40.0,1.0009,1.0066,0.036,0.27,1.9003
63.7173,39.991,40.0,0.9998,1.0066,0.009,0.3178,2.6044
63.7516,39.955,40.0,0.9989,1.0066,0.045,0.9771,7.2831
63.7816,40.056,40.0,1.0014,1.0066,0.056,0.299,7.5972
63.815,40.015,40.0,1.0004,1.0066,0.015,0.3119,11.1331
63.8455,40.065,40.0,1.0016,1.0066,0.065,0.4832,1.451
63.8769,40.004,40.0,1.0001,1.0066,0.004,0.1382,3.3536
63.9089,39.953,40.0,0.9988,1.0066,0.047,0.1405,4.9595
63.9413,40.04,40.0,1.001,1.0066,0.04,0.14,7.0276
63.9736,39.992,40.0,0.9998,1.0066,0.008,0.1524,9.0225
64.0057,40.091,40.0,1.0023,1.0066,0.091,0.214,1.7644
64.0375,39.932,40.0,0.9983,1.0066,0.068,0.2537,3.2958
64.069,40.009,40.0,1.0002,1.0066,0.009,0.2399,4.4183
64.101,40.074,40.0,1.0019,1.0066,0.074,0.2451,7.5209
64.1336,39.996,40.0,0.9999,1.0066,0.004,0.2867,10.0659
64.1669,40.014,40.0,1.0003,1.0066,0.014,0.2702,2.3829
64.1975,39.965,40.0,0.9991,1.0066,0.035,0.3322,4.0808
64.2292,40.022,40.0,1.0006,1.0066,0.022,0.4241,4.9606
64.2612,39.976,40.0,0.9994,1.0066,0.024,0.1384,7.4524
64.2926,39.925,40.0,0.9981,1.0066,0.075,0.138,8.6047
64.3248,39.989,40.0,0.9997,1.0066,0.011,0.1308,0.9979
64.357,39.996,40.0,0.9999,1.0066,0.004,0.1391,3.4574
64.3885,40.039,40.0,1.001,1.0066,0.039,0.1386,4.5742
64.4215,39.967,40.0,0.9992,1.0066,0.033,0.1553,7.1287
64.4529,39.971,40.0,0.9993,1.0066,0.029,0.156,8.6828
64.4852,40.071,40.0,1.0018,1.0066,0.071,0.1378,1.3044
64.5169,40.045,40.0,1.0011,1.0066,0.045,0.181,2.3222
64.5499,40.074,40.0,1.0018,1.0066,0.074,0.4518,5.7489
64.5816,39.954,40.0,0.9988,1.0066,0.046,0.3223,7.4389
64.6126,39.965,40.0,0.9991,1.0066,0.035,0.1414,8.7037
64.6449,39.969,40.0,0.9992,1.0066,0.031,0.182,1.0637
64.6771,40.004,40.0,1.0001,1.0066,0.004,0.1367,3.3017
64.7089,40.019,40.0,1.0005,1.0066,0.019,0.1377,4.9989
64.7413,39.99,40.0,0.9997,1.0066,0.01,0.1408,7.0018
64.7734,40.045,40.0,1.0011,1.0066,0.045,0.2484,9.6828
64.8057,39.934,40.0,0.9983,1.0066,0.066,0.1857,1.8488
64.8377,40.043,40.0,1.0011,1.0066,0.043,0.2512,3.3479
64.8691,39.968,40.0,0.9992,1.0066,0.032,0.2948,4.4408
64.9012,39.919,40.0,0.998,1.0066,0.081,0.265,7.8543
64.934,40.055,40.0,1.0014,1.0066,0.055,0.2929,9.7606
64.9662,39.977,40.0,0.9994,1.0066,0.023,0.3468,1.4741
64.9975,40.072,40.0,1.0018,1.0066,0.072,0.3293,4.153
65.0298,39.943,40.0,0.9986,1.0066,0.057,1.009,5.537
65.0612,39.998,40.0,1.0,1.0066,0.002,0.1389,7.48
65.0935,40.05,40.0,1.0012,1.0066,0.05,0.1425,9.6188
65.1247,40.047,40.0,1.0012,1.0066,0.047,0.1366,1.1322
65.1571,40.015,40.0,1.0004,1.0066,0.015,0.141,3.4167
65.1885,39.978,40.0,0.9995,1.0066,0.022,0.1409,4.5553
65.2208,40.031,40.0,1.0008,1.0066,0.031,0.1517,6.1002
65.253,40.005,40.0,1.0001,1.0066,0.005,0.1541,8.6847
65.2854,40.056,40.0,1.0014,1.0066,0.056,0.1387,1.379
65.3174,39.949,40.0,0.9987,1.0066,0.051,0.2963,2.5507
65.3492,39.937,40.0,0.9984,1.0066,0.063,0.3468,5.1296
65.3816,40.042,40.0,1.001,1.0066,0.042,0.3135,7.9701
65.4139,39.972,40.0,0.9993,1.0066,0.028,0.3314,9.9549
65.4449,40.015,40.0,1.0004,1.0066,0.015,0.1304,1.0221
65.477,39.934,40.0,0.9983,1.0066,0.066,0.1364,3.3626
65.5089,39.973,40.0,0.9993,1.0066,0.027,0.1382,4.9165
65.5411,40.017,40.0,1.0004,1.0066,0.017,0.1387,7.0052
65.573,39.927,40.0,0.9982,1.0066,0.073,0.2456,8.4557
65.6055,40.042,40.0,1.0011,1.0066,0.042,0.2156,1.7855
65.6377,39.98,40.0,0.9995,1.0066,0.02,0.2413,3.2871
65.6692,40.108,40.0,1.0027,1.0066,0.108,0.2487,4.6006
65.7028,39.986,40.0,0.9997,1.0066,0.014,2.0148,9.4237
65.7334,39.957,40.0,0.9989,1.0066,0.043,0.3127,9.6079
65.7669,40.013,40.0,1.0003,1.0066,0.013,0.2975,2.3669
65.7976,40.043,40.0,1.0011,1.0066,0.043,0.3634,4.1847
65.829,40.066,40.0,1.0016,1.0066,0.066,0.3888,4.7401
65.8605,39.96,40.0,0.999,1.0066,0.04,0.139,6.5298
65.8934,39.959,40.0,0.999,1.0066,0.041,0.1376,9.5866
65.9246,39.962,40.0,0.999,1.0066,0.038,0.1354,1.0635
65.9569,40.007,40.0,1.0002,1.0066,0.007,0.1384,3.3712
65.9894,40.032,40.0,1.0008,1.0066,0.032,0.1374,5.5703
66.0215,39.961,40.0,0.999,1.0066,0.039,0.1521,6.7599
66.053,39.997,40.0,0.9999,1.0066,0.003,0.1532,8.82
66.0852,39.906,40.0,0.9976,1.0066,0.094,0.1367,1.2415
66.1168,40.044,40.0,1.0011,1.0066,0.044,0.2944,2.3258
66.1493,40.059,40.0,1.0015,1.0066,0.059,0.3618,5.1256
66.1816,39.954,40.0,0.9989,1.0066,0.046,0.3805,7.9204
66.2141,39.97,40.0,0.9992,1.0066,0.03,0.4305,10.1243
66.2455,39.988,40.0,0.9997,1.0066,0.012,0.334,1.3287
66.2768,40.032,40.0,1.0008,1.0066,0.032,0.139,3.2968
66.3087,39.987,40.0,0.9997,1.0066,0.013,0.1403,4.9087
66.3411,40.012,40.0,1.0003,1.0066,0.012,0.14,7.0063
66.373,40.044,40.0,1.0011,1.0066,0.044,0.2768,8.4702
66.4059,39.994,40.0,0.9999,1.0066,0.006,0.2141,1.7068
66.4373,39.999,40.0,1.0,1.0066,0.001,0.2403,3.2688
66.4692,39.95,40.0,0.9987,1.0066,0.05,0.249,4.6864
66.5011,40.003,40.0,1.0001,1.0066,0.003,0.2728,6.8497
66.5336,40.013,40.0,1.0003,1.0066,0.013,0.3146,9.9826
66.5658,39.946,40.0,0.9987,1.0066,0.054,0.2652,1.9625
66.5976,39.971,40.0,0.9993,1.0066,0.029,0.3354,3.2788
66.6295,39.958,40.0,0.999,1.0066,0.042,0.432,5.9606
66.6612,40.043,40.0,1.0011,1.0066,0.043,0.1404,7.5394
66.6926,40.011,40.0,1.0003,1.0066,0.011,0.1388,8.6254
66.7247,40.059,40.0,1.0015,1.0066,0.059,0.1392,1.141
66.7569,39.982,40.0,0.9996,1.0066,0.018,0.2206,3.0057
66.7892,39.926,40.0,0.9981,1.0066,0.074,0.2314,5.3105
66.8211,40.097,40.0,1.0024,1.0066,0.097,0.2446,6.3865
66.8538,39.999,40.0,1.0,1.0066,0.001,0.2649,9.4771
66.8859,40.057,40.0,1.0014,1.0066,0.057,0.2354,1.8141
66.9173,39.934,40.0,0.9984,1.0066,0.066,0.277,2.5866
66.9492,39.983,40.0,0.9996,1.0066,0.017,0.3107,5.8281
66.9817,40.033,40.0,1.0008,1.0066,0.033,0.3626,7.7936
67.0145,39.924,40.0,0.9981,1.0066,0.076,0.3621,10.991
67.0445,40.024,40.0,1.0006,1.0066,0.024,0.1329,1.1649
67.0769,39.959,40.0,0.999,1.0066,0.041,0.1367,3.2705
67.1094,40.066,40.0,1.0016,1.0066,0.066,0.1384,5.4641
67.1414,40.016,40.0,1.0004,1.0066,0.016,0.1419,7.5957
67.1727,39.973,40.0,0.9993,1.0066,0.027,0.1428,8.0374
67.2048,40.039,40.0,1.001,1.0066,0.039,0.1367,1.2245
67.2365,39.999,40.0,1.0,1.0066,0.001,0.1373,2.6118
67.2695,40.047,40.0,1.0012,1.0066,0.047,0.1526,5.1863
67.3012,39.992,40.0,0.9998,1.0066,0.008,0.2655,7.7925
67.3337,39.972,40.0,0.9993,1.0066,0.028,0.2893,10.1552
67.3662,39.958,40.0,0.999,1.0066,0.042,0.3536,1.4982
67.3975,40.048,40.0,1.0012,1.0066,0.048,0.3606,4.174
67.4293,40.047,40.0,1.0012,1.0066,0.047,0.4324,4.9911
67.4612,39.939,40.0,0.9985,1.0066,0.061,0.1394,7.5743
67.4927,40.027,40.0,1.0007,1.0066,0.027,0.1415,8.7618
67.5247,39.952,40.0,0.9988,1.0066,0.048,0.1406,1.0888
67.557,40.039,40.0,1.001,1.0066,0.039,0.1388,3.509
67.5887,39.983,40.0,0.9996,1.0066,0.017,0.1403,4.5879
67.6206,39.924,40.0,0.9981,1.0066,0.076,0.1442,5.8996
67.6529,40.036,40.0,1.0009,1.0066,0.036,0.1535,8.1356
67.6852,39.909,40.0,0.9977,1.0066,0.091,0.1358,1.2878
67.7168,40.026,40.0,1.0007,1.0066,0.026,0.2972,2.2562
67.7493,40.036,40.0,1.0009,1.0066,0.036,0.3222,5.0928
67.7816,40.038,40.0,1.001,1.0066,0.038,0.3699,7.9566
67.8134,40.051,40.0,1.0013,1.0066,0.051,0.4488,9.5377
67.845,39.984,40.0,0.9996,1.0066,0.016,0.1472,1.034
67.8772,40.05,40.0,1.0013,1.0066,0.05,0.1387,3.2996
67.9088,39.939,40.0,0.9985,1.0066,0.061,0.1414,4.953
67.9414,40.028,40.0,1.0007,1.0066,0.028,0.1429,6.9806
67.9732,40.024,40.0,1.0006,1.0066,0.024,0.2427,9.1096
68.0057,40.033,40.0,1.0008,1.0066,0.033,0.2171,1.7619
68.0376,40.007,40.0,1.0002,1.0066,0.007,0.2413,3.2499
68.069,39.959,40.0,0.999,1.0066,0.041,0.2528,4.1285
68.1009,40.028,40.0,1.0007,1.0066,0.028,0.1471,6.642
68.1338,40.009,40.0,1.0002,1.0066,0.009,0.2631,10.4144
68.1661,40.076,40.0,1.0019,1.0066,0.076,0.319,1.4262
68.1982,39.928,40.0,0.9982,1.0066,0.072,0.4075,3.9997
68.2346,39.917,40.0,0.9979,1.0066,0.083,5.1725,10.8806
68.2615,40.008,40.0,1.0002,1.0066,0.008,0.1677,7.5001
68.2926,39.958,40.0,0.999,1.0066,0.042,0.1472,8.6618
68.325,40.012,40.0,1.0003,1.0066,0.012,0.1395,0.6311
68.3566,39.931,40.0,0.9983,1.0066,0.069,0.1444,2.6068
68.3887,39.948,40.0,0.9987,1.0066,0.052,0.1459,4.6896
68.4208,40.05,40.0,1.0013,1.0066,0.05,0.1692,6.2617
68.454,39.955,40.0,0.9989,1.0066,0.045,0.2601,10.1566
68.4854,39.997,40.0,0.9999,1.0066,0.003,0.1635,1.5488
68.5176,39.939,40.0,0.9985,1.0066,0.061,0.2087,2.8905
68.5494,40.074,40.0,1.0019,1.0066,0.074,0.3677,5.5235
68.5819,40.006,40.0,1.0001,1.0066,0.006,0.3409,7.4422
68.6143,39.958,40.0,0.999,1.0066,0.042,0.3801,10.2819
68.6455,39.977,40.0,0.9994,1.0066,0.023,0.3408,1.5205
68.6774,39.999,40.0,1.0,1.0066,0.001,0.1656,3.5382
68.7087,40.026,40.0,1.0007,1.0066,0.026,0.1655,4.5367
68.7411,39.917,40.0,0.9979,1.0066,0.083,0.1591,7.1749
68.7728,39.967,40.0,0.9992,1.0066,0.033,0.2623,6.9362
68.8058,39.919,40.0,0.998,1.0066,0.081,0.1606,1.6232
68.8369,40.08,40.0,1.002,1.0066,0.08,0.2655,2.6128
68.8693,40.023,40.0,1.0006,1.0066,0.023,0.2689,4.4728
68.9016,39.954,40.0,0.9989,1.0066,0.046,0.3298,7.6913
68.9335,40.049,40.0,1.0012,1.0066,0.049,0.5047,9.8102
68.9673,40.043,40.0,1.0011,1.0066,0.043,0.3409,13.1754
68.9988,39.987,40.0,0.9997,1.0066,0.013,0.352,4.9633
69.0301,40.044,40.0,1.0011,1.0066,0.044,0.4691,6.505
69.0615,39.935,40.0,0.9984,1.0066,0.065,0.1759,7.8125
69.0933,40.052,40.0,1.0013,1.0066,0.052,0.1868,8.9666
69.1252,40.004,40.0,1.0001,1.0066,0.004,0.1641,1.3184
69.1576,40.013,40.0,1.0003,1.0066,0.013,0.1683,3.8023
69.1891,39.99,40.0,0.9997,1.0066,0.01,0.1614,4.8053
69.2215,40.024,40.0,1.0006,1.0066,0.024,0.1731,7.614
69.2529,40.035,40.0,1.0009,1.0066,0.035,0.1707,9.3667
69.2858,40.038,40.0,1.001,1.0066,0.038,0.1691,1.583
69.3171,40.03,40.0,1.0007,1.0066,0.03,0.3238,2.6473
69.3496,39.984,40.0,0.9996,1.0066,0.016,0.3808,5.3385
69.3816,40.067,40.0,1.0017,1.0066,0.067,0.3274,7.8718
69.4142,40.088,40.0,1.0022,1.0066,0.088,0.3865,10.0411
69.4447,40.077,40.0,1.0019,1.0066,0.077,0.1594,1.2918
69.4767,40.001,40.0,1.0,1.0066,0.001,0.1578,2.5678
69.5094,39.952,40.0,0.9988,1.0066,0.048,0.1611,5.1178
69.5407,40.031,40.0,1.0008,1.0066,0.031,0.1604,6.3496
69.573,40.05,40.0,1.0012,1.0066,0.05,0.2574,8.939
69.6058,40.022,40.0,1.0005,1.0066,0.022,0.1571,1.4181
69.6368,40.043,40.0,1.0011,1.0066,0.043,0.2494,2.3471
69.6694,39.986,40.0,0.9996,1.0066,0.014,0.2808,5.1923
69.7019,40.029,40.0,1.0007,1.0066,0.029,0.3003,7.6743
69.7337,39.965,40.0,0.9991,1.0066,0.035,0.2037,9.758
69.7674,40.016,40.0,1.0004,1.0066,0.016,0.2394,2.7839
69.7977,39.902,40.0,0.9975,1.0066,0.098,0.3815,4.1862
69.8298,40.133,40.0,1.0033,1.0066,0.133,0.4579,4.3393
69.8612,39.989,40.0,0.9997,1.0066,0.011,0.1545,6.8938
69.8929,40.131,40.0,1.0033,1.0066,0.131,0.1559,8.7532
69.9251,40.18,40.0,1.0045,1.0066,0.18,0.1723,1.2659
69.9566,40.461,40.0,1.0115,1.0066,0.461,0.1571,2.6809
69.9888,40.432,40.0,1.0108,1.0066,0.432,0.1734,4.6908
70.0212,40.675,40.0,1.0169,1.0066,0.675,0.1609,6.1682
70.0529,40.794,40.0,1.0198,1.0066,0.794,0.1819,8.7907
70.0855,40.992,40.0,1.0248,1.0066,0.992,0.169,1.4183
70.1182,41.172,40.0,1.0293,1.0179,1.172,0.8199,4.2608
70.1495,41.412,40.0,1.0353,1.0179,1.412,0.4171,6.0061
70.1826,41.586,40.0,1.0396,1.0288,1.586,0.9735,8.3928
70.2136,41.801,40.0,1.045,1.0288,1.801,0.4456,9.4677
70.2451,42.063,40.0,1.0516,1.0402,2.063,0.472,1.5949
70.2771,42.346,40.0,1.0587,1.0402,2.346,0.1724,3.6448
70.3097,42.488,40.0,1.0622,1.0512,2.488,0.46,6.035
70.3407,42.807,40.0,1.0702,1.0512,2.807,0.1785,6.8918
70.374,42.959,40.0,1.074,1.0626,2.959,0.5318,9.9665
70.4054,43.265,40.0,1.0816,1.0626,3.265,0.1895,1.5947
70.4377,43.522,40.0,1.088,1.0753,3.522,0.4547,3.336
70.4689,43.769,40.0,1.0942,1.0753,3.769,0.2001,2.4611
70.5018,43.92,40.0,1.098,1.0867,3.92,0.796,8.1182
70.5333,44.156,40.0,1.1039,1.0867,4.156,0.4061,9.7625
70.5669,44.417,40.0,1.1104,1.0985,4.417,0.7917,2.7323
70.5989,44.663,40.0,1.1166,1.0985,4.663,0.3542,5.1326
70.6298,44.791,40.0,1.1198,1.1092,4.791,1.2106,5.7226
70.6614,45.028,40.0,1.1257,1.1092,5.028,0.1913,7.7464
70.6933,45.165,40.0,1.1291,1.1092,5.165,0.1938,8.9418
70.7255,45.449,40.0,1.1362,1.1227,5.449,0.452,1.5757
70.7581,45.703,40.0,1.1426,1.1227,5.703,0.8923,4.4521
70.7893,45.761,40.0,1.144,1.1334,5.761,0.5043,15.4656
70.8209,46.052,40.0,1.1513,1.1334,6.052,0.1822,6.4281
70.8535,46.171,40.0,1.1543,1.1438,6.171,0.5605,9.7605
70.8854,46.406,40.0,1.1601,1.1438,6.406,0.1844,1.6343
70.9185,46.51,40.0,1.1627,1.1438,6.51,0.6949,3.5069
70.9506,46.741,40.0,1.1685,1.1562,6.741,0.8931,6.9408
70.9819,46.847,40.0,1.1712,1.1562,6.847,0.3113,8.3361
71.015,47.068,40.0,1.1767,1.1664,7.068,1.1359,10.7188
71.0448,47.241,40.0,1.181,1.1664,7.241,0.1692,1.2132
71.0772,47.439,40.0,1.186,1.1664,7.439,0.1745,3.3864
71.1096,47.476,40.0,1.1869,1.1767,7.476,0.4541,5.3757
71.1416,47.717,40.0,1.1929,1.1767,7.717,0.2,6.9335
71.1735,47.799,40.0,1.195,1.1767,7.799,0.3035,9.4194
71.2089,48.014,40.0,1.2003,1.1885,8.014,3.3444,4.9237
71.2369,48.192,40.0,1.2048,1.1885,8.192,0.286,2.5096
71.2689,48.295,40.0,1.2074,1.1885,8.295,0.2894,15.4776
71.3021,48.492,40.0,1.2123,1.2004,8.492,0.9251,8.4834
71.3339,48.624,40.0,1.2156,1.2004,8.624,0.3077,19.1401
71.367,48.809,40.0,1.2202,1.2004,8.809,0.3747,2.7034
71.3995,49.01,40.0,1.2252,1.2128,9.01,1.5989,6.0781
71.4304,49.108,40.0,1.2277,1.2128,9.108,0.5827,6.5307
71.461,49.258,40.0,1.2314,1.2128,9.258,0.1973,6.7565
71.493,49.425,40.0,1.2356,1.2242,9.425,0.4974,18.8719
71.5249,49.659,40.0,1.2415,1.2242,9.659,0.1734,1.2987
71.5571,49.795,40.0,1.2449,1.2345,9.795,0.4437,2.9323
71.589,49.941,40.0,1.2485,1.2345,9.941,0.1869,14.9362
71.6213,50.137,40.0,1.2534,1.2345,10.137,0.1822,6.721
71.6536,50.308,40.0,1.2577,1.2461,10.308,0.5305,9.3768
71.6857,50.385,40.0,1.2596,1.2461,10.385,0.1661,1.5012
71.7178,50.686,40.0,1.2671,1.2566,10.686,0.763,3.0485
71.7491,50.798,40.0,1.27,1.2566,10.798,0.3089,5.5601
71.7816,51.009,40.0,1.2752,1.2566,11.009,0.3246,7.0387
71.8144,51.186,40.0,1.2797,1.2681,11.186,1.5336,9.9401
71.8463,51.371,40.0,1.2843,1.2681,11.371,0.8005,2.0436
71.8768,51.52,40.0,1.288,1.2681,11.52,0.1677,2.5092
71.9101,51.659,40.0,1.2915,1.2798,11.659,0.7529,5.4784
71.9407,51.927,40.0,1.2982,1.2798,11.927,0.1733,6.2789
71.9729,51.965,40.0,1.2991,1.2798,11.965,0.2788,8.5491
72.0067,52.266,40.0,1.3067,1.2932,12.266,0.9128,2.6355
72.0377,52.432,40.0,1.3108,1.2932,12.432,0.2843,3.3968
72.0704,52.533,40.0,1.3133,1.3033,12.533,1.2149,6.0545
72.1013,52.794,40.0,1.3199,1.3033,12.794,0.3166,7.8146
72.1336,52.907,40.0,1.3227,1.3033,12.907,0.5019,9.2816
72.1683,53.158,40.0,1.329,1.3161,13.158,1.2761,4.0368
72.1981,53.278,40.0,1.332,1.3161,13.278,0.4477,4.3654
72.2334,53.455,40.0,1.3364,1.3262,13.455,4.0392,9.8869
72.2607,53.648,40.0,1.3412,1.3262,13.648,0.1744,6.8588
72.2931,53.78,40.0,1.3445,1.3262,13.78,0.1778,18.6505
72.3262,54.006,40.0,1.3501,1.3382,14.006,0.4318,1.7619
72.357,54.173,40.0,1.3543,1.3382,14.173,0.2451,3.1683
72.3893,54.338,40.0,1.3585,1.3483,14.338,0.6557,5.5093
72.4214,54.48,40.0,1.362,1.3483,14.48,0.2958,7.3965
72.4535,54.642,40.0,1.366,1.3483,14.642,0.3113,19.2423
72.4867,54.862,40.0,1.3715,1.3599,14.862,0.7542,2.3934
72.5182,55.04,40.0,1.376,1.3599,15.04,0.3385,3.916
72.5495,55.145,40.0,1.3786,1.3599,15.145,0.3374,5.7515
72.5825,55.412,40.0,1.3853,1.3726,15.412,1.0403,8.6869
72.6132,55.498,40.0,1.3875,1.3726,15.498,0.4358,9.3398
72.6455,55.767,40.0,1.3942,1.3834,15.767,0.5515,1.4477
72.6768,55.922,40.0,1.3981,1.3834,15.922,0.1535,3.2778
72.7086,56.04,40.0,1.401,1.3834,16.04,0.1679,4.7324
72.7414,56.212,40.0,1.4053,1.3944,16.212,0.553,7.2953
72.7732,56.376,40.0,1.4094,1.3944,16.376,0.1565,7.5174
72.8054,56.63,40.0,1.4157,1.405,16.63,0.3992,1.4357
72.8369,56.782,40.0,1.4196,1.405,16.782,0.1512,2.6379
72.8692,56.88,40.0,1.422,1.405,16.88,0.1967,4.5535
72.9016,57.124,40.0,1.4281,1.4166,17.124,0.5715,8.2065
72.9339,57.256,40.0,1.4314,1.4166,17.256,0.3782,10.4322
72.9668,57.509,40.0,1.4377,1.4271,17.509,1.0097,2.1033
72.9977,57.616,40.0,1.4404,1.4271,17.616,0.4847,4.1234
73.03,57.789,40.0,1.4447,1.4271,17.789,0.6157,5.9743
73.0609,57.891,40.0,1.4473,1.4372,17.891,0.413,6.38
73.0931,58.09,40.0,1.4522,1.4372,18.09,0.155,8.9521
73.1252,58.302,40.0,1.4576,1.4474,18.302,0.4049,1.3071
73.1567,58.474,40.0,1.4618,1.4474,18.474,0.2503,2.4065
73.189,58.6,40.0,1.465,1.4474,18.6,0.291,15.5352
73.2218,58.787,40.0,1.4697,1.4585,18.787,0.7039,5.0747
73.2537,58.94,40.0,1.4735,1.4585,18.94,0.34,9.4009
73.2908,59.069,40.0,1.4767,1.4585,19.069,3.8224,5.5701
73.3177,59.421,40.0,1.4855,1.472,19.421,0.7827,3.7075
73.3499,59.524,40.0,1.4881,1.472,19.524,0.3346,6.4081
73.3826,59.692,40.0,1.4923,1.4822,19.692,0.9394,8.5982
73.4134,59.754,40.0,1.4939,1.4822,19.754,0.5256,9.1811
73.4448,60.081,40.0,1.502,1.4822,20.081,0.1623,1.1509
73.4769,60.201,40.0,1.505,1.4936,20.201,0.3824,12.6431
73.5087,60.399,40.0,1.51,1.4936,20.399,0.155,4.522
73.5417,60.552,40.0,1.5138,1.5037,20.552,0.9261,7.004
73.5728,60.645,40.0,1.5161,1.5037,20.645,0.2613,19.0985
73.6059,60.897,40.0,1.5224,1.5037,20.897,0.2492,1.8925
73.6381,60.975,40.0,1.5244,1.514,20.975,1.6823,14.5589
73.6691,61.188,40.0,1.5297,1.514,21.188,0.2829,4.2275
73.7027,61.444,40.0,1.5361,1.5251,21.444,1.001,9.1592
73.7343,61.557,40.0,1.5389,1.5251,21.557,0.4785,10.8305
73.7677,61.808,40.0,1.5452,1.5351,21.808,1.2253,2.778
73.798,61.95,40.0,1.5488,1.5351,21.95,0.4115,4.5294
73.8302,62.13,40.0,1.5533,1.5351,22.13,0.6603,6.3198
73.8616,62.298,40.0,1.5574,1.5463,22.298,0.523,7.965
73.8935,62.452,40.0,1.5613,1.5463,22.452,0.1726,9.1116
73.9255,62.529,40.0,1.5632,1.5463,22.529,0.1722,11.4066
73.9574,62.683,40.0,1.5671,1.5567,22.683,0.4724,13.206
73.9894,62.932,40.0,1.5733,1.5567,22.932,0.1634,15.7536
74.0219,63.098,40.0,1.5774,1.5671,23.098,0.5272,7.1747
74.0529,63.263,40.0,1.5816,1.5671,23.263,0.1761,9.1193
74.0858,63.518,40.0,1.588,1.5775,23.518,0.4395,1.774
74.1179,63.669,40.0,1.5917,1.5775,23.669,0.3759,3.9667
74.1499,63.913,40.0,1.5978,1.5877,23.913,0.9302,6.3861
74.1823,64.014,40.0,1.6004,1.5877,24.014,0.629,8.6047
74.213,64.185,40.0,1.6046,1.5877,24.185,0.3244,8.7629
74.2454,64.381,40.0,1.6095,1.5986,24.381,0.5674,1.6298
74.2775,64.468,40.0,1.6117,1.5986,24.468,0.1683,12.6891
74.3095,64.667,40.0,1.6167,1.5986,24.667,0.1696,5.3091
74.341,64.842,40.0,1.6211,1.6098,24.842,0.4505,6.4518
74.3731,64.995,40.0,1.6249,1.6098,24.995,0.2776,8.9125
74.4066,65.277,40.0,1.6319,1.6209,25.277,0.855,2.7313
74.437,65.429,40.0,1.6357,1.6209,25.429,0.2772,2.3838
74.469,65.514,40.0,1.6378,1.6209,25.514,0.3001,14.8285
74.5021,65.731,40.0,1.6433,1.6321,25.731,1.1165,8.3262
74.5339,65.861,40.0,1.6465,1.6321,25.861,0.3559,10.0597
74.5678,66.058,40.0,1.6514,1.6321,26.058,0.4456,1.9232
74.6001,66.251,40.0,1.6563,1.6442,26.251,1.1673,5.9806
74.63,66.4,40.0,1.66,1.6442,26.4,0.4605,6.2075
74.6618,66.674,40.0,1.6668,1.6555,26.674,0.5305,8.0158
74.6929,66.717,40.0,1.6679,1.6555,26.717,0.1599,8.8227
74.7246,67.01,40.0,1.6753,1.6555,27.01,0.153,1.1844
74.7572,67.22,40.0,1.6805,1.668,27.22,0.6,2.8954
74.7888,67.291,40.0,1.6823,1.668,27.291,0.1592,4.6531
74.8211,67.502,40.0,1.6876,1.668,27.502,0.1568,4.4137
74.853,67.601,40.0,1.69,1.679,27.601,0.463,8.7443
74.8854,67.848,40.0,1.6962,1.679,27.848,0.1653,1.4642
74.9198,68.006,40.0,1.7002,1.6896,28.006,1.4945,4.9635
74.9503,68.175,40.0,1.7044,1.6896,28.175,0.4193,5.9661
74.9816,68.289,40.0,1.7072,1.6896,28.289,0.4045,7.4817
75.0144,68.48,40.0,1.712,1.7008,28.48,1.6335,10.0995
75.045,68.657,40.0,1.7164,1.7008,28.657,0.1759,1.1768
75.0772,68.927,40.0,1.7232,1.712,28.927,0.441,2.9958
75.1091,69.044,40.0,1.7261,1.712,29.044,0.1668,5.0383
75.1413,69.2,40.0,1.73,1.712,29.2,0.2716,6.551
75.1742,69.301,40.0,1.7325,1.7223,29.301,0.8555,10.1955
75.2059,69.6,40.0,1.74,1.7223,29.6,0.2478,1.8571
75.2374,69.72,40.0,1.743,1.7326,29.72,0.6783,2.7219
75.2688,69.862,40.0,1.7466,1.7326,29.862,0.2788,4.9557
75.3018,70.056,40.0,1.7514,1.7326,30.056,0.2932,8.0858
75.3344,70.209,40.0,1.7552,1.7439,30.209,0.7999,10.8624
75.3674,70.429,40.0,1.7607,1.7439,30.429,0.3241,3.441
75.4007,70.533,40.0,1.7633,1.7439,30.533,0.314,7.2448
75.4307,70.719,40.0,1.768,1.7559,30.719,1.4043,13.8065
75.4612,70.93,40.0,1.7732,1.7559,30.93,0.1505,7.4827
75.4933,70.997,40.0,1.7749,1.7559,30.997,0.1684,19.4484
75.5258,71.263,40.0,1.7816,1.7688,31.263,0.3922,1.6853
75.5574,71.363,40.0,1.7841,1.7688,31.363,0.2439,3.2523
75.5896,71.621,40.0,1.7905,1.7796,31.621,0.9135,4.9747
75.6213,71.805,40.0,1.7951,1.7796,31.805,0.2696,5.7116
75.6537,71.962,40.0,1.7991,1.7796,31.962,0.3183,9.9843
75.6899,72.106,40.0,1.8026,1.7911,32.106,3.6247,5.2401
75.7176,72.261,40.0,1.8065,1.7911,32.261,0.4291,2.7519
75.7502,72.446,40.0,1.8112,1.8012,32.446,0.8433,6.0102
75.7819,72.652,40.0,1.8163,1.8012,32.652,0.4521,8.016
75.8174,72.745,40.0,1.8186,1.8012,32.745,4.6236,12.9649
75.8454,72.976,40.0,1.8244,1.8128,32.976,0.4051,11.5604
75.8769,73.095,40.0,1.8274,1.8128,33.095,0.1564,3.3602
75.9094,73.306,40.0,1.8326,1.8128,33.306,0.1555,5.5019
75.9414,73.504,40.0,1.8376,1.8252,33.504,0.4777,7.0059
75.973,73.704,40.0,1.8426,1.8252,33.704,0.1589,6.352
76.0054,73.887,40.0,1.8472,1.8362,33.887,0.393,0.9775
76.0373,74.052,40.0,1.8513,1.8362,34.052,0.1542,2.8643
76.0695,74.145,40.0,1.8536,1.8362,34.145,0.1859,2.7119
76.1023,74.402,40.0,1.8601,1.8481,34.402,0.7951,8.2204
76.1339,74.494,40.0,1.8624,1.8481,34.494,0.3508,9.5386
76.1667,74.721,40.0,1.868,1.8481,34.721,0.3219,2.4712
76.1986,74.852,40.0,1.8713,1.8597,34.852,1.1093,14.0607
76.2297,75.076,40.0,1.8769,1.8597,35.076,0.5978,5.7514
76.2611,75.247,40.0,1.8812,1.8704,35.247,0.4721,6.6942
76.2925,75.348,40.0,1.8837,1.8704,35.348,0.1603,7.242
76.3261,75.658,40.0,1.8914,1.8809,35.658,0.4095,1.6379
76.3574,75.862,40.0,1.8966,1.8809,35.862,0.2414,3.2382
76.3892,75.95,40.0,1.8988,1.8809,35.95,0.2588,4.6598
76.4216,76.12,40.0,1.903,1.892,36.12,0.9219,6.5622
76.4537,76.257,40.0,1.9064,1.892,36.257,0.3891,9.9561
76.487,76.454,40.0,1.9114,1.892,36.454,0.239,1.2582
76.519,76.64,40.0,1.916,1.904,36.64,0.8487,5.1304
76.5499,76.786,40.0,1.9196,1.904,36.786,0.4683,6.3358
76.5828,76.964,40.0,1.9241,1.914,36.964,1.1841,9.1003
76.6134,77.073,40.0,1.9268,1.914,37.073,0.6257,9.5687
76.6456,77.336,40.0,1.9334,1.914,37.336,0.3162,1.3213
76.6772,77.514,40.0,1.9378,1.9259,37.514,0.4358,3.6932
76.7087,77.635,40.0,1.9409,1.9259,37.635,0.1579,5.2415
76.7407,77.816,40.0,1.9454,1.9259,37.816,0.2514,6.2826
76.7732,78.039,40.0,1.951,1.9385,38.039,0.5891,6.7969
76.806,78.241,40.0,1.956,1.9385,38.241,0.2453,1.8492
76.8372,78.35,40.0,1.9587,1.9486,38.35,0.6929,2.482
76.8711,78.551,40.0,1.9638,1.9486,38.551,0.3166,4.8766
76.9017,78.72,40.0,1.968,1.9486,38.72,0.2901,7.737
76.9346,78.86,40.0,1.9715,1.9601,38.86,1.0217,10.9986
76.9674,79.049,40.0,1.9762,1.9601,39.049,0.3475,3.2381
76.9977,79.193,40.0,1.9798,1.9601,39.193,0.2865,3.5443
77.0299,79.381,40.0,1.9846,1.9723,39.382,0.7987,6.0852
77.0612,79.556,39.999,1.9889,1.9723,39.557,0.1603,6.9702
77.0934,79.707,39.998,1.9928,1.9825,39.709,0.413,8.6959
77.1253,79.947,39.997,1.9988,1.9825,39.95,0.1516,1.4835
77.1582,80.145,39.996,2.0038,1.9932,40.149,1.0016,4.0098
77.1892,80.187,39.996,2.0049,1.9932,40.191,0.2642,4.5548
77.2214,80.398,39.996,2.0102,1.9932,40.402,0.2639,4.5003
77.2534,80.486,39.996,2.0123,1.9932,40.489,0.2961,9.2555
77.288,80.635,39.999,2.0159,2.0046,40.636,1.0192,14.5371
77.3175,80.801,40.003,2.0199,2.0046,40.797,0.4246,3.2984
77.3512,80.817,40.012,2.0198,2.0046,40.805,0.3631,7.6618
77.3824,80.873,40.025,2.0206,2.0046,40.848,0.509,7.978
77.4153,80.928,40.045,2.0209,2.0046,40.883,0.7338,11.584
77.4453,80.894,40.071,2.0188,2.0046,40.823,0.1772,1.2936
77.4773,80.885,40.103,2.0169,2.0046,40.782,0.1723,3.7562
77.5094,80.877,40.113,2.0162,2.0046,40.764,0.1591,5.7794
77.5413,80.926,40.08,2.0191,2.0046,40.846,0.1834,6.6804
77.5733,80.881,40.025,2.0207,2.0046,40.856,0.2471,6.4623
77.6064,80.852,39.993,2.0216,2.0046,40.859,0.2548,1.8746
77.6371,80.746,39.966,2.0203,2.0046,40.78,0.2627,3.0343
77.6691,80.648,39.938,2.0193,2.0046,40.709,0.3094,4.8645
77.7022,80.586,39.91,2.0192,2.0046,40.676,0.3819,7.9336
77.7346,80.541,39.882,2.0195,2.0046,40.659,0.3839,19.2531
77.7682,80.463,39.852,2.019,2.0046,40.61,0.2621,14.3882
77.7988,80.318,39.826,2.0167,2.0046,40.492,0.567,4.7594
77.8305,80.27,39.797,2.017,2.0046,40.473,0.9116,6.7084
77.8614,80.315,39.389,2.039,2.0218,40.926,0.5672,7.1066
77.8939,80.163,38.755,2.0684,2.0451,41.408,0.7128,19.578
77.9253,80.058,39.02,2.0517,2.0451,41.038,0.1783,9.0328
77.9572,80.062,39.489,2.0274,2.0451,40.573,0.1819,2.8072
77.9904,80.086,40.066,1.9989,2.022,40.02,1.0211,6.1112
78.0217,79.938,40.669,1.9656,1.9938,39.27,0.6255,7.7109
78.0538,80.004,41.279,1.9382,1.966,38.726,0.7996,10.1128
78.0868,79.893,41.902,1.9067,1.9363,37.991,0.7323,2.8575
78.1179,79.893,42.481,1.8807,1.9085,37.411,0.5715,2.7008
78.1516,79.93,43.078,1.8555,1.882,36.852,1.5759,8.0887
78.1831,79.894,43.657,1.83,1.856,36.237,1.0475,9.4214
78.2138,79.923,44.209,1.8078,1.8319,35.714,0.9941,9.3482
78.2471,79.86,44.791,1.783,1.8074,35.069,1.4044,13.0739
78.2777,79.835,45.343,1.7607,1.7841,34.492,0.5825,3.9443
78.3096,79.875,45.896,1.7403,1.7622,33.979,0.6211,5.1397
78.3419,79.837,46.447,1.7189,1.7406,33.39,0.9659,7.2948
78.3736,79.74,46.989,1.697,1.7188,32.751,0.8525,6.7305
78.4066,79.87,47.544,1.6799,1.6993,32.326,0.9451,2.6853
78.4382,79.765,48.071,1.6593,1.6793,31.694,0.819,4.2116
78.4701,79.915,48.592,1.6446,1.662,31.322,0.7918,5.4162
78.5038,80.004,49.126,1.6286,1.6453,30.878,0.9856,9.7808
78.5347,79.885,49.604,1.6105,1.6279,30.281,1.0494,11.1016
78.5675,79.867,50.1,1.5941,1.611,29.767,0.987,13.5237
78.5981,79.859,50.546,1.5799,1.5955,29.313,1.1149,4.146
78.6308,79.893,50.991,1.5668,1.5811,28.902,2.3538,15.1798
78.6614,79.862,51.439,1.5526,1.5669,28.424,0.393,6.9721
78.6932,79.98,51.859,1.5422,1.5545,28.12,0.4336,19.7369
78.7258,79.889,52.277,1.5282,1.5414,27.612,0.4239,1.3552
78.7577,79.975,52.67,1.5184,1.5299,27.305,0.4825,3.3652
78.7893,79.963,53.044,1.5075,1.5187,26.919,0.5952,4.7792
78.8215,79.969,53.408,1.4973,1.508,26.561,0.8538,7.503
78.8542,79.98,53.766,1.4875,1.4978,26.213,0.8669,10.1593
78.8864,80.022,54.11,1.4789,1.4978,25.912,0.263,12.3284
78.9176,80.04,54.419,1.4708,1.4843,25.622,0.8534,2.9954
78.9504,80.035,54.733,1.4623,1.4733,25.302,0.9327,6.6639
78.9826,79.964,55.029,1.4531,1.4632,24.935,0.8915,8.4731
79.0131,80.081,55.3,1.4481,1.4632,24.781,0.2988,19.2391
79.0457,79.996,55.568,1.4396,1.4514,24.428,0.8985,1.4284
79.0765,80.028,55.818,1.4337,1.4514,24.21,0.1552,2.4172
79.1096,80.009,56.067,1.427,1.4392,23.942,0.4383,5.7595
79.141,79.979,56.294,1.4207,1.4392,23.684,0.156,6.5764
79.1729,79.984,56.506,1.4155,1.4274,23.478,0.513,9.0961
79.2051,80.065,56.662,1.413,1.4274,23.404,0.1551,11.4393
79.2371,80.006,56.707,1.4109,1.4274,23.3,0.1479,2.5939
79.269,80.05,56.644,1.4132,1.4274,23.406,0.1986,5.3759
79.3011,80.039,56.534,1.4158,1.4274,23.505,0.2327,6.9868
79.3339,80.01,56.485,1.4165,1.4274,23.524,0.3405,9.5671
79.3666,80.024,56.459,1.4174,1.4274,23.565,0.2806,2.0304
79.3992,79.998,56.433,1.4176,1.4274,23.565,0.3571,5.8761
79.4298,79.998,56.41,1.4182,1.4274,23.588,0.4722,5.5483
79.461,79.973,56.386,1.4183,1.4274,23.587,0.1475,7.2986
79.4934,80.086,56.363,1.4209,1.4274,23.724,0.1433,8.9956
79.5252,80.03,56.339,1.4205,1.4274,23.691,0.1488,1.0823
79.557,79.943,56.317,1.4195,1.4274,23.626,0.2181,2.8662
79.5888,80.066,56.294,1.4223,1.4274,23.773,0.2246,14.4521
79.621,79.978,56.271,1.4213,1.4274,23.707,0.2583,5.2369
79.6533,80.03,56.248,1.4228,1.4274,23.782,0.2904,19.1633
79.6862,80.008,56.203,1.4236,1.4274,23.805,0.2627,12.4996
79.7169,79.976,56.229,1.4223,1.4274,23.747,0.3281,2.2878
79.7495,80.129,56.295,1.4234,1.4274,23.834,0.3455,6.1089
79.782,80.061,56.374,1.4202,1.4274,23.688,0.3386,7.7692
79.8141,80.013,56.457,1.4172,1.4274,23.556,0.4118,10.2346
79.8447,80.013,56.544,1.4151,1.4274,23.469,0.1314,1.0399
79.877,80.023,56.637,1.4129,1.4274,23.386,0.1521,3.4172
79.9093,79.987,56.732,1.4099,1.4274,23.254,0.1448,5.5805
79.9408,79.991,56.825,1.4077,1.4274,23.166,0.1607,6.6686
79.9739,79.969,56.921,1.4049,1.4161,23.049,0.5078,9.8223
80.005,80.02,57.011,1.4036,1.4161,23.009,0.1497,1.2674
80.0368,80.059,57.102,1.402,1.4161,22.957,0.1601,2.6947
80.069,80.008,57.194,1.3989,1.4161,22.814,0.167,4.3651
80.1009,80.077,57.284,1.3979,1.4161,22.793,0.1765,7.2741
80.1343,80.053,57.376,1.3952,1.4057,22.677,0.7761,10.5956
80.1676,79.951,57.468,1.3912,1.4057,22.483,0.553,2.2876
80.1981,79.999,57.552,1.39,1.4057,22.447,0.5007,4.4342
80.2285,79.966,57.635,1.3875,1.4057,22.331,0.1504,4.5192
80.261,79.927,57.721,1.3847,1.3952,22.207,0.4423,6.7435
80.2926,80.042,57.804,1.3847,1.3952,22.238,0.1537,8.1528
80.3253,79.992,57.888,1.3818,1.3952,22.104,0.1477,11.1686
80.3573,80.025,57.969,1.3805,1.3952,22.056,0.1534,3.0347
80.3894,80.016,58.048,1.3784,1.3952,21.967,0.2415,4.2913
80.4216,80.016,58.126,1.3766,1.3952,21.89,0.2922,7.5554
80.4541,79.991,58.202,1.3744,1.3848,21.788,0.8698,10.5379
80.4863,79.986,58.278,1.3725,1.3848,21.708,0.2746,1.8544
80.5176,79.931,58.349,1.3699,1.3848,21.582,0.2889,3.6527
80.5502,80.021,58.42,1.3697,1.3848,21.6,0.528,6.2253
80.5819,80.04,58.489,1.3685,1.3848,21.551,0.4136,7.9722
80.6133,80.008,58.555,1.3664,1.3848,21.453,0.4716,19.1042
80.6446,80.1,58.619,1.3664,1.3848,21.48,0.1497,1.0616
80.6776,80.014,58.684,1.3635,1.3741,21.329,0.4312,3.7148
80.7088,80.058,58.745,1.3628,1.3741,21.314,0.1381,4.5828
80.7407,79.97,58.804,1.3599,1.3741,21.166,0.1515,6.6209
80.7726,80.016,58.862,1.3594,1.3741,21.155,0.1629,18.4956
80.8052,80.042,58.919,1.3585,1.3741,21.123,0.1354,1.1834
80.8369,80.032,58.973,1.3571,1.3741,21.06,0.1492,2.5242
80.871,80.028,59.026,1.3558,1.3741,21.002,1.6959,16.8294
80.9021,80.029,59.077,1.3546,1.3741,20.951,0.5604,7.7941
80.9345,80.001,59.126,1.3531,1.3636,20.875,1.0051,10.4649
80.9666,80.025,59.174,1.3524,1.3636,20.851,0.3387,2.5045
80.9975,79.99,59.218,1.3508,1.3636,20.772,0.3278,3.7832
81.0289,79.989,59.261,1.3498,1.3636,20.728,0.156,4.9344
81.061,80.013,59.303,1.3492,1.3636,20.71,0.1416,6.6381
81.0927,79.986,59.342,1.3479,1.3636,20.644,0.1582,18.4966
81.1271,80.064,59.383,1.3483,1.3636,20.681,0.1394,12.6366
81.1575,79.952,59.418,1.3456,1.3636,20.533,0.2526,13.4363
81.1891,80.087,59.453,1.3471,1.3636,20.634,0.2351,5.2916
81.2209,80.055,59.486,1.3458,1.3636,20.568,0.2649,5.7914
81.2533,79.991,59.519,1.344,1.3636,20.472,0.289,19.2065
81.2864,80.032,59.551,1.3439,1.3636,20.481,0.2489,1.8662
81.3195,79.996,59.58,1.3427,1.3531,20.416,0.8901,5.3949
81.3499,79.998,59.607,1.3421,1.3531,20.39,0.3451,6.4564
81.3822,80.027,59.634,1.342,1.3531,20.392,0.4121,8.2607
81.4152,80.038,59.661,1.3416,1.3531,20.378,0.3811,21.308
81.4448,80.036,59.684,1.341,1.3531,20.352,0.1352,1.0926
81.4771,80.054,59.708,1.3408,1.3531,20.346,0.1403,3.3324
81.5095,79.952,59.731,1.3385,1.3531,20.22,0.16,5.5439
81.5407,79.995,59.753,1.3388,1.3531,20.243,0.14,6.5518
81.573,80.007,59.774,1.3385,1.3531,20.233,0.1441,8.1922
81.6051,79.927,59.795,1.3367,1.3531,20.132,0.1469,1.2445
81.6371,80.005,59.815,1.3375,1.3531,20.19,0.1629,12.8471
81.6694,80.01,59.834,1.3372,1.3531,20.176,0.1479,5.3916
81.7018,79.967,59.853,1.3361,1.3531,20.115,0.1666,7.6294
81.7339,79.981,59.87,1.3359,1.3531,20.111,0.3026,9.8617
81.7675,80.004,59.888,1.3359,1.3531,20.116,0.4423,3.7522
81.7988,80.002,59.904,1.3355,1.3531,20.098,0.308,4.5344
81.8285,79.994,59.919,1.335,1.3531,20.075,0.157,14.3598
81.8612,79.98,59.934,1.3345,1.3531,20.046,0.1421,6.9481
81.8934,80.015,59.948,1.3347,1.3531,20.067,0.1397,8.9597
81.9253,80.038,59.962,1.3348,1.3531,20.077,0.15,1.0976
81.9576,79.995,59.974,1.3338,1.3531,20.021,0.2195,3.2722
81.9892,80.049,59.986,1.3345,1.3531,20.063,0.2363,15.3117
82.0212,79.993,59.997,1.3333,1.3531,19.996,0.2509,7.0036
82.0544,79.976,60.007,1.3328,1.3429,19.969,1.1758,10.7517
82.0863,80.002,60.016,1.333,1.3429,19.985,0.2378,1.8586
82.1177,80.052,60.024,1.3337,1.3429,20.027,0.2866,3.7219
82.1508,79.97,60.032,1.3321,1.3429,19.938,0.3465,7.1333
82.1822,80.004,60.039,1.3325,1.3429,19.965,0.4327,7.8271
82.2143,80.004,60.045,1.3324,1.3429,19.959,0.4789,10.4367
82.2451,80.006,60.05,1.3323,1.3429,19.956,0.1416,1.0182
82.2771,80.04,60.055,1.3328,1.3429,19.985,0.1385,3.5137
82.3088,80.01,60.059,1.3322,1.3429,19.951,0.1403,4.4792
82.3414,80.007,60.063,1.332,1.3429,19.944,0.1475,6.8314
82.3734,80.018,60.066,1.3322,1.3429,19.952,0.1492,8.2884
82.4051,80.032,60.069,1.3323,1.3429,19.963,0.1378,1.1929
82.4372,79.848,60.072,1.3292,1.3429,19.776,0.1447,3.1714
82.4691,80.066,60.073,1.3328,1.3429,19.993,0.1453,14.6761
82.501,80.035,60.075,1.3323,1.3429,19.96,0.18,7.3422
82.5342,80.087,60.077,1.3331,1.3429,20.011,0.4485,10.2257
82.5665,80.038,60.078,1.3322,1.3429,19.96,0.2689,1.6267
82.5972,80.009,60.079,1.3317,1.3429,19.93,0.3284,11.8241
82.6291,79.99,60.08,1.3314,1.3429,19.91,0.1466,5.2761
82.6612,79.979,60.08,1.3312,1.3429,19.899,0.1417,6.8892
82.6928,79.876,60.081,1.3295,1.3429,19.795,0.1463,8.1336
82.7251,80.029,60.082,1.332,1.3429,19.947,0.137,10.8284
82.7571,80.061,60.082,1.3325,1.3429,19.979,0.2184,2.919
82.7888,80.022,60.083,1.3319,1.3429,19.939,0.2274,4.2292
82.821,79.99,60.083,1.3313,1.3429,19.907,0.2727,6.415
82.8537,79.982,60.084,1.3312,1.3429,19.899,0.3991,9.9888
82.8864,80.01,60.084,1.3316,1.3429,19.926,0.2571,12.6523
82.918,80.008,60.084,1.3316,1.3429,19.923,0.3568,3.6306
82.9496,79.954,60.085,1.3307,1.3429,19.87,0.3404,5.8472
82.982,79.799,60.085,1.3281,1.3429,19.715,0.3212,8.5263
83.0136,80.016,60.085,1.3317,1.3429,19.931,0.7483,9.742
83.0449,79.955,60.085,1.3307,1.3429,19.869,0.1599,1.1175
83.0765,79.995,60.085,1.3314,1.3429,19.91,0.1439,2.4473
83.1087,79.972,60.085,1.331,1.3429,19.886,0.1495,4.3818
83.1412,79.998,60.085,1.3314,1.3429,19.912,0.1477,7.271
83.1736,79.964,60.085,1.3309,1.3429,19.879,0.349,9.3615
83.2058,79.999,60.085,1.3314,1.3429,19.914,0.2334,1.2207
83.2374,79.952,60.085,1.3306,1.3429,19.867,0.2538,12.1031
83.2696,80.004,60.084,1.3315,1.3429,19.92,0.267,15.8278
83.3015,79.981,60.084,1.3312,1.3429,19.897,0.2726,7.8834
83.3347,79.97,60.084,1.331,1.3429,19.886,0.3065,10.5315
83.3668,80.018,60.083,1.3318,1.3429,19.935,0.3079,2.6579
83.4011,80.064,60.082,1.3326,1.3429,19.981,3.5024,16.7366
83.4304,79.991,60.082,1.3314,1.3429,19.909,0.759,15.8156
83.4612,80.0,60.081,1.3315,1.3429,19.918,0.143,7.5069
83.4933,80.016,60.08,1.3318,1.3429,19.936,0.146,8.9055
83.5248,79.913,60.08,1.3301,1.3429,19.833,0.1357,1.0543
83.5575,80.024,60.072,1.3321,1.3429,19.951,0.1607,3.7513
83.5887,79.994,60.048,1.3322,1.3429,19.946,0.1623,4.952
83.6216,80.018,59.999,1.3337,1.3429,20.02,0.1728,7.864
83.6533,80.049,59.933,1.3356,1.3429,20.116,0.192,9.961
83.686,79.99,59.865,1.3362,1.3429,20.125,0.1525,0.843
83.7186,79.971,59.835,1.3365,1.3429,20.136,0.1571,1.8348
83.7502,79.963,59.812,1.3369,1.3429,20.151,0.3735,6.3425
83.7819,80.015,59.789,1.3383,1.3429,20.226,0.3673,7.7358
83.8133,80.013,59.768,1.3387,1.3429,20.245,0.5024,8.8857
83.8449,80.023,59.745,1.3394,1.3429,20.278,0.1515,1.2887
83.8768,80.051,59.723,1.3404,1.3429,20.328,0.1534,2.7888
83.909,80.027,59.701,1.3405,1.3429,20.326,0.1726,15.2681
83.941,80.02,59.679,1.3409,1.3429,20.342,0.2352,6.3644
83.9732,79.987,59.656,1.3408,1.3429,20.331,0.2552,19.0362
84.0064,79.971,59.633,1.341,1.3429,20.338,0.235,2.0469
84.0372,80.011,59.612,1.3422,1.3429,20.399,0.3307,2.6386
84.0691,79.965,59.589,1.3419,1.3429,20.376,0.3097,4.0065
84.102,80.025,59.558,1.3436,1.3429,20.467,0.294,8.1262
84.134,79.988,59.571,1.3427,1.3429,20.417,0.2986,10.2102
84.1679,80.03,59.58,1.3432,1.3429,20.45,0.253,1.4724
84.1976,79.993,59.584,1.3425,1.3429,20.408,0.5598,3.6661
84.2293,80.008,59.588,1.3427,1.3429,20.42,0.3781,4.9726
84.2607,79.989,59.59,1.3423,1.3429,20.398,0.1595,6.766
84.2927,79.983,59.593,1.3422,1.3429,20.391,0.156,8.8166
84.3251,79.876,59.595,1.3403,1.3429,20.281,0.1552,11.106
84.3568,80.011,59.597,1.3425,1.3429,20.414,0.1666,2.8446
84.3886,80.086,59.6,1.3437,1.3429,20.487,0.1579,10.445
84.4212,79.931,59.602,1.3411,1.3429,20.329,0.1602,6.4668
84.4531,80.05,59.605,1.343,1.3429,20.445,0.1753,9.2204
84.4866,79.984,59.608,1.3418,1.3429,20.376,0.164,1.0061
84.5177,80.0,59.612,1.342,1.3429,20.388,0.1869,2.6736
84.5496,79.975,59.615,1.3415,1.3429,20.36,0.3685,5.5613
84.5822,80.002,59.619,1.3419,1.3429,20.383,0.3875,8.0223
84.6134,79.846,59.623,1.3392,1.3429,20.222,0.3969,9.6365
84.6449,80.03,59.627,1.3422,1.3429,20.403,0.1629,1.4522
84.6766,79.961,59.632,1.3409,1.3429,20.329,0.1609,2.7142
84.7086,80.031,59.637,1.342,1.3429,20.395,0.1577,4.1701
84.7409,80.011,59.641,1.3415,1.3429,20.37,0.2441,6.7411
84.7737,79.984,59.647,1.341,1.3429,20.337,0.2773,9.5183
84.8062,79.954,59.652,1.3403,1.3429,20.302,0.2649,1.9936
84.8375,79.886,59.657,1.3391,1.3429,20.229,0.2582,2.8454
84.8691,79.975,59.662,1.3405,1.3429,20.313,0.3012,2.3089
84.9017,80.077,59.668,1.342,1.3429,20.409,0.2776,17.3676
84.9344,80.045,59.674,1.3414,1.3429,20.371,0.4164,10.248
84.969,80.024,59.68,1.3409,1.3429,20.344,0.3041,15.0725
84.9983,80.012,59.685,1.3406,1.3429,20.327,0.4939,4.5818
85.0286,79.997,59.691,1.3402,1.3429,20.306,0.1932,4.6803
85.0608,79.973,59.697,1.3397,1.3429,20.276,0.1522,6.6525
85.0933,79.983,59.703,1.3397,1.3429,20.28,0.1583,19.2955
85.1251,79.938,59.709,1.3388,1.3429,20.229,0.1488,1.3699
85.1567,80.039,59.715,1.3404,1.3429,20.324,0.16,2.7255
85.1892,80.063,59.721,1.3406,1.3429,20.342,0.1604,15.5856
85.2209,79.997,59.727,1.3394,1.3429,20.271,0.1732,6.7481
85.2527,80.041,59.733,1.34,1.3429,20.308,0.1744,8.4512
85.2859,80.007,59.739,1.3393,1.3429,20.268,0.1563,1.4801
85.3175,79.97,59.745,1.3385,1.3429,20.225,0.3488,3.3879
85.3497,79.992,59.751,1.3388,1.3429,20.241,0.3744,6.157
85.3816,79.968,59.757,1.3382,1.3429,20.211,0.3572,7.5315
85.4133,80.048,59.763,1.3394,1.3429,20.285,0.1628,8.9845
85.4449,80.011,59.769,1.3387,1.3429,20.242,0.1475,1.213
85.4774,80.013,59.776,1.3386,1.3429,20.238,0.1517,3.5964
85.5094,80.058,59.782,1.3392,1.3429,20.276,0.156,5.108
85.5411,80.053,59.788,1.339,1.3429,20.266,0.2214,7.2697
85.5735,80.076,59.788,1.3393,1.3429,20.287,0.2515,19.6234
85.6065,80.035,59.788,1.3386,1.3429,20.247,0.2394,2.1359
85.6367,79.994,59.788,1.338,1.3429,20.206,0.2587,2.133
85.669,79.919,59.788,1.3367,1.3429,20.131,0.2925,15.2725
85.7017,80.062,59.788,1.3391,1.3429,20.274,0.3103,7.835
85.7343,80.05,59.788,1.3389,1.3429,20.262,0.393,10.4333
85.7678,80.02,59.788,1.3384,1.3429,20.232,0.4277,13.7194
85.7992,80.005,59.788,1.3381,1.3429,20.216,0.3556,5.1023
85.8306,79.981,59.788,1.3377,1.3429,20.193,0.8721,7.1019
85.8607,79.999,59.788,1.338,1.3429,20.21,0.1614,6.7915
85.8929,79.999,59.788,1.338,1.3429,20.211,0.162,18.6521
85.9265,80.017,59.788,1.3383,1.3429,20.229,1.0846,2.248
85.9567,80.014,59.788,1.3383,1.3429,20.226,0.1626,2.8523
85.9892,80.1,59.788,1.3397,1.3429,20.312,0.1549,4.8049
86.021,80.061,59.788,1.3391,1.3429,20.272,0.168,6.2323
86.0532,80.082,59.788,1.3394,1.3429,20.294,0.1778,9.5332
86.0861,80.042,59.788,1.3388,1.3429,20.254,0.1865,11.9062
86.1174,79.979,59.788,1.3377,1.3429,20.191,0.1955,3.4264
86.1491,80.006,59.788,1.3382,1.3429,20.218,0.3198,5.2238
86.1825,79.897,59.788,1.3363,1.3429,20.109,0.3814,8.601
86.2138,79.986,59.788,1.3378,1.3429,20.197,0.6281,9.3586
86.2453,80.032,59.788,1.3386,1.3429,20.244,0.1613,1.366
86.2775,80.006,59.788,1.3382,1.3429,20.218,0.1676,3.5901
86.3105,79.959,59.788,1.3374,1.3429,20.171,0.1612,6.0195
86.3415,79.971,59.788,1.3376,1.3429,20.183,0.2537,6.7477
86.3733,80.012,59.788,1.3383,1.3429,20.224,0.2575,8.9558
86.4063,79.969,59.788,1.3375,1.3429,20.181,0.263,2.0439
86.437,79.994,59.788,1.338,1.3429,20.206,0.2633,13.1649
86.4697,80.004,59.788,1.3381,1.3429,20.216,0.2564,15.2632
86.501,80.026,59.788,1.3385,1.3429,20.237,0.2734,6.9071
86.5343,80.008,59.788,1.3382,1.3429,20.22,0.387,10.0021
86.5665,79.978,59.788,1.3377,1.3429,20.19,0.3126,1.6697
86.597,80.009,59.788,1.3382,1.3429,20.221,0.2801,2.6509
86.6288,80.055,59.788,1.339,1.3429,20.267,0.1496,4.5605
86.6606,79.975,59.788,1.3376,1.3429,20.187,0.1574,6.2553
86.6928,80.033,59.788,1.3386,1.3429,20.245,0.1559,8.1664
86.7254,79.958,59.788,1.3373,1.3429,20.169,0.1498,1.2374
86.7575,79.955,59.788,1.3373,1.3429,20.166,0.2364,13.5269
86.7888,80.072,59.788,1.3393,1.3429,20.284,0.2401,4.3717
86.8213,79.992,59.788,1.3379,1.3429,20.204,0.2611,6.8874
86.8543,79.971,59.788,1.3376,1.3429,20.183,0.3297,10.2384
86.8859,79.966,59.788,1.3375,1.3429,20.178,0.2412,1.2218
86.9177,80.025,59.788,1.3385,1.3429,20.237,0.2906,2.714
86.9508,80.008,59.788,1.3382,1.3429,20.22,0.3435,6.8689
86.9815,80.02,59.788,1.3384,1.3429,20.232,0.3947,7.3594
87.014,79.799,59.788,1.3347,1.3429,20.011,0.6397,10.4417
87.0453,80.033,59.788,1.3386,1.3429,20.244,0.1667,1.3182
87.0774,80.048,59.788,1.3389,1.3429,20.26,0.1605,3.6119
87.1089,80.022,59.788,1.3384,1.3429,20.233,0.1635,4.6741
87.141,79.974,59.788,1.3376,1.3429,20.186,0.1666,6.579
87.1734,80.019,59.788,1.3384,1.3429,20.231,0.1639,18.8819
87.2056,79.9,59.788,1.3364,1.3429,20.112,0.1495,1.3091
87.2366,80.051,59.788,1.3389,1.3429,20.263,0.1624,12.6548
87.2696,79.887,59.788,1.3362,1.3429,20.098,0.1732,5.1473
87.3015,80.052,59.788,1.3389,1.3429,20.264,0.1971,7.3351
87.3338,80.015,59.788,1.3383,1.3429,20.227,0.3934,19.2776
87.3668,80.058,59.788,1.339,1.3429,20.269,0.3431,12.161
87.3977,79.977,59.788,1.3377,1.3429,20.189,0.319,13.7774
87.4296,80.025,59.788,1.3385,1.3429,20.237,0.3561,5.5273
87.4605,80.007,59.788,1.3382,1.3429,20.219,0.1628,6.1777
87.4932,80.01,59.788,1.3382,1.3429,20.222,0.1774,9.0115
87.5256,80.03,59.788,1.3386,1.3429,20.242,0.1653,1.3612
87.5577,79.901,59.788,1.3364,1.3429,20.113,0.2463,3.152
87.59,80.009,59.788,1.3382,1.3429,20.221,0.2544,5.4092
87.621,80.0,59.788,1.3381,1.3429,20.212,0.2661,6.5087
87.6531,80.022,59.788,1.3384,1.3429,20.234,0.2835,18.1674
87.6869,80.051,59.788,1.3389,1.3429,20.263,0.2727,13.1414
87.7174,80.005,59.788,1.3381,1.3429,20.217,0.4117,13.1546
87.7497,79.998,59.788,1.338,1.3429,20.21,0.3394,5.9203
87.7819,80.039,59.788,1.3387,1.3429,20.251,0.3123,7.749
87.8152,79.938,59.788,1.337,1.3429,20.15,0.4211,11.0936
87.8448,80.029,59.788,1.3385,1.3429,20.24,0.1329,1.0627
87.8768,80.013,59.788,1.3383,1.3429,20.225,0.1417,12.6449
87.9085,79.959,59.788,1.3374,1.3429,20.171,0.1518,4.6133
87.9408,79.986,59.788,1.3378,1.3429,20.198,0.1398,6.5514
87.9732,79.97,59.788,1.3375,1.3429,20.181,0.1493,8.606
88.005,80.011,59.788,1.3382,1.3429,20.222,0.1371,10.747
88.0366,80.01,59.788,1.3382,1.3429,20.222,0.1427,2.7077
88.0695,79.959,59.788,1.3374,1.3429,20.171,0.397,15.2056
88.101,79.824,59.788,1.3351,1.3429,20.036,0.1587,7.5958
88.1341,80.014,59.788,1.3383,1.3429,20.226,0.6204,9.8361
88.1678,79.996,59.788,1.338,1.3429,20.208,0.3236,3.3141
88.1992,79.96,59.788,1.3374,1.3429,20.172,0.3128,5.6766
88.2297,80.081,59.788,1.3394,1.3429,20.293,0.4005,4.118
88.2606,80.079,59.788,1.3394,1.3429,20.291,0.1469,6.298
88.2928,80.005,59.788,1.3381,1.3429,20.217,0.151,8.2902
88.3252,79.996,59.788,1.338,1.3429,20.208,0.142,1.1829
88.3568,79.979,59.788,1.3377,1.3429,20.191,0.2367,2.4983
88.3889,79.995,59.788,1.338,1.3429,20.207,0.2401,15.1376
88.4212,80.048,59.788,1.3389,1.3429,20.26,0.2471,6.0781
88.4548,80.026,59.788,1.3385,1.3429,20.238,1.5388,20.4875
88.4865,80.041,59.788,1.3387,1.3429,20.253,0.2432,1.2388
88.5172,80.031,59.788,1.3386,1.3429,20.243,0.2815,13.3613
88.5514,80.009,59.788,1.3382,1.3429,20.221,0.8051,17.5955
88.5831,79.99,59.788,1.3379,1.3429,20.202,0.2872,8.8001
88.6138,79.966,59.788,1.3375,1.3429,20.178,0.4615,9.8893
88.6454,80.055,59.788,1.339,1.3429,20.267,0.2237,1.1222
88.6772,80.098,59.788,1.3397,1.3429,20.31,0.1387,3.3912
88.7086,80.008,59.788,1.3382,1.3429,20.219,0.1438,4.5194
88.7412,79.929,59.788,1.3369,1.3429,20.141,0.1412,6.6692
88.7734,79.978,59.788,1.3377,1.3429,20.189,0.1477,19.125
88.8053,80.009,59.788,1.3382,1.3429,20.221,0.1351,1.2092
88.8371,80.018,59.788,1.3384,1.3429,20.23,0.1373,2.6175
88.869,80.041,59.788,1.3387,1.3429,20.253,0.1438,14.7426
88.9017,79.941,59.788,1.3371,1.3429,20.153,0.2827,8.0778
88.9338,79.979,59.788,1.3377,1.3429,20.19,0.3223,10.1006
88.9671,80.057,59.788,1.339,1.3429,20.268,0.3049,2.7338
88.9983,79.934,59.788,1.3369,1.3429,20.145,0.3805,4.9825
89.0297,80.025,59.788,1.3385,1.3429,20.236,0.3997,5.7141
89.0611,79.999,59.788,1.338,1.3429,20.211,0.1388,6.6613
89.0931,80.005,59.788,1.3381,1.3429,20.217,0.145,19.1283
89.125,79.99,59.788,1.3379,1.3429,20.201,0.1356,10.8613
89.1574,79.976,59.788,1.3376,1.3429,20.187,0.2287,2.9248
89.1891,79.96,59.788,1.3374,1.3429,20.172,0.2553,4.4287
89.2213,79.999,59.788,1.338,1.3429,20.211,0.2615,6.9158
89.2531,79.998,59.788,1.338,1.3429,20.21,0.2696,18.9629
89.2858,79.979,59.788,1.3377,1.3429,20.191,0.2313,1.1493
89.3188,80.084,59.788,1.3395,1.3429,20.295,0.3078,4.4899
89.3498,79.985,59.788,1.3378,1.3429,20.196,0.2925,5.8812
89.3812,80.01,59.788,1.3382,1.3429,20.222,0.3228,7.7527
89.4132,80.033,59.788,1.3386,1.3429,20.245,0.2854,19.7264
89.4449,79.962,59.788,1.3374,1.3429,20.173,0.1322,1.0974
89.4773,79.972,59.788,1.3376,1.3429,20.183,0.1409,3.5157
89.5085,80.009,59.788,1.3382,1.3429,20.221,0.1433,4.4745
89.5406,79.933,59.788,1.3369,1.3429,20.145,0.1424,6.7617
89.5727,80.01,59.788,1.3382,1.3429,20.222,0.1554,8.2848
89.605,79.998,59.788,1.338,1.3429,20.21,0.136,1.2181
89.6366,79.978,59.788,1.3377,1.3429,20.19,0.1349,2.5882
89.669,79.969,59.788,1.3375,1.3429,20.181,0.1894,4.853
89.7013,79.952,59.788,1.3372,1.3429,20.163,0.1702,7.4218
89.7338,80.013,59.788,1.3383,1.3429,20.225,0.2342,19.3096
89.7678,80.119,59.788,1.34,1.3429,20.331,0.314,13.3102
89.7975,80.028,59.788,1.3385,1.3429,20.24,0.3034,3.3249
89.8299,79.978,59.788,1.3377,1.3429,20.19,0.4632,5.579
89.8613,80.081,59.788,1.3394,1.3429,20.292,0.1411,6.9971
89.8926,80.048,59.788,1.3389,1.3429,20.26,0.1419,18.481
89.9252,80.012,59.788,1.3383,1.3429,20.224,0.137,1.0556
89.9576,80.003,59.788,1.3381,1.3429,20.215,0.2251,3.2369
89.9893,79.918,59.788,1.3367,1.3429,20.13,0.2225,4.2886
90.0214,80.006,59.788,1.3382,1.3429,20.217,0.2514,6.8621
90.0537,80.089,59.788,1.3396,1.3429,20.301,0.2709,19.8239
90.0863,80.03,59.788,1.3386,1.3429,20.241,0.2382,12.1877
90.1169,80.027,59.788,1.3385,1.3429,20.239,0.3126,2.6188
90.1514,80.005,59.788,1.3381,1.3429,20.217,0.3417,17.0951
90.1818,79.983,59.788,1.3378,1.3429,20.194,0.2727,7.8019
90.2132,80.013,59.788,1.3383,1.3429,20.225,0.4471,8.8959
90.2446,79.981,59.788,1.3377,1.3429,20.192,0.1326,10.4072
90.2772,79.994,59.788,1.338,1.3429,20.206,0.1405,3.3794
90.3094,80.046,59.788,1.3388,1.3429,20.257,0.1422,5.4845
90.341,80.041,59.788,1.3387,1.3429,20.252,0.1416,6.6308
90.3732,80.04,59.788,1.3387,1.3429,20.252,0.1503,18.7302
90.4052,80.046,59.788,1.3388,1.3429,20.258,0.1359,1.2567
90.4375,80.02,59.788,1.3384,1.3429,20.232,0.1481,2.8806
90.4685,79.954,59.788,1.3373,1.3429,20.166,0.1443,14.0746
90.501,79.96,59.788,1.3374,1.3429,20.172,0.1757,6.6864
90.5345,79.975,59.788,1.3376,1.3429,20.187,0.3966,10.2634
90.5665,80.048,59.788,1.3389,1.3429,20.26,0.4398,2.6103
90.5973,79.992,59.788,1.3379,1.3429,20.204,0.288,13.349
90.629,79.962,59.788,1.3374,1.3429,20.174,0.1396,4.5964
90.662,79.976,59.788,1.3377,1.3429,20.188,0.1571,7.7234
90.6931,80.004,59.788,1.3381,1.3429,20.216,0.1493,19.2948
90.7255,80.041,59.788,1.3387,1.3429,20.253,0.1433,1.1323
90.7575,79.995,59.788,1.338,1.3429,20.207,0.2353,3.4018
90.7892,79.908,59.788,1.3365,1.3429,20.12,0.2614,4.6741
90.8217,79.935,59.788,1.337,1.3429,20.147,0.2511,7.3906
90.8541,79.908,59.788,1.3365,1.3429,20.12,0.2945,19.447
90.887,80.048,59.788,1.3389,1.3429,20.26,0.2567,2.4086
90.9171,80.082,59.788,1.3394,1.3429,20.294,0.3463,2.8543
90.9499,80.029,59.788,1.3385,1.3429,20.24,0.3056,5.6227
90.9846,79.947,59.788,1.3372,1.3429,20.159,3.5115,10.7258
91.0136,80.023,59.788,1.3384,1.3429,20.235,0.6147,9.6597
91.0451,79.981,59.788,1.3377,1.3429,20.193,0.1619,1.1237
91.0766,79.969,59.788,1.3375,1.3429,20.181,0.1387,2.4785
91.1085,80.034,59.788,1.3386,1.3429,20.245,0.1512,4.6114
91.1409,80.026,59.788,1.3385,1.3429,20.237,0.1389,6.6017
91.1729,79.952,59.788,1.3373,1.3429,20.164,0.1528,6.9042
91.2053,80.023,59.788,1.3384,1.3429,20.235,0.1366,1.2068
91.2369,80.002,59.788,1.3381,1.3429,20.214,0.1384,2.5273
91.2689,80.018,59.788,1.3384,1.3429,20.229,0.1669,4.8456
91.3011,79.99,59.788,1.3379,1.3429,20.202,0.1705,7.3286
91.3343,80.021,59.788,1.3384,1.3429,20.233,0.3295,10.6241
91.3677,79.989,59.788,1.3379,1.3429,20.2,0.2706,1.5111
91.3992,80.074,59.788,1.3393,1.3429,20.286,0.3432,5.6101
91.429,79.988,59.788,1.3379,1.3429,20.2,0.1405,14.8907
91.461,80.025,59.788,1.3385,1.3429,20.236,0.1414,6.885
91.4932,79.956,59.788,1.3373,1.3429,20.167,0.1521,8.3949
91.5254,79.905,59.788,1.3365,1.3429,20.117,0.1562,11.2282
91.5568,80.038,59.788,1.3387,1.3429,20.25,0.2289,2.5385
91.589,79.943,59.788,1.3371,1.3429,20.155,0.2306,5.2492
91.6213,80.07,59.788,1.3392,1.3429,20.282,0.2542,17.199
91.6539,80.001,59.788,1.3381,1.3429,20.213,0.4841,19.2916
91.6857,80.022,59.788,1.3384,1.3429,20.234,0.2595,1.9488
91.7191,80.067,59.788,1.3392,1.3429,20.278,0.241,2.0998
91.7497,80.119,59.788,1.34,1.3429,20.331,0.3142,15.3197
91.7815,79.998,59.788,1.338,1.3429,20.21,0.3843,7.4722
91.8134,80.014,59.788,1.3383,1.3429,20.225,0.5193,8.919
91.845,79.97,59.788,1.3376,1.3429,20.182,0.1491,1.0933
91.8765,80.038,59.788,1.3387,1.3429,20.249,0.1431,12.339
91.9087,80.011,59.788,1.3382,1.3429,20.222,0.1481,14.7744
91.9408,79.971,59.788,1.3376,1.3429,20.183,0.1433,6.4591
91.9728,79.989,59.788,1.3379,1.3429,20.2,0.1536,18.4108
92.0052,80.028,59.788,1.3385,1.3429,20.24,0.1461,11.5934
92.0374,80.079,59.788,1.3394,1.3429,20.291,0.1521,2.852
92.0694,80.018,59.788,1.3384,1.3429,20.23,0.146,5.2083
92.1013,80.025,59.788,1.3385,1.3429,20.237,0.1773,7.5492
92.1331,79.948,59.788,1.3372,1.3429,20.16,0.3207,8.7315
92.1671,79.956,59.788,1.3373,1.3429,20.168,0.4353,12.9739
92.1978,80.035,59.788,1.3386,1.3429,20.247,0.3391,4.3129
92.2285,79.992,59.788,1.3379,1.3429,20.204,0.1446,4.3567
92.2613,80.033,59.788,1.3386,1.3429,20.245,0.14,6.9548
92.2926,80.043,59.788,1.3388,1.3429,20.255,0.1496,18.8631
92.3256,80.025,59.788,1.3385,1.3429,20.237,0.1479,11.0412
92.3573,79.935,59.788,1.337,1.3429,20.147,0.2382,2.9308
92.3888,79.995,59.788,1.338,1.3429,20.206,0.2499,14.5965
92.4211,79.967,59.788,1.3375,1.3429,20.178,0.2634,6.4125
92.4537,80.086,59.788,1.3395,1.3429,20.298,0.39,20.015
92.4877,79.965,59.788,1.3375,1.3429,20.177,0.2528,2.1878
92.5175,79.988,59.788,1.3379,1.3429,20.199,0.331,2.8872
92.5499,80.001,59.788,1.3381,1.3429,20.213,0.5256,6.3795
92.5823,80.042,59.788,1.3388,1.3429,20.254,0.4193,8.0098
92.6132,79.984,59.788,1.3378,1.3429,20.196,0.4069,19.697
92.6452,79.959,59.788,1.3374,1.3429,20.171,0.1591,1.1341
92.6772,80.014,59.788,1.3383,1.3429,20.226,0.1476,3.0107
92.7093,79.908,59.788,1.3365,1.3429,20.119,0.1446,15.4426
92.7407,80.022,59.788,1.3384,1.3429,20.234,0.2255,6.1617
92.7734,80.055,59.788,1.339,1.3429,20.266,0.2624,19.2821
92.8066,79.975,59.788,1.3376,1.3429,20.187,0.346,12.3139
92.8369,80.005,59.788,1.3381,1.3429,20.217,0.163,2.3733
92.8693,80.015,59.788,1.3383,1.3429,20.227,0.1685,15.288
92.9014,80.013,59.788,1.3383,1.3429,20.225,0.1822,7.3042
92.9343,79.991,59.788,1.3379,1.3429,20.203,0.3079,10.0261
92.9673,79.995,59.788,1.338,1.3429,20.206,0.2872,3.39
92.9981,79.998,59.788,1.338,1.3429,20.21,0.4975,4.5179
93.0286,80.006,59.788,1.3382,1.3429,20.218,0.1785,13.9864
93.0611,80.007,59.788,1.3382,1.3429,20.219,0.1675,6.443
93.0934,79.975,59.788,1.3376,1.3429,20.186,0.158,19.3034
93.1251,80.002,59.788,1.3381,1.3429,20.214,0.1468,0.7292
93.1567,79.996,59.788,1.338,1.3429,20.208,0.158,2.7753
93.1903,80.005,59.788,1.3381,1.3429,20.217,0.2911,12.0935
93.2215,79.997,59.788,1.338,1.3429,20.209,0.1736,7.5465
93.2534,79.991,59.788,1.3379,1.3429,20.203,0.1901,19.5777
93.2859,80.005,59.788,1.3381,1.3429,20.217,0.1561,11.6679
93.3173,80.013,59.788,1.3383,1.3429,20.225,0.3518,3.0814
93.35,79.973,59.788,1.3376,1.3429,20.185,0.3762,15.9888
93.3823,80.02,59.788,1.3384,1.3429,20.232,0.4097,8.0117
93.4134,80.017,59.788,1.3383,1.3429,20.229,0.5494,9.6515
93.445,79.982,59.788,1.3377,1.3429,20.193,0.1483,1.2156
93.4769,80.023,59.788,1.3384,1.3429,20.235,0.1612,2.7987
93.5106,79.923,59.788,1.3368,1.3429,20.135,1.3773,16.3541
93.5414,79.994,59.788,1.338,1.3429,20.205,0.1607,7.486
93.573,79.981,59.788,1.3377,1.3429,20.193,0.2621,8.6474
93.6065,79.937,59.788,1.337,1.3429,20.148,0.234,1.9925
93.6367,80.036,59.788,1.3387,1.3429,20.248,0.2516,2.0888
93.6694,80.0,59.788,1.3381,1.3429,20.212,0.309,4.9258
93.7022,79.955,59.788,1.3373,1.3429,20.167,0.409,8.4212
93.7335,79.981,59.788,1.3377,1.3429,20.193,0.3581,10.0266
93.7668,79.961,59.788,1.3374,1.3429,20.173,0.2911,12.7226
93.7984,80.005,59.788,1.3381,1.3429,20.217,0.511,4.7466
93.8286,79.985,59.788,1.3378,1.3429,20.196,0.1819,4.5857
93.861,79.962,59.788,1.3374,1.3429,20.174,0.1589,6.8541
93.8927,79.999,59.788,1.338,1.3429,20.211,0.1611,18.8388
93.9252,80.041,59.788,1.3387,1.3429,20.252,0.1507,1.3713
93.9568,79.986,59.788,1.3378,1.3429,20.197,0.1691,2.9046
93.9895,80.044,59.788,1.3388,1.3429,20.256,0.1669,4.9729
94.0211,80.008,59.788,1.3382,1.3429,20.22,0.167,7.15
94.0538,80.038,59.788,1.3387,1.3429,20.249,0.2396,19.7284
94.0858,80.037,59.788,1.3387,1.3429,20.249,0.1526,11.4969
94.1175,80.054,59.788,1.339,1.3429,20.266,0.3146,2.8885
94.1499,80.039,59.788,1.3387,1.3429,20.25,0.3892,5.8061
94.1824,80.085,59.788,1.3395,1.3429,20.296,0.5022,8.5534
94.2133,80.016,59.788,1.3383,1.3429,20.227,0.3781,8.7615
94.2447,79.994,59.788,1.338,1.3429,20.206,0.1507,1.2611
94.2775,79.96,59.788,1.3374,1.3429,20.172,0.1546,3.629
94.3093,79.868,59.788,1.3359,1.3429,20.08,0.1517,4.9779
94.3418,79.996,59.788,1.338,1.3429,20.208,0.177,7.8177
94.3732,80.074,59.788,1.3393,1.3429,20.286,0.2543,7.004
94.4063,79.983,59.788,1.3378,1.3429,20.194,0.2399,12.1363
94.4373,79.989,59.788,1.3379,1.3429,20.201,0.3119,3.0849
94.4696,79.995,59.788,1.338,1.3429,20.206,0.2691,15.8787
94.5015,80.019,59.788,1.3384,1.3429,20.231,0.2714,7.7027
94.5333,80.024,59.788,1.3385,1.3429,20.236,0.3274,9.1686
94.5669,79.95,59.788,1.3372,1.3429,20.161,0.3039,12.7471
94.5984,80.15,59.788,1.3406,1.3429,20.362,0.4464,4.4697
94.6292,80.057,59.788,1.339,1.3429,20.269,0.3271,14.7075
94.6611,80.023,59.788,1.3384,1.3429,20.235,0.1617,6.8826
94.6929,79.933,59.788,1.3369,1.3429,20.144,0.1667,19.1006
94.7253,79.974,59.788,1.3376,1.3429,20.185,0.1511,8.6944
94.7572,79.97,59.788,1.3376,1.3429,20.182,0.1599,2.8719
94.7894,80.015,59.788,1.3383,1.3429,20.226,0.1612,4.8724
94.8216,80.005,59.788,1.3381,1.3429,20.217,0.1695,7.4725
94.8528,80.007,59.788,1.3382,1.3429,20.218,0.1656,18.7612
94.8853,80.005,59.788,1.3381,1.3429,20.216,0.154,11.2065
94.9175,80.02,59.788,1.3384,1.3429,20.232,0.3748,4.0097
94.9497,80.029,59.788,1.3385,1.3429,20.241,0.3456,6.3741
94.9823,80.013,59.788,1.3383,1.3429,20.225,0.4506,8.3216
95.0132,80.002,59.788,1.3381,1.3429,20.214,0.3202,8.6361
95.0455,80.015,59.788,1.3383,1.3429,20.227,0.1663,1.2638
95.0771,80.017,59.788,1.3383,1.3429,20.229,0.1544,2.9113
95.1088,80.059,59.788,1.339,1.3429,20.271,0.1563,4.2429
95.1414,80.02,59.788,1.3384,1.3429,20.231,0.1559,7.4524
95.1731,79.979,59.788,1.3377,1.3429,20.191,0.2982,19.1829
95.208,79.973,59.788,1.3376,1.3429,20.185,0.3456,3.5841
95.2369,79.984,59.788,1.3378,1.3429,20.196,0.1566,2.8669
95.2695,79.992,59.788,1.3379,1.3429,20.203,0.1604,3.5067
95.3015,79.986,59.788,1.3378,1.3429,20.197,0.2343,7.9483
95.3347,80.008,59.788,1.3382,1.3429,20.219,0.4122,20.715
95.3666,80.006,59.788,1.3382,1.3429,20.217,0.3054,12.0944
95.3978,79.891,59.788,1.3362,1.3429,20.103,0.3429,3.7522
95.4298,80.1,59.788,1.3397,1.3429,20.312,0.4195,5.561
95.4606,80.059,59.788,1.339,1.3429,20.271,0.1544,6.1507
95.4933,80.082,59.788,1.3394,1.3429,20.293,0.1683,8.6369
95.5252,80.033,59.788,1.3386,1.3429,20.245,0.1527,1.5605
95.5567,80.031,59.788,1.3386,1.3429,20.243,0.2391,12.8425
95.5893,79.992,59.788,1.3379,1.3429,20.204,0.2744,15.1633
95.6217,80.009,59.788,1.3382,1.3429,20.22,0.2757,6.8967
95.653,79.984,59.788,1.3378,1.3429,20.196,0.269,18.5407
95.6858,80.035,59.788,1.3386,1.3429,20.247,0.3027,1.7832
95.717,79.952,59.788,1.3373,1.3429,20.164,0.3307,2.5881
95.7491,79.986,59.788,1.3378,1.3429,20.198,0.3247,14.5798
95.7817,80.003,59.788,1.3381,1.3429,20.215,0.4382,7.4502
95.8136,80.027,59.788,1.3385,1.3429,20.239,0.532,9.4288
95.8452,80.026,59.788,1.3385,1.3429,20.238,0.1518,1.1621
95.8768,79.98,59.788,1.3377,1.3429,20.192,0.1525,2.4531
95.9089,79.959,59.788,1.3374,1.3429,20.171,0.1507,4.6708
95.9408,79.928,59.788,1.3369,1.3429,20.14,0.1576,7.0495
95.9734,80.059,59.788,1.339,1.3429,20.271,0.1673,8.9941
96.0055,80.053,59.788,1.3389,1.3429,20.264,0.1569,11.4714
96.0377,79.943,59.788,1.3371,1.3429,20.154,1.0988,3.9247
96.0695,80.007,59.788,1.3382,1.3429,20.219,0.2162,15.0697
96.1013,80.005,59.788,1.3381,1.3429,20.217,0.187,17.3697
96.1341,80.009,59.788,1.3382,1.3429,20.221,0.3753,9.9782
96.1687,79.977,59.788,1.3377,1.3429,20.189,0.2304,3.8884
96.1979,79.971,59.788,1.3376,1.3429,20.183,0.3544,4.4116
96.2306,80.118,59.788,1.34,1.3429,20.33,2.1706,6.1139
96.2611,80.047,59.788,1.3388,1.3429,20.259,0.1642,7.284
96.2933,79.972,59.788,1.3376,1.3429,20.184,0.1568,19.5356
96.3253,79.964,59.788,1.3375,1.3429,20.176,0.1523,1.6598
96.3568,80.026,59.788,1.3385,1.3429,20.238,0.239,12.5791
96.3895,80.021,59.788,1.3384,1.3429,20.232,0.2384,5.3963
96.4216,80.021,59.788,1.3384,1.3429,20.232,0.2665,6.569
96.4532,80.045,59.788,1.3388,1.3429,20.257,0.2765,18.9704
96.4862,80.002,59.788,1.3381,1.3429,20.213,0.3472,2.191
96.5175,80.06,59.788,1.3391,1.3429,20.272,0.4315,2.8235
96.5502,80.031,59.788,1.3386,1.3429,20.243,0.4155,6.2187
96.5832,80.016,59.788,1.3383,1.3429,20.228,0.3579,8.9474
96.6132,80.023,59.788,1.3384,1.3429,20.235,0.4902,9.5193
96.6459,79.985,59.788,1.3378,1.3429,20.197,0.3154,1.6553
96.6773,79.969,59.788,1.3375,1.3429,20.181,0.1529,10.4989
96.7089,79.982,59.788,1.3378,1.3429,20.194,0.1617,15.1552
96.7408,79.978,59.788,1.3377,1.3429,20.189,0.1643,16.5355
96.7734,80.017,59.788,1.3383,1.3429,20.229,0.1689,9.046
96.8057,79.975,59.788,1.3376,1.3429,20.187,0.1579,1.4789
96.8373,79.997,59.788,1.338,1.3429,20.209,0.1616,13.2158
96.8695,79.973,59.788,1.3376,1.3429,20.185,0.1941,5.1798
96.9018,80.035,59.788,1.3386,1.3429,20.247,0.3378,17.8523
96.9344,79.996,59.788,1.338,1.3429,20.207,0.416,10.711
96.9664,80.036,59.788,1.3387,1.3429,20.247,0.2825,2.3509
96.9977,79.86,59.788,1.3357,1.3429,20.072,0.4451,3.4701
97.0286,80.023,59.788,1.3384,1.3429,20.234,0.1864,4.9577
97.0608,80.04,59.788,1.3387,1.3429,20.252,0.1624,6.3594
97.0932,80.022,59.788,1.3384,1.3429,20.234,0.1761,9.2419
97.1252,80.012,59.788,1.3383,1.3429,20.224,0.158,1.4742
97.1574,80.11,59.788,1.3399,1.3429,20.322,0.2361,3.4002
97.1893,79.986,59.788,1.3378,1.3429,20.197,0.2584,14.9212
97.2209,79.948,59.788,1.3372,1.3429,20.159,0.259,6.5573
97.2536,79.97,59.788,1.3375,1.3429,20.181,0.2614,19.0354
97.287,79.975,59.788,1.3376,1.3429,20.186,0.2645,2.9165
97.3181,80.043,59.788,1.3388,1.3429,20.254,0.301,3.4652
97.3493,79.961,59.788,1.3374,1.3429,20.173,0.3556,5.2651
97.3817,79.911,59.788,1.3366,1.3429,20.123,0.4443,7.4602
97.4148,80.068,59.788,1.3392,1.3429,20.28,0.4676,20.6155
97.4454,80.02,59.788,1.3384,1.3429,20.232,0.1603,1.3066
97.4774,80.004,59.788,1.3381,1.3429,20.216,0.1634,3.7238
97.5088,79.948,59.788,1.3372,1.3429,20.16,0.1601,14.5661
97.5412,79.967,59.788,1.3375,1.3429,20.179,0.1609,6.8317
97.573,80.022,59.788,1.3384,1.3429,20.234,0.1693,8.6723
97.6055,80.054,59.788,1.339,1.3429,20.266,0.1501,1.6332
97.6367,80.02,59.788,1.3384,1.3429,20.232,0.1549,2.8873
97.6696,80.011,59.788,1.3382,1.3429,20.222,0.1925,5.2934
97.7013,80.018,59.788,1.3384,1.3429,20.229,0.2007,7.8539
97.7333,79.976,59.788,1.3377,1.3429,20.188,0.3639,9.1018
97.7684,80.033,59.788,1.3386,1.3429,20.245,0.3486,3.6505
97.7983,79.978,59.788,1.3377,1.3429,20.19,0.5375,4.2026
97.8291,79.986,59.788,1.3378,1.3429,20.198,0.2938,14.5132
97.8609,80.035,59.788,1.3386,1.3429,20.247,0.1626,6.3555
97.8934,79.996,59.788,1.338,1.3429,20.208,0.1663,9.4754
97.9261,80.017,59.788,1.3383,1.3429,20.229,0.1861,11.2748
97.9575,79.992,59.788,1.3379,1.3429,20.203,0.1639,3.6536
97.9897,79.957,59.788,1.3373,1.3429,20.169,0.2512,5.6037
98.0208,80.001,59.788,1.3381,1.3429,20.212,0.2643,4.5053
98.0544,80.007,59.788,1.3382,1.3429,20.219,0.2736,19.9818
98.0865,79.887,59.788,1.3362,1.3429,20.099,0.2895,2.4119
98.1169,80.047,59.788,1.3388,1.3429,20.259,0.3006,2.5769
98.1502,80.009,59.788,1.3382,1.3429,20.22,0.4282,6.1306
98.1834,79.808,59.788,1.3348,1.3429,20.02,0.3661,9.1866
98.2144,80.011,59.788,1.3382,1.3429,20.223,0.851,20.3366
98.2451,80.003,59.788,1.3381,1.3429,20.215,0.1471,1.341
98.2766,79.981,59.788,1.3377,1.3429,20.193,0.1539,2.6623
98.309,79.949,59.788,1.3372,1.3429,20.16,0.1569,4.7097
98.341,79.912,59.788,1.3366,1.3429,20.124,0.1624,7.0452
98.373,80.029,59.788,1.3385,1.3429,20.241,0.1673,8.4172
98.4056,80.043,59.788,1.3388,1.3429,20.255,0.1569,11.7054
98.4369,80.004,59.788,1.3381,1.3429,20.216,0.1678,2.5917
98.4695,79.986,59.788,1.3378,1.3429,20.197,0.1678,5.1131
98.5017,79.961,59.788,1.3374,1.3429,20.173,0.1979,17.2164
98.5351,80.052,59.788,1.3389,1.3429,20.264,1.2907,20.3325
98.5687,80.007,59.788,1.3382,1.3429,20.219,1.6898,4.2842
98.6008,79.989,59.788,1.3379,1.3429,20.201,0.2174,7.077
98.6288,79.857,59.788,1.3357,1.3429,20.068,0.189,4.5572
98.6609,80.006,59.788,1.3382,1.3429,20.218,0.1542,7.2147
98.6933,80.009,59.788,1.3382,1.3429,20.221,0.1653,8.5069
98.7255,80.149,59.788,1.3406,1.3429,20.361,0.1613,1.3783
98.7571,79.959,59.788,1.3374,1.3429,20.17,0.2415,13.6618
98.789,80.02,59.788,1.3384,1.3429,20.232,0.2654,4.8202
98.821,79.988,59.788,1.3379,1.3429,20.2,0.2702,6.5547
98.8539,79.988,59.788,1.3379,1.3429,20.2,0.2808,19.0123
98.8866,79.902,59.788,1.3364,1.3429,20.113,0.2527,2.3723
98.9174,79.907,59.788,1.3365,1.3429,20.119,0.3691,13.2769
98.9501,80.049,59.788,1.3389,1.3429,20.261,0.4061,6.6124
98.9817,80.052,59.788,1.3389,1.3429,20.264,0.4727,7.4456
99.0135,80.005,59.788,1.3381,1.3429,20.217,0.3717,19.2868
99.045,80.02,59.788,1.3384,1.3429,20.232,0.162,10.9982
99.0769,79.985,59.788,1.3378,1.3429,20.197,0.1562,12.7157
99.1088,80.012,59.788,1.3383,1.3429,20.223,0.1516,4.6372
99.1408,79.989,59.788,1.3379,1.3429,20.201,0.1543,7.0186
99.173,79.941,59.788,1.3371,1.3429,20.153,0.174,18.5
99.2056,79.951,59.788,1.3372,1.3429,20.162,0.1523,1.3948
99.2372,79.994,59.788,1.338,1.3429,20.206,0.1528,2.898
99.2692,80.027,59.788,1.3385,1.3429,20.239,0.3398,15.4618
99.3013,80.017,59.788,1.3383,1.3429,20.229,0.3602,7.518
99.3331,80.071,59.788,1.3392,1.3429,20.282,0.3475,18.2405
99.3665,80.016,59.788,1.3383,1.3429,20.228,0.7117,12.1398
99.3979,80.035,59.788,1.3386,1.3429,20.246,0.3459,4.4632
99.4289,80.119,59.788,1.34,1.3429,20.331,0.1717,4.9296
99.4608,79.971,59.788,1.3376,1.3429,20.183,0.1598,6.2448
99.4927,80.006,59.788,1.3381,1.3429,20.217,0.1627,18.5433
99.5258,80.094,59.788,1.3396,1.3429,20.306,0.1529,1.44
99.5569,80.048,59.788,1.3389,1.3429,20.259,0.2388,2.4099
99.5893,80.038,59.788,1.3387,1.3429,20.249,0.2415,5.4453
99.6214,80.004,59.788,1.3381,1.3429,20.215,0.2661,6.5008
99.6532,79.994,59.788,1.338,1.3429,20.206,0.2845,18.735
99.6864,79.943,59.788,1.3371,1.3429,20.155,0.2574,2.3621
99.7186,80.037,59.788,1.3387,1.3429,20.249,0.2525,2.5147
99.7511,80.009,59.788,1.3382,1.3429,20.22,0.3131,16.5617
99.7818,80.002,59.788,1.3381,1.3429,20.214,0.4587,7.7738
99.8137,80.027,59.788,1.3385,1.3429,20.238,0.3564,10.0523
99.8449,80.039,59.788,1.3387,1.3429,20.251,0.1497,10.8311
99.877,80.027,59.788,1.3385,1.3429,20.239,0.1536,3.5918
99.9095,79.938,59.788,1.337,1.3429,20.15,0.1578,4.761
99.9411,80.028,59.788,1.3385,1.3429,20.24,0.1635,7.2834
99.9727,79.868,59.788,1.3358,1.3429,20.079,0.1677,8.516
100.0056,79.986,59.788,1.3378,1.3429,20.198,0.1533,1.4454
100.0373,80.074,59.788,1.3393,1.3429,20.286,0.1609,13.5987
100.0686,79.984,59.788,1.3378,1.3429,20.196,0.1899,3.9366
100.1016,80.057,59.788,1.339,1.3429,20.269,0.2316,7.8041
100.1335,80.056,59.788,1.339,1.3429,20.267,0.3163,9.0784
100.167,79.993,59.788,1.3379,1.3429,20.205,0.272,1.7534
100.1999,79.947,59.788,1.3372,1.3429,20.159,0.406,5.9099
100.2288,79.972,59.788,1.3376,1.3429,20.184,0.1729,14.2275
100.2615,80.045,59.788,1.3388,1.3429,20.257,0.1604,6.903
100.2926,80.05,59.788,1.3389,1.3429,20.262,0.1592,18.9352
100.3255,80.036,59.788,1.3387,1.3429,20.248,0.1894,0.9697
100.3571,79.968,59.788,1.3375,1.3429,20.18,0.2332,3.344
100.389,80.048,59.788,1.3389,1.3429,20.26,0.2453,14.7754
100.421,79.99,59.788,1.3379,1.3429,20.202,0.2613,5.9024
100.4541,80.013,59.788,1.3383,1.3429,20.225,0.4722,19.7871
100.4861,80.012,59.788,1.3383,1.3429,20.224,0.3696,2.3131
100.5191,80.015,59.788,1.3383,1.3429,20.227,0.2837,3.7184
100.5511,80.038,59.788,1.3387,1.3429,20.249,0.3193,7.237
100.5819,80.045,59.788,1.3388,1.3429,20.256,0.3378,8.3205
100.6132,80.059,59.788,1.339,1.3429,20.27,0.3453,9.1154
100.6448,80.05,59.788,1.3389,1.3429,20.262,0.1543,11.0648
100.6765,79.994,59.788,1.338,1.3429,20.206,0.1523,2.6111
100.7087,79.999,59.788,1.338,1.3429,20.211,0.1666,14.3779
100.7408,79.957,59.788,1.3373,1.3429,20.168,0.1538,6.3291
100.7728,79.999,59.788,1.338,1.3429,20.211,0.1654,8.5191
100.8057,79.982,59.788,1.3378,1.3429,20.194,0.1539,1.4222
100.837,80.019,59.788,1.3384,1.3429,20.231,0.1588,2.8696
100.8693,80.053,59.788,1.3389,1.3429,20.265,0.1649,15.3849
100.9016,80.037,59.788,1.3387,1.3429,20.248,0.2301,7.884
100.9348,80.1,59.788,1.3397,1.3429,20.312,0.2445,10.5771
100.968,79.993,59.788,1.3379,1.3429,20.205,0.1841,1.1703
100.9982,80.023,59.788,1.3384,1.3429,20.235,0.5223,4.4035
101.0288,80.002,59.788,1.3381,1.3429,20.214,0.1633,4.4794
101.0608,80.004,59.788,1.3381,1.3429,20.215,0.1584,6.218
101.0944,79.998,59.788,1.338,1.3429,20.209,1.1562,20.9278
101.1251,80.051,59.788,1.3389,1.3429,20.263,0.1511,10.3968
101.1567,79.967,59.788,1.3375,1.3429,20.179,0.2434,2.1238
101.1896,79.998,59.788,1.338,1.3429,20.21,0.2683,15.2839
101.2214,80.023,59.788,1.3384,1.3429,20.235,0.2759,6.9934
101.2541,80.027,59.788,1.3385,1.3429,20.238,0.4244,19.3862
101.2868,79.991,59.788,1.3379,1.3429,20.203,0.2722,12.8623
101.3183,79.837,59.788,1.3353,1.3429,20.049,0.4123,3.6504
101.3501,80.017,59.788,1.3383,1.3429,20.229,0.3993,16.2772
101.382,79.974,59.788,1.3376,1.3429,20.186,0.4909,8.4768
101.414,80.0,59.788,1.3381,1.3429,20.212,0.5768,9.7798
101.4451,79.951,59.788,1.3372,1.3429,20.163,0.1506,1.2659
101.4768,80.019,59.788,1.3384,1.3429,20.231,0.1587,2.693
101.5094,80.029,59.788,1.3385,1.3429,20.24,0.159,5.7386
101.5406,79.96,59.788,1.3374,1.3429,20.171,0.1624,6.1278
101.5727,79.955,59.788,1.3373,1.3429,20.166,0.1691,18.1414
101.6056,79.943,59.788,1.3371,1.3429,20.154,0.1571,11.5543
101.637,80.009,59.788,1.3382,1.3429,20.221,0.1683,13.337
101.6699,80.117,59.788,1.34,1.3429,20.329,0.175,3.0341
101.7018,79.977,59.788,1.3377,1.3429,20.188,0.2117,8.1663
101.7334,79.963,59.788,1.3374,1.3429,20.175,0.359,8.4012
101.7684,79.997,59.788,1.338,1.3429,20.209,0.3927,2.0706
101.7992,79.993,59.788,1.3379,1.3429,20.205,0.3416,5.7965
101.8288,80.04,59.788,1.3387,1.3429,20.251,0.1603,12.6918
101.8615,79.982,59.788,1.3378,1.3429,20.194,0.1605,7.2245
101.893,79.982,59.788,1.3378,1.3429,20.194,0.1542,9.151
101.9253,80.047,59.788,1.3388,1.3429,20.259,0.1528,1.6525
101.9569,80.001,59.788,1.3381,1.3429,20.213,0.2438,2.2245
101.9897,80.015,59.788,1.3383,1.3429,20.227,0.241,5.4997
102.0217,80.018,59.788,1.3383,1.3429,20.229,0.2699,17.4814
102.0539,79.993,59.788,1.3379,1.3429,20.205,0.2859,19.0402
102.0864,79.971,59.788,1.3376,1.3429,20.183,0.2447,12.0634
102.1174,79.978,59.788,1.3377,1.3429,20.19,0.3341,2.6775
102.1507,79.965,59.788,1.3375,1.3429,20.177,0.367,17.2754
102.1813,80.031,59.788,1.3386,1.3429,20.242,0.3384,7.0631
102.214,80.025,59.788,1.3385,1.3429,20.237,0.5461,9.8258
102.2454,79.972,59.788,1.3376,1.3429,20.183,0.1558,11.0387
102.2769,80.007,59.788,1.3382,1.3429,20.218,0.1541,2.5567
102.3091,80.05,59.788,1.3389,1.3429,20.261,0.1567,4.7874
102.3409,79.983,59.788,1.3378,1.3429,20.195,0.1516,6.8241
102.3729,80.017,59.788,1.3383,1.3429,20.228,0.1705,18.3455
102.4058,79.956,59.788,1.3373,1.3429,20.168,0.1589,11.4566
102.4368,79.994,59.788,1.338,1.3429,20.206,0.1979,2.6573
102.4694,80.045,59.788,1.3388,1.3429,20.257,0.1668,4.9478
102.5011,80.067,59.788,1.3392,1.3429,20.278,0.1966,7.5263
102.5337,79.965,59.788,1.3375,1.3429,20.176,0.3487,9.1583
102.5682,79.958,59.788,1.3373,1.3429,20.169,0.3594,3.5275
102.5985,79.943,59.788,1.3371,1.3429,20.154,0.4207,4.1108
102.6289,80.032,59.788,1.3386,1.3429,20.244,0.1483,4.5564
102.6609,80.009,59.788,1.3382,1.3429,20.221,0.2425,6.3022
102.6928,79.867,59.788,1.3358,1.3429,20.078,0.1765,8.9815
102.7257,80.026,59.788,1.3385,1.3429,20.238,0.1657,1.5079
102.7572,80.012,59.788,1.3383,1.3429,20.224,0.1602,2.7541
102.7892,80.117,59.788,1.34,1.3429,20.329,0.1599,5.3401
102.8208,80.034,59.788,1.3386,1.3429,20.246,0.1728,16.2644
102.8535,80.038,59.788,1.3387,1.3429,20.25,0.1724,19.4889
102.8857,79.979,59.788,1.3377,1.3429,20.191,0.1689,1.8618
102.9171,80.003,59.788,1.3381,1.3429,20.215,0.3538,2.7994
102.9499,79.958,59.788,1.3374,1.3429,20.17,0.4068,16.0233
102.9823,80.052,59.788,1.3389,1.3429,20.264,0.3627,7.7506
103.0138,79.946,59.788,1.3372,1.3429,20.158,0.4256,9.1113
103.045,80.026,59.788,1.3385,1.3429,20.238,0.1595,10.6725
103.0768,79.986,59.788,1.3378,1.3429,20.198,0.1564,12.1398
103.1087,80.033,59.788,1.3386,1.3429,20.244,0.1611,4.2164
103.1409,80.025,59.788,1.3385,1.3429,20.237,0.2385,6.7182
103.1728,80.059,59.788,1.339,1.3429,20.271,0.2685,7.9725
103.2057,80.01,59.788,1.3382,1.3429,20.222,0.1472,1.0825
103.2377,79.817,59.788,1.335,1.3429,20.028,0.2479,3.4423
103.2693,80.027,59.788,1.3385,1.3429,20.239,0.2787,4.8774
103.3017,80.014,59.788,1.3383,1.3429,20.226,0.4622,7.3851
103.3336,80.099,59.788,1.3397,1.3429,20.311,0.3043,19.2907
103.3679,80.044,59.788,1.3388,1.3429,20.256,0.3597,2.9529
103.3989,80.035,59.788,1.3386,1.3429,20.246,0.5393,4.9865
103.429,79.997,59.788,1.338,1.3429,20.209,0.2453,4.7199
103.461,80.025,59.788,1.3385,1.3429,20.236,0.1622,6.9848
103.4931,80.012,59.788,1.3383,1.3429,20.224,0.1655,18.8698
103.5248,80.043,59.788,1.3388,1.3429,20.255,0.153,10.2585
103.5568,80.049,59.788,1.3389,1.3429,20.261,0.1506,2.6612
103.589,80.032,59.788,1.3386,1.3429,20.244,0.1604,14.5502
103.6219,80.005,59.788,1.3381,1.3429,20.217,0.8381,7.4055
103.6535,79.989,59.788,1.3379,1.3429,20.201,0.1691,19.2562
103.6861,80.02,59.788,1.3384,1.3429,20.232,0.1922,1.7402
103.7181,79.994,59.788,1.338,1.3429,20.206,0.2779,2.7052
103.7502,80.017,59.788,1.3383,1.3429,20.229,0.4532,5.9594
103.7834,80.019,59.788,1.3384,1.3429,20.23,0.4234,9.0734
103.8145,79.998,59.788,1.338,1.3429,20.21,0.574,29.4102
103.846,79.977,59.788,1.3377,1.3429,20.189,0.7693,11.7923
103.8769,80.042,59.788,1.3388,1.3429,20.253,0.1516,3.4288
103.9087,80.033,59.788,1.3386,1.3429,20.245,0.1753,14.7106
103.9415,80.02,59.788,1.3384,1.3429,20.232,0.2444,6.9264
103.9735,80.007,59.788,1.3382,1.3429,20.219,0.2515,8.9984
104.0058,79.99,59.788,1.3379,1.3429,20.202,0.2261,11.4463
104.0369,79.945,59.788,1.3371,1.3429,20.157,0.2643,2.6115
104.0696,80.071,59.788,1.3392,1.3429,20.283,0.2814,2.6742
104.102,80.019,59.788,1.3384,1.3429,20.23,0.317,8.3752
104.1335,79.979,59.788,1.3377,1.3429,20.191,0.3616,10.1016
104.1686,80.068,59.788,1.3392,1.3429,20.28,0.2887,3.6433
104.1974,79.964,59.788,1.3375,1.3429,20.176,0.4121,3.4758
104.2286,79.982,59.788,1.3378,1.3429,20.194,0.1725,4.7614
104.2606,79.928,59.788,1.3369,1.3429,20.14,0.1547,6.6498
104.2933,79.965,59.788,1.3375,1.3429,20.177,0.1627,19.4692
104.3248,79.871,59.788,1.3359,1.3429,20.083,0.1594,1.3768
104.357,80.061,59.788,1.3391,1.3429,20.273,0.1576,2.7843
104.3895,80.042,59.788,1.3388,1.3429,20.253,0.1589,5.7097
104.4206,80.016,59.788,1.3383,1.3429,20.227,0.1691,16.89
104.4527,80.019,59.788,1.3384,1.3429,20.23,0.1684,8.5607
104.4859,80.036,59.788,1.3387,1.3429,20.248,0.1505,11.6734
104.5183,79.978,59.788,1.3377,1.3429,20.19,0.3384,3.5611
104.5503,80.007,59.788,1.3382,1.3429,20.219,0.5231,16.403
104.5814,79.991,59.788,1.3379,1.3429,20.203,0.4339,7.0595
104.6132,80.004,59.788,1.3381,1.3429,20.216,0.3083,8.6678
104.6448,79.975,59.788,1.3376,1.3429,20.187,0.1554,1.2786
104.6766,79.947,59.788,1.3372,1.3429,20.158,0.1579,2.8409
104.7105,80.006,59.788,1.3382,1.3429,20.218,0.1702,16.5103
104.7415,80.038,59.788,1.3387,1.3429,20.249,0.1616,7.3718
104.7731,80.042,59.788,1.3388,1.3429,20.253,0.2683,18.7946
104.8061,79.979,59.788,1.3377,1.3429,20.191,0.3019,2.2735
104.8372,79.966,59.788,1.3375,1.3429,20.177,0.2943,2.998
104.8688,80.011,59.788,1.3382,1.3429,20.223,0.2674,3.9316
104.9021,80.043,59.788,1.3388,1.3429,20.255,0.347,8.6945
104.9333,80.033,59.788,1.3386,1.3429,20.244,0.3481,9.1399
104.9676,79.976,59.788,1.3377,1.3429,20.188,0.3522,13.1787
104.9973,80.018,59.788,1.3384,1.3429,20.23,0.5157,3.8012
105.0305,80.001,59.788,1.3381,1.3429,20.213,0.4734,6.8834
105.0613,79.948,59.788,1.3372,1.3429,20.159,0.1613,6.8369
105.0931,79.976,59.788,1.3377,1.3429,20.188,0.1619,18.6061
105.1253,79.999,59.788,1.338,1.3429,20.211,0.1506,0.805
105.1568,80.024,59.788,1.3385,1.3429,20.235,0.1634,2.7413
105.1887,80.064,59.788,1.3391,1.3429,20.276,0.1615,4.6164
105.2213,80.074,59.788,1.3393,1.3429,20.286,0.1691,6.0631
105.2528,79.998,59.788,1.338,1.3429,20.21,0.1684,18.139
105.286,80.041,59.788,1.3387,1.3429,20.253,0.1784,2.1741
105.3177,80.007,59.788,1.3382,1.3429,20.218,0.2886,3.0979
105.351,79.979,59.788,1.3377,1.3429,20.191,0.2024,7.0587
105.3811,79.928,59.788,1.3368,1.3429,20.139,0.3396,6.5472
105.4136,79.993,59.788,1.3379,1.3429,20.205,0.5949,9.0137
105.4448,80.07,59.788,1.3392,1.3429,20.281,0.1582,1.2248
105.477,79.918,59.788,1.3367,1.3429,20.13,0.1525,2.5138
105.509,80.035,59.788,1.3386,1.3429,20.246,0.1562,5.1711
105.5414,80.009,59.788,1.3382,1.3429,20.22,0.2533,7.0146
105.573,79.997,59.788,1.338,1.3429,20.209,0.2474,8.537
105.6058,80.007,59.788,1.3382,1.3429,20.219,0.2373,2.0233
105.6368,79.944,59.788,1.3371,1.3429,20.156,0.2586,13.2101
105.6692,80.006,59.788,1.3382,1.3429,20.218,0.3063,15.0454
105.702,79.961,59.788,1.3374,1.3429,20.173,0.2862,7.8857
105.7335,80.003,59.788,1.3381,1.3429,20.215,0.3756,9.3647
105.7678,80.013,59.788,1.3383,1.3429,20.225,0.3828,3.3162
105.7985,79.994,59.788,1.338,1.3429,20.206,0.5001,4.7013
105.8291,79.98,59.788,1.3377,1.3429,20.191,0.1714,4.7966
105.8609,79.996,59.788,1.338,1.3429,20.208,0.1562,6.7087
105.8927,80.02,59.788,1.3384,1.3429,20.232,0.1638,8.8399
105.9252,79.983,59.788,1.3378,1.3429,20.195,0.1536,10.2345
105.957,80.033,59.788,1.3386,1.3429,20.245,0.1507,2.6089
105.9889,80.05,59.788,1.3389,1.3429,20.262,0.1604,14.3882
106.0214,80.006,59.788,1.3382,1.3429,20.218,0.1723,6.7034
106.0528,79.994,59.788,1.338,1.3429,20.206,0.1726,18.1908
106.0857,80.057,59.788,1.339,1.3429,20.268,0.157,1.6311
106.1181,80.0,59.788,1.338,1.3429,20.211,0.2489,13.9415
106.1514,79.975,59.788,1.3376,1.3429,20.187,1.7649,16.7376
106.1814,79.938,59.788,1.337,1.3429,20.15,0.4224,7.0942
106.2162,79.887,59.788,1.3362,1.3429,20.099,0.3735,22.0392
106.2451,80.028,59.788,1.3385,1.3429,20.24,0.1561,0.7165
106.277,79.999,59.788,1.338,1.3429,20.211,0.1589,2.5383
106.3093,79.956,59.788,1.3373,1.3429,20.167,0.168,4.5003
106.3412,80.037,59.788,1.3387,1.3429,20.249,0.1952,17.814
106.3735,80.012,59.788,1.3383,1.3429,20.223,0.2666,19.2991
106.4062,80.025,59.788,1.3385,1.3429,20.236,0.4121,12.3974
106.4368,79.943,59.788,1.3371,1.3429,20.155,0.2563,2.688
106.4692,80.022,59.788,1.3384,1.3429,20.233,0.2753,15.6651
106.5021,79.985,59.788,1.3378,1.3429,20.197,0.3618,18.2505
106.5336,80.044,59.788,1.3388,1.3429,20.256,0.3502,10.0773
106.5679,80.076,59.788,1.3393,1.3429,20.288,0.3578,3.0151
106.5969,80.036,59.788,1.3387,1.3429,20.248,0.2974,12.9925
106.6301,80.002,59.788,1.3381,1.3429,20.214,0.6955,15.9105
106.6608,79.96,59.788,1.3374,1.3429,20.172,0.1628,6.8771
106.6931,79.946,59.788,1.3372,1.3429,20.158,0.1555,8.7947
106.7248,80.0,59.788,1.3381,1.3429,20.212,0.1574,1.3644
106.757,79.997,59.788,1.338,1.3429,20.209,0.1595,2.7268
106.7891,80.001,59.788,1.3381,1.3429,20.212,0.1659,14.8952
106.8208,80.046,59.788,1.3388,1.3429,20.257,0.1672,6.1681
106.8535,79.99,59.788,1.3379,1.3429,20.202,0.179,9.4627
106.8866,80.036,59.788,1.3387,1.3429,20.248,0.1669,2.102
106.9176,79.924,59.788,1.3368,1.3429,20.136,0.3425,3.0011
106.9501,80.019,59.788,1.3384,1.3429,20.23,0.3965,6.3151
106.9819,79.954,59.788,1.3373,1.3429,20.165,0.5669,8.2589
107.0139,79.872,59.788,1.3359,1.3429,20.083,0.5147,9.2712
107.0456,79.988,59.788,1.3379,1.3429,20.2,0.1749,11.1838
107.0766,80.005,59.788,1.3381,1.3429,20.217,0.1578,2.8051
107.109,80.049,59.788,1.3389,1.3429,20.261,0.1632,5.311
107.1411,80.054,59.788,1.339,1.3429,20.266,0.2374,17.6373
107.1737,80.011,59.788,1.3382,1.3429,20.223,0.2573,20.2366
107.2066,79.977,59.788,1.3377,1.3429,20.188,0.2338,2.0184
107.2368,79.98,59.788,1.3377,1.3429,20.192,0.2492,2.5665
107.269,79.985,59.788,1.3378,1.3429,20.197,0.2697,4.2699
107.3013,79.975,59.788,1.3376,1.3429,20.186,0.28,6.9097
107.3337,80.025,59.788,1.3385,1.3429,20.236,0.3673,9.8268
107.3679,80.003,59.788,1.3381,1.3429,20.215,0.3306,3.1455
107.3982,79.977,59.788,1.3377,1.3429,20.188,0.4148,4.8051
107.4304,80.015,59.788,1.3383,1.3429,20.226,0.6081,16.5655
107.4614,80.023,59.788,1.3384,1.3429,20.235,0.1601,7.8954
107.4932,80.012,59.788,1.3383,1.3429,20.224,0.1614,9.2375
107.5253,79.995,59.788,1.338,1.3429,20.207,0.1579,10.5057
107.5572,80.047,59.788,1.3388,1.3429,20.258,0.1536,3.7287
107.5889,80.031,59.788,1.3386,1.3429,20.243,0.1651,14.4566
107.6215,79.985,59.788,1.3378,1.3429,20.197,0.1765,7.0637
107.6534,80.032,59.788,1.3386,1.3429,20.244,0.1635,18.9444
107.6854,80.02,59.788,1.3384,1.3429,20.232,0.1721,1.5484
107.7178,80.007,59.788,1.3382,1.3429,20.219,0.3839,3.628
107.7499,79.954,59.788,1.3373,1.3429,20.166,0.319,5.6858
107.782,80.005,59.788,1.3381,1.3429,20.217,0.3295,17.1722
107.8129,79.981,59.788,1.3377,1.3429,20.193,0.3329,8.3985
107.8455,80.019,59.788,1.3384,1.3429,20.231,0.1625,1.2367
107.8768,79.976,59.788,1.3377,1.3429,20.188,0.1599,11.907
107.9092,79.933,59.788,1.3369,1.3429,20.145,0.1632,15.3047
107.9407,79.967,59.788,1.3375,1.3429,20.179,0.2365,6.4972
107.973,80.064,59.788,1.3391,1.3429,20.276,0.254,18.6463
108.0058,79.988,59.788,1.3379,1.3429,20.2,0.2382,1.2006
108.0367,79.991,59.788,1.3379,1.3429,20.202,0.2432,2.3236
108.0699,79.994,59.788,1.338,1.3429,20.206,0.2801,15.4412
108.1015,80.053,59.788,1.3389,1.3429,20.265,0.3179,7.6992
108.1336,79.979,59.788,1.3377,1.3429,20.191,0.3271,10.1996
108.1676,80.029,59.788,1.3385,1.3429,20.241,0.3388,2.8556
108.1984,80.011,59.788,1.3382,1.3429,20.223,0.409,4.6706
108.2286,79.988,59.788,1.3379,1.3429,20.2,0.1891,4.8475
108.2613,80.01,59.788,1.3382,1.3429,20.221,0.17,6.8915
108.2934,80.044,59.788,1.3388,1.3429,20.255,0.1699,9.6594
108.3249,79.988,59.788,1.3379,1.3429,20.2,0.1538,1.3122
108.3573,80.029,59.788,1.3385,1.3429,20.241,0.1626,2.8793
108.3892,79.957,59.788,1.3373,1.3429,20.169,0.1615,4.8377
108.4208,80.032,59.788,1.3386,1.3429,20.244,0.1582,6.245
108.4535,80.026,59.788,1.3385,1.3429,20.238,0.1699,18.8869
108.4862,80.001,59.788,1.3381,1.3429,20.212,0.2014,2.2569
108.5177,80.064,59.788,1.3391,1.3429,20.275,0.3855,3.5197
108.5498,80.008,59.788,1.3382,1.3429,20.219,0.3219,15.359
108.5812,80.006,59.788,1.3381,1.3429,20.217,0.3485,7.5094
108.6138,80.018,59.788,1.3384,1.3429,20.23,0.401,19.7107
108.645,80.05,59.788,1.3389,1.3429,20.262,0.1604,1.4819
108.6783,80.051,59.788,1.3389,1.3429,20.263,0.9339,13.4655
108.7093,79.995,59.788,1.338,1.3429,20.207,0.1602,5.3588
108.741,80.002,59.788,1.3381,1.3429,20.213,0.2402,6.6647
108.7728,80.017,59.788,1.3383,1.3429,20.229,0.1831,19.3545
108.8062,80.002,59.788,1.3381,1.3429,20.214,0.2935,2.475
108.8377,79.964,59.788,1.3375,1.3429,20.176,0.2564,3.5306
108.8696,79.983,59.788,1.3378,1.3429,20.195,0.2692,3.086
108.9019,79.995,59.788,1.338,1.3429,20.207,0.2781,7.8363
108.9336,80.032,59.788,1.3386,1.3429,20.244,0.3711,9.8342
108.9676,79.933,59.788,1.3369,1.3429,20.144,0.3413,13.3332
108.9988,80.021,59.788,1.3384,1.3429,20.233,0.5337,13.4913
109.0295,79.956,59.788,1.3373,1.3429,20.168,0.3191,5.8431
109.0613,80.069,59.788,1.3392,1.3429,20.281,0.1607,7.0359
109.0933,79.984,59.788,1.3378,1.3429,20.195,0.162,18.8593
109.1247,79.912,59.788,1.3366,1.3429,20.123,0.1553,1.2788
109.1574,79.98,59.788,1.3377,1.3429,20.192,0.1559,3.7365
109.1889,80.032,59.788,1.3386,1.3429,20.243,0.1559,15.2196
109.2213,80.039,59.788,1.3387,1.3429,20.251,0.1787,6.368
109.2535,80.023,59.788,1.3384,1.3429,20.235,0.1795,18.2001
109.2854,80.012,59.788,1.3383,1.3429,20.224,0.1637,1.6225
109.3184,79.987,59.788,1.3378,1.3429,20.199,0.186,1.049
109.3508,80.082,59.788,1.3394,1.3429,20.293,0.4785,6.4604
109.3816,79.942,59.788,1.3371,1.3429,20.154,0.3852,7.4009
109.4127,79.996,59.788,1.338,1.3429,20.208,0.1598,18.4837
109.445,80.006,59.788,1.3382,1.3429,20.218,0.1586,1.3634
109.477,79.994,59.788,1.338,1.3429,20.206,0.1627,2.5846
109.5089,79.996,59.788,1.338,1.3429,20.208,0.1581,5.2404
109.5416,79.999,59.788,1.338,1.3429,20.211,0.2459,6.6139
109.573,80.059,59.788,1.3391,1.3429,20.271,0.253,8.4578
109.6059,80.026,59.788,1.3385,1.3429,20.238,0.2323,1.9566
109.637,79.99,59.788,1.3379,1.3429,20.202,0.2574,2.7193
109.6697,80.006,59.788,1.3381,1.3429,20.217,0.2839,16.1826
109.701,79.982,59.788,1.3378,1.3429,20.194,0.2394,7.235
109.7338,79.952,59.788,1.3373,1.3429,20.164,0.3263,9.5094
109.7676,80.047,59.788,1.3388,1.3429,20.259,0.3036,3.7968
109.7977,80.014,59.788,1.3383,1.3429,20.225,0.4974,4.1133
109.8287,79.996,59.788,1.338,1.3429,20.208,0.1619,4.6469
109.8611,80.027,59.788,1.3385,1.3429,20.239,0.1545,6.6933
109.8928,80.022,59.788,1.3384,1.3429,20.234,0.1591,8.2379
109.9249,79.994,59.788,1.3379,1.3429,20.205,0.1534,1.3087
109.9568,79.969,59.788,1.3375,1.3429,20.18,0.1522,2.6025
109.9892,80.026,59.788,1.3385,1.3429,20.238,0.1705,4.0058
110.0216,80.01,59.788,1.3382,1.3429,20.222,0.1754,7.0743
110.0536,80.061,59.788,1.3391,1.3429,20.273,0.1737,19.3007
110.0859,79.935,59.788,1.337,1.3429,20.147,0.157,1.5948
110.1175,80.006,59.788,1.3382,1.3429,20.218,0.3478,2.9159
110.1501,79.957,59.788,1.3373,1.3429,20.168,0.4084,15.814
110.1814,79.989,59.788,1.3379,1.3429,20.201,0.3385,7.771
110.2132,80.062,59.788,1.3391,1.3429,20.274,0.2951,8.582
110.245,79.981,59.788,1.3377,1.3429,20.193,0.1467,10.5302
110.2771,79.996,59.788,1.338,1.3429,20.208,0.1579,3.0001
110.3089,80.028,59.788,1.3385,1.3429,20.24,0.1565,5.1666
110.3425,79.98,59.788,1.3377,1.3429,20.192,0.1593,18.8017
110.3738,80.007,59.788,1.3382,1.3429,20.219,0.268,20.2876
110.4056,80.026,59.788,1.3385,1.3429,20.238,0.1508,1.8259
110.437,79.97,59.788,1.3375,1.3429,20.181,0.2572,2.2953
110.4695,80.007,59.788,1.3382,1.3429,20.219,0.3124,15.9611
110.5013,79.939,59.788,1.337,1.3429,20.151,0.2787,16.5026
110.5336,79.99,59.788,1.3379,1.3429,20.202,0.3371,9.7452
110.5688,79.992,59.788,1.3379,1.3429,20.204,0.2886,1.6501
110.5974,79.991,59.788,1.3379,1.3429,20.203,0.609,12.6792
110.6288,79.965,59.788,1.3375,1.3429,20.176,0.1671,4.5291
110.6607,80.009,59.788,1.3382,1.3429,20.221,0.1449,6.5394
110.6929,79.967,59.788,1.3375,1.3429,20.179,0.1465,9.0505
110.7255,80.011,59.788,1.3382,1.3429,20.223,0.1413,1.1646
110.7568,79.912,59.788,1.3366,1.3429,20.124,0.1384,2.5414
110.7892,79.98,59.788,1.3377,1.3429,20.192,0.1491,5.7566
110.821,80.011,59.788,1.3382,1.3429,20.223,0.1489,7.4204
110.8535,80.018,59.788,1.3384,1.3429,20.229,0.1931,19.2991
110.8854,80.023,59.788,1.3384,1.3429,20.235,0.1736,0.9598
110.918,80.004,59.788,1.3381,1.3429,20.216,0.1326,0.9207
110.95,80.01,59.788,1.3382,1.3429,20.222,0.3299,15.8333
110.9812,80.008,59.788,1.3382,1.3429,20.219,0.3222,6.8019
111.0134,79.981,59.788,1.3377,1.3429,20.193,0.5344,19.3816
111.0451,80.026,59.788,1.3385,1.3429,20.238,0.1351,1.0401
111.0768,79.909,59.788,1.3365,1.3429,20.121,0.1423,12.1748
111.1087,79.986,59.788,1.3378,1.3429,20.198,0.1422,4.1109
111.1408,80.034,59.788,1.3386,1.3429,20.246,0.2333,6.3996
111.1728,79.96,59.788,1.3374,1.3429,20.172,0.2533,19.1791
111.2073,79.974,59.788,1.3376,1.3429,20.186,1.1838,2.758
111.2376,80.038,59.788,1.3387,1.3429,20.25,0.247,3.6751
111.2687,79.977,59.788,1.3377,1.3429,20.188,0.2497,14.5179
111.3013,80.014,59.788,1.3383,1.3429,20.226,0.2889,7.4323
111.3339,80.029,59.788,1.3385,1.3429,20.241,0.4157,9.556
111.368,80.032,59.788,1.3386,1.3429,20.243,0.3398,3.1128
111.3969,80.058,59.788,1.339,1.3429,20.27,0.2767,2.8361
111.4293,79.947,59.788,1.3372,1.3429,20.159,0.315,5.695
111.4609,80.017,59.788,1.3383,1.3429,20.228,0.1432,6.5767
111.4934,80.033,59.788,1.3386,1.3429,20.245,0.1511,19.7659
111.5254,79.958,59.788,1.3374,1.3429,20.17,0.1395,1.094
111.5571,79.977,59.788,1.3377,1.3429,20.188,0.1379,3.6362
111.5893,80.004,59.788,1.3381,1.3429,20.215,0.1447,5.4266
111.6206,79.987,59.788,1.3378,1.3429,20.199,0.1482,6.0665
111.6531,79.974,59.788,1.3376,1.3429,20.185,0.1568,9.2788
111.6855,79.985,59.788,1.3378,1.3429,20.197,0.1508,1.5779
111.7179,80.044,59.788,1.3388,1.3429,20.256,0.2817,14.2701
111.75,80.081,59.788,1.3394,1.3429,20.293,0.3064,15.4278
111.7815,79.99,59.788,1.3379,1.3429,20.202,0.3811,7.4341
111.8134,80.005,59.788,1.3381,1.3429,20.217,0.4877,9.6187
111.8451,80.079,59.788,1.3394,1.3429,20.291,0.1295,0.6141
111.8769,80.018,59.788,1.3384,1.3429,20.229,0.1385,2.3853
111.909,79.988,59.788,1.3379,1.3429,20.2,0.1432,5.2958
111.9413,79.974,59.788,1.3376,1.3429,20.186,0.1398,7.1211
111.973,80.002,59.788,1.3381,1.3429,20.214,0.2299,18.6288
112.0065,79.956,59.788,1.3373,1.3429,20.168,0.2263,1.8845
112.0372,79.984,59.788,1.3378,1.3429,20.196,0.2348,3.1476
112.0688,79.996,59.788,1.338,1.3429,20.208,0.2619,15.0739
112.1013,80.0,59.788,1.3381,1.3429,20.212,0.3553,7.4867
112.1343,80.022,59.788,1.3384,1.3429,20.234,1.0968,9.9734
112.1673,79.996,59.788,1.338,1.3429,20.208,0.3467,1.6332
112.1971,80.04,59.788,1.3387,1.3429,20.252,0.293,3.2788
112.2289,80.049,59.788,1.3389,1.3429,20.26,0.1732,4.5361
112.2607,80.028,59.788,1.3385,1.3429,20.24,0.1398,6.4992
112.2927,79.983,59.788,1.3378,1.3429,20.195,0.1432,18.2155
112.3253,80.03,59.788,1.3386,1.3429,20.242,0.1334,1.0448
112.3568,80.0,59.788,1.338,1.3429,20.211,0.1396,2.4574
112.389,80.018,59.788,1.3384,1.3429,20.23,0.1368,5.0392
112.4206,79.979,59.788,1.3377,1.3429,20.19,0.1498,16.9959
112.4535,80.037,59.788,1.3387,1.3429,20.249,0.1482,9.2223
112.4863,80.035,59.788,1.3386,1.3429,20.247,0.1672,2.1566
112.5185,79.963,59.788,1.3374,1.3429,20.175,0.1638,3.9556
112.55,79.985,59.788,1.3378,1.3429,20.196,0.3013,5.5392
112.5814,80.003,59.788,1.3381,1.3429,20.215,0.3502,6.9665
112.6137,80.013,59.788,1.3383,1.3429,20.225,0.3859,9.9678
112.6446,79.995,59.788,1.338,1.3429,20.207,0.1375,1.0967
112.6768,80.006,59.788,1.3382,1.3429,20.218,0.1381,2.3667
112.7088,80.004,59.788,1.3381,1.3429,20.216,0.1409,5.0238
112.7407,80.04,59.788,1.3387,1.3429,20.252,0.229,6.4083
112.7731,79.998,59.788,1.338,1.3429,20.21,0.2612,6.727
112.8056,79.992,59.788,1.3379,1.3429,20.204,0.2181,1.8701
112.8372,80.016,59.788,1.3383,1.3429,20.228,0.239,3.295
112.8696,79.999,59.788,1.338,1.3429,20.211,0.2607,4.8451
112.9012,79.924,59.788,1.3368,1.3429,20.136,0.262,7.6984
112.9336,80.017,59.788,1.3383,1.3429,20.229,0.3457,10.1398
112.9685,79.998,59.788,1.338,1.3429,20.21,0.2884,3.8317
112.997,80.095,59.788,1.3396,1.3429,20.307,0.2825,2.7823
113.0285,80.028,59.788,1.3385,1.3429,20.24,0.1414,4.668
113.0609,79.959,59.788,1.3374,1.3429,20.171,0.1378,6.5403
113.0932,80.004,59.788,1.3381,1.3429,20.215,0.1414,9.322
113.1248,80.028,59.788,1.3385,1.3429,20.24,0.1383,1.3815
113.1568,79.987,59.788,1.3378,1.3429,20.199,0.1394,2.5022
113.1888,79.984,59.788,1.3378,1.3429,20.196,0.1406,14.1377
113.2215,79.969,59.788,1.3375,1.3429,20.181,0.1572,6.6079
113.2533,80.033,59.788,1.3386,1.3429,20.245,0.1601,16.9298
113.2863,80.052,59.788,1.3389,1.3429,20.264,0.1686,1.9923
113.3178,80.008,59.788,1.3382,1.3429,20.219,0.2742,2.2531
113.3513,79.991,59.788,1.3379,1.3429,20.203,0.3692,7.4483
113.3813,80.037,59.788,1.3387,1.3429,20.249,0.3112,7.1201
113.4133,79.956,59.788,1.3373,1.3429,20.168,0.2815,9.5625
113.445,79.924,59.788,1.3368,1.3429,20.136,0.1327,0.9938
113.4768,79.97,59.788,1.3375,1.3429,20.181,0.1386,2.3326
113.509,80.034,59.788,1.3386,1.3429,20.246,0.1448,5.3368
113.5413,79.993,59.788,1.3379,1.3429,20.205,0.1406,7.0372
113.5728,80.048,59.788,1.3389,1.3429,20.259,0.2332,18.4554
113.6068,79.992,59.788,1.3379,1.3429,20.204,0.2352,2.1303
113.6372,80.054,59.788,1.339,1.3429,20.266,0.243,3.4945
113.6695,79.972,59.788,1.3376,1.3429,20.183,0.272,3.918
113.7019,80.009,59.788,1.3382,1.3429,20.221,0.3018,7.6831
113.7349,79.975,59.788,1.3376,1.3429,20.187,1.8343,11.3087
113.768,79.992,59.788,1.3379,1.3429,20.203,0.2213,1.2671
113.7969,79.962,59.788,1.3374,1.3429,20.174,0.2926,3.1211
113.8287,80.018,59.788,1.3384,1.3429,20.23,0.1383,4.3768
113.8614,79.995,59.788,1.338,1.3429,20.207,0.1427,7.6565
113.8933,79.995,59.788,1.338,1.3429,20.207,0.1472,9.3005
113.9246,80.026,59.788,1.3385,1.3429,20.238,0.1364,1.0782
113.9567,79.977,59.788,1.3377,1.3429,20.189,0.1393,2.5004
113.9895,80.025,59.788,1.3385,1.3429,20.236,0.1553,5.2971
114.0206,80.003,59.788,1.3381,1.3429,20.214,0.1437,16.049
114.0535,79.979,59.788,1.3377,1.3429,20.19,0.1556,19.1521
114.0858,80.073,59.788,1.3393,1.3429,20.285,0.198,12.1218
114.1176,80.001,59.788,1.3381,1.3429,20.213,0.3077,4.1297
114.1504,80.041,59.788,1.3387,1.3429,20.253,0.581,7.0371
114.1812,80.016,59.788,1.3383,1.3429,20.228,0.3193,7.0125
114.214,80.029,59.788,1.3385,1.3429,20.241,0.4303,10.1301
114.2451,79.969,59.788,1.3375,1.3429,20.181,0.1326,1.0079
114.2765,79.926,59.788,1.3368,1.3429,20.138,0.1441,11.9659
114.3087,80.013,59.788,1.3383,1.3429,20.224,0.1415,5.0429
114.3416,80.008,59.788,1.3382,1.3429,20.22,0.2025,7.3035
114.3737,79.98,59.788,1.3377,1.3429,20.192,0.2437,20.1597
114.4064,79.987,59.788,1.3378,1.3429,20.199,0.2189,1.8447
114.4376,80.016,59.788,1.3383,1.3429,20.228,0.2371,3.2803
114.4689,80.009,59.788,1.3382,1.3429,20.221,0.2655,15.388
114.5018,79.977,59.788,1.3377,1.3429,20.189,0.2615,7.8794
114.5332,80.011,59.788,1.3382,1.3429,20.223,0.3452,9.1587
114.5678,80.184,59.788,1.3411,1.3429,20.396,0.2859,3.188
114.5972,80.011,59.788,1.3382,1.3429,20.223,0.4164,3.4399
114.63,80.0,59.788,1.3381,1.3429,20.212,0.4742,5.9515
114.6611,80.024,59.788,1.3385,1.3429,20.236,0.1406,7.699
114.6925,79.999,59.788,1.338,1.3429,20.211,0.1384,7.352
114.7252,80.03,59.788,1.3386,1.3429,20.242,0.1418,11.1392
114.7569,79.98,59.788,1.3377,1.3429,20.192,0.1398,2.6624
114.7887,79.973,59.788,1.3376,1.3429,20.184,0.1396,4.7507
114.8214,80.02,59.788,1.3384,1.3429,20.231,0.1484,17.6863
114.8535,79.974,59.788,1.3376,1.3429,20.185,0.1523,19.3735
114.886,80.012,59.788,1.3383,1.3429,20.224,0.1517,1.6534
114.9201,79.983,59.788,1.3378,1.3429,20.195,2.7278,5.69
114.9502,79.994,59.788,1.338,1.3429,20.206,0.3784,6.1642
114.9813,80.028,59.788,1.3385,1.3429,20.24,0.3422,6.909
115.0133,79.994,59.788,1.338,1.3429,20.206,0.2821,9.5497
115.0449,80.02,59.788,1.3384,1.3429,20.232,0.13,0.5941
115.077,79.955,59.788,1.3373,1.3429,20.167,0.1461,2.5038
115.1087,80.055,59.788,1.339,1.3429,20.266,0.1418,4.0972
115.1413,79.995,59.788,1.338,1.3429,20.207,0.1375,7.065
115.1729,80.1,59.788,1.3397,1.3429,20.312,0.2384,18.4531
115.2057,79.993,59.788,1.3379,1.3429,20.205,0.2342,1.144
115.2367,79.984,59.788,1.3378,1.3429,20.195,0.2299,2.2991
115.2688,80.088,59.788,1.3395,1.3429,20.299,0.2475,4.0406
115.3018,80.017,59.788,1.3383,1.3429,20.229,0.2832,8.0116
115.3335,79.987,59.788,1.3378,1.3429,20.199,0.3389,9.8787
115.367,80.036,59.788,1.3387,1.3429,20.248,0.2823,2.8262
115.3988,79.975,59.788,1.3376,1.3429,20.187,0.489,4.5953
115.4299,80.024,59.788,1.3385,1.3429,20.236,0.3455,15.796
115.4612,80.041,59.788,1.3387,1.3429,20.253,0.1429,7.5655
115.4933,79.97,59.788,1.3376,1.3429,20.182,0.1489,9.2278
115.5252,79.981,59.788,1.3377,1.3429,20.193,0.1383,1.1329
115.5569,79.989,59.788,1.3379,1.3429,20.2,0.1387,2.4946
115.5885,79.991,59.788,1.3379,1.3429,20.202,0.1444,14.8986
115.6211,79.98,59.788,1.3377,1.3429,20.192,0.1406,3.916
115.6527,80.008,59.788,1.3382,1.3429,20.22,0.1828,9.2917
115.6866,79.999,59.788,1.338,1.3429,20.21,0.17,1.9255
115.7176,80.03,59.788,1.3386,1.3429,20.242,0.304,2.844
115.7492,79.986,59.788,1.3378,1.3429,20.198,0.3437,14.7724
115.783,80.017,59.788,1.3383,1.3429,20.229,0.3552,9.2619
115.8126,80.011,59.788,1.3382,1.3429,20.223,0.166,8.6447
115.8448,79.994,59.788,1.338,1.3429,20.206,0.1588,1.2887
115.877,79.989,59.788,1.3379,1.3429,20.2,0.1585,2.8816
115.9091,79.981,59.788,1.3377,1.3429,20.192,0.1624,15.0937
115.9409,79.979,59.788,1.3377,1.3429,20.191,0.2501,6.4583
115.9731,80.014,59.788,1.3383,1.3429,20.226,0.2702,18.6366
116.0061,79.984,59.788,1.3378,1.3429,20.196,0.2654,2.2078
116.037,79.989,59.788,1.3379,1.3429,20.201,0.2818,2.6223
116.0697,80.054,59.788,1.339,1.3429,20.265,0.3331,3.9659
116.1017,79.988,59.788,1.3379,1.3429,20.2,0.3263,8.1935
116.134,80.017,59.788,1.3383,1.3429,20.228,0.3738,10.5175
116.1663,80.0,59.788,1.3381,1.3429,20.212,0.3692,1.5393
116.1973,79.937,59.788,1.337,1.3429,20.149,0.3785,3.4371
116.2303,80.005,59.788,1.3381,1.3429,20.217,0.5573,6.6907
116.2613,80.091,59.788,1.3396,1.3429,20.303,0.8185,7.815
116.2931,79.881,59.788,1.3361,1.3429,20.093,0.1659,9.2485
116.3251,79.95,59.788,1.3372,1.3429,20.162,0.1657,1.483
116.3567,80.002,59.788,1.3381,1.3429,20.214,0.1622,2.9683
116.3893,79.925,59.788,1.3368,1.3429,20.137,0.1575,5.1326
116.4207,80.003,59.788,1.3381,1.3429,20.215,0.1686,16.8045
116.4536,80.014,59.788,1.3383,1.3429,20.226,0.1772,19.26
116.4861,79.926,59.788,1.3368,1.3429,20.137,0.1943,12.3526
116.5182,79.996,59.788,1.338,1.3429,20.208,0.3879,3.2626
116.5513,80.008,59.788,1.3382,1.3429,20.22,2.4369,6.9747
116.5812,79.994,59.788,1.338,1.3429,20.206,0.3002,7.461
116.6138,80.019,59.788,1.3384,1.3429,20.231,0.4629,9.9877
116.6456,80.011,59.788,1.3382,1.3429,20.223,0.168,1.3103
116.6766,80.015,59.788,1.3383,1.3429,20.226,0.1578,2.9765
116.7091,80.071,59.788,1.3392,1.3429,20.283,0.1623,15.3501
116.7412,79.943,59.788,1.3371,1.3429,20.155,0.2419,6.6603
116.773,80.038,59.788,1.3387,1.3429,20.25,0.2579,18.6792
116.8065,80.022,59.788,1.3384,1.3429,20.233,0.2633,2.4533
116.837,80.08,59.788,1.3394,1.3429,20.291,0.2603,2.6425
116.8695,79.975,59.788,1.3376,1.3429,20.186,0.2945,4.3442
116.9013,80.011,59.788,1.3382,1.3429,20.223,0.3399,7.8667
116.9338,79.992,59.788,1.3379,1.3429,20.204,0.3237,10.3732
116.9663,79.993,59.788,1.3379,1.3429,20.205,0.3245,1.536
116.9988,79.969,59.788,1.3375,1.3429,20.18,0.403,5.0583
117.029,79.985,59.788,1.3378,1.3429,20.197,0.1541,14.1604
117.0613,80.05,59.788,1.3389,1.3429,20.262,0.1657,7.8573
117.0935,80.005,59.788,1.3381,1.3429,20.217,0.1678,8.7987
117.1259,79.951,59.788,1.3372,1.3429,20.162,0.1641,1.4412
117.1573,80.029,59.788,1.3385,1.3429,20.24,0.2409,3.5659
117.1896,79.98,59.788,1.3377,1.3429,20.192,0.2379,5.4751
117.2211,79.998,59.788,1.338,1.3429,20.21,0.2719,16.7202
117.2532,79.983,59.788,1.3378,1.3429,20.195,0.2965,9.4526
117.2862,79.985,59.788,1.3378,1.3429,20.196,0.2703,2.086
117.3176,79.987,59.788,1.3378,1.3429,20.199,0.3523,2.7922
117.3495,80.021,59.788,1.3384,1.3429,20.233,0.484,15.3639
117.3814,79.942,59.788,1.3371,1.3429,20.154,0.3358,7.7494
117.4139,79.989,59.788,1.3379,1.3429,20.201,0.6096,9.5741
117.4452,80.032,59.788,1.3386,1.3429,20.244,0.1515,1.2167
117.4771,79.995,59.788,1.338,1.3429,20.206,0.1577,3.5665
117.5093,79.965,59.788,1.3375,1.3429,20.177,0.1598,5.7771
117.5406,80.028,59.788,1.3385,1.3429,20.24,0.1569,5.997
117.5731,79.934,59.788,1.337,1.3429,20.146,0.157,19.3489
117.6053,79.982,59.788,1.3378,1.3429,20.194,0.1526,0.8162
117.6367,79.995,59.788,1.338,1.3429,20.207,0.1516,1.7229
117.6689,79.982,59.788,1.3378,1.3429,20.194,0.192,4.3285
117.7012,80.037,59.788,1.3387,1.3429,20.249,0.2261,6.8289
117.7344,80.021,59.788,1.3384,1.3429,20.233,0.8893,9.976
117.7681,79.988,59.788,1.3378,1.3429,20.199,0.4039,3.4829
117.7974,79.991,59.788,1.3379,1.3429,20.203,0.3886,3.1177
117.8286,80.031,59.788,1.3386,1.3429,20.243,0.1566,4.9387
117.8606,80.115,59.788,1.34,1.3429,20.327,0.1642,6.7171
117.8928,80.073,59.788,1.3393,1.3429,20.285,0.1673,8.2459
117.925,79.96,59.788,1.3374,1.3429,20.172,0.1665,1.5077
117.9566,80.097,59.788,1.3397,1.3429,20.309,0.1657,2.9912
117.9886,79.974,59.788,1.3376,1.3429,20.186,0.1707,4.2483
118.0209,80.005,59.788,1.3381,1.3429,20.217,0.1769,6.3265
118.0531,79.989,59.788,1.3379,1.3429,20.2,0.174,9.3072
118.0863,80.001,59.788,1.3381,1.3429,20.213,0.1781,2.0797
118.1174,80.068,59.788,1.3392,1.3429,20.28,0.3206,2.7725
118.1494,80.031,59.788,1.3386,1.3429,20.242,0.3826,15.1259
118.1818,79.969,59.788,1.3375,1.3429,20.18,0.4071,7.7692
118.2134,80.052,59.788,1.3389,1.3429,20.263,0.1648,9.2636
118.2448,80.034,59.788,1.3386,1.3429,20.246,0.1552,8.3849
118.2769,79.995,59.788,1.338,1.3429,20.206,0.1618,3.1302
118.3093,80.026,59.788,1.3385,1.3429,20.238,0.1676,15.3106
118.3413,80.003,59.788,1.3381,1.3429,20.215,0.1874,17.8372
118.3734,79.993,59.788,1.3379,1.3429,20.204,0.1655,19.7812
118.4061,80.01,59.788,1.3382,1.3429,20.222,0.1866,11.7517
118.4373,79.935,59.788,1.337,1.3429,20.147,0.2656,2.647
118.4709,79.976,59.788,1.3376,1.3429,20.187,0.3144,17.1482
118.5013,80.062,59.788,1.3391,1.3429,20.274,0.2809,7.7331
118.535,79.985,59.788,1.3378,1.3429,20.197,0.2811,11.4702
118.5658,80.005,59.788,1.3381,1.3429,20.217,0.272,2.1087
118.5975,79.998,59.788,1.338,1.3429,20.209,0.4367,3.376
118.6289,79.956,59.788,1.3373,1.3429,20.168,0.1988,4.8521
118.6613,80.02,59.788,1.3384,1.3429,20.232,0.1574,7.7473
118.6932,80.003,59.788,1.3381,1.3429,20.215,0.16,18.6307
118.725,80.033,59.788,1.3386,1.3429,20.245,0.1558,1.3216
118.7574,80.068,59.788,1.3392,1.3429,20.28,0.1542,3.7617
118.7897,79.993,59.788,1.3379,1.3429,20.205,0.8238,5.4869
118.8207,79.955,59.788,1.3373,1.3429,20.167,0.1563,16.7402
118.853,79.991,59.788,1.3379,1.3429,20.203,0.1985,18.395
118.886,79.932,59.788,1.3369,1.3429,20.144,0.1538,1.7401
118.918,80.035,59.788,1.3386,1.3429,20.247,0.3031,2.952
118.9492,79.936,59.788,1.337,1.3429,20.148,0.361,5.1092
118.9815,79.979,59.788,1.3377,1.3429,20.19,0.3316,7.691
119.0138,79.983,59.788,1.3378,1.3429,20.194,0.2964,9.1139
119.0452,80.032,59.788,1.3386,1.3429,20.244,0.1508,1.1757
119.0765,80.0,59.788,1.3381,1.3429,20.212,0.1657,2.6446
119.109,79.95,59.788,1.3372,1.3429,20.162,0.1597,14.6618
119.1407,79.964,59.788,1.3374,1.3429,20.175,0.1697,6.0615
119.1731,79.961,59.788,1.3374,1.3429,20.172,0.1631,19.1614
119.2054,80.094,59.788,1.3396,1.3429,20.305,0.1609,1.5375
119.2368,80.042,59.788,1.3388,1.3429,20.254,0.1999,2.3765
119.2694,80.018,59.788,1.3384,1.3429,20.23,0.1706,4.6011
119.3029,80.017,59.788,1.3383,1.3429,20.229,0.2783,18.695
119.3336,79.989,59.788,1.3379,1.3429,20.201,0.4191,9.6529
119.368,80.023,59.788,1.3384,1.3429,20.234,0.3531,2.4559
119.3982,79.919,59.788,1.3367,1.3429,20.131,0.5588,4.7075
119.4288,79.94,59.788,1.337,1.3429,20.151,0.1544,4.5421
119.4614,79.975,59.788,1.3376,1.3429,20.187,0.1636,26.9588
119.4928,80.008,59.788,1.3382,1.3429,20.219,0.1648,8.4824
119.5252,80.016,59.788,1.3383,1.3429,20.228,0.1569,1.3759
119.5565,79.982,59.788,1.3378,1.3429,20.194,0.1599,2.8262
119.5887,80.001,59.788,1.3381,1.3429,20.213,0.1633,4.2481
119.6207,79.982,59.788,1.3377,1.3429,20.193,0.1757,6.201
119.6527,79.963,59.788,1.3374,1.3429,20.175,0.1694,17.9545
119.686,79.969,59.788,1.3375,1.3429,20.181,0.1841,1.9529
119.7186,79.962,59.788,1.3374,1.3429,20.174,0.1647,14.7824
119.7497,80.041,59.788,1.3387,1.3429,20.253,0.2833,14.8816
119.7822,80.038,59.788,1.3387,1.3429,20.249,0.5624,8.1101
119.8138,80.034,59.788,1.3386,1.3429,20.246,0.3179,9.6729
119.8458,79.998,59.788,1.338,1.3429,20.21,0.1812,1.6907
119.877,80.018,59.788,1.3384,1.3429,20.229,0.165,3.4093
119.9089,79.966,59.788,1.3375,1.3429,20.178,0.1589,5.2485
119.941,80.02,59.788,1.3384,1.3429,20.232,0.2588,6.5266
119.9734,79.965,59.788,1.3375,1.3429,20.177,0.2651,19.8841
120.0062,80.079,59.788,1.3394,1.3429,20.291,0.2646,2.0718
120.0368,79.968,59.788,1.3375,1.3429,20.18,0.253,2.3807
120.0692,80.066,59.788,1.3392,1.3429,20.278,0.3971,4.3919
120.1013,80.007,59.788,1.3382,1.3429,20.219,0.3005,7.1848
120.1338,80.004,59.788,1.3381,1.3429,20.216,0.3495,9.8815
120.1687,79.929,59.788,1.3369,1.3429,20.141,0.3879,3.7346
120.1975,80.005,59.788,1.3381,1.3429,20.216,0.6159,3.5761
120.2297,79.975,59.788,1.3376,1.3429,20.186,0.1925,5.8921
120.2613,79.993,59.788,1.3379,1.3429,20.204,0.1634,17.7876
120.2933,80.066,59.788,1.3392,1.3429,20.278,0.1732,9.4246
120.3263,80.043,59.788,1.3388,1.3429,20.255,0.1618,1.8653
120.3568,79.988,59.788,1.3379,1.3429,20.2,0.2619,2.9429
120.3897,80.043,59.788,1.3388,1.3429,20.254,0.2556,4.6891
120.4212,79.977,59.788,1.3377,1.3429,20.189,0.282,17.595
120.4535,79.963,59.788,1.3374,1.3429,20.175,0.3824,9.5097
120.4864,79.986,59.788,1.3378,1.3429,20.198,0.2572,2.1935
120.5178,79.998,59.788,1.338,1.3429,20.21,0.3825,3.5824
120.5509,80.053,59.788,1.3389,1.3429,20.265,0.3877,16.1499
120.5818,80.046,59.788,1.3388,1.3429,20.258,0.3786,8.0759
120.6142,80.103,59.788,1.3398,1.3429,20.315,0.6203,20.2583
120.6448,79.967,59.788,1.3375,1.3429,20.179,0.1525,1.3618
120.677,80.005,59.788,1.3381,1.3429,20.217,0.1609,12.8552
120.7092,79.997,59.788,1.338,1.3429,20.209,0.161,4.7677
120.7414,80.008,59.788,1.3382,1.3429,20.22,0.1614,4.7794
120.7732,80.057,59.788,1.339,1.3429,20.268,0.1669,18.9255
120.8052,80.03,59.788,1.3386,1.3429,20.242,0.1613,1.6586
120.862,80.032,59.788,1.3386,1.3429,20.243,0.1449,0.7048
120.869,80.032,59.788,1.3386,1.3429,20.243,0.3146,7.7101
120.9017,79.996,59.788,1.338,1.3429,20.208,0.4473,19.7664
120.9344,80.029,59.788,1.3385,1.3429,20.24,0.3889,12.2918
120.9663,80.026,59.788,1.3385,1.3429,20.237,0.4163,4.3197
