elapsed_time_s,target_speed_kmh,reference_speed_kmh,raw_factor,applied_factor,speed_difference_kmh,processing_time_ms,can_to_control_latency_ms
0.3375,16.163,149.973,0.3,0.9,133.811,1.0556,1.756
0.3728,16.288,149.875,0.3,0.8,133.587,0.8963,1.872
0.4023,16.665,149.754,0.3,0.7,133.089,0.7721,5.7776
0.4322,16.741,149.592,0.3,0.6,132.851,0.4734,5.8767
0.4641,17.045,149.393,0.3,0.5,132.349,0.4694,7.3174
0.4971,17.133,149.176,0.3,0.4,132.043,0.7122,10.3652
0.5295,17.162,148.974,0.3,0.35,131.812,0.542,2.8558
0.5605,17.378,148.78,0.3,0.325,131.402,0.4424,3.9213
0.5922,17.563,148.578,0.3,0.3125,131.016,0.4984,5.7817
0.6245,17.748,148.361,0.3,0.3125,130.613,0.1946,7.8892
0.656,17.863,148.135,0.3,0.3125,130.273,0.3283,9.9815
0.6895,18.024,147.876,0.3,0.3125,129.852,0.3245,3.19
0.7198,18.31,147.628,0.3,0.3125,129.318,0.2718,3.1885
0.7518,18.432,147.35,0.3,0.3125,128.919,0.1698,5.6459
0.7835,18.516,147.065,0.3,0.3125,128.549,0.1695,7.2829
0.8159,18.735,146.763,0.3,0.3125,128.028,0.1675,8.9676
0.8487,18.919,146.45,0.3,0.3125,127.531,0.1807,2.0786
0.8798,19.109,146.151,0.3,0.3125,127.042,0.2614,3.02
0.9118,19.26,145.84,0.3,0.3125,126.58,0.2909,5.2657
0.9438,19.472,145.53,0.3,0.3125,126.058,0.2876,7.5425
0.9766,19.572,145.209,0.3,0.3125,125.637,0.3135,10.3401
1.0091,19.78,144.889,0.3,0.3125,125.109,0.3233,2.5288
1.0406,19.956,144.575,0.3,0.3125,124.619,0.344,4.7677
1.0726,20.177,144.252,0.3,0.3125,124.075,0.3214,6.454
1.1042,20.261,143.932,0.3,0.3125,123.671,0.4777,7.5913
1.136,20.362,143.602,0.3,0.3125,123.239,0.1778,10.0975
1.1677,20.607,143.274,0.3,0.3125,122.667,0.1628,1.4938
1.1997,20.71,142.942,0.3,0.3125,122.232,0.1597,2.9796
1.2319,20.756,142.607,0.3,0.3125,121.85,0.1658,6.0857
1.2642,20.861,142.27,0.3,0.3125,121.409,0.1665,7.7869
1.2957,20.879,141.943,0.3,0.3125,121.064,0.1689,9.7181
1.328,20.872,141.606,0.3,0.3125,120.734,0.1656,1.6115
1.3597,20.922,141.278,0.3,0.3125,120.356,0.2114,2.4077
1.3922,20.912,140.94,0.3,0.3125,120.027,0.2297,5.128
1.4248,20.901,140.6,0.3,0.3125,119.699,0.2899,8.605
1.4563,20.829,140.272,0.3,0.3125,119.443,0.3322,9.5971
1.4881,20.742,139.94,0.3,0.3125,119.198,0.3188,2.3302
1.52,20.759,139.608,0.3,0.3125,118.849,0.3671,3.4921
1.5516,20.762,139.274,0.3,0.3125,118.512,0.1682,5.2139
1.5838,20.595,138.935,0.3,0.3125,118.34,0.1728,7.4359
1.6158,20.61,138.595,0.3,0.3125,117.986,0.1733,8.7196
1.6486,20.516,138.245,0.3,0.3125,117.729,0.1643,1.8368
1.6798,20.476,137.913,0.3,0.3125,117.437,0.2606,3.286
1.7121,20.414,137.566,0.3,0.3125,117.152,0.1644,5.2149
1.7442,20.344,137.223,0.3,0.3125,116.88,0.2768,7.4077
1.7761,20.302,136.882,0.3,0.3125,116.579,0.2899,10.1611
1.8091,20.143,136.529,0.3,0.3125,116.386,0.3441,2.8957
1.84,20.133,136.198,0.3,0.3125,116.065,0.3284,3.9845
1.8732,20.085,135.844,0.3,0.3125,115.759,0.4687,6.9126
1.9052,20.039,135.503,0.3,0.3125,115.463,0.4002,8.5295
1.9364,20.023,135.168,0.3,0.3125,115.145,0.2543,10.1052
1.9678,19.952,134.834,0.3,0.3125,114.882,0.1664,1.5454
1.9999,19.92,134.494,0.3,0.3125,114.573,0.2092,3.0447
2.0316,19.893,134.157,0.3,0.3125,114.264,0.1688,4.8457
2.0644,19.894,133.81,0.3,0.3125,113.916,0.2187,8.326
2.0966,19.879,133.469,0.3,0.3125,113.59,0.2712,10.2079
2.1289,19.853,133.125,0.3,0.3125,113.271,0.1668,2.3822
2.1609,19.856,132.787,0.3,0.3125,112.931,0.2758,2.7101
2.1921,19.85,132.456,0.3,0.3125,112.606,0.2806,5.0994
2.2245,19.84,132.111,0.3,0.3125,112.272,0.1652,8.5922
2.2568,19.856,131.771,0.3,0.3125,111.915,0.3792,10.0546
2.2907,19.848,131.41,0.3,0.3125,111.562,0.3102,3.8317
2.3208,19.873,131.092,0.3,0.3125,111.218,0.3387,4.5321
2.3519,19.787,130.759,0.3,0.3125,110.971,0.164,5.2195
2.3841,19.869,130.418,0.3,0.3125,110.549,0.1643,6.8497
2.4166,19.902,130.072,0.3,0.3125,110.17,0.1797,9.5398
2.4501,19.887,129.715,0.3,0.3125,109.828,0.1664,3.6605
2.4798,19.828,129.4,0.3,0.3125,109.571,0.1608,3.3544
2.5126,19.906,127.153,0.3,0.3125,107.247,0.6315,6.2018
2.5437,19.916,126.817,0.3,0.3125,106.901,0.166,7.63
2.5758,20.054,126.474,0.3,0.3125,106.42,0.1641,9.3447
2.6087,20.071,126.123,0.3,0.3125,106.052,0.1623,1.8363
2.6398,20.039,125.792,0.3,0.3125,105.753,0.3238,3.4633
2.6727,19.928,125.44,0.3,0.3125,105.512,0.3658,6.7802
2.7044,20.03,125.102,0.3,0.3125,105.072,0.3253,8.2949
2.7356,20.04,124.766,0.3,0.3125,104.726,0.1691,9.2852
2.768,20.083,124.42,0.3,0.3125,104.337,0.1644,1.5225
2.8004,20.049,124.073,0.3,0.3125,104.024,0.2163,4.3525
2.8319,20.076,123.737,0.3,0.3125,103.661,0.2693,5.6123
2.8641,20.049,123.392,0.3,0.3125,103.343,0.2567,7.2905
2.8962,20.032,123.049,0.3,0.3125,103.017,0.2659,9.9744
2.9277,20.056,122.711,0.3,0.3125,102.655,0.1632,1.6624
2.9613,20.065,122.352,0.3,0.3125,102.286,0.1686,3.9695
2.9923,20.016,122.02,0.3,0.3125,102.004,0.168,6.3544
3.0241,20.019,121.681,0.3,0.3125,101.662,0.3165,7.8179
3.0563,20.03,121.337,0.3,0.3125,101.307,0.3175,9.9785
3.0881,20.038,120.995,0.3,0.3125,100.958,0.1662,2.0103
3.1211,19.979,120.648,0.3,0.3125,100.669,0.5856,4.9388
3.152,20.017,120.312,0.3,0.3125,100.295,0.16,5.9698
3.1843,20.028,119.968,0.3,0.3125,99.94,0.1616,7.8933
3.216,19.954,119.629,0.3,0.3125,99.675,0.1613,8.4239
3.2476,19.959,119.292,0.3,0.3125,99.333,0.161,1.5284
3.2802,20.028,118.944,0.3,0.3125,98.916,0.1612,4.1426
3.3122,20.023,118.605,0.3,0.3125,98.582,0.3199,5.6519
3.3437,19.988,118.266,0.3,0.3125,98.278,0.165,7.6227
3.3761,20.004,117.921,0.3,0.3125,97.917,0.1652,10.1354
3.4092,19.995,117.568,0.3,0.3125,97.573,0.1941,2.7051
3.4399,19.994,117.242,0.3,0.3125,97.248,0.3082,2.8329
3.4726,19.972,116.894,0.3,0.3125,96.921,0.3254,6.2561
3.5049,19.996,116.55,0.3,0.3125,96.554,0.3628,7.998
3.5364,19.952,116.212,0.3,0.3125,96.26,0.2064,9.9468
3.5679,19.979,115.877,0.3,0.3125,95.898,0.1661,1.5832
3.5995,19.994,115.54,0.3,0.3125,95.546,0.1612,2.6754
3.6324,20.034,115.19,0.3,0.3125,95.155,0.1633,5.9727
3.6646,19.965,114.847,0.3,0.3125,94.882,0.2564,7.7575
3.6966,20.027,114.507,0.3,0.3125,94.48,0.2633,10.2437
3.7287,19.973,114.164,0.3,0.3125,94.192,0.1616,2.1904
3.7606,19.982,113.826,0.3,0.3125,93.843,0.2844,4.4404
3.7924,19.987,113.488,0.3,0.3125,93.501,0.3473,6.5278
3.8249,20.034,113.141,0.3,0.3125,93.107,0.2988,8.7242
3.8569,20.002,112.801,0.3,0.3125,92.799,0.3617,10.5529
3.8906,19.983,112.443,0.3,0.3125,92.46,0.3079,3.714
3.9198,20.02,112.132,0.3,0.3125,92.112,0.3227,3.2575
3.9522,20.013,111.786,0.3,0.3125,91.773,0.1618,5.4916
3.9838,19.959,111.45,0.3,0.3125,91.492,0.166,7.1734
4.0162,20.014,111.106,0.3,0.3125,91.093,0.1645,9.1523
4.0484,20.044,110.764,0.3,0.3125,90.72,0.1619,2.0389
4.0796,20.056,110.433,0.3,0.3125,90.377,0.2638,3.108
4.1119,19.994,110.09,0.3,0.3125,90.097,0.2737,5.1927
4.1443,20.042,109.746,0.3,0.3125,89.704,0.2747,7.8798
4.1766,20.049,109.403,0.3,0.3125,89.354,0.2799,10.4819
4.2095,20.035,109.054,0.3,0.3125,89.019,0.2747,2.5263
4.2431,19.962,108.699,0.3,0.3125,88.737,0.3625,7.2315
4.2729,19.998,108.384,0.3,0.3125,88.385,0.3573,6.9168
4.3045,19.982,108.052,0.3,0.3125,88.071,0.5488,7.9192
4.336,19.975,107.717,0.3,0.3125,87.742,0.1881,10.1115
4.3674,20.026,107.388,0.3,0.3125,87.362,0.1616,1.5651
4.3996,20.027,107.053,0.3,0.3125,87.026,0.1612,3.212
4.4324,19.959,106.713,0.3,0.3125,86.754,0.1617,6.1236
4.4643,20.003,106.386,0.3,0.3125,86.383,0.2652,7.5298
4.4964,19.968,106.058,0.3,0.3125,86.09,0.2817,10.1566
4.5289,20.051,105.728,0.3,0.3125,85.677,0.2617,2.3723
4.5598,19.961,105.417,0.3,0.3125,85.456,0.2939,2.8294
4.5925,20.021,105.093,0.3,0.3125,85.072,0.4706,6.2015
4.6247,20.005,104.771,0.3,0.3125,84.765,0.2889,8.1309
4.6562,19.96,104.461,0.3,0.3125,84.501,0.3049,9.7775
4.6888,20.024,104.143,0.3,0.3125,84.118,0.318,2.8461
4.72,20.027,103.841,0.3,0.3125,83.814,0.3536,3.2953
4.7516,20.001,103.535,0.3,0.3125,83.534,0.1607,4.9674
4.7837,20.016,103.229,0.3,0.3125,83.213,0.1618,7.2356
4.8158,19.952,102.925,0.3,0.3125,82.973,0.1662,9.016
4.8482,20.037,102.62,0.3,0.3125,82.583,0.1633,1.4994
4.8802,19.996,102.323,0.3,0.3125,82.327,0.1598,4.0782
4.9123,20.031,102.027,0.3,0.3125,81.995,0.1612,5.5781
4.9441,19.995,101.735,0.3,0.3125,81.74,0.184,7.8982
4.9762,19.999,101.443,0.3,0.3125,81.444,0.1647,9.4467
5.0092,19.93,101.145,0.3,0.3125,81.215,0.1947,2.5289
5.041,19.963,100.117,0.3,0.3125,80.154,1.2226,4.8457
5.0729,20.004,99.833,0.3,0.3125,79.829,0.3048,6.6413
5.1045,20.004,99.563,0.3,0.3125,79.559,0.5371,7.9201
5.1363,20.022,99.289,0.3,0.3125,79.267,0.2739,10.2901
5.1685,20.02,99.017,0.3,0.3125,78.997,0.2129,2.0796
5.2002,20.015,98.751,0.3,0.3125,78.736,0.1866,3.8303
5.2319,19.975,98.487,0.3,0.3125,78.513,0.1853,5.7109
5.2638,19.999,98.223,0.3,0.3125,78.224,0.1854,7.0677
5.296,20.003,97.961,0.3,0.3125,77.957,0.1913,8.8171
5.3286,19.988,97.696,0.3,0.3125,77.708,0.182,1.8905
5.3597,20.016,97.445,0.3,0.3125,77.429,0.1868,2.9001
5.3926,20.02,97.183,0.3,0.3125,77.163,0.2719,5.6502
5.4244,19.989,96.93,0.3,0.3125,76.941,0.2636,8.1104
5.4566,20.04,96.677,0.3,0.3125,76.637,0.3533,10.366
5.49,20.01,96.415,0.3,0.3125,76.405,0.3543,2.9782
5.5198,20.044,96.183,0.3,0.3125,76.14,0.2245,3.5862
5.5519,19.96,95.935,0.3,0.3125,75.975,0.2,5.7383
5.5839,20.045,95.69,0.3,0.3125,75.645,0.192,7.3
5.616,20.002,95.446,0.3,0.3125,75.443,0.1899,9.0086
5.6489,20.035,95.197,0.3,0.3125,75.162,0.1882,2.0406
5.68,19.992,94.964,0.3,0.3125,74.972,0.271,3.4471
5.7118,20.019,94.727,0.3,0.3125,74.707,0.2908,4.9196
5.7447,20.044,94.483,0.3,0.3125,74.439,0.2894,7.7691
5.776,19.961,94.253,0.3,0.3125,74.292,0.3104,9.6214
5.8088,20.028,94.013,0.3,0.3125,73.985,0.2933,2.7422
5.8415,20.04,93.777,0.3,0.3125,73.737,0.406,4.799
5.8725,19.942,93.553,0.3,0.3125,73.611,0.3215,5.7244
5.9041,20.026,93.327,0.3,0.3125,73.301,0.3403,8.2783
5.936,20.003,93.098,0.3,0.3125,73.095,0.1986,9.3919
5.9678,19.959,92.873,0.3,0.3125,72.914,0.1802,1.7237
6.0015,19.972,92.637,0.3,0.3125,72.665,0.1898,5.0821
6.0325,20.011,92.421,0.3,0.3125,72.41,0.3025,5.8535
6.0639,20.04,92.203,0.3,0.3125,72.163,0.2908,7.1155
6.0963,19.981,91.98,0.3,0.3125,71.998,0.285,9.3149
6.1295,19.994,91.752,0.3,0.3125,71.759,0.2792,2.7357
6.1607,19.985,91.54,0.3,0.3125,71.555,0.3162,4.5383
6.1918,20.05,91.329,0.3,0.3125,71.279,0.2704,5.0727
6.2241,19.949,91.112,0.3,0.3125,71.163,0.3378,8.2102
6.2564,20.003,90.896,0.3,0.3125,70.893,0.3351,10.3097
6.2892,19.967,90.679,0.3,0.3125,70.712,0.3869,3.1872
6.3202,19.941,90.493,0.3,0.3125,70.552,0.3757,3.6368
6.3522,19.997,90.33,0.3,0.3125,70.334,0.1784,6.2388
6.3839,20.038,90.18,0.3,0.3125,70.142,0.1867,7.4225
6.4163,19.998,90.025,0.3,0.3125,70.027,0.1809,6.5897
6.4481,19.953,89.873,0.3,0.3125,69.92,0.1792,1.7849
6.4796,20.002,89.722,0.3,0.3125,69.721,0.1827,2.6727
6.5123,20.011,89.565,0.3,0.3125,69.554,0.1856,5.682
6.5445,19.94,89.41,0.3,0.3125,69.47,0.1855,7.3139
6.5764,20.013,89.254,0.3,0.3125,69.241,0.192,10.3513
6.6087,20.008,89.095,0.3,0.3125,69.088,0.2067,2.4806
6.6401,20.06,88.94,0.3,0.3125,68.88,0.3408,3.8055
6.6728,19.977,88.776,0.3,0.3125,68.799,0.361,6.7459
6.7049,19.996,88.615,0.3,0.3125,68.618,0.4766,8.6866
6.7358,20.02,88.456,0.3,0.3125,68.436,0.1889,9.1938
6.7677,19.961,88.292,0.3,0.3125,68.331,0.1799,1.7563
6.8003,19.961,88.125,0.3,0.3125,68.163,0.1959,4.1267
6.8319,20.047,87.96,0.3,0.3125,67.914,0.1889,5.2557
6.8647,19.982,87.789,0.3,0.3125,67.807,0.1994,8.614
6.8972,20.005,87.62,0.3,0.3125,67.615,0.3201,10.6582
6.9337,20.045,87.428,0.3,0.3125,67.382,0.3021,7.0144
6.9598,20.058,87.289,0.3,0.3125,67.231,0.1624,3.5257
6.9922,19.966,87.119,0.3,0.3125,67.153,0.3205,6.0786
7.026,20.025,86.94,0.3,0.3125,66.915,0.3728,3.3542
7.0578,20.026,86.771,0.3,0.3125,66.744,0.2816,11.5831
7.0883,20.015,86.608,0.3,0.3125,66.593,0.2965,1.3665
7.1204,19.976,86.438,0.3,0.3125,66.462,0.408,4.2253
7.1524,19.972,86.265,0.3,0.3125,66.294,0.1501,5.8336
7.1844,19.97,86.094,0.3,0.3125,66.124,0.1535,7.9987
7.2162,19.985,85.924,0.3,0.3125,65.939,0.1628,9.2587
7.248,19.996,85.753,0.3,0.3125,65.757,0.1498,1.8355
7.2805,20.001,85.579,0.3,0.3125,65.578,0.2359,4.1933
7.3118,19.981,85.411,0.3,0.3125,65.43,0.2286,5.1545
7.3438,19.997,85.239,0.3,0.3125,65.242,0.2577,6.6434
7.3761,20.004,85.066,0.3,0.3125,65.061,0.2762,10.1632
7.4082,20.029,84.892,0.3,0.3125,64.863,0.1816,1.3667
7.44,19.967,84.722,0.3,0.3125,64.755,0.3098,3.3412
7.4721,20.025,84.549,0.3,0.3125,64.523,0.3103,5.47
7.504,20.042,84.377,0.3,0.3125,64.335,0.3337,7.2478
7.5361,19.979,84.204,0.3,0.3125,64.225,0.1622,9.8344
7.5686,19.949,83.287,0.3,0.3125,63.339,0.4274,1.9528
7.6001,19.969,83.117,0.3,0.3125,63.148,0.1555,3.8126
7.6334,20.022,82.938,0.3,0.3125,62.916,0.1585,7.0142
7.664,20.004,82.774,0.3,0.3125,62.77,0.2404,7.2241
7.6959,19.999,82.603,0.3,0.3125,62.605,0.2396,9.18
7.7284,20.019,82.429,0.3,0.3125,62.41,0.2405,2.1101
7.7603,19.965,82.259,0.3,0.3125,62.294,0.3199,4.3255
7.7924,20.028,82.087,0.3,0.3125,62.059,0.2629,5.3601
7.8239,20.024,81.919,0.3,0.3125,61.895,0.2983,8.0665
7.8567,20.005,81.745,0.3,0.3125,61.739,0.3033,10.0332
7.8882,19.964,81.577,0.3,0.3125,61.613,0.3572,2.3318
7.9206,20.066,81.404,0.3,0.3125,61.339,0.3277,4.1075
7.9521,20.058,81.236,0.3,0.3125,61.178,0.1539,5.8091
7.9841,19.943,81.066,0.3,0.3125,61.123,0.1548,7.7682
8.0159,20.044,80.898,0.3,0.3125,60.854,0.27,9.6741
8.0486,19.987,80.724,0.3,0.3125,60.737,0.1635,0.7383
8.08,20.044,80.559,0.3,0.3125,60.515,0.2354,3.2656
8.1119,20.065,80.39,0.3,0.3125,60.325,0.1549,5.0751
8.1438,19.947,80.222,0.3,0.3125,60.274,0.1657,7.2151
8.1759,20.06,80.053,0.3,0.3125,59.993,0.1899,9.9084
8.2083,20.058,79.883,0.3,0.3125,59.824,0.1658,2.0623
8.2401,19.962,79.716,0.3,0.3125,59.754,0.2669,1.4029
8.2722,20.009,79.548,0.3,0.3125,59.539,0.3028,6.309
8.3049,19.984,79.377,0.3,0.3125,59.392,0.3082,8.5758
8.3359,20.024,79.214,0.3,0.3125,59.19,0.1588,9.0794
8.3706,19.971,79.037,0.3,0.3125,59.066,0.794,1.372
8.4001,19.998,78.879,0.3,0.3125,58.882,0.1533,3.9356
8.4319,19.913,78.714,0.3,0.3125,58.801,0.151,4.968
8.4644,19.94,78.546,0.3,0.3125,58.606,0.2599,8.2699
8.496,20.031,78.382,0.3,0.3125,58.35,0.1663,9.8581
8.528,20.027,78.216,0.3,0.3125,58.19,0.2473,1.2011
8.5615,19.997,78.043,0.3,0.3125,58.046,0.1632,4.4051
8.5922,19.987,77.885,0.3,0.3125,57.898,0.1801,5.1474
8.6245,20.015,77.719,0.3,0.3125,57.704,0.3047,8.2307
8.6569,19.966,77.552,0.3,0.3125,57.587,0.3736,10.6582
8.6901,20.012,77.383,0.3,0.3125,57.37,0.464,1.4543
8.7209,20.011,77.225,0.3,0.3125,57.213,0.542,3.6264
8.7524,20.002,77.062,0.3,0.3125,57.059,0.1523,5.922
8.7841,20.048,76.9,0.3,0.3125,56.851,0.1542,7.3377
8.8158,19.973,76.737,0.3,0.3125,56.764,0.1634,8.9049
8.8482,20.038,76.572,0.3,0.3125,56.534,0.1526,2.1508
8.8805,19.974,76.408,0.3,0.3125,56.434,0.2419,3.5908
8.912,20.003,76.248,0.3,0.3125,56.245,0.2677,5.1725
8.9438,20.006,76.086,0.3,0.3125,56.08,0.284,7.9383
8.9764,19.958,75.92,0.3,0.3125,55.962,0.2891,9.9319
9.0086,19.996,75.757,0.3,0.3125,55.761,0.2562,2.4159
9.0405,19.983,75.596,0.3,0.3125,55.613,0.2573,1.3342
9.0728,20.03,75.433,0.3,0.3125,55.403,0.3236,6.7497
9.1046,20.023,75.272,0.3,0.3125,55.249,0.3038,7.8429
9.1366,19.995,75.111,0.3,0.3125,55.116,0.234,9.9408
9.1681,20.003,74.952,0.3,0.3125,54.949,0.1429,1.6628
9.1997,19.95,74.793,0.3,0.3125,54.843,0.1488,3.7091
9.2319,20.002,74.631,0.3,0.3125,54.629,0.1489,5.7112
9.2643,19.986,74.468,0.3,0.3125,54.483,0.1505,7.9405
9.296,19.999,74.31,0.3,0.3125,54.311,0.1731,9.9042
9.3279,19.956,74.15,0.3,0.3125,54.194,0.1482,1.8155
9.3599,19.997,73.99,0.3,0.3125,53.993,0.1478,2.9614
9.3918,20.029,73.831,0.3,0.3125,53.802,0.2049,5.8847
9.4245,19.955,73.668,0.3,0.3125,53.713,0.173,7.775
9.4559,19.981,73.512,0.3,0.3125,53.531,0.3094,9.4384
9.4882,19.99,73.351,0.3,0.3125,53.361,0.2828,2.1509
9.5209,20.025,73.189,0.3,0.3125,53.165,0.3858,4.3733
9.5517,19.992,73.035,0.3,0.3125,53.043,0.1471,5.8153
9.5842,19.999,72.874,0.3,0.3125,52.875,0.1511,7.892
9.616,20.041,72.717,0.3,0.3125,52.676,0.1596,9.1418
9.648,20.008,72.559,0.3,0.3125,52.551,0.1498,1.9692
9.6803,20.004,72.399,0.3,0.3125,52.395,0.221,4.1092
9.7128,20.012,72.239,0.3,0.3125,52.227,0.2706,6.4065
9.7443,19.962,72.084,0.3,0.3125,52.121,0.2631,7.5092
9.7768,20.007,71.924,0.3,0.3125,51.917,0.2884,11.1151
9.8085,20.017,71.768,0.3,0.3125,51.751,0.2518,2.1241
9.8408,20.039,71.609,0.3,0.3125,51.57,0.2917,5.0026
9.8742,19.939,71.446,0.3,0.3125,51.507,0.3393,7.8356
9.9042,20.007,71.299,0.3,0.3125,51.292,0.2953,8.1598
9.936,20.04,71.142,0.3,0.3125,51.102,0.1579,9.8215
9.968,20.039,70.986,0.3,0.3125,50.946,0.1487,1.6495
10.0003,19.993,70.827,0.3,0.3125,50.834,0.1491,3.7228
10.0319,20.0,70.673,0.3,0.3125,50.673,0.1544,5.7084
10.0642,20.067,70.515,0.3,0.3125,50.449,0.1528,7.9376
10.0962,19.986,69.685,0.3,0.3125,49.699,0.611,9.4811
10.1279,20.056,69.528,0.3,0.3125,49.472,0.1483,1.7525
10.1601,20.009,69.373,0.3,0.3125,49.364,0.1512,3.0095
10.1923,20.01,69.217,0.3,0.3125,49.207,0.2012,4.5805
10.2244,20.024,69.062,0.3,0.3125,49.039,0.3041,7.1515
10.2568,20.008,68.905,0.3,0.3125,48.898,0.2974,10.3962
10.2887,20.042,68.751,0.3,0.3125,48.709,0.2972,2.3333
10.3205,19.92,68.599,0.3,0.3125,48.679,0.4667,4.1817
10.3519,20.002,68.446,0.3,0.3125,48.444,0.151,5.8345
10.3844,20.024,68.289,0.3,0.3125,48.266,0.1526,7.928
10.4162,19.957,68.137,0.3,0.3125,48.18,0.1613,10.023
10.448,20.003,67.984,0.3,0.3125,47.98,0.2364,1.1436
10.4802,20.071,67.829,0.3,0.3125,47.758,0.2362,3.2126
10.5126,20.035,67.674,0.3,0.3125,47.639,0.2469,6.2977
10.544,20.003,67.523,0.3,0.3125,47.52,0.2777,8.1245
10.5762,19.969,67.369,0.3,0.3125,47.399,0.2892,10.1676
10.6082,20.016,67.215,0.3,0.3125,47.2,0.3314,1.5527
10.6401,19.981,67.063,0.3,0.3125,47.081,0.2854,4.1251
10.6727,20.007,66.907,0.3,0.3125,46.9,0.3037,6.7709
10.7053,20.004,66.751,0.3,0.3125,46.747,0.4532,9.3421
10.7375,19.992,66.598,0.3002,0.3125,46.607,0.5416,10.9023
10.7675,19.934,66.453,0.3,0.3125,46.519,0.1488,1.7036
10.7997,19.992,66.3,0.3015,0.3125,46.307,0.1428,3.7391
10.8317,20.034,66.147,0.3029,0.3125,46.113,0.147,5.7884
10.8635,19.945,65.996,0.3022,0.3125,46.051,0.1515,6.9786
10.8959,19.957,65.842,0.3031,0.3125,45.884,0.1572,9.1712
10.9274,20.032,65.692,0.3049,0.3125,45.66,0.1452,0.749
10.9602,20.032,65.536,0.3057,0.3125,45.504,0.1484,3.9793
10.9925,19.958,65.382,0.3053,0.3125,45.424,0.1791,5.9886
11.0246,19.988,65.231,0.3064,0.3125,45.243,0.3926,7.4421
11.0566,20.035,65.079,0.3079,0.3125,45.044,0.2884,10.3041
11.0885,20.002,64.928,0.3081,0.3125,44.926,0.3493,2.3824
11.1207,20.041,64.775,0.3094,0.3125,44.734,0.3169,4.1393
11.1516,20.0,64.628,0.3095,0.3125,44.629,0.1571,4.8142
11.184,20.007,64.475,0.3103,0.3125,44.469,0.1484,7.8611
11.2157,20.037,64.325,0.3115,0.3125,44.288,0.1474,8.9699
11.2482,20.029,64.172,0.3121,0.3125,44.142,0.1456,1.9734
11.2802,20.067,64.021,0.3134,0.3125,43.954,0.2138,4.0495
11.3125,19.929,63.868,0.312,0.3125,43.939,0.2163,6.1638
11.3444,19.993,63.718,0.3138,0.3125,43.725,0.2719,7.5119
11.3761,20.005,63.569,0.3147,0.3125,43.563,0.2689,10.0156
11.408,20.012,63.418,0.3156,0.3125,43.406,0.241,1.3043
11.4402,19.965,63.267,0.3156,0.3125,43.302,0.2576,3.2471
11.4721,19.98,63.117,0.3166,0.3125,43.137,0.3172,6.2392
11.5042,20.002,62.966,0.3177,0.3125,42.964,0.4143,8.2658
11.5359,19.978,62.816,0.318,0.3125,42.839,0.1436,9.7482
11.5681,20.019,62.665,0.3195,0.3125,42.646,0.1394,1.6533
11.6004,20.035,62.513,0.3205,0.3125,42.479,0.1388,4.6453
11.6323,19.968,62.363,0.3202,0.3125,42.396,0.1406,5.7141
11.664,19.998,62.215,0.3214,0.3125,42.217,0.1431,7.8518
11.6961,19.991,62.064,0.3221,0.3125,42.074,0.1498,9.7995
11.7275,20.056,61.918,0.3239,0.3125,41.861,0.142,0.7293
11.7602,19.961,61.764,0.3232,0.3125,41.804,0.1416,3.8822
11.7916,20.034,61.617,0.3251,0.3125,41.584,0.1749,5.0082
11.8247,20.033,61.463,0.3259,0.3125,41.429,0.1938,8.0176
11.8565,19.972,61.314,0.3257,0.3125,41.342,0.2799,10.2507
11.8887,19.949,61.164,0.3262,0.3125,41.214,0.2873,2.3024
11.9207,20.031,61.014,0.3283,0.3125,40.983,0.2764,4.0522
11.9521,20.024,60.867,0.329,0.3125,40.843,0.1707,5.111
11.9839,19.966,60.719,0.3288,0.3125,40.752,0.1744,7.19
12.0162,20.021,60.568,0.3306,0.3125,40.546,0.1719,9.1537
12.048,19.999,60.42,0.331,0.3125,40.42,0.2482,1.2224
12.0805,19.976,60.268,0.3315,0.3125,40.292,0.1943,4.1201
12.1131,20.008,60.118,0.3328,0.3227,40.111,0.7292,6.9702
12.1447,20.024,59.964,0.3339,0.3227,39.94,0.2833,8.2541
12.1769,19.94,59.809,0.3334,0.3227,39.87,0.2878,10.1647
12.2083,19.967,59.658,0.3347,0.3227,39.691,0.1757,1.2766
12.2408,20.008,59.502,0.3363,0.3227,39.493,0.3026,3.5274
12.2725,20.031,59.349,0.3375,0.3227,39.319,0.3595,6.4683
12.3045,19.968,59.196,0.3373,0.3227,39.228,0.4948,8.5488
12.3361,20.01,59.043,0.3389,0.3227,39.033,0.1783,9.9516
12.3678,20.006,58.891,0.3397,0.3227,38.885,0.1627,1.8004
12.3998,20.006,58.737,0.3406,0.3227,38.731,0.1629,3.8093
12.4317,19.986,58.584,0.3411,0.3227,38.598,0.1609,5.8544
12.4638,19.988,58.43,0.3421,0.3227,38.442,0.1799,7.264
12.4968,20.004,58.272,0.3433,0.333,38.268,0.4436,10.3411
12.5283,19.964,58.115,0.3435,0.333,38.151,0.1662,1.8535
12.5605,20.003,57.955,0.3452,0.333,37.952,0.1753,3.3134
12.5925,20.032,57.797,0.3466,0.333,37.765,0.1792,6.085
12.6252,19.944,57.59,0.3463,0.333,37.646,1.0234,9.0194
12.656,20.023,57.434,0.3486,0.333,37.411,0.3089,9.3182
12.6879,19.994,57.276,0.3491,0.333,37.281,0.3147,1.2851
12.7202,20.0,57.116,0.3502,0.333,37.116,0.2824,3.9523
12.7523,19.938,56.956,0.3501,0.333,37.018,0.1709,5.9375
12.7838,20.017,56.8,0.3524,0.333,36.784,0.1714,7.0566
12.816,20.02,56.643,0.3534,0.3432,36.622,0.5084,9.5482
12.8481,20.027,56.477,0.3546,0.3432,36.45,0.1652,1.9002
12.8806,20.007,56.312,0.3553,0.3432,36.305,0.2378,4.1523
12.9125,19.994,56.149,0.3561,0.3432,36.156,0.2641,5.4933
12.944,20.034,55.989,0.3578,0.3432,35.955,0.2661,8.0798
12.9764,19.966,55.824,0.3577,0.3432,35.858,0.284,10.2097
13.0084,19.982,55.661,0.359,0.3432,35.678,0.2719,1.5667
13.0401,19.976,55.499,0.3599,0.3432,35.524,0.3064,4.1758
13.0723,19.947,55.336,0.3605,0.3432,35.389,0.3677,5.6484
13.1045,20.003,55.172,0.3626,0.3432,35.169,0.3097,8.2228
13.1376,20.004,55.01,0.3636,0.3534,35.006,1.5917,11.3628
13.1683,20.02,54.842,0.365,0.3534,34.823,0.1667,1.7929
13.1998,19.941,54.677,0.3647,0.3534,34.736,0.1762,3.8846
13.232,20.006,54.509,0.367,0.3534,34.503,0.186,5.9386
13.2641,20.031,54.342,0.3686,0.3534,34.311,0.1923,7.6331
13.2964,19.964,54.173,0.3685,0.3534,34.209,0.2021,9.5271
13.3279,19.987,54.009,0.3701,0.3534,34.023,0.181,1.9359
13.3601,20.035,53.842,0.3721,0.3534,33.807,0.1853,3.2618
13.3925,20.045,53.678,0.3734,0.3634,33.633,0.7877,5.5947
13.4245,19.995,53.504,0.3737,0.3634,33.509,0.2076,8.1721
13.4564,20.028,53.336,0.3755,0.3634,33.308,0.3269,9.5786
13.4886,20.004,53.166,0.3763,0.3634,33.161,0.3552,1.7778
13.5213,19.956,52.993,0.3766,0.3634,33.037,0.3903,4.806
13.5525,19.999,52.828,0.3786,0.3634,32.829,0.18,6.0871
13.5841,19.957,52.662,0.379,0.3634,32.705,0.1868,7.2828
13.6157,19.992,52.497,0.3808,0.3634,32.505,0.1703,9.0642
13.6481,19.963,52.328,0.3815,0.3634,32.366,0.1688,1.9258
13.68,19.994,52.163,0.3833,0.3634,32.169,0.256,3.3886
13.7133,20.043,51.994,0.3855,0.3745,31.951,0.7976,7.053
13.7442,19.971,51.827,0.3853,0.3745,31.856,0.2779,8.1535
13.7762,20.016,51.657,0.3875,0.3745,31.641,0.2898,10.2021
13.8087,19.985,51.486,0.3882,0.3745,31.501,0.2627,2.2368
13.8403,20.025,51.321,0.3902,0.3745,31.296,0.367,4.3344
13.872,19.99,51.155,0.3908,0.3745,31.165,0.3126,6.1687
13.9044,20.002,50.988,0.3923,0.3745,30.986,0.5635,7.6063
13.9361,20.01,50.823,0.3937,0.3745,30.813,0.1758,9.8499
13.9687,20.013,50.656,0.3951,0.3848,30.643,0.3806,1.9766
13.9999,20.007,50.491,0.3963,0.3848,30.484,0.165,3.8323
14.0317,20.015,50.326,0.3977,0.3848,30.311,0.1627,5.8129
14.0643,19.956,50.158,0.3979,0.3848,30.201,0.1608,7.9812
14.0963,20.002,49.994,0.4001,0.3848,29.992,0.1711,9.4111
14.1285,20.0,49.831,0.4014,0.3848,29.83,0.1613,1.8236
14.1603,20.029,49.671,0.4032,0.3848,29.642,0.1732,3.2342
14.1924,19.969,49.513,0.4033,0.3848,29.544,0.2174,6.0199
14.2243,20.029,49.358,0.4058,0.3953,29.33,0.5523,8.405
14.2568,20.03,49.196,0.4071,0.3953,29.166,0.3242,10.4116
14.2881,20.052,49.045,0.4088,0.3953,28.993,0.4226,1.513
14.3199,19.965,48.892,0.4083,0.3953,28.927,0.1943,3.8268
14.3524,20.004,48.738,0.4104,0.3953,28.734,0.1712,5.9962
14.3838,20.018,48.592,0.412,0.3953,28.574,0.1739,7.1292
14.4165,19.982,48.442,0.4125,0.3953,28.46,0.1952,9.3764
14.4475,20.006,48.304,0.4142,0.3953,28.298,0.1686,0.8448
14.4801,20.038,48.163,0.4161,0.4057,28.124,0.6286,3.5591
14.5123,19.999,48.019,0.4165,0.4057,28.021,0.2521,5.3383
14.5447,20.019,47.882,0.4181,0.4057,27.863,0.2986,8.3146
14.5765,20.005,47.749,0.4189,0.4057,27.745,0.3378,10.3602
14.6082,20.03,47.62,0.4206,0.4057,27.589,0.2722,2.2612
14.6404,19.931,47.491,0.4197,0.4057,27.56,0.3163,4.2685
14.6728,19.984,47.364,0.4219,0.4057,27.38,0.3479,6.5085
14.7046,20.039,47.241,0.4242,0.4057,27.202,0.4872,8.6329
14.7357,19.976,47.122,0.4239,0.4057,27.146,0.1962,9.3921
14.7682,20.003,47.001,0.4256,0.4057,26.998,0.1716,1.9404
14.8002,19.952,46.885,0.4256,0.4057,26.932,0.1737,4.232
14.8325,20.051,46.77,0.4287,0.4172,26.719,0.432,6.1339
14.8646,20.021,46.654,0.4291,0.4172,26.633,0.174,8.1884
14.8961,20.006,46.543,0.4298,0.4172,26.537,0.3012,10.2147
14.9281,20.026,46.433,0.4313,0.4172,26.407,0.2664,1.3266
14.9603,19.973,46.324,0.4312,0.4172,26.351,0.2575,3.3127
14.9922,19.983,46.219,0.4323,0.4172,26.236,0.2872,5.3896
15.024,20.0,46.116,0.4337,0.4172,26.116,0.3349,7.4343
15.0564,20.003,46.013,0.4347,0.4172,26.01,0.3081,10.3675
15.0885,19.934,45.913,0.4342,0.4172,25.979,0.3154,2.3928
15.1195,20.003,45.818,0.4366,0.4172,25.815,0.1574,2.8064
15.1547,20.029,45.737,0.4379,0.4276,25.708,3.1724,8.8257
15.1949,19.924,45.608,0.4369,0.4276,25.683,0.1835,18.2687
15.2162,19.943,45.546,0.4379,0.4276,25.603,0.1759,9.0794
15.2488,19.99,45.452,0.4398,0.4276,25.462,0.2729,2.3005
15.28,19.997,45.364,0.4408,0.4276,25.367,0.258,3.2139
15.3125,19.976,45.274,0.4412,0.4276,25.298,0.2543,6.3635
15.344,20.007,45.189,0.4427,0.4276,25.182,0.2841,6.4981
15.3761,20.026,45.104,0.444,0.4276,25.077,0.299,9.3649
15.4092,19.983,45.017,0.4439,0.4276,25.034,0.3233,2.1333
15.4404,20.036,44.938,0.4459,0.4276,24.902,0.3273,3.7195
15.4722,19.974,44.858,0.4453,0.4276,24.884,0.3022,5.5249
15.5053,20.007,44.777,0.4468,0.4276,24.77,0.5248,8.4523
15.5362,20.028,44.702,0.448,0.4378,24.674,0.4815,9.9143
15.5676,19.998,44.625,0.4481,0.4378,24.627,0.1752,1.2024
15.5996,19.998,44.549,0.4489,0.4378,24.551,0.1724,3.4904
15.6319,19.96,44.474,0.4488,0.4378,24.514,0.1757,5.6118
15.664,19.986,44.4,0.4501,0.4378,24.414,0.1669,6.8309
15.6957,20.046,44.329,0.4522,0.4378,24.283,0.1844,8.6053
15.7278,20.015,44.256,0.4522,0.4378,24.241,0.1727,1.3371
15.7603,20.018,44.166,0.4532,0.4378,24.149,0.1825,3.4145
15.792,19.996,44.062,0.4538,0.4378,24.066,0.2184,5.3443
15.8251,19.995,43.936,0.4551,0.4378,23.941,0.3667,9.1286
15.8563,19.961,43.801,0.4557,0.4378,23.839,0.3215,9.2364
15.8915,19.994,43.638,0.4582,0.448,23.644,1.0308,5.634
15.9206,20.014,43.554,0.4595,0.448,23.54,0.4672,4.2778
15.9515,19.991,43.5,0.4595,0.448,23.51,0.1779,5.3603
15.9837,20.026,43.451,0.4609,0.448,23.426,0.1717,7.0681
16.016,20.023,43.406,0.4613,0.448,23.383,0.1817,8.7766
16.0484,20.037,43.362,0.4621,0.448,23.325,0.1749,1.6832
16.0801,19.917,43.322,0.4598,0.448,23.404,0.2668,3.5195
16.112,20.018,43.281,0.4625,0.448,23.264,0.2736,5.7645
16.1443,20.053,43.241,0.4637,0.448,23.189,0.2861,8.3127
16.1759,19.931,43.203,0.4613,0.448,23.271,0.2971,9.5865
16.2097,19.979,43.161,0.4629,0.448,23.182,0.2868,2.6629
16.2403,20.005,43.124,0.4639,0.448,23.119,0.3887,4.3885
16.2721,20.032,43.085,0.4649,0.448,23.053,0.3481,6.0356
16.3042,19.993,43.046,0.4645,0.448,23.053,0.5558,7.375
16.3363,19.984,43.006,0.4647,0.448,23.022,0.1543,9.9058
16.3676,19.965,42.967,0.4647,0.448,23.002,0.169,1.641
16.4001,20.002,42.926,0.466,0.448,22.924,0.1611,3.8987
16.4317,19.99,42.886,0.4661,0.448,22.896,0.1776,5.3373
16.4644,20.038,42.845,0.4677,0.448,22.807,0.1667,7.7731
16.4959,20.048,42.806,0.4683,0.4582,22.758,0.468,9.8069
16.528,19.955,42.764,0.4666,0.4582,22.809,0.1731,1.609
16.5603,20.0,42.722,0.4681,0.4582,22.722,0.1609,3.2925
16.5918,20.035,42.682,0.4694,0.4582,22.646,0.1842,4.9062
16.6245,19.955,42.639,0.468,0.4582,22.684,0.2953,8.3158
16.6563,20.038,42.598,0.4704,0.4582,22.56,0.3269,9.2681
16.6892,20.018,42.556,0.4704,0.4582,22.537,0.3745,2.9417
16.7204,20.033,42.515,0.4712,0.4582,22.482,0.3586,4.087
16.7518,19.929,42.475,0.4692,0.4582,22.545,0.1761,4.9699
16.7841,19.981,42.433,0.4709,0.4582,22.452,0.1635,7.3595
16.8164,19.996,42.391,0.4717,0.4582,22.396,0.18,9.4546
16.8485,20.017,42.35,0.4727,0.4582,22.333,0.1759,1.6928
16.8803,19.999,42.31,0.4727,0.4582,22.312,0.2698,3.5648
16.9117,20.039,42.27,0.4741,0.4582,22.232,0.2556,5.6871
16.9444,19.975,42.229,0.473,0.4582,22.255,0.2808,8.3898
16.9761,20.01,42.19,0.4743,0.4582,22.18,0.3033,10.0808
17.0093,20.013,42.149,0.4748,0.4582,22.136,0.2706,2.633
17.0406,20.059,42.111,0.4763,0.4582,22.052,0.4034,4.5264
17.0723,19.976,42.073,0.4748,0.4582,22.097,0.3425,6.3275
17.104,19.992,42.035,0.4756,0.4582,22.043,0.3974,7.3388
17.1362,20.039,41.996,0.4772,0.4582,21.957,0.1919,9.9235
17.1676,20.03,41.959,0.4774,0.4582,21.929,0.1602,1.5223
17.1997,19.974,41.922,0.4765,0.4582,21.948,0.1814,3.8392
17.2325,19.984,41.885,0.4771,0.4582,21.901,0.1681,6.0294
17.2648,20.034,41.849,0.4787,0.4684,21.816,0.7468,7.7742
17.2965,19.951,41.813,0.4771,0.4684,21.862,0.1812,10.5057
17.328,19.981,41.778,0.4783,0.4684,21.797,0.1574,1.6641
17.3602,20.016,41.742,0.4795,0.4684,21.726,0.1647,3.7437
17.392,19.984,41.708,0.4791,0.4684,21.724,0.1922,5.4935
17.4249,20.0,41.673,0.4799,0.4684,21.673,0.2336,18.7255
17.4565,19.973,41.641,0.4797,0.4684,21.667,0.3796,9.626
17.488,20.024,41.608,0.4813,0.4684,21.584,0.2879,2.2018
17.52,19.953,41.576,0.4799,0.4684,21.623,0.2847,3.943
17.5515,20.037,41.545,0.4823,0.4684,21.508,0.1741,5.0274
17.584,20.076,41.513,0.4836,0.4684,21.437,0.156,7.2744
17.6162,19.938,41.483,0.4806,0.4684,21.544,0.1847,9.2527
17.6482,19.959,41.453,0.4815,0.4684,21.493,0.2541,1.1952
17.6835,20.022,41.368,0.484,0.4684,21.346,3.6268,6.7002
17.7117,20.061,41.341,0.4852,0.4684,21.28,0.2273,5.1928
17.7444,19.987,41.313,0.4838,0.4684,21.326,0.3019,8.3355
17.7761,20.004,41.287,0.4845,0.4684,21.283,0.2966,10.238
17.8077,19.984,41.261,0.4843,0.4684,21.277,0.2399,1.1315
17.8408,19.941,41.235,0.4836,0.4684,21.294,0.3066,4.9371
17.8723,19.983,41.211,0.4849,0.4684,21.227,0.3365,5.5483
17.9056,20.158,41.186,0.4894,0.4789,21.027,1.1845,9.6578
17.9364,19.987,41.161,0.4856,0.4789,21.174,0.1718,9.9153
17.9682,19.963,41.137,0.4853,0.4789,21.175,0.1509,1.8314
18.0005,20.013,41.114,0.4868,0.4789,21.1,0.1576,3.9395
18.0319,20.028,41.091,0.4874,0.4789,21.064,0.1777,5.9894
18.0644,19.938,41.068,0.4855,0.4789,21.13,0.1691,7.3507
18.0995,20.027,41.044,0.4879,0.4789,21.017,0.1698,12.8186
18.1325,19.994,41.022,0.4874,0.4789,21.028,0.1674,6.0561
18.1597,20.05,41.004,0.489,0.4789,20.954,0.1944,2.4955
18.1921,19.965,40.983,0.4871,0.4789,21.018,0.1958,6.1268
18.2242,20.005,40.963,0.4884,0.4789,20.958,0.3889,7.7864
18.2563,20.051,40.943,0.4897,0.4789,20.893,0.3012,10.206
18.2894,19.996,40.924,0.4886,0.4789,20.928,0.399,2.7876
18.32,19.998,40.905,0.4889,0.4789,20.907,0.3005,3.9232
18.3516,19.998,40.887,0.4891,0.4789,20.889,0.1639,5.2513
18.3838,19.976,40.869,0.4888,0.4789,20.893,0.1631,7.5193
18.4159,20.008,40.851,0.4898,0.4789,20.843,0.1709,9.7591
18.4488,20.027,40.834,0.4905,0.4789,20.806,0.2534,2.0967
18.4802,20.034,40.817,0.4908,0.4789,20.783,0.2474,3.5941
18.5127,19.951,40.8,0.489,0.4789,20.849,0.2613,6.211
18.5438,19.96,40.784,0.4894,0.4789,20.824,0.2916,7.536
18.576,20.024,40.769,0.4912,0.4789,20.744,0.2839,9.2209
18.6088,20.043,40.753,0.4918,0.4789,20.71,0.2652,2.5327
18.6408,20.009,40.738,0.4912,0.4789,20.729,0.3154,4.6941
18.6724,20.004,40.723,0.4912,0.4789,20.719,0.3553,5.6591
18.7048,20.061,40.708,0.4928,0.4789,20.647,0.4089,8.7025
18.7364,19.97,40.693,0.4908,0.4789,20.723,0.1853,10.0179
18.768,20.002,40.678,0.4917,0.4789,20.676,0.1671,1.4567
18.8002,20.045,40.663,0.493,0.4789,20.618,0.1562,3.873
18.8317,20.026,40.649,0.4927,0.4789,20.623,0.1718,4.8674
18.8638,20.053,40.634,0.4935,0.4789,20.581,0.2197,6.6651
18.8965,20.017,40.618,0.4928,0.4789,20.601,0.1752,10.6923
18.9278,20.011,40.604,0.4928,0.4789,20.593,0.16,1.5401
18.9602,19.969,40.589,0.492,0.4789,20.62,0.1592,3.3014
18.992,20.053,40.574,0.4942,0.4789,20.521,0.1875,5.8543
19.0248,20.098,40.559,0.4955,0.4789,20.461,0.2107,8.9237
19.0564,19.956,40.544,0.4922,0.4789,20.588,0.3101,9.9575
19.0889,19.966,40.529,0.4926,0.4789,20.563,0.3027,2.0996
19.12,19.994,40.515,0.4935,0.4789,20.521,0.3265,3.9724
19.1518,20.032,40.5,0.4946,0.4789,20.468,0.1597,5.3149
19.1842,19.945,40.485,0.4927,0.4789,20.54,0.1664,7.4944
19.2165,19.99,40.47,0.4939,0.4789,20.48,0.1701,9.261
19.2487,19.983,40.455,0.494,0.4789,20.472,0.2546,2.0811
19.2799,19.978,40.44,0.494,0.4789,20.463,0.243,2.6032
19.3119,20.004,40.426,0.4948,0.4789,20.422,0.2704,5.7182
19.3448,20.004,40.41,0.495,0.4789,20.406,0.2731,8.7562
19.3761,19.991,40.396,0.4949,0.4789,20.404,0.2901,9.614
19.4088,19.946,40.381,0.4939,0.4789,20.435,0.2641,2.4256
19.4399,19.998,40.366,0.4954,0.4789,20.368,0.2889,3.6869
19.4723,20.008,40.351,0.4958,0.4789,20.343,0.3694,5.7638
19.5045,19.974,40.336,0.4952,0.4789,20.362,0.5464,7.6157
19.5362,19.994,40.321,0.4959,0.4789,20.327,0.1669,9.8725
19.5679,19.994,40.307,0.496,0.4789,20.313,0.1536,1.4485
19.6005,20.002,40.292,0.4964,0.4789,20.29,0.1662,4.0939
19.6325,19.937,40.277,0.495,0.4789,20.34,0.1635,5.9997
19.6643,19.982,40.262,0.4963,0.4789,20.28,0.1843,7.3869
19.6961,20.051,40.247,0.4982,0.4789,20.197,0.165,9.9327
19.7284,20.0,40.232,0.4971,0.4789,20.232,0.1585,1.6337
19.7596,20.056,40.218,0.4987,0.4789,20.162,0.1838,2.5012
19.7924,19.998,40.203,0.4974,0.4789,20.205,0.1991,6.4805
19.8242,19.979,40.188,0.4971,0.4789,20.209,0.335,7.8533
19.8566,20.03,40.173,0.4986,0.4789,20.143,0.3661,10.3758
19.8895,20.038,40.159,0.499,0.489,20.121,1.9412,3.2434
19.9206,20.05,40.143,0.4995,0.489,20.093,0.4513,4.2412
19.9516,19.967,40.129,0.4976,0.489,20.162,0.1627,5.3946
19.9844,19.991,40.114,0.4984,0.489,20.122,0.1649,7.578
20.0159,20.031,40.099,0.4995,0.489,20.068,0.1624,8.676
20.0483,20.041,40.084,0.5,0.489,20.043,0.2447,2.1886
20.0805,20.0,40.07,0.4991,0.489,20.07,0.2357,3.6849
20.1126,19.974,40.056,0.4987,0.489,20.082,0.2863,6.3728
20.1446,20.037,40.042,0.5004,0.489,20.006,0.266,8.564
20.1761,19.975,40.029,0.499,0.489,20.055,0.2798,10.0802
20.2098,19.992,39.985,0.5,0.489,19.993,1.0854,3.5685
20.2405,19.977,39.973,0.4998,0.489,19.996,0.2954,4.4176
20.2721,20.034,39.961,0.5013,0.489,19.927,0.3239,6.0734
20.3048,20.016,39.949,0.501,0.489,19.933,0.5239,8.6561
20.3357,19.987,39.938,0.5004,0.489,19.952,0.1616,9.0318
20.3677,20.049,39.927,0.5021,0.489,19.878,0.1677,1.6322
20.3999,19.975,39.917,0.5004,0.489,19.941,0.1758,3.0419
20.4324,20.004,39.906,0.5013,0.489,19.902,0.1812,5.8849
20.4645,20.006,39.896,0.5014,0.489,19.89,0.1639,7.3398
20.4964,19.943,39.886,0.5,0.489,19.943,0.1834,9.9896
20.5281,19.95,39.877,0.5003,0.489,19.926,0.1801,1.7415
20.5601,19.985,39.867,0.5013,0.489,19.882,0.1761,3.5354
20.5921,20.03,39.858,0.5025,0.489,19.828,0.1786,5.7639
20.6243,20.007,39.85,0.5021,0.489,19.843,0.3006,8.4023
20.6563,19.992,39.841,0.5018,0.489,19.849,0.3932,10.0694
20.6875,19.951,39.833,0.5009,0.489,19.882,0.1679,1.4508
20.7196,19.925,39.825,0.5003,0.489,19.899,0.169,2.7983
20.7517,20.031,39.817,0.5031,0.489,19.785,0.1731,5.2021
20.7842,19.982,39.809,0.5019,0.489,19.827,0.1623,7.5475
20.8159,20.006,39.801,0.5026,0.489,19.795,0.1734,9.5963
20.8487,19.965,39.794,0.5017,0.489,19.829,0.2027,2.0498
20.8804,20.009,39.787,0.5029,0.489,19.778,0.241,3.7497
20.9119,20.035,39.78,0.5036,0.489,19.745,0.2739,4.7478
20.9441,19.985,39.773,0.5025,0.489,19.788,0.2656,7.6838
20.9761,20.039,39.766,0.5039,0.489,19.728,0.279,9.6191
21.0085,19.978,39.76,0.5025,0.489,19.782,0.1549,1.851
21.0404,19.997,39.754,0.503,0.489,19.757,0.2873,4.4235
21.0721,19.965,39.748,0.5023,0.489,19.783,0.2997,5.8703
21.1045,19.976,39.742,0.5026,0.489,19.766,0.519,8.302
21.1364,20.033,39.736,0.5041,0.489,19.704,0.1717,9.9771
21.1675,20.07,39.731,0.5052,0.489,19.661,0.1579,1.4947
21.2003,20.067,39.725,0.5051,0.489,19.658,0.1658,4.0655
21.232,20.02,39.72,0.504,0.489,19.701,0.1716,5.3369
21.2637,19.989,39.715,0.5033,0.489,19.726,0.1898,7.4986
21.2965,19.987,39.711,0.5033,0.489,19.723,0.1715,10.3437
21.328,20.011,39.706,0.504,0.489,19.695,0.1575,1.6298
21.3596,20.038,39.702,0.5047,0.489,19.663,0.1719,2.481
21.3922,19.947,39.697,0.5025,0.489,19.751,0.1971,6.1236
21.4243,20.001,39.693,0.5039,0.489,19.692,0.386,7.8846
21.4563,20.017,39.689,0.5043,0.489,19.672,0.3087,9.998
21.4884,20.036,39.685,0.5049,0.489,19.65,0.2943,2.2789
21.5207,19.975,39.681,0.5034,0.489,19.707,0.3238,4.1526
21.5518,19.961,39.678,0.5031,0.489,19.717,0.1636,5.0288
21.5841,20.011,39.674,0.5044,0.489,19.664,0.1618,7.3546
21.6155,19.952,39.671,0.5029,0.489,19.719,0.1631,8.4687
21.6481,20.004,39.668,0.5043,0.489,19.664,0.236,1.9723
21.6805,19.992,39.665,0.504,0.489,19.673,0.2429,3.5741
21.712,20.01,39.662,0.5045,0.489,19.651,0.2805,5.7651
21.7444,20.012,39.659,0.5046,0.489,19.647,0.271,8.2174
21.7762,20.028,39.656,0.505,0.489,19.628,0.2827,10.3309
21.8082,20.08,39.653,0.5064,0.489,19.573,0.1589,2.0682
21.84,19.963,39.651,0.5035,0.489,19.688,0.2976,3.8832
21.8723,19.994,39.648,0.5043,0.489,19.654,0.3312,6.1599
21.9049,20.078,39.646,0.5064,0.489,19.568,0.3605,8.9665
21.9363,19.961,39.644,0.5035,0.489,19.683,0.1647,9.8834
21.9678,19.976,39.642,0.5039,0.489,19.666,0.1611,1.6772
22.0003,19.95,39.64,0.5033,0.489,19.689,0.1587,3.8115
22.0315,20.038,39.638,0.5055,0.489,19.6,0.1637,5.0288
22.0636,20.014,39.636,0.5049,0.489,19.622,0.1855,6.4317
22.0964,19.969,39.634,0.5038,0.489,19.665,0.1711,10.3834
22.128,19.993,39.632,0.5045,0.489,19.64,0.1589,1.6615
22.1596,19.988,39.631,0.5044,0.489,19.643,0.1682,2.4241
22.1921,20.032,39.629,0.5055,0.489,19.597,0.2439,6.0458
22.224,19.952,39.628,0.5035,0.489,19.676,0.3213,7.6291
22.2565,20.027,39.627,0.5054,0.489,19.599,0.3538,9.6042
22.2877,19.942,39.625,0.5033,0.489,19.683,0.158,1.4567
22.3204,20.013,39.624,0.5051,0.489,19.611,0.2402,3.952
22.3516,20.015,39.623,0.5051,0.489,19.608,0.1623,5.5112
22.3845,19.967,39.622,0.5039,0.489,19.655,0.1633,7.5725
22.4162,20.039,39.621,0.5058,0.489,19.582,0.1704,7.858
22.4488,20.021,39.62,0.5053,0.489,19.599,0.1642,2.5916
22.4806,20.0,39.619,0.5048,0.489,19.619,0.2428,3.7852
22.5127,19.992,39.619,0.5046,0.489,19.627,0.2445,5.5762
22.5444,20.012,39.618,0.5051,0.489,19.606,0.2606,8.2151
22.5761,20.008,39.617,0.505,0.489,19.61,0.2758,9.2763
22.6092,20.014,39.617,0.5052,0.489,19.603,0.3026,2.8878
22.6404,19.999,39.616,0.5048,0.489,19.617,0.3264,3.4997
22.6724,19.985,39.616,0.5045,0.489,19.631,0.3536,5.6067
22.7051,19.971,39.616,0.5041,0.489,19.645,0.4483,8.7941
22.7378,20.031,39.615,0.5056,0.489,19.584,2.3843,11.3168
22.7676,19.997,39.615,0.5048,0.489,19.618,0.1574,1.48
22.8,20.064,39.615,0.5065,0.489,19.551,0.1601,3.939
22.8319,19.897,39.615,0.5022,0.489,19.719,0.1627,4.9909
22.8639,19.983,39.615,0.5044,0.489,19.632,0.1716,6.6918
22.8957,20.005,39.615,0.505,0.489,19.611,0.1665,9.4894
22.9281,20.05,39.616,0.5061,0.489,19.565,0.1576,1.6468
22.9597,19.961,39.616,0.5039,0.489,19.655,0.161,2.4044
22.9921,19.996,39.616,0.5048,0.489,19.62,0.2422,6.161
23.025,20.063,39.617,0.5064,0.489,19.554,0.2742,8.6078
23.0565,19.995,39.617,0.5047,0.489,19.622,0.3506,10.2616
23.0889,20.003,39.618,0.5049,0.489,19.615,0.327,2.8552
23.1202,20.037,39.618,0.5057,0.489,19.582,0.3161,3.493
23.1525,19.962,39.619,0.5039,0.489,19.656,0.1613,6.1206
23.1841,20.031,39.619,0.5056,0.489,19.589,0.1628,7.3346
23.2159,19.996,39.62,0.5047,0.489,19.624,0.1618,9.7722
23.2487,20.032,39.621,0.5056,0.489,19.589,0.1829,1.938
23.2802,19.919,39.622,0.5027,0.489,19.702,0.2405,3.476
23.3117,20.04,39.622,0.5058,0.489,19.582,0.2683,2.5568
23.3447,20.019,39.623,0.5052,0.489,19.604,0.2825,8.4289
23.3761,19.982,39.624,0.5043,0.489,19.642,0.2856,9.904
23.4096,19.967,39.625,0.5039,0.489,19.658,0.2585,2.4777
23.4406,20.011,39.626,0.505,0.489,19.615,0.3564,4.5891
23.4728,20.044,39.627,0.5058,0.489,19.583,0.3437,6.6857
23.5041,19.967,39.628,0.5039,0.489,19.661,0.377,8.1403
23.5363,19.993,39.629,0.5045,0.489,19.637,0.1701,9.825
23.568,19.991,39.63,0.5044,0.489,19.639,0.1552,1.4404
23.5996,19.979,39.632,0.5041,0.489,19.653,0.1509,3.6912
23.6321,20.0,39.633,0.5046,0.489,19.633,0.1522,5.7484
23.6644,20.006,39.634,0.5048,0.489,19.628,0.1632,7.9482
23.696,20.002,39.635,0.5047,0.489,19.633,0.1636,9.7923
23.7281,19.958,39.637,0.5035,0.489,19.678,0.1556,1.5673
23.76,19.988,39.638,0.5043,0.489,19.65,0.159,3.3108
23.7921,20.014,39.64,0.5049,0.489,19.626,0.178,5.8573
23.824,19.932,39.641,0.5028,0.489,19.709,0.3408,7.7647
23.8564,19.99,39.642,0.5043,0.489,19.653,0.32,10.1429
23.8894,20.007,39.644,0.5047,0.489,19.637,0.4158,3.0933
23.9199,20.039,39.646,0.5054,0.489,19.607,0.1797,3.793
23.9519,20.041,39.647,0.5055,0.489,19.606,0.1649,5.2861
23.9843,19.974,39.649,0.5038,0.489,19.675,0.1647,7.577
24.0161,20.054,39.65,0.5058,0.489,19.596,0.171,8.855
24.0486,20.009,39.652,0.5046,0.489,19.643,0.1617,1.7223
24.0804,20.035,39.654,0.5052,0.489,19.619,0.2475,3.6679
24.1117,19.993,39.655,0.5042,0.489,19.662,0.2611,4.6525
24.1446,20.03,39.657,0.5051,0.489,19.628,0.2639,8.3696
24.176,19.988,39.659,0.504,0.489,19.67,0.2701,9.4689
24.2088,19.998,39.661,0.5042,0.489,19.663,0.2749,2.4546
24.2408,20.07,39.662,0.506,0.489,19.592,0.2991,4.3084
24.2724,19.973,39.664,0.5035,0.489,19.692,0.3414,6.0526
24.3049,19.988,39.666,0.5039,0.489,19.678,0.3778,8.4913
24.3355,20.016,39.668,0.5046,0.489,19.652,0.1596,9.0116
24.368,20.049,39.67,0.5054,0.489,19.62,0.1552,1.7225
24.4004,20.02,39.672,0.5046,0.489,19.651,0.1597,3.9321
24.4324,20.008,39.674,0.5043,0.489,19.665,0.1556,5.8752
24.4636,20.046,39.676,0.5052,0.489,19.63,0.1587,7.4523
24.496,19.937,39.678,0.5025,0.489,19.741,0.1666,9.771
24.528,19.954,39.68,0.5029,0.489,19.725,0.1581,1.5983
24.5603,19.958,39.682,0.503,0.489,19.723,0.1571,3.1813
24.5919,19.989,39.684,0.5037,0.489,19.694,0.1809,5.6422
24.6241,19.991,39.686,0.5037,0.489,19.694,0.3286,7.3541
24.6565,19.996,39.688,0.5038,0.489,19.691,0.3019,9.7878
24.6886,20.042,39.69,0.505,0.489,19.648,0.4415,2.4347
24.7197,19.939,39.692,0.5024,0.489,19.753,0.1684,3.5272
24.7516,20.009,39.694,0.5041,0.489,19.685,0.1594,5.1339
24.7843,20.035,39.696,0.5047,0.489,19.661,0.1604,7.45
24.8165,19.942,39.698,0.5023,0.489,19.756,0.1592,9.3912
24.8481,19.97,39.7,0.503,0.489,19.731,0.2437,2.0097
24.8806,19.968,39.703,0.5029,0.489,19.735,0.2412,3.5596
24.9118,20.015,39.705,0.5041,0.489,19.689,0.2637,5.4549
24.9447,20.005,39.707,0.5038,0.489,19.702,0.2793,7.6564
24.9761,20.016,39.709,0.5041,0.489,19.693,0.2853,10.2621
25.0099,19.973,39.711,0.5029,0.489,19.739,0.2599,2.568
25.0409,19.998,39.713,0.5036,0.489,19.715,0.362,4.7423
25.0723,19.999,39.716,0.5036,0.489,19.716,0.3245,6.2721
25.1046,19.993,39.718,0.5034,0.489,19.725,0.4114,7.983
25.1363,20.033,39.72,0.5044,0.489,19.687,0.1751,9.8163
25.1678,19.984,39.722,0.5031,0.489,19.739,0.1512,1.4044
25.1998,20.023,39.725,0.504,0.489,19.702,0.1587,3.8794
25.2324,20.039,39.727,0.5044,0.489,19.688,0.1623,5.9189
25.2653,19.94,39.731,0.5019,0.489,19.791,1.0913,8.2066
25.2961,20.036,39.733,0.5043,0.489,19.698,0.1675,8.9271
25.3281,20.013,39.736,0.5037,0.489,19.722,0.1609,1.6154
25.3603,20.05,39.738,0.5046,0.489,19.688,0.1579,3.1763
25.3919,19.992,39.74,0.5031,0.489,19.748,0.1822,5.5657
25.4242,20.027,39.742,0.5039,0.489,19.715,0.3642,8.0712
25.4562,20.058,39.745,0.5047,0.489,19.686,0.3187,9.8517
25.4893,20.035,39.747,0.5041,0.489,19.712,0.3826,2.9598
25.5214,20.009,39.749,0.5034,0.489,19.74,0.517,5.0545
25.5524,20.019,39.752,0.5036,0.489,19.733,0.1608,5.8371
25.5842,20.007,39.754,0.5033,0.489,19.747,0.1622,7.3931
25.6158,19.983,39.756,0.5026,0.489,19.774,0.162,9.6163
25.6484,20.002,39.759,0.5031,0.489,19.757,0.237,1.9669
25.6803,20.044,39.761,0.5041,0.489,19.717,0.2403,3.5078
25.7121,19.994,39.763,0.5028,0.489,19.769,0.2834,5.8366
25.7447,19.995,39.766,0.5028,0.489,19.771,0.2688,8.0946
25.7761,20.058,39.768,0.5044,0.489,19.71,0.2717,9.6082
25.8086,20.019,39.77,0.5034,0.489,19.752,0.2629,2.3379
25.84,19.95,39.772,0.5016,0.489,19.822,0.2887,3.5797
25.8723,19.955,39.775,0.5017,0.489,19.819,0.3493,6.1786
25.9049,20.042,39.777,0.5039,0.489,19.735,0.4397,8.5446
25.9365,19.962,39.779,0.5018,0.489,19.817,0.1703,9.958
25.9679,20.018,39.782,0.5032,0.489,19.764,0.1549,1.4459
26.0001,19.984,39.784,0.5023,0.489,19.8,0.1591,3.9172
26.0324,20.017,39.786,0.5031,0.489,19.769,0.159,5.9395
26.0636,20.019,39.789,0.5031,0.489,19.769,0.1742,6.525
26.0964,19.969,39.791,0.5019,0.489,19.822,0.1709,10.2227
26.1282,20.005,39.793,0.5027,0.489,19.788,0.1632,1.7517
26.1603,19.93,39.795,0.5008,0.489,19.865,0.1842,3.9134
26.1922,20.008,39.798,0.5027,0.489,19.79,0.2224,5.8133
26.2252,20.055,39.8,0.5039,0.489,19.745,0.1975,9.4044
26.2565,19.993,39.802,0.5023,0.489,19.81,0.3712,10.277
26.2882,19.952,39.805,0.5012,0.489,19.853,0.4232,2.2036
26.3199,20.011,39.807,0.5027,0.489,19.796,0.1563,3.7671
26.3519,20.053,39.809,0.5037,0.489,19.756,0.1602,5.3639
26.3842,19.994,39.811,0.5022,0.489,19.817,0.1607,7.4079
26.4161,19.997,39.814,0.5023,0.489,19.817,0.1675,9.7212
26.4482,20.0,39.816,0.5023,0.489,19.816,0.2679,1.9383
26.4805,19.972,39.818,0.5016,0.489,19.846,0.2559,3.6149
26.5122,19.996,39.82,0.5022,0.489,19.824,0.273,5.9364
26.5442,19.964,39.823,0.5013,0.489,19.859,0.2779,7.7732
26.5765,20.01,39.825,0.5025,0.489,19.815,0.2863,10.4851
26.6091,19.983,39.827,0.5017,0.489,19.845,0.3037,2.8158
26.6406,19.995,39.829,0.502,0.489,19.835,0.297,4.069
26.6732,20.072,39.832,0.5039,0.489,19.76,0.504,7.1547
26.7051,19.993,39.834,0.5019,0.489,19.841,0.4544,8.6181
26.7357,20.03,39.836,0.5028,0.489,19.806,0.1672,9.1681
26.7683,20.001,39.838,0.5021,0.489,19.837,0.1626,1.5115
26.7999,20.062,39.84,0.5036,0.489,19.778,0.1668,3.9605
26.8324,19.924,39.843,0.5001,0.489,19.918,0.1802,6.0502
26.8645,19.991,39.845,0.5017,0.489,19.854,0.1924,8.174
26.8964,20.024,39.847,0.5025,0.489,19.823,0.1749,10.1426
26.9286,20.007,39.849,0.5021,0.489,19.842,0.1711,1.865
26.9603,20.009,39.851,0.5021,0.489,19.842,0.1659,3.2656
26.9925,19.986,39.853,0.5015,0.489,19.867,0.1985,6.2715
27.0244,19.994,39.855,0.5017,0.489,19.861,0.3985,8.4295
27.0561,19.993,39.858,0.5016,0.489,19.865,0.314,9.9456
27.0891,19.99,39.86,0.5015,0.489,19.87,0.3902,2.9755
27.1201,19.999,39.862,0.5017,0.489,19.863,0.158,3.581
27.1519,19.928,39.864,0.4999,0.489,19.936,0.1895,5.4726
27.1839,20.005,39.866,0.5018,0.489,19.861,0.2482,6.8348
27.2156,19.989,39.868,0.5014,0.489,19.879,0.1619,9.4013
27.249,20.002,39.87,0.5017,0.489,19.868,0.2015,2.2966
27.2798,19.967,39.872,0.5008,0.489,19.906,0.2823,2.9429
27.3124,19.978,39.874,0.501,0.489,19.896,0.2573,5.9368
27.3446,20.048,39.876,0.5028,0.489,19.828,0.2942,7.8579
27.3761,19.957,39.878,0.5004,0.489,19.921,0.3042,9.8232
27.4095,20.019,39.88,0.502,0.489,19.861,0.2901,2.7448
27.4415,20.016,39.882,0.5019,0.489,19.867,0.1918,4.5261
27.4725,20.039,39.884,0.5024,0.489,19.845,0.3583,6.3267
27.5051,20.061,39.886,0.503,0.489,19.825,0.455,8.5661
27.5355,20.028,39.888,0.5021,0.489,19.86,0.1631,8.9332
27.5682,20.007,39.89,0.5016,0.489,19.883,0.156,1.4412
27.6002,19.99,39.892,0.5011,0.489,19.902,0.1628,3.9026
27.6316,20.024,39.894,0.5019,0.489,19.87,0.1655,4.9882
27.6637,20.008,39.896,0.5015,0.489,19.888,0.1633,7.4588
27.6963,19.96,39.898,0.5003,0.489,19.937,0.1838,10.1754
27.7282,19.959,39.9,0.5002,0.489,19.941,0.1568,1.6324
27.7596,19.998,39.901,0.5012,0.489,19.903,0.196,2.4416
27.7953,20.041,39.907,0.5022,0.489,19.866,2.6868,9.1659
27.8242,19.967,39.909,0.5003,0.489,19.942,0.4141,8.1749
27.8566,19.976,39.91,0.5005,0.489,19.934,0.3455,9.6411
27.888,20.003,39.912,0.5012,0.489,19.909,0.3276,2.1041
27.9213,20.013,39.914,0.5014,0.489,19.901,0.3333,4.5959
27.9515,20.007,39.916,0.5012,0.489,19.909,0.1604,5.1323
27.9841,20.032,39.917,0.5018,0.489,19.886,0.1618,7.3771
28.016,20.021,39.919,0.5015,0.489,19.898,0.1628,9.8582
28.0485,19.953,39.921,0.4998,0.489,19.968,0.2346,2.1102
28.0804,19.973,39.923,0.5003,0.489,19.949,0.2443,3.5467
28.1122,20.015,39.924,0.5013,0.489,19.909,0.2803,6.0555
28.1449,19.942,39.926,0.4995,0.489,19.984,0.3026,8.5189
28.1762,20.019,39.928,0.5014,0.489,19.909,0.2932,9.9869
28.2089,20.011,39.929,0.5012,0.489,19.919,0.2558,2.5536
28.2404,20.016,39.931,0.5013,0.489,19.915,0.3005,3.9258
28.2724,19.965,39.932,0.5,0.489,19.968,0.3261,5.762
28.3053,19.995,39.934,0.5007,0.489,19.939,0.4941,8.9702
28.3365,20.045,39.936,0.5019,0.489,19.89,0.1856,10.0381
28.3682,20.018,39.937,0.5012,0.489,19.919,0.1532,1.4202
28.4003,20.019,39.939,0.5012,0.489,19.92,0.1659,4.0141
28.4317,20.001,39.94,0.5008,0.489,19.94,0.1715,5.0624
28.4643,19.952,39.942,0.4995,0.489,19.99,0.1731,8.1087
28.4966,20.036,39.943,0.5016,0.489,19.907,0.192,10.2593
28.5281,20.029,39.945,0.5014,0.489,19.916,0.1651,1.7146
28.5597,20.049,39.946,0.5019,0.489,19.897,0.1645,3.5477
28.592,19.962,39.948,0.4997,0.489,19.986,0.2025,5.665
28.6244,20.038,39.949,0.5016,0.489,19.911,0.353,7.9853
28.6565,20.012,39.951,0.5009,0.489,19.938,0.3427,9.7225
28.6881,20.045,39.952,0.5017,0.489,19.907,0.1726,1.513
28.7196,19.983,39.954,0.5002,0.489,19.97,0.2082,3.6426
28.7516,20.004,39.955,0.5007,0.489,19.951,0.1644,4.6692
28.7845,20.08,39.956,0.5025,0.489,19.877,0.1805,7.5689
28.8161,19.989,39.958,0.5003,0.489,19.968,0.1815,9.8535
28.8483,19.961,39.959,0.4995,0.489,19.998,0.2024,2.213
28.8807,20.003,39.961,0.5006,0.489,19.957,0.2484,3.8013
28.9124,20.024,39.962,0.5011,0.489,19.938,0.2839,6.1191
28.9445,19.992,39.963,0.5003,0.489,19.971,0.292,8.0083
28.9767,19.968,39.964,0.4996,0.489,19.997,0.2638,10.8488
29.0096,20.017,39.966,0.5008,0.489,19.949,0.2726,2.762
29.04,19.959,39.967,0.4994,0.489,20.008,0.2892,3.2281
29.0727,19.99,39.968,0.5001,0.489,19.979,0.3435,6.0218
29.105,20.042,39.97,0.5014,0.489,19.927,0.4516,8.6859
29.1365,19.963,39.971,0.4994,0.489,20.008,0.1881,10.0202
29.1681,19.958,39.972,0.4993,0.489,20.014,0.155,1.4882
29.2003,20.008,39.973,0.5005,0.489,19.966,0.1596,3.9257
29.2316,20.037,39.974,0.5013,0.489,19.937,0.1692,5.0085
29.2642,19.993,39.975,0.5001,0.489,19.983,0.1889,7.9647
29.2964,20.002,39.977,0.5003,0.489,19.975,0.1744,10.0189
29.3278,20.005,39.978,0.5004,0.489,19.973,0.1679,1.6976
29.3598,20.016,39.979,0.5007,0.489,19.963,0.1639,3.4761
29.3918,20.004,39.98,0.5003,0.489,19.976,0.2028,5.0831
29.4241,19.997,39.981,0.5002,0.489,19.984,0.3194,7.7388
29.4565,19.984,39.982,0.4998,0.489,19.998,0.3036,10.2147
29.4891,19.994,39.983,0.5,0.489,19.99,0.3847,2.8023
29.5203,19.986,39.984,0.4999,0.489,19.998,0.2528,3.8543
29.552,20.031,39.985,0.501,0.489,19.955,0.1608,5.2537
29.5844,19.976,39.986,0.4996,0.489,20.011,0.1604,7.5442
29.6155,19.989,39.987,0.4999,0.489,19.998,0.1697,8.9485
29.6488,20.001,39.988,0.5002,0.489,19.988,0.2143,2.0438
29.6799,20.089,39.989,0.5024,0.489,19.9,0.2631,2.767
29.7127,19.959,39.99,0.4991,0.489,20.032,0.2792,6.3095
29.744,19.992,39.991,0.4999,0.489,19.999,0.3001,7.708
29.7761,20.029,39.992,0.5008,0.489,19.963,0.2808,9.5815
29.8092,20.001,39.993,0.5001,0.489,19.992,0.4053,2.9647
29.8407,20.034,39.994,0.5009,0.489,19.96,0.3779,4.5651
29.8722,19.995,39.995,0.4999,0.489,20.0,0.3055,5.628
29.9041,19.999,39.996,0.5,0.489,19.997,0.3813,8.1345
29.9364,20.019,39.997,0.5005,0.489,19.978,0.1687,9.8513
29.9675,20.011,39.998,0.5003,0.489,19.987,0.1553,1.6525
29.9997,20.048,39.999,0.5012,0.489,19.951,0.1664,3.7842
30.0323,19.923,39.999,0.4981,0.489,20.077,0.1693,5.8388
30.0637,19.996,40.0,0.4999,0.489,20.004,0.16,7.4934
30.0961,20.023,40.001,0.5006,0.489,19.978,0.1792,10.0512
30.1282,20.026,40.002,0.5006,0.489,19.976,0.1565,1.6175
30.1597,19.979,40.003,0.4994,0.489,20.024,0.1889,3.0263
30.1925,19.973,40.004,0.4993,0.489,20.031,0.194,6.3065
30.2244,20.047,40.004,0.5011,0.489,19.957,0.4062,7.0887
30.2581,19.947,40.005,0.4986,0.489,20.058,0.3328,11.1822
30.2882,19.993,40.006,0.4998,0.489,20.013,0.45,2.1369
30.32,20.015,40.006,0.5003,0.489,19.992,0.5871,4.1952
30.3521,20.027,40.007,0.5006,0.489,19.981,0.1592,5.0957
30.3837,20.018,40.008,0.5004,0.489,19.99,0.1626,6.8223
30.4161,19.998,40.009,0.4998,0.489,20.011,0.1722,9.8599
30.4483,19.987,40.009,0.4996,0.489,20.022,0.2433,2.2136
30.4806,19.962,40.01,0.4989,0.489,20.048,0.2465,3.7012
30.5123,20.034,40.011,0.5007,0.489,19.976,0.2592,5.3042
30.5445,20.043,40.011,0.5009,0.489,19.969,0.2604,8.2001
30.5764,19.97,40.012,0.4991,0.489,20.042,0.2698,10.3281
30.6085,19.953,40.013,0.4987,0.489,20.06,0.2542,2.2925
30.6402,20.006,40.013,0.5,0.489,20.007,0.2951,3.8065
30.6726,20.057,40.014,0.5012,0.489,19.957,0.3813,6.3075
30.7051,19.976,40.014,0.4992,0.489,20.038,0.4752,8.6519
30.7355,19.984,40.015,0.4994,0.489,20.031,0.1611,8.9362
30.7676,19.999,40.016,0.4998,0.489,20.017,0.1549,1.4917
30.8005,20.033,40.016,0.5006,0.489,19.983,0.1577,3.8676
30.8316,20.004,40.017,0.4999,0.489,20.012,0.1655,4.9922
30.8645,20.004,40.017,0.4999,0.489,20.013,0.1656,8.3926
30.8962,19.983,40.018,0.4994,0.489,20.035,0.1691,9.4855
30.9282,19.917,40.018,0.4977,0.489,20.101,0.1565,1.5935
30.9603,20.01,40.019,0.5,0.489,20.009,0.1576,3.2302
30.9921,20.033,40.019,0.5006,0.489,19.986,0.1815,5.8101
31.0242,19.943,40.02,0.4983,0.489,20.077,0.411,7.9669
31.0566,19.99,40.02,0.4995,0.489,20.03,0.3082,10.1286
31.0888,19.966,40.021,0.4989,0.489,20.054,0.4298,2.6033
31.1204,20.029,40.021,0.5005,0.489,19.993,0.3411,4.0849
31.1523,19.966,40.022,0.4989,0.489,20.056,0.1618,5.3273
31.1836,19.985,40.022,0.4993,0.489,20.037,0.161,6.5467
31.2164,20.032,40.022,0.5005,0.489,19.99,0.1657,9.9906
31.2489,20.017,40.023,0.5001,0.489,20.006,0.2193,2.0376
31.2798,20.01,40.023,0.5,0.489,20.014,0.2459,2.7064
31.3127,19.985,40.024,0.4993,0.489,20.039,0.2778,6.3293
31.3439,20.007,40.024,0.4999,0.489,20.017,0.2934,6.885
31.3764,20.008,40.024,0.4999,0.489,20.016,0.2852,9.7892
31.4092,19.988,40.025,0.4994,0.489,20.037,0.2966,2.7457
31.441,20.015,40.025,0.5001,0.489,20.01,0.3307,4.1637
31.4723,19.973,40.026,0.499,0.489,20.053,0.3387,5.7125
31.5043,20.021,40.026,0.5002,0.489,20.005,0.2835,8.2327
31.5355,19.966,40.026,0.4988,0.489,20.06,0.1583,8.8729
31.5681,20.056,40.027,0.5011,0.489,19.971,0.1648,1.4909
31.5998,19.973,40.027,0.499,0.489,20.054,0.1713,3.8194
31.6315,20.018,40.027,0.5001,0.489,20.009,0.1583,4.9375
31.6637,20.081,40.028,0.5017,0.489,19.946,0.1916,7.4862
31.6958,19.971,40.028,0.4989,0.489,20.057,0.1758,9.5921
31.7283,20.031,40.028,0.5004,0.489,19.997,0.16,1.6287
31.7597,20.04,40.028,0.5006,0.489,19.989,0.1744,3.4386
31.7929,19.993,40.029,0.4995,0.489,20.035,0.2518,6.6571
31.8249,20.106,40.029,0.5023,0.489,19.923,0.335,9.0978
31.8569,20.006,40.029,0.4998,0.489,20.023,0.4142,10.8065
31.8896,20.035,40.029,0.5005,0.489,19.994,0.3277,2.9294
31.92,19.954,40.03,0.4985,0.489,20.075,0.2052,3.2712
31.9522,19.971,40.03,0.4989,0.489,20.059,0.1577,6.107
31.9843,20.027,40.03,0.5003,0.489,20.003,0.1605,7.4342
32.0161,19.978,40.03,0.4991,0.489,20.052,0.1649,9.6034
32.049,19.95,40.03,0.4984,0.489,20.081,0.2712,2.052
32.0797,19.977,40.031,0.499,0.489,20.054,0.2562,2.7107
32.1117,20.055,40.031,0.501,0.489,19.976,0.2949,3.0321
32.1448,19.984,40.031,0.4992,0.489,20.047,0.2817,8.2431
32.1762,20.002,40.031,0.4997,0.489,20.03,0.2931,9.5405
32.2091,19.956,40.031,0.4985,0.489,20.076,0.293,2.6689
32.2411,19.978,40.032,0.4991,0.489,20.054,0.4387,4.764
32.2724,20.001,40.032,0.4996,0.489,20.03,0.3428,5.9174
32.3046,19.993,40.032,0.4994,0.489,20.039,0.418,8.6242
32.3356,20.021,40.032,0.5001,0.489,20.011,0.1614,8.9628
32.3678,19.968,40.032,0.4988,0.489,20.064,0.1657,1.5425
32.4002,20.02,40.032,0.5001,0.489,20.012,0.1692,4.0735
32.4318,20.026,40.032,0.5002,0.489,20.006,0.1735,5.1691
32.4642,19.965,40.032,0.4987,0.489,20.068,0.1727,6.8505
32.4964,20.0,40.033,0.4996,0.489,20.033,0.1766,9.9953
32.5283,19.99,40.033,0.4993,0.489,20.043,0.1577,1.6461
32.5603,20.032,40.033,0.5004,0.489,20.001,0.1718,3.9969
32.5925,19.933,40.033,0.4979,0.489,20.1,0.1998,6.2817
32.6244,19.984,40.033,0.4992,0.489,20.049,0.3759,8.4657
32.6568,20.052,40.033,0.5009,0.489,19.981,0.4073,10.7759
32.6884,20.022,40.033,0.5001,0.489,20.011,0.2873,2.1245
32.7195,19.997,40.033,0.4995,0.489,20.036,0.1587,2.7753
32.7536,19.992,40.033,0.4994,0.489,20.041,0.3239,7.6077
32.7843,20.001,40.033,0.4996,0.489,20.032,0.1599,7.3529
32.8162,20.0,40.033,0.4996,0.489,20.033,0.1658,9.559
32.8493,20.001,40.033,0.4996,0.489,20.033,0.5386,2.363
32.8805,20.056,40.033,0.501,0.489,19.977,0.2412,4.4943
32.9122,19.954,40.033,0.4984,0.489,20.079,0.2573,5.8016
32.9444,20.027,40.033,0.5003,0.489,20.006,0.2698,8.3336
32.9763,20.035,40.033,0.5005,0.489,19.998,0.2645,10.1606
33.0087,20.035,40.033,0.5005,0.489,19.998,0.3655,2.4196
33.04,19.922,40.033,0.4976,0.489,20.112,0.2855,3.645
33.0724,19.94,40.033,0.4981,0.489,20.093,0.3347,5.9506
33.1062,20.004,40.033,0.4997,0.489,20.03,0.3286,9.731
33.136,19.957,40.033,0.4985,0.489,20.076,0.1597,9.9122
33.1682,20.0,40.033,0.4996,0.489,20.033,0.1556,1.431
33.1996,20.002,40.033,0.4996,0.489,20.031,0.1567,2.8685
33.2315,20.024,40.033,0.5002,0.489,20.009,0.1592,4.8816
33.2637,20.009,40.033,0.4998,0.489,20.024,0.1601,7.4412
33.2964,19.971,40.033,0.4989,0.489,20.062,0.1629,9.8398
33.3282,20.001,40.033,0.4996,0.489,20.032,0.1551,1.5556
33.3599,19.948,40.033,0.4983,0.489,20.085,0.1618,3.7372
33.3922,20.011,40.033,0.4999,0.489,20.022,0.1832,5.8963
33.4242,20.013,40.033,0.4999,0.489,20.02,0.3395,7.5672
33.4568,19.959,40.033,0.4986,0.489,20.074,0.299,10.2953
33.4882,19.987,40.033,0.4993,0.489,20.046,0.1609,1.5178
33.5202,19.985,40.033,0.4992,0.489,20.047,0.1887,2.8766
33.5525,20.041,40.033,0.5006,0.489,19.992,0.1607,6.2154
33.5842,19.983,40.033,0.4992,0.489,20.05,0.161,7.3515
33.616,19.961,40.033,0.4986,0.489,20.072,0.1621,9.7749
33.6483,19.962,40.033,0.4986,0.489,20.071,0.2354,2.0061
33.6805,20.025,40.033,0.5002,0.489,20.007,0.2492,3.5355
33.7123,20.047,40.033,0.5008,0.489,19.986,0.2714,5.6303
33.7448,19.986,40.032,0.4993,0.489,20.046,0.2667,8.2159
33.7763,20.032,40.032,0.5004,0.489,20.0,0.3247,10.3572
33.809,19.996,40.032,0.4995,0.489,20.036,0.2521,2.5147
33.8403,20.005,40.032,0.4997,0.489,20.028,0.336,3.6722
33.8726,20.014,40.032,0.5,0.489,20.018,0.3465,6.1645
33.9048,19.929,40.032,0.4978,0.489,20.103,0.3544,8.4553
33.9356,19.99,40.032,0.4994,0.489,20.042,0.1615,8.9193
33.9682,20.005,40.032,0.4997,0.489,20.027,0.1549,1.4277
34.0004,20.047,40.032,0.5008,0.489,19.985,0.1572,3.8006
34.0316,19.96,40.032,0.4986,0.489,20.071,0.1644,4.9758
34.0643,19.993,40.031,0.4994,0.489,20.038,0.1678,8.16
34.0961,20.075,40.031,0.5015,0.489,19.956,0.181,9.4317
34.1284,19.959,40.031,0.4986,0.489,20.072,0.1775,1.6477
34.1605,20.053,40.031,0.5009,0.489,19.978,0.1793,4.1046
34.1926,19.981,40.031,0.4992,0.489,20.049,0.1862,6.1881
34.2242,19.982,40.031,0.4992,0.489,20.049,0.3145,7.7886
34.2567,20.019,40.031,0.5001,0.489,20.011,0.2954,10.1977
34.2895,20.005,40.03,0.4997,0.489,20.026,0.3315,2.9234
34.3204,19.998,40.03,0.4996,0.489,20.033,0.3559,4.039
34.3516,19.966,40.03,0.4988,0.489,20.065,0.1609,5.2268
34.3836,19.969,40.03,0.4988,0.489,20.061,0.1609,6.5089
34.4164,20.027,40.03,0.5003,0.489,20.003,0.1702,9.7993
34.4485,20.021,40.03,0.5002,0.489,20.009,0.157,1.6566
34.4797,19.994,40.03,0.4995,0.489,20.036,0.2433,2.568
34.5127,19.998,40.029,0.4996,0.489,20.032,0.2709,6.3846
34.5444,20.03,40.029,0.5004,0.489,20.0,0.3075,8.1751
34.5762,19.958,40.029,0.4986,0.489,20.071,0.275,9.5449
34.6097,19.998,40.029,0.4996,0.489,20.031,0.2657,2.6615
34.6402,19.983,40.029,0.4992,0.489,20.046,0.2821,4.1042
34.6726,19.994,40.029,0.4995,0.489,20.034,0.3295,6.0771
34.7046,20.024,40.028,0.5002,0.489,20.005,0.4721,8.3067
34.7356,19.955,40.028,0.4985,0.489,20.073,0.1579,8.941
34.7679,20.025,40.028,0.5003,0.489,20.003,0.1553,1.7431
34.8001,19.915,40.028,0.4975,0.489,20.113,0.1614,4.0319
34.8315,19.993,40.028,0.4995,0.489,20.035,0.1619,4.871
34.8643,20.012,40.028,0.5,0.489,20.015,0.1744,7.4116
34.8961,19.982,40.027,0.4992,0.489,20.046,0.1691,9.5353
34.9281,19.973,40.027,0.499,0.489,20.054,0.1676,1.7826
34.96,19.998,40.027,0.4996,0.489,20.029,0.2884,3.5973
34.9919,20.025,40.027,0.5003,0.489,20.002,0.2083,5.4913
35.0243,19.996,40.027,0.4996,0.489,20.03,0.3165,7.8418
35.0565,19.979,40.027,0.4991,0.489,20.048,0.3137,9.888
35.0902,20.017,40.026,0.5001,0.489,20.01,0.3793,3.6054
35.1197,19.985,40.026,0.4993,0.489,20.041,0.1597,2.8693
35.1522,19.997,40.026,0.4996,0.489,20.029,0.1637,5.419
35.1836,19.947,40.026,0.4984,0.489,20.079,0.1649,6.6422
35.2158,19.99,40.026,0.4994,0.489,20.036,0.1719,9.3512
35.2491,19.955,40.025,0.4986,0.489,20.07,0.1865,2.0535
35.2796,19.97,40.025,0.4989,0.489,20.055,0.2435,2.6831
35.3127,20.014,40.025,0.5,0.489,20.011,0.2627,6.1578
35.3442,19.954,40.025,0.4986,0.489,20.07,0.4455,7.8007
35.3771,20.038,40.024,0.5007,0.489,19.986,1.1428,10.5019
35.4086,20.007,40.024,0.4999,0.489,20.018,0.2596,2.2742
35.4404,20.053,40.024,0.501,0.489,19.971,0.2811,4.1254
35.4725,19.949,40.024,0.4984,0.489,20.075,0.3372,6.1039
35.5049,19.962,40.024,0.4988,0.489,20.061,0.5202,8.6302
35.5364,20.048,40.023,0.5009,0.489,19.975,0.1709,10.0105
35.5681,20.026,40.023,0.5004,0.489,19.997,0.1555,1.4654
35.6002,20.003,40.023,0.4998,0.489,20.02,0.1638,3.3656
35.6324,20.014,40.023,0.5001,0.489,20.009,0.1611,6.3528
35.6641,20.015,40.023,0.5001,0.489,20.007,0.2497,7.6431
35.6961,20.015,40.022,0.5001,0.489,20.007,0.2619,9.5743
35.7288,20.001,40.022,0.4998,0.489,20.021,0.2492,2.1135
35.7601,20.017,40.022,0.5001,0.489,20.005,0.2525,3.7092
35.7921,19.975,40.022,0.4991,0.489,20.047,0.3068,5.5711
35.824,19.96,40.022,0.4987,0.489,20.062,0.3178,7.7069
35.8566,19.992,40.021,0.4995,0.489,20.029,0.3118,10.2096
35.8885,20.052,40.021,0.501,0.489,19.97,0.2872,2.1416
35.9201,19.968,40.021,0.4989,0.489,20.053,0.1669,3.7805
35.9524,20.008,40.021,0.5,0.489,20.012,0.1576,5.9509
35.9836,20.059,40.021,0.5012,0.489,19.961,0.1728,7.0194
36.0155,19.942,40.02,0.4983,0.489,20.078,0.1772,9.2942
36.0478,19.99,40.02,0.4995,0.489,20.031,0.1569,1.6958
36.0796,20.008,40.02,0.5,0.489,20.012,0.1681,2.9469
36.1116,20.011,40.02,0.5,0.489,20.008,0.1674,5.3773
36.1448,20.003,40.02,0.4998,0.489,20.016,0.2623,8.2281
36.1764,19.985,40.019,0.4994,0.489,20.034,0.277,9.6743
36.2095,20.035,40.019,0.5006,0.489,19.984,0.2684,2.8674
36.2421,19.963,40.019,0.4988,0.489,20.056,0.3789,5.6031
36.2726,20.019,40.019,0.5002,0.489,20.0,0.3339,6.1369
36.3039,20.151,40.019,0.5035,0.489,19.868,0.3193,7.9945
36.3364,20.159,40.018,0.5037,0.489,19.859,0.1622,9.8746
36.3681,20.259,40.018,0.5063,0.489,19.759,0.1753,1.6596
36.3996,20.306,40.018,0.5074,0.489,19.712,0.159,2.9477
36.4319,20.531,40.018,0.5131,0.501,19.486,0.4647,5.2468
36.4645,20.679,40.018,0.5168,0.501,19.338,0.1729,8.1353
36.4962,20.841,40.017,0.5208,0.501,19.176,0.1802,9.3584
36.5285,21.047,40.017,0.5259,0.5135,18.971,0.4552,1.8878
36.5601,21.217,40.017,0.5302,0.5135,18.8,0.1928,3.4316
36.5926,21.379,40.017,0.5343,0.5239,18.637,0.5542,6.3501
36.6242,21.641,40.017,0.5408,0.5239,18.376,0.3546,7.4272
36.6572,21.781,40.016,0.5443,0.5341,18.235,0.8602,10.2697
36.6881,22.09,40.016,0.552,0.5341,17.927,0.1744,1.4476
36.7202,22.292,40.016,0.5571,0.5456,17.724,0.529,4.2156
36.7515,22.558,40.016,0.5637,0.5456,17.458,0.1744,5.1805
36.7848,22.786,40.016,0.5694,0.5575,17.229,0.5202,7.8711
36.8159,23.012,40.015,0.5751,0.5575,17.003,0.2016,9.4868
36.8488,23.312,40.015,0.5826,0.57,16.703,0.5752,2.3171
36.8804,23.548,40.015,0.5885,0.57,16.467,0.2667,3.5536
36.9131,23.723,40.015,0.5929,0.5815,16.291,0.7302,6.7751
36.9447,23.932,40.014,0.5981,0.5815,16.082,0.2877,8.3417
36.9769,24.18,40.014,0.6043,0.5929,15.835,0.7852,10.776
37.0106,24.451,40.014,0.6111,0.5929,15.563,0.2614,1.2249
37.0416,24.668,40.014,0.6165,0.6047,15.346,1.1287,5.1896
37.0723,24.916,40.013,0.6227,0.6047,15.098,0.327,5.5207
37.1054,25.039,40.013,0.6258,0.6152,14.975,1.5336,9.3653
37.1364,25.226,40.013,0.6305,0.6152,14.787,0.1775,9.8404
37.1683,25.563,40.013,0.6389,0.627,14.45,0.4324,1.6901
37.2001,25.578,40.013,0.6392,0.627,14.435,0.1685,3.753
37.2316,25.803,40.012,0.6449,0.627,14.21,0.1721,4.9144
37.2639,25.935,40.012,0.6482,0.6376,14.077,0.5087,7.4415
37.2962,26.113,40.012,0.6526,0.6376,13.899,0.1897,10.0473
37.3286,26.375,40.012,0.6592,0.6484,13.636,0.4482,1.857
37.3616,26.459,40.011,0.6613,0.6484,13.552,0.3769,4.9087
37.3923,26.626,40.011,0.6655,0.6484,13.385,0.3547,5.4586
37.4253,26.832,40.011,0.6706,0.6595,13.178,0.9785,9.1252
37.4566,27.01,40.011,0.6751,0.6595,13.001,0.3253,10.5609
37.4902,27.105,40.01,0.6774,0.6595,12.906,0.3341,4.3401
37.5201,27.275,40.01,0.6817,0.6706,12.735,0.499,4.1527
37.5523,27.482,40.01,0.6869,0.6706,12.528,0.1837,5.2786
37.5841,27.671,40.01,0.6916,0.6811,12.339,0.4828,7.9994
37.6162,27.824,40.009,0.6954,0.6811,12.185,0.1862,9.8267
37.6487,27.899,40.009,0.6973,0.6811,12.11,0.2541,2.1225
37.6812,28.054,40.009,0.7012,0.6912,11.955,0.7273,4.1668
37.7124,28.189,40.009,0.7046,0.6912,11.82,0.2817,6.036
37.7449,28.367,40.009,0.709,0.6912,11.642,0.2995,8.2258
37.7769,28.494,40.008,0.7122,0.7017,11.514,0.7928,10.0738
37.8094,28.771,40.008,0.7191,0.7017,11.237,0.4448,2.9093
37.8411,28.786,40.008,0.7195,0.7017,11.222,0.4444,4.7568
37.8732,28.984,40.008,0.7245,0.7131,11.024,0.9624,6.4654
37.9092,29.053,40.007,0.7262,0.7131,10.954,5.6549,12.435
37.9357,29.266,40.007,0.7315,0.7131,10.74,0.1764,8.9003
37.9685,29.975,40.006,0.7492,0.7312,10.032,0.4694,1.7866
38.0004,30.045,40.006,0.751,0.7312,9.961,0.179,3.8378
38.0323,30.381,40.006,0.7594,0.7453,9.625,0.5317,5.3856
38.0642,30.45,40.006,0.7611,0.7453,9.556,0.186,7.7084
38.0962,30.706,40.006,0.7675,0.7564,9.299,0.4869,9.5593
38.1283,30.395,40.005,0.7598,0.7564,9.61,0.1716,1.5641
38.16,30.612,40.005,0.7652,0.7564,9.393,0.2031,3.2231
38.1921,30.604,40.005,0.765,0.7564,9.401,0.1991,4.5261
38.2243,30.798,40.005,0.7699,0.7564,9.207,0.3575,7.708
38.2566,30.868,40.004,0.7716,0.7564,9.136,0.3146,10.3744
38.2926,31.521,40.004,0.7879,0.7722,8.483,1.5008,6.0534
38.32,31.623,40.004,0.7905,0.7722,8.381,0.1852,3.7885
38.3524,31.927,40.004,0.7981,0.7851,8.077,0.4467,5.5798
38.3842,32.085,40.004,0.8021,0.7851,7.918,0.1887,7.6021
38.416,32.143,40.004,0.8035,0.7851,7.861,0.1849,9.1187
38.4481,32.109,40.003,0.8026,0.7851,7.895,0.1722,1.7877
38.4838,32.344,40.003,0.8085,0.7968,7.659,3.4295,6.7148
38.5122,32.645,40.003,0.8161,0.7968,7.358,0.2933,5.4896
38.5449,32.84,40.003,0.8209,0.8089,7.163,0.8551,8.4128
38.5762,33.095,40.003,0.8273,0.8089,6.907,0.2979,10.323
38.6098,33.022,40.002,0.8255,0.8089,6.98,0.3433,3.1812
38.6407,33.184,40.002,0.8296,0.8192,6.818,0.9299,4.2646
38.6739,33.575,40.002,0.8393,0.8293,6.427,1.3027,7.3088
38.7063,33.738,40.002,0.8434,0.8293,6.264,1.6656,9.8996
38.7363,33.916,40.002,0.8479,0.8293,6.086,0.1719,9.8113
38.7677,33.93,40.002,0.8482,0.8293,6.072,0.1762,1.4497
38.7999,34.132,40.001,0.8533,0.8413,5.869,0.4733,3.134
38.8316,34.432,40.001,0.8608,0.8413,5.569,0.1772,4.916
38.8641,34.604,40.001,0.8651,0.8532,5.397,0.5046,7.7075
38.8966,34.625,40.001,0.8656,0.8532,5.376,0.3037,10.2178
38.9286,34.924,40.001,0.8731,0.8532,5.077,0.1703,1.74
38.9608,35.162,40.001,0.879,0.8661,4.839,0.5313,2.8577
38.9923,35.199,40.0,0.88,0.8661,4.801,0.3354,5.2154
39.0247,35.269,40.0,0.8817,0.8661,4.731,0.3616,8.528
39.0574,35.492,40.0,0.8873,0.8767,4.508,0.9652,10.4918
39.0886,35.778,40.0,0.8945,0.8767,4.222,0.4189,2.3091
39.1201,35.856,40.0,0.8964,0.8767,4.144,0.1762,3.8169
39.1526,36.112,40.0,0.9028,0.8898,3.887,0.4314,6.5392
39.1836,36.282,40.0,0.9071,0.8898,3.718,0.1833,7.4703
39.2165,36.442,40.0,0.9111,0.9004,3.557,0.4735,9.87
39.2484,36.628,39.999,0.9157,0.9004,3.371,0.1736,1.9561
39.2802,36.936,39.999,0.9234,0.9119,3.063,0.7577,3.0986
39.3119,36.937,39.999,0.9234,0.9119,3.062,0.2878,5.1904
39.3446,36.972,39.999,0.9243,0.9119,3.027,0.2995,8.7544
39.3768,37.332,39.999,0.9333,0.9226,2.667,0.8175,10.2076
39.4092,37.463,39.999,0.9366,0.9226,2.536,0.3565,2.8026
39.4407,37.625,39.999,0.9407,0.9226,2.373,0.3597,4.7714
39.4748,37.825,39.999,0.9456,0.9341,2.174,0.9856,8.8468
39.5043,37.912,39.999,0.9478,0.9341,2.087,0.4062,8.2304
39.5364,38.107,39.998,0.9527,0.9341,1.891,0.1783,10.0579
39.5683,38.25,39.998,0.9563,0.9452,1.748,0.455,1.7407
39.5997,38.37,39.998,0.9593,0.9452,1.628,0.1684,3.7821
39.6321,38.723,39.998,0.9681,0.9567,1.275,0.4669,5.353
39.6638,38.826,39.998,0.9707,0.9567,1.173,0.1806,7.2801
39.6962,38.874,39.998,0.9719,0.9567,1.124,0.184,9.4742
39.7287,39.163,39.998,0.9791,0.9679,0.835,0.4564,1.8605
39.7596,39.307,39.998,0.9827,0.9679,0.691,0.2009,2.53
39.7929,39.575,39.998,0.9894,0.9787,0.422,0.9763,6.9185
39.8244,39.572,39.998,0.9894,0.9787,0.426,0.3868,8.5294
39.8568,39.836,39.998,0.9959,0.9787,0.162,0.3912,10.1204
39.8898,40.034,39.998,1.0009,0.9898,0.036,1.4428,3.8864
39.9199,40.241,39.998,1.0061,0.9898,0.244,0.1902,3.7914
39.9519,40.339,39.998,1.0085,0.9898,0.342,0.1749,5.1506
39.9841,40.411,39.997,1.0103,1.0001,0.413,0.4637,7.9307
40.0161,40.707,39.997,1.0178,1.0001,0.71,0.1801,9.5782
40.0486,40.775,39.997,1.0194,1.0001,0.777,0.2568,2.2146
40.0809,40.937,39.997,1.0235,1.0118,0.94,0.6909,4.3589
40.1123,40.771,39.997,1.0193,1.0118,0.774,0.2907,5.2605
40.1447,40.783,39.997,1.0197,1.0118,0.786,0.2962,8.1766
40.1765,40.964,39.997,1.0242,1.0118,0.967,0.3053,10.2882
40.2095,40.927,39.997,1.0233,1.0118,0.93,0.2553,2.8276
40.2408,40.939,39.997,1.0235,1.0118,0.942,0.3561,4.0815
40.2729,40.95,39.997,1.0238,1.0118,0.953,0.396,6.1291
40.3042,40.839,39.997,1.021,1.0118,0.842,0.3426,8.2372
40.3358,40.72,39.997,1.0181,1.0118,0.723,0.173,9.0716
40.3683,40.735,39.997,1.0184,1.0118,0.738,0.1667,1.5355
40.3995,40.659,39.997,1.0166,1.0118,0.662,0.1733,3.0259
40.4323,40.715,39.997,1.0179,1.0118,0.718,0.6611,5.4945
40.4638,40.591,39.997,1.0149,1.0118,0.594,0.1803,7.4108
40.4963,40.538,39.997,1.0135,1.0118,0.541,0.1702,9.7273
40.5283,40.328,39.997,1.0083,1.0118,0.331,0.1578,1.6123
40.5601,40.339,39.997,1.0085,1.0118,0.342,0.22,3.7725
40.5927,40.316,39.997,1.008,1.0118,0.319,0.2445,6.2216
40.6247,40.185,39.997,1.0047,1.0118,0.188,0.3669,8.6431
40.657,40.185,39.997,1.0047,1.0118,0.188,0.3808,10.5027
40.6882,40.018,39.997,1.0005,1.0118,0.021,0.1571,1.4699
40.7205,40.092,39.997,1.0024,1.0118,0.095,0.3469,4.2769
40.7523,40.043,39.997,1.0011,1.0118,0.046,0.1598,5.2848
40.7836,39.959,39.997,0.9991,1.0118,0.038,0.1743,6.5157
40.8161,40.015,39.997,1.0005,1.0118,0.018,0.1619,8.8145
40.8487,39.918,39.997,0.998,1.0118,0.079,0.2484,2.0459
40.8798,39.899,39.997,0.9975,1.0118,0.098,0.2621,3.7165
40.9122,39.937,39.997,0.9985,1.0118,0.06,0.2884,5.7194
40.9446,39.844,39.997,0.9962,1.0118,0.153,0.3057,8.0969
40.9765,39.814,39.997,0.9954,1.0118,0.183,0.3004,9.9003
41.0096,39.807,39.997,0.9952,1.0118,0.19,0.2744,2.8958
41.0404,39.823,39.997,0.9956,1.0118,0.174,0.3298,3.8139
41.0729,39.832,39.997,0.9959,1.0118,0.165,0.4977,6.4129
41.1056,39.833,39.997,0.9959,1.0118,0.164,0.5285,9.057
41.1356,39.842,39.997,0.9961,1.0118,0.156,0.1581,8.9029
41.1681,39.765,39.997,0.9942,1.0118,0.232,0.1502,1.4084
41.2003,39.848,39.997,0.9963,1.0118,0.149,0.1547,3.819
41.2319,39.859,39.997,0.9965,1.0118,0.138,0.1568,5.892
41.264,39.769,39.997,0.9943,1.0118,0.228,0.1602,7.3749
41.296,39.971,39.997,0.9993,1.0118,0.026,0.1773,10.0236
41.3283,39.865,39.997,0.9967,1.0118,0.132,0.1639,1.7033
41.3603,39.966,39.997,0.9992,1.0118,0.032,0.1834,3.7944
41.3926,39.945,39.997,0.9987,1.0118,0.052,0.2338,6.0629
41.4246,39.886,39.997,0.9972,1.0118,0.111,0.4102,8.0465
41.457,40.016,39.997,1.0005,1.0118,0.019,0.4388,10.2918
41.488,39.98,39.997,0.9996,1.0118,0.018,0.1544,1.453
41.5216,40.038,39.998,1.001,1.0118,0.04,0.5172,5.4171
41.5517,39.926,39.998,0.9982,1.0118,0.072,0.1746,5.3756
41.5836,39.96,39.998,0.9991,1.0118,0.037,0.1679,7.4436
41.6159,40.044,39.998,1.0012,1.0118,0.047,0.1779,9.0336
41.6486,40.042,39.998,1.0011,1.0118,0.044,0.2301,2.0766
41.6798,40.082,39.998,1.0021,1.0118,0.084,0.2507,3.6484
41.7119,39.9,39.998,0.9976,1.0118,0.098,0.2852,5.2961
41.7445,40.006,39.998,1.0002,1.0118,0.008,0.4046,7.9774
41.7765,40.064,39.998,1.0016,1.0118,0.066,0.2626,9.6383
41.8108,40.061,39.998,1.0016,1.0118,0.064,0.2279,1.1865
41.8403,40.011,39.998,1.0003,1.0118,0.013,0.3671,3.7327
41.8728,39.976,39.998,0.9995,1.0118,0.022,0.3354,6.3533
41.9053,40.035,39.998,1.0009,1.0118,0.037,0.58,9.2277
41.9357,40.074,39.998,1.0019,1.0118,0.076,0.1626,8.9639
41.9675,40.093,39.998,1.0024,1.0118,0.095,0.1587,1.5695
41.9997,40.017,39.998,1.0005,1.0118,0.019,0.1585,2.9557
42.0317,40.028,39.998,1.0008,1.0118,0.03,0.1644,4.0626
42.064,40.069,39.998,1.0018,1.0118,0.071,0.1718,7.4764
42.096,40.027,39.998,1.0007,1.0118,0.029,0.1709,9.4199
42.1295,40.056,39.998,1.0014,1.0118,0.058,0.268,2.3848
42.16,39.995,39.998,0.9999,1.0118,0.003,0.1749,2.3004
42.1932,40.086,39.998,1.0022,1.0118,0.088,0.2521,7.287
42.2257,40.045,39.998,1.0012,1.0118,0.047,0.1999,8.972
42.2569,39.952,39.998,0.9989,1.0118,0.046,0.341,10.2566
42.2902,40.002,39.998,1.0001,1.0118,0.004,0.3342,3.6077
42.3205,39.885,39.998,0.9972,1.0118,0.113,0.354,3.9403
42.3518,40.03,39.998,1.0008,1.0118,0.031,0.1693,5.289
42.3844,40.045,39.998,1.0012,1.0118,0.047,0.1611,7.602
42.4161,39.94,39.999,0.9985,1.0118,0.058,0.1627,9.1514
42.449,39.99,39.999,0.9998,1.0118,0.008,0.2295,2.0475
42.4799,39.934,39.999,0.9984,1.0118,0.065,0.2437,3.6697
42.5122,40.041,39.999,1.0011,1.0118,0.043,0.2611,5.6732
42.5444,39.973,39.999,0.9994,1.0118,0.025,0.2828,7.6293
42.5765,39.99,39.999,0.9998,1.0118,0.009,0.2761,9.7995
42.6105,39.993,39.999,0.9999,1.0118,0.006,0.5101,1.5919
42.6408,39.983,39.999,0.9996,1.0118,0.015,0.3458,4.6136
42.6729,40.021,39.999,1.0006,1.0118,0.022,0.3781,6.1947
42.7046,39.956,39.999,0.9989,1.0118,0.043,0.671,8.484
42.7357,40.031,39.999,1.0008,1.0118,0.033,0.1564,8.9053
42.7681,39.947,39.999,0.9987,1.0118,0.052,0.1532,1.4443
42.8004,40.053,39.999,1.0014,1.0118,0.055,0.1639,3.9725
42.8319,39.97,39.999,0.9993,1.0118,0.029,0.1613,5.0493
42.8644,39.891,39.999,0.9973,1.0118,0.108,0.1795,6.5487
42.8958,40.003,39.999,1.0001,1.0118,0.004,0.1844,9.267
42.9285,40.031,39.999,1.0008,1.0118,0.032,0.1686,1.6436
42.9607,40.115,39.999,1.0029,1.0118,0.116,0.7082,2.8519
42.9927,39.971,39.999,0.9993,1.0118,0.028,0.6283,6.3566
43.0245,39.896,39.999,0.9974,1.0118,0.103,0.3819,7.8466
43.0574,40.048,39.999,1.0012,1.0118,0.048,0.5176,10.5798
43.0918,39.923,39.999,0.9981,1.0118,0.076,0.4881,5.1459
43.1202,40.076,39.999,1.0019,1.0118,0.077,0.2131,3.756
43.1516,39.97,39.999,0.9993,1.0118,0.029,0.1569,4.1735
43.1838,39.972,39.999,0.9993,1.0118,0.028,0.1594,6.6901
43.2158,40.034,39.999,1.0009,1.0118,0.034,0.1697,9.1965
43.2483,40.098,39.999,1.0025,1.0118,0.099,0.231,2.119
43.2799,40.026,39.999,1.0007,1.0118,0.026,0.245,3.6864
43.3123,39.947,39.999,0.9987,1.0118,0.052,0.2636,5.7337
43.3445,40.009,39.999,1.0002,1.0118,0.01,0.5863,7.9097
43.3766,39.913,40.0,0.9978,1.0118,0.086,0.2976,9.89
43.4096,39.987,40.0,0.9997,1.0118,0.013,0.2808,2.7332
43.441,39.981,40.0,0.9995,1.0118,0.018,0.6538,4.3401
43.4729,40.02,40.0,1.0005,1.0118,0.021,0.4454,7.0829
43.5036,40.077,40.0,1.0019,1.0118,0.077,0.1666,6.885
43.5356,40.017,40.0,1.0004,1.0118,0.018,0.155,8.8733
43.5678,40.046,40.0,1.0012,1.0118,0.047,0.1525,1.5008
43.6004,39.96,40.0,0.999,1.0118,0.04,0.1584,3.9628
43.6318,40.026,40.0,1.0007,1.0118,0.027,0.1581,4.9506
43.6637,40.1,40.0,1.0025,1.0118,0.101,0.1674,7.1615
43.6958,39.956,40.0,0.9989,1.0118,0.044,0.1718,9.871
43.7284,39.949,40.0,0.9987,1.0118,0.051,0.1586,1.6153
43.7596,39.957,40.0,0.9989,1.0118,0.042,0.186,3.0616
43.7931,40.053,40.0,1.0013,1.0118,0.053,0.2748,6.6565
43.8255,40.033,40.0,1.0008,1.0118,0.033,0.415,9.3971
43.8572,39.97,40.0,0.9993,1.0118,0.03,0.4175,10.6762
43.8888,39.924,40.0,0.9981,1.0118,0.076,0.3041,2.9186
43.9203,39.977,40.0,0.9994,1.0118,0.023,0.1768,3.5462
43.9517,40.004,40.0,1.0001,1.0118,0.004,0.1559,5.4838
43.9838,39.987,40.0,0.9997,1.0118,0.013,0.1599,7.4838
44.0163,40.043,40.0,1.0011,1.0118,0.043,0.1564,9.5184
44.0492,39.932,40.0,0.9983,1.0118,0.068,0.1536,2.1039
44.0799,39.989,40.0,0.9997,1.0118,0.011,0.2724,3.761
44.1124,40.078,40.0,1.002,1.0118,0.078,0.2554,5.2633
44.146,39.974,40.0,0.9994,1.0118,0.026,0.2918,8.8787
44.1766,40.025,40.0,1.0006,1.0118,0.025,0.3137,10.5067
44.2096,39.93,40.0,0.9982,1.0118,0.07,0.2723,2.9172
44.2419,40.037,40.0,1.0009,1.0118,0.037,0.3565,5.3834
44.2742,40.013,40.0,1.0003,1.0118,0.013,0.3504,7.7344
44.3039,39.952,40.0,0.9988,1.0118,0.048,0.3197,7.1117
44.3358,40.009,40.0,1.0002,1.0118,0.009,0.161,8.96
44.3675,40.003,40.0,1.0001,1.0118,0.003,0.1556,1.465
44.4004,40.037,40.0,1.0009,1.0118,0.037,0.1608,3.9452
44.4319,39.952,40.0,0.9988,1.0118,0.048,0.1601,5.0
44.4645,39.854,40.0,0.9963,1.0118,0.146,0.1867,6.8474
44.496,40.064,40.0,1.0016,1.0118,0.064,0.1894,10.0699
44.5285,40.02,40.0,1.0005,1.0118,0.02,0.1559,1.6078
44.5599,40.028,40.0,1.0007,1.0118,0.028,0.1898,3.3889
44.5934,39.951,40.0,0.9988,1.0118,0.049,0.2277,6.7177
44.6248,40.023,40.0,1.0006,1.0118,0.023,0.3178,8.0293
44.6567,40.082,40.0,1.0021,1.0118,0.082,0.2974,9.9638
44.689,40.061,40.0,1.0015,1.0118,0.061,0.3593,2.4959
44.7197,40.041,40.0,1.001,1.0118,0.041,0.1527,3.6891
44.752,39.941,40.0,0.9985,1.0118,0.059,0.1566,5.342
44.7837,39.998,40.0,0.9999,1.0118,0.003,0.1613,6.5319
44.8163,40.041,40.0,1.001,1.0118,0.041,0.159,7.4569
44.848,40.046,40.0,1.0012,1.0118,0.046,0.1591,1.8453
44.8802,39.96,40.0,0.999,1.0118,0.041,0.2749,3.783
44.9123,39.992,40.0,0.9998,1.0118,0.008,0.2606,5.7014
44.9443,40.016,40.0,1.0004,1.0118,0.016,0.3086,7.5511
44.9765,39.949,40.0,0.9987,1.0118,0.052,0.2835,10.0035
45.0101,39.999,40.0,1.0,1.0118,0.001,0.1771,2.3774
45.041,39.964,40.0,0.9991,1.0118,0.036,0.3169,4.2482
45.0733,40.054,40.0,1.0013,1.0118,0.054,0.5379,7.2027
45.104,40.116,40.0,1.0029,1.0118,0.116,0.3269,7.1841
45.1357,39.972,40.0,0.9993,1.0118,0.028,0.1659,9.1624
45.1675,40.031,40.0,1.0008,1.0118,0.031,0.1555,1.5204
45.2004,39.99,40.0,0.9997,1.0118,0.01,0.1598,3.9295
45.2323,40.09,40.0,1.0022,1.0118,0.09,0.1681,6.1761
45.2645,40.001,40.0,1.0,1.0118,0.001,0.1714,7.725
45.2964,39.99,40.0,0.9997,1.0118,0.011,0.3501,10.4097
45.3281,39.957,40.0,0.9989,1.0118,0.044,0.1651,1.9613
45.3598,39.998,40.0,0.9999,1.0118,0.002,0.1872,3.2666
45.3927,40.016,40.0,1.0004,1.0118,0.015,0.2022,5.9784
45.4247,39.987,40.0,0.9997,1.0118,0.013,0.3285,8.5609
45.4569,39.941,40.0,0.9985,1.0118,0.06,0.356,10.74
45.4949,39.948,40.0,0.9987,1.0118,0.052,6.8229,8.9403
45.5196,39.992,40.0,0.9998,1.0118,0.009,0.1497,3.4418
45.5515,39.991,40.0,0.9998,1.0118,0.01,0.157,5.2653
45.5838,39.886,40.0,0.9971,1.0118,0.114,0.1745,7.552
45.6163,40.075,40.0,1.0019,1.0118,0.075,0.1813,9.6488
45.6493,40.0,40.0,1.0,1.0118,0.001,0.3008,2.2266
45.6804,40.071,40.0,1.0018,1.0118,0.07,0.3076,4.2179
45.7124,39.975,40.0,0.9994,1.0118,0.025,0.2617,5.548
45.7444,39.949,40.0,0.9987,1.0118,0.051,0.3037,7.7572
45.7765,40.034,40.0,1.0008,1.0118,0.033,0.2717,9.8938
45.8088,40.043,40.0,1.0011,1.0118,0.042,0.2497,2.3192
45.8427,40.073,40.0,1.0018,1.0118,0.073,0.8906,6.1157
45.8742,39.951,40.0,0.9988,1.0118,0.05,0.361,7.9671
45.9038,39.964,40.0,0.9991,1.0118,0.036,0.3029,7.1679
45.9363,40.006,40.0,1.0002,1.0118,0.006,0.1649,10.2766
45.9681,40.033,40.0,1.0008,1.0118,0.033,0.1593,1.5415
46.0004,40.008,40.0,1.0002,1.0118,0.008,0.1552,4.2844
46.032,39.963,40.0,0.9991,1.0118,0.038,0.2412,5.6485
46.0641,39.998,40.0,0.9999,1.0118,0.002,0.2444,7.2071
46.0964,40.017,40.0,1.0004,1.0118,0.017,0.2777,9.7835
46.1285,40.121,40.0,1.003,1.0118,0.12,0.2606,2.292
46.16,40.021,40.0,1.0005,1.0118,0.021,0.2731,2.8131
46.1924,39.994,40.0,0.9998,1.0118,0.006,0.33,5.7284
46.2248,40.065,40.0,1.0016,1.0118,0.065,0.3864,7.9998
46.2573,39.908,40.0,0.9977,1.0118,0.092,0.4548,11.2323
46.2904,40.032,40.0,1.0008,1.0118,0.032,0.376,3.575
46.3201,40.019,40.0,1.0005,1.0118,0.018,0.1619,3.7256
46.3518,39.991,40.0,0.9998,1.0118,0.009,0.1564,5.8356
46.3838,40.061,40.0,1.0015,1.0118,0.061,0.1564,6.9458
46.4164,39.959,40.0,0.999,1.0118,0.041,0.1572,7.5311
46.448,40.0,40.0,1.0,1.0118,0.0,0.1525,1.5542
46.48,39.992,40.0,0.9998,1.0118,0.008,0.1546,3.9604
46.5119,40.057,40.0,1.0014,1.0118,0.057,0.1645,5.2213
46.5442,40.019,40.0,1.0005,1.0118,0.019,0.1759,7.3897
46.576,39.939,40.0,0.9985,1.0118,0.061,0.202,9.542
46.6098,39.967,40.0,0.9992,1.0118,0.034,0.1686,0.9446
46.6409,39.948,40.0,0.9987,1.0118,0.053,0.3453,4.2344
46.6728,40.083,40.0,1.0021,1.0118,0.082,0.395,6.2111
46.7051,39.964,40.0,0.9991,1.0118,0.036,0.4638,8.145
46.7356,39.983,40.0,0.9996,1.0118,0.017,0.1574,9.3553
46.7679,39.985,40.0,0.9996,1.0118,0.015,0.1596,1.4799
46.8001,39.994,40.0,0.9998,1.0118,0.007,0.1613,3.3759
46.8321,40.057,40.0,1.0014,1.0118,0.057,0.2474,5.7133
46.8643,40.008,40.0,1.0002,1.0118,0.008,0.262,7.5274
46.8964,39.983,40.0,0.9996,1.0118,0.017,0.2709,10.5155
46.9295,39.986,40.0,0.9996,1.0118,0.014,0.2573,2.393
46.9611,39.986,40.0,0.9996,1.0118,0.014,0.3878,4.297
46.9924,40.011,40.0,1.0003,1.0118,0.011,0.1983,6.4881
47.0247,39.96,40.0,0.999,1.0118,0.04,0.3525,8.8057
47.0572,40.044,40.0,1.0011,1.0118,0.044,0.4133,11.3348
47.0893,39.919,40.0,0.998,1.0118,0.081,1.0801,2.8264
47.1235,40.062,40.0,1.0015,1.0118,0.062,2.9848,6.6933
47.1523,39.968,40.0,0.9992,1.0118,0.032,0.1536,5.799
47.1835,39.956,40.0,0.9989,1.0118,0.044,0.1588,6.9345
47.2156,40.01,40.0,1.0003,1.0118,0.01,0.1685,8.5109
47.2481,40.0,40.0,1.0,1.0118,0.0,0.1587,1.649
47.2803,40.044,40.0,1.0011,1.0118,0.044,0.1596,3.9868
47.3124,40.02,40.0,1.0005,1.0118,0.02,0.1648,5.2802
47.3446,39.961,40.0,0.999,1.0118,0.039,0.1723,8.3673
47.3763,40.048,40.0,1.0012,1.0118,0.048,0.234,9.8263
47.4101,39.968,40.0,0.9992,1.0118,0.032,0.452,1.202
47.4405,40.026,40.0,1.0007,1.0118,0.026,0.3377,3.8399
47.4725,39.942,40.0,0.9986,1.0118,0.058,0.3407,6.5468
47.5052,40.035,40.0,1.0009,1.0118,0.035,0.477,8.2994
47.5359,40.068,40.0,1.0017,1.0118,0.068,0.1617,9.4873
47.5683,39.993,40.0,0.9998,1.0118,0.007,0.1572,1.5844
47.5997,40.022,40.0,1.0005,1.0118,0.022,0.1602,3.4826
47.6322,39.972,40.0,0.9993,1.0118,0.028,0.2471,5.9036
47.6644,40.047,40.0,1.0012,1.0118,0.047,0.285,7.4456
47.6964,39.963,40.0,0.9991,1.0118,0.037,0.2666,10.4416
47.7289,40.073,40.0,1.0018,1.0118,0.073,0.2447,2.2062
47.7603,39.955,40.0,0.9989,1.0118,0.046,0.2621,3.617
47.7928,39.905,40.0,0.9976,1.0118,0.096,0.4711,6.0953
47.8246,40.081,40.0,1.002,1.0118,0.081,0.3197,8.6927
47.8564,39.97,40.0,0.9992,1.0118,0.03,0.3742,10.4055
47.8909,40.064,40.0,1.0016,1.0118,0.064,0.3888,4.1106
47.9198,39.942,40.0,0.9985,1.0118,0.058,0.1581,3.8198
47.952,40.09,40.0,1.0023,1.0118,0.09,0.1579,5.8852
47.9838,39.971,40.0,0.9993,1.0118,0.029,0.1588,6.9498
48.0163,39.956,40.0,0.9989,1.0118,0.044,0.6362,7.6093
48.048,40.001,40.0,1.0,1.0118,0.001,0.1536,1.5722
48.0797,39.977,40.0,0.9994,1.0118,0.023,0.1534,2.8792
48.112,40.06,40.0,1.0015,1.0118,0.06,0.1671,5.211
48.1442,40.026,40.0,1.0007,1.0118,0.026,0.1835,6.911
48.1761,39.934,40.0,0.9984,1.0118,0.066,0.1932,10.0587
48.2093,39.948,40.0,0.9987,1.0118,0.053,0.1951,1.218
48.2405,40.005,40.0,1.0001,1.0118,0.005,0.3112,4.6356
48.2731,39.972,40.0,0.9993,1.0118,0.028,0.4362,6.3944
48.3055,39.99,40.0,0.9998,1.0118,0.01,0.6237,9.1045
48.3357,40.027,40.0,1.0007,1.0118,0.027,0.1558,8.8842
48.3677,40.08,40.0,1.002,1.0118,0.08,0.1572,1.4958
48.3999,40.018,40.0,1.0004,1.0118,0.018,0.1557,3.8027
48.4317,39.991,40.0,0.9998,1.0118,0.009,0.1561,4.9134
48.464,39.983,40.0,0.9996,1.0118,0.017,0.1602,7.4315
48.4963,40.032,40.0,1.0008,1.0118,0.032,0.1641,9.7225
48.5281,39.991,40.0,0.9998,1.0118,0.009,0.1506,1.5219
48.56,40.034,40.0,1.0009,1.0118,0.034,0.2855,2.8318
48.5928,40.044,40.0,1.0011,1.0118,0.044,0.2632,6.1519
48.6248,39.932,40.0,0.9983,1.0118,0.068,0.3578,8.189
48.6571,40.042,40.0,1.0011,1.0118,0.042,0.3842,10.2428
48.6886,40.023,40.0,1.0006,1.0118,0.023,0.4059,2.4869
48.7199,40.053,40.0,1.0013,1.0118,0.053,0.1547,3.7425
48.7523,39.96,40.0,0.999,1.0118,0.04,0.1574,6.2307
48.7847,39.959,40.0,0.999,1.0118,0.041,0.1614,7.9576
48.8159,40.06,40.0,1.0015,1.0118,0.06,0.1676,9.1533
48.8488,40.048,40.0,1.0012,1.0118,0.048,0.2335,2.0842
48.8799,40.04,40.0,1.001,1.0118,0.04,0.249,3.6601
48.9122,39.926,40.0,0.9981,1.0118,0.074,0.2739,5.3839
48.9444,40.061,40.0,1.0015,1.0118,0.061,0.3976,7.8196
48.9767,40.043,40.0,1.0011,1.0118,0.043,0.2827,10.7603
49.0095,40.05,40.0,1.0013,1.0118,0.05,0.3044,2.7609
49.042,39.976,40.0,0.9994,1.0118,0.024,0.4857,6.0224
49.0723,39.983,40.0,0.9996,1.0118,0.017,0.3287,5.9062
49.1046,40.102,40.0,1.0025,1.0118,0.102,0.2924,7.6139
49.1359,39.959,40.0,0.999,1.0118,0.041,0.1632,9.5591
49.1676,40.025,40.0,1.0006,1.0118,0.025,0.1573,1.4804
49.2005,39.975,40.0,0.9994,1.0118,0.025,0.1608,4.3577
49.2321,39.967,40.0,0.9992,1.0118,0.033,0.2439,5.6855
49.2639,40.045,40.0,1.0011,1.0118,0.045,0.2735,7.1496
49.2965,39.94,40.0,0.9985,1.0118,0.06,0.2875,10.5365
49.3289,40.018,40.0,1.0004,1.0118,0.018,0.2592,2.5215
49.3602,39.897,40.0,0.9974,1.0118,0.103,0.2917,3.3057
49.3922,40.041,40.0,1.001,1.0118,0.041,0.3471,6.213
49.4248,40.052,40.0,1.0013,1.0118,0.052,0.3699,8.1491
49.4571,40.009,40.0,1.0002,1.0118,0.009,0.4033,10.8087
49.4875,39.864,40.0,0.9966,1.0118,0.136,0.1728,1.538
49.5195,39.905,40.0,0.9976,1.0118,0.095,0.1568,3.554
49.552,40.086,40.0,1.0022,1.0118,0.086,0.1753,5.5226
49.5854,40.046,40.0,1.0012,1.0118,0.046,0.1587,9.2059
49.6164,39.997,40.0,0.9999,1.0118,0.003,0.1578,8.8163
49.6483,40.001,40.0,1.0,1.0118,0.001,0.2386,1.9531
49.6801,39.961,40.0,0.999,1.0118,0.039,0.2762,3.7832
49.7121,40.074,40.0,1.0019,1.0118,0.074,0.2648,5.2265
49.7446,39.937,40.0,0.9984,1.0118,0.063,0.3303,8.6518
49.7767,39.995,40.0,0.9999,1.0118,0.005,0.2978,9.9683
49.8099,39.951,40.0,0.9988,1.0118,0.049,0.2635,2.8919
49.8409,40.038,40.0,1.0009,1.0118,0.038,0.3365,4.5026
49.873,40.008,40.0,1.0002,1.0118,0.008,0.3644,7.1187
49.9039,39.886,40.0,0.9972,1.0118,0.114,0.3319,7.0682
49.9363,39.96,40.0,0.999,1.0118,0.04,0.1708,8.95
49.9675,39.987,40.0,0.9997,1.0118,0.013,0.1548,1.4607
50.0,40.059,40.0,1.0015,1.0118,0.059,0.164,3.9664
50.032,40.048,40.0,1.0012,1.0118,0.048,0.1605,4.0555
50.0636,39.966,40.0,0.9991,1.0118,0.034,0.1644,6.951
50.0963,40.082,40.0,1.002,1.0118,0.082,0.1675,9.7649
50.1279,40.042,40.0,1.001,1.0118,0.042,0.164,1.8656
50.16,40.035,40.0,1.0009,1.0118,0.035,0.2965,3.6919
50.1927,39.972,40.0,0.9993,1.0118,0.028,0.2865,6.2494
50.2241,40.028,40.0,1.0007,1.0118,0.028,0.3492,7.3249
50.2571,40.034,40.0,1.0009,1.0118,0.034,0.3891,10.1411
50.2909,40.05,40.0,1.0013,1.0118,0.05,0.3391,4.1566
50.3202,39.993,40.0,0.9998,1.0118,0.007,0.168,4.0699
50.3524,39.955,40.0,0.9989,1.0118,0.045,0.1571,5.3678
50.3838,40.028,40.0,1.0007,1.0118,0.028,0.1581,7.526
50.4162,39.974,40.0,0.9994,1.0118,0.026,0.1613,9.2163
50.4483,40.016,40.0,1.0004,1.0118,0.016,0.2365,1.8996
50.48,40.011,40.0,1.0003,1.0118,0.011,0.2547,3.6747
50.5121,39.908,40.0,0.9977,1.0118,0.092,0.2798,5.1173
50.5457,40.038,40.0,1.001,1.0118,0.038,1.1387,8.9242
50.5762,40.005,40.0,1.0001,1.0118,0.005,0.2782,10.2922
50.6099,40.073,40.0,1.0018,1.0118,0.073,0.2713,2.7571
50.6409,39.983,40.0,0.9996,1.0118,0.017,0.3368,4.4742
50.6732,40.07,40.0,1.0018,1.0118,0.07,0.4564,6.4227
50.7035,40.109,40.0,1.0027,1.0118,0.109,0.1539,7.0528
50.7361,39.965,40.0,0.9991,1.0118,0.035,0.1606,10.005
50.7681,40.011,40.0,1.0003,1.0118,0.011,0.1501,1.3959
50.8004,39.883,40.0,0.9971,1.0118,0.117,0.1691,4.3133
50.8321,40.054,40.0,1.0014,1.0118,0.054,0.2558,5.7217
50.8646,40.025,40.0,1.0006,1.0118,0.025,0.2517,6.9107
50.896,39.933,40.0,0.9983,1.0118,0.067,0.296,10.2266
50.9278,40.048,40.0,1.0012,1.0118,0.048,0.1531,1.6661
50.9608,39.907,40.0,0.9977,1.0118,0.093,0.1744,4.1866
50.9924,39.921,40.0,0.998,1.0118,0.079,0.2789,4.3153
51.0245,40.034,40.0,1.0008,1.0118,0.034,0.4441,7.8522
51.057,39.945,40.0,0.9986,1.0118,0.055,0.332,10.7652
51.0887,39.95,40.0,0.9987,1.0118,0.05,0.4495,2.8504
51.1199,39.951,40.0,0.9988,1.0118,0.049,0.1516,3.7466
51.1525,39.924,40.0,0.9981,1.0118,0.076,0.1676,6.2814
51.1835,40.018,40.0,1.0005,1.0118,0.018,0.1679,7.4225
51.2159,40.022,40.0,1.0005,1.0118,0.022,0.1626,9.1401
51.2484,39.971,40.0,0.9993,1.0118,0.029,0.2432,2.278
51.2801,40.054,40.0,1.0014,1.0118,0.054,0.2687,3.9114
51.3123,40.021,40.0,1.0005,1.0118,0.021,0.2646,5.556
51.344,39.958,40.0,0.999,1.0118,0.041,0.2768,8.1537
51.3766,40.086,40.0,1.0022,1.0118,0.086,0.2766,10.7716
51.4098,39.994,40.0,0.9998,1.0118,0.006,0.2745,2.7934
51.4404,40.046,40.0,1.0012,1.0118,0.046,0.3622,3.5954
51.4738,39.947,40.0,0.9987,1.0118,0.053,0.3038,7.1658
51.5057,39.984,40.0,0.9996,1.0118,0.016,0.6972,9.0591
51.5361,39.988,40.0,0.9997,1.0118,0.012,0.1632,10.088
51.5675,40.024,40.0,1.0006,1.0118,0.024,0.155,1.5308
51.6001,40.048,40.0,1.0012,1.0118,0.048,0.1607,3.8748
51.6317,39.953,40.0,0.9988,1.0118,0.047,0.1593,4.1481
51.664,40.015,40.0,1.0004,1.0118,0.015,0.1689,7.3038
51.6962,40.047,40.0,1.0012,1.0118,0.047,0.2741,10.3622
51.7288,40.103,40.0,1.0026,1.0118,0.103,0.2532,2.2584
51.7603,40.033,40.0,1.0008,1.0118,0.033,0.2797,3.4324
51.7924,39.95,40.0,0.9988,1.0118,0.05,0.3209,6.3765
51.8249,40.004,40.0,1.0001,1.0118,0.004,0.3231,9.0446
51.8573,40.017,40.0,1.0004,1.0118,0.017,0.501,10.3295
51.8894,40.025,40.0,1.0006,1.0118,0.025,0.4978,3.1965
51.9195,40.001,40.0,1.0,1.0118,0.001,0.1525,2.7952
51.9519,39.996,40.0,0.9999,1.0118,0.004,0.1619,5.8342
51.9841,40.056,40.0,1.0014,1.0118,0.056,0.1557,8.0697
52.0163,39.982,40.0,0.9995,1.0118,0.018,0.1566,9.5122
52.0476,39.977,40.0,0.9994,1.0118,0.023,0.1554,1.6018
52.0797,40.008,40.0,1.0002,1.0118,0.008,0.1608,3.1178
52.1119,40.014,40.0,1.0004,1.0118,0.014,0.17,5.2424
52.1444,40.055,40.0,1.0014,1.0118,0.055,0.2308,7.6135
52.1762,39.944,40.0,0.9986,1.0118,0.056,0.1956,9.8124
52.2097,39.92,40.0,0.998,1.0118,0.08,0.1986,2.6955
52.2413,39.998,40.0,1.0,1.0118,0.002,0.4853,5.318
52.2729,40.036,40.0,1.0009,1.0118,0.036,0.3845,6.0637
52.3055,40.033,40.0,1.0008,1.0118,0.033,0.8416,8.5118
52.3359,39.93,40.0,0.9982,1.0118,0.07,0.1609,9.502
52.3676,39.953,40.0,0.9988,1.0118,0.047,0.1593,1.4744
52.3996,39.963,40.0,0.9991,1.0118,0.037,0.1624,3.4451
52.432,40.084,40.0,1.0021,1.0118,0.084,0.2452,5.7153
52.4642,39.988,40.0,0.9997,1.0118,0.012,0.2722,7.3485
52.4966,39.983,40.0,0.9996,1.0118,0.017,0.3636,10.4571
52.5279,39.936,40.0,0.9984,1.0118,0.064,0.1633,1.8329
52.5604,40.002,40.0,1.0,1.0118,0.002,0.1884,3.6452
52.5929,40.022,40.0,1.0006,1.0118,0.022,0.2303,6.5531
52.625,39.946,40.0,0.9986,1.0118,0.054,0.3755,9.0287
52.6571,40.081,40.0,1.002,1.0118,0.081,0.438,10.0547
52.6911,40.002,40.0,1.0001,1.0118,0.002,0.3452,4.3204
52.7204,40.035,40.0,1.0009,1.0118,0.035,0.1528,3.6448
52.7523,39.99,40.0,0.9998,1.0118,0.01,0.1548,5.2968
52.784,39.974,40.0,0.9993,1.0118,0.026,0.1615,7.6289
52.8163,40.043,40.0,1.0011,1.0118,0.043,0.1625,9.582
52.8484,39.959,40.0,0.999,1.0118,0.041,0.2418,1.9941
52.88,40.017,40.0,1.0004,1.0118,0.017,0.259,3.76
52.9123,39.983,40.0,0.9996,1.0118,0.017,0.2657,5.3633
52.9445,40.016,40.0,1.0004,1.0118,0.016,0.2957,8.5232
52.9768,40.018,40.0,1.0004,1.0118,0.018,0.2809,10.5414
53.0096,39.99,40.0,0.9998,1.0118,0.01,0.3238,2.8239
53.0406,40.021,40.0,1.0005,1.0118,0.021,0.3451,3.94
53.0758,39.913,40.0,0.9978,1.0118,0.087,1.912,8.9603
53.1047,39.964,40.0,0.9991,1.0118,0.036,0.6315,8.4869
53.1361,40.063,40.0,1.0016,1.0118,0.063,0.1584,10.0357
53.1682,40.053,40.0,1.0013,1.0118,0.053,0.1506,1.4205
53.1998,40.057,40.0,1.0014,1.0118,0.057,0.1545,3.8084
53.2323,39.96,40.0,0.999,1.0118,0.04,0.1595,6.1579
53.264,40.027,40.0,1.0007,1.0118,0.027,0.1645,7.1426
53.2962,40.041,40.0,1.001,1.0118,0.041,0.1677,10.3497
53.3292,40.03,40.0,1.0007,1.0118,0.03,0.1703,1.7135
53.3602,39.968,40.0,0.9992,1.0118,0.032,0.1873,3.3383
53.393,39.94,40.0,0.9985,1.0118,0.06,0.231,6.6531
53.4241,40.056,40.0,1.0014,1.0118,0.056,0.3477,6.7884
53.4572,39.979,40.0,0.9995,1.0118,0.021,0.4065,10.6231
53.4883,39.976,40.0,0.9994,1.0118,0.024,0.5035,2.3286
53.5196,39.978,40.0,0.9995,1.0118,0.022,0.158,3.5471
53.5522,40.033,40.0,1.0008,1.0118,0.033,0.184,4.9716
53.5842,40.048,40.0,1.0012,1.0118,0.048,0.1624,8.0617
53.6165,39.936,40.0,0.9984,1.0118,0.064,0.1762,9.755
53.648,39.988,40.0,0.9997,1.0118,0.012,0.1585,1.616
53.6801,39.953,40.0,0.9988,1.0118,0.047,0.1602,4.0546
53.712,40.128,40.0,1.0032,1.0118,0.128,0.1745,5.3945
53.7445,40.083,40.0,1.0021,1.0118,0.083,0.1761,7.9253
53.7764,39.969,40.0,0.9992,1.0118,0.031,0.1966,10.3672
53.8102,39.997,40.0,0.9999,1.0118,0.003,0.1669,0.9302
53.84,39.958,40.0,0.9989,1.0118,0.042,0.2964,4.0582
53.8726,40.108,40.0,1.0027,1.0118,0.108,0.3464,5.8125
53.904,40.004,40.0,1.0001,1.0118,0.004,0.3281,7.6544
53.9361,39.998,40.0,0.9999,1.0118,0.002,0.1669,9.5017
53.9683,39.944,40.0,0.9986,1.0118,0.056,0.1562,1.4654
54.0004,39.944,40.0,0.9986,1.0118,0.056,0.1577,3.3245
54.0321,40.047,40.0,1.0012,1.0118,0.047,0.2391,5.6651
54.0646,39.979,40.0,0.9995,1.0118,0.021,0.3807,7.8878
54.0964,40.028,40.0,1.0007,1.0118,0.028,0.2798,10.5193
54.1303,39.915,40.0,0.9979,1.0118,0.085,0.2537,1.2724
54.1598,39.985,40.0,0.9996,1.0118,0.015,0.2804,2.8955
54.1927,39.998,40.0,0.9999,1.0118,0.002,0.3964,6.6001
54.2249,39.945,40.0,0.9986,1.0118,0.055,0.3376,8.7385
54.2571,40.069,40.0,1.0017,1.0118,0.069,0.3617,11.1125
54.2879,40.024,40.0,1.0006,1.0118,0.024,0.3159,1.8268
54.3197,40.089,40.0,1.0022,1.0118,0.089,0.1585,3.7981
54.352,40.011,40.0,1.0003,1.0118,0.011,0.1565,5.8612
54.3841,39.953,40.0,0.9988,1.0118,0.047,0.1592,8.0403
54.4159,40.063,40.0,1.0016,1.0118,0.063,0.1648,9.2186
54.4483,40.036,40.0,1.0009,1.0118,0.036,0.1551,1.5405
54.4801,40.042,40.0,1.001,1.0118,0.042,0.1625,4.0949
54.5124,39.927,40.0,0.9982,1.0118,0.073,0.1858,5.8017
54.5438,39.999,40.0,1.0,1.0118,0.001,0.1875,7.0971
54.5768,40.049,40.0,1.0012,1.0118,0.049,0.2436,10.6542
54.6102,40.002,40.0,1.0,1.0118,0.002,0.1636,0.9017
54.6408,40.015,40.0,1.0004,1.0118,0.015,0.3535,4.8798
54.6728,39.94,40.0,0.9985,1.0118,0.06,0.3605,6.6471
54.7039,40.025,40.0,1.0006,1.0118,0.025,0.2084,7.4408
54.7361,39.996,40.0,0.9999,1.0118,0.004,0.1563,9.4433
54.7675,40.06,40.0,1.0015,1.0118,0.06,0.1542,1.6051
54.8004,39.964,40.0,0.9991,1.0118,0.036,0.1552,3.2921
54.8321,39.97,40.0,0.9993,1.0118,0.03,0.2405,5.7149
54.8644,40.095,40.0,1.0024,1.0118,0.095,0.2591,7.2718
54.896,39.969,40.0,0.9992,1.0118,0.031,0.3187,9.8674
54.9277,40.093,40.0,1.0023,1.0118,0.093,0.1576,1.72
54.961,39.945,40.0,0.9986,1.0118,0.055,0.1832,3.1181
54.9929,40.06,40.0,1.0015,1.0118,0.06,0.3215,6.3235
55.0257,39.989,40.0,0.9997,1.0118,0.011,0.3182,9.518
55.057,39.985,40.0,0.9996,1.0118,0.015,0.3495,10.6647
55.0881,40.017,40.0,1.0004,1.0118,0.017,0.4297,2.0778
55.1199,39.981,40.0,0.9995,1.0118,0.019,0.1542,3.7825
55.152,40.025,40.0,1.0006,1.0118,0.025,0.1553,5.2804
55.1838,40.024,40.0,1.0006,1.0118,0.024,0.1564,7.4563
55.2161,39.916,40.0,0.9979,1.0118,0.084,0.1724,9.0739
55.2483,39.968,40.0,0.9992,1.0118,0.032,0.2478,2.0999
55.28,39.923,40.0,0.9981,1.0118,0.077,0.2833,3.6269
55.3126,39.985,40.0,0.9996,1.0118,0.015,0.2784,5.4813
55.3443,40.004,40.0,1.0001,1.0118,0.004,0.2784,8.3851
55.3768,40.072,40.0,1.0018,1.0118,0.072,0.2763,10.5494
55.4096,39.977,40.0,0.9994,1.0118,0.023,0.2634,2.6926
55.4407,40.05,40.0,1.0012,1.0118,0.05,0.3371,4.761
55.4734,40.058,40.0,1.0015,1.0118,0.058,0.4837,7.52
55.5041,39.908,40.0,0.9977,1.0118,0.092,0.24,8.0189
55.5364,40.027,40.0,1.0007,1.0118,0.027,0.1744,9.8731
55.5683,39.966,40.0,0.9992,1.0118,0.034,0.153,1.5107
55.6013,40.048,40.0,1.0012,1.0118,0.048,1.5742,5.3268
55.6315,40.003,40.0,1.0001,1.0118,0.003,0.1627,5.3316
55.6645,39.921,40.0,0.998,1.0118,0.079,0.1914,6.7035
55.6957,40.072,40.0,1.0018,1.0118,0.072,0.1901,8.7897
55.728,39.966,40.0,0.9991,1.0118,0.034,0.1559,1.8373
55.7599,40.02,40.0,1.0005,1.0118,0.02,0.1771,2.6792
55.7927,39.947,40.0,0.9987,1.0118,0.053,0.3174,5.8521
55.8249,39.86,40.0,0.9965,1.0118,0.14,0.3437,8.7125
55.857,39.956,40.0,0.9989,1.0118,0.044,0.3591,8.1298
55.8895,40.048,40.0,1.0012,1.0118,0.048,0.6533,2.7789
55.9196,40.052,40.0,1.0013,1.0118,0.052,0.1553,2.7534
55.9523,39.945,40.0,0.9986,1.0118,0.055,0.1564,5.3141
55.9839,39.949,40.0,0.9987,1.0118,0.051,0.1589,7.5543
56.0161,40.034,40.0,1.0009,1.0118,0.034,0.1606,9.197
56.0487,40.061,40.0,1.0015,1.0118,0.061,0.2321,2.0985
56.0802,40.031,40.0,1.0008,1.0118,0.031,0.2507,3.7314
56.1122,39.952,40.0,0.9988,1.0118,0.048,0.2643,5.2877
56.1439,40.049,40.0,1.0012,1.0118,0.049,0.2754,8.0221
56.1767,40.013,40.0,1.0003,1.0118,0.013,0.273,10.7545
56.2098,40.017,40.0,1.0004,1.0118,0.017,0.2942,2.6154
56.2406,39.975,40.0,0.9994,1.0118,0.025,0.3071,4.6964
56.2732,39.984,40.0,0.9996,1.0118,0.016,0.4296,6.4418
56.3042,40.089,40.0,1.0022,1.0118,0.089,0.3052,8.1579
56.3364,39.936,40.0,0.9984,1.0118,0.064,0.1563,9.994
56.368,39.875,40.0,0.9969,1.0118,0.125,0.1637,1.6963
56.4001,39.955,40.0,0.9989,1.0118,0.045,0.1702,3.8558
56.4322,40.052,40.0,1.0013,1.0118,0.052,0.1614,6.1372
56.4643,40.036,40.0,1.0009,1.0118,0.036,0.1574,6.7197
56.4963,39.948,40.0,0.9987,1.0118,0.052,0.1687,9.8335
56.5278,40.019,40.0,1.0005,1.0118,0.019,0.154,1.7057
56.56,39.921,40.0,0.998,1.0118,0.079,0.197,3.2061
56.5924,40.056,40.0,1.0014,1.0118,0.056,0.2089,5.9288
56.6247,40.053,40.0,1.0013,1.0118,0.053,0.3359,8.467
56.6571,39.928,40.0,0.9982,1.0118,0.072,0.3935,11.0123
56.6897,39.952,40.0,0.9988,1.0118,0.048,0.4437,2.9817
56.7195,39.953,40.0,0.9988,1.0118,0.047,0.1539,2.6854
56.7522,40.017,40.0,1.0004,1.0118,0.017,0.1546,5.2533
56.7839,39.978,40.0,0.9994,1.0118,0.022,0.1566,7.4937
56.816,39.982,40.0,0.9995,1.0118,0.018,0.1611,9.1069
56.8491,39.939,40.0,0.9985,1.0118,0.061,0.2591,2.1185
56.88,39.997,40.0,0.9999,1.0118,0.003,0.2384,3.594
56.9125,40.025,40.0,1.0006,1.0118,0.025,0.2664,5.757
56.9446,40.015,40.0,1.0004,1.0118,0.015,0.3986,8.5077
56.9764,40.103,40.0,1.0026,1.0118,0.103,0.2762,10.3378
57.0097,39.989,40.0,0.9997,1.0118,0.011,0.261,2.7727
57.0407,40.082,40.0,1.0021,1.0118,0.082,0.3428,4.7809
57.0733,40.053,40.0,1.0013,1.0118,0.053,0.5377,6.5688
57.1046,39.976,40.0,0.9994,1.0118,0.024,0.6256,8.5967
57.1363,40.108,40.0,1.0027,1.0118,0.108,0.1651,9.9777
57.1679,40.068,40.0,1.0017,1.0118,0.068,0.1534,1.9293
57.1996,40.059,40.0,1.0015,1.0118,0.059,0.1608,2.4535
57.2321,39.962,40.0,0.999,1.0118,0.038,0.1557,5.988
57.2638,39.938,40.0,0.9984,1.0118,0.062,0.164,6.6718
57.2972,40.038,40.0,1.0009,1.0118,0.038,0.4787,11.3818
57.3278,40.033,40.0,1.0008,1.0118,0.033,0.1538,1.7228
57.3601,39.974,40.0,0.9993,1.0118,0.026,0.1908,3.0939
57.3929,39.974,40.0,0.9994,1.0118,0.026,0.239,7.0348
57.4248,40.02,40.0,1.0005,1.0118,0.02,0.3989,8.6204
57.4572,40.035,40.0,1.0009,1.0118,0.035,0.3782,11.1216
57.4903,40.049,40.0,1.0012,1.0118,0.049,0.3754,2.3953
57.5198,40.023,40.0,1.0006,1.0118,0.023,0.1555,3.5354
57.5515,39.982,40.0,0.9995,1.0118,0.018,0.1595,5.3702
57.5839,40.01,40.0,1.0003,1.0118,0.01,0.1603,7.6927
57.6159,40.026,40.0,1.0006,1.0118,0.026,0.2509,8.39
57.6489,40.038,40.0,1.001,1.0118,0.038,0.2442,2.5505
57.68,40.0,40.0,1.0,1.0118,0.0,0.2535,3.6882
57.7126,40.029,40.0,1.0007,1.0118,0.029,0.2619,5.768
57.7445,40.08,40.0,1.002,1.0118,0.08,0.2955,8.5379
57.7766,39.898,40.0,0.9974,1.0118,0.102,0.3069,10.5134
57.8101,40.052,40.0,1.0013,1.0118,0.052,0.2905,2.7707
57.8408,39.991,40.0,0.9998,1.0118,0.009,0.3319,4.4217
57.8734,40.015,40.0,1.0004,1.0118,0.015,0.5448,7.5173
57.9039,40.01,40.0,1.0002,1.0118,0.01,0.2822,7.9788
57.9361,39.931,40.0,0.9983,1.0118,0.069,0.1546,9.992
57.9674,39.952,40.0,0.9988,1.0118,0.048,0.1514,1.5806
57.9998,40.009,40.0,1.0002,1.0118,0.009,0.1587,3.8202
58.0321,40.105,40.0,1.0026,1.0118,0.105,0.158,5.9871
58.064,40.034,40.0,1.0008,1.0118,0.034,0.1596,7.2427
58.0961,39.983,40.0,0.9996,1.0118,0.017,0.1677,9.3632
58.1283,39.972,40.0,0.9993,1.0118,0.028,0.612,2.2
58.16,39.899,40.0,0.9975,1.0118,0.101,0.2417,3.3435
58.1925,40.024,40.0,1.0006,1.0118,0.024,0.4039,6.6953
58.2249,40.002,40.0,1.0,1.0118,0.002,0.3667,8.5574
58.2565,39.997,40.0,0.9999,1.0118,0.003,0.4559,10.419
58.2886,39.971,40.0,0.9993,1.0118,0.029,0.4489,2.7011
58.32,40.001,40.0,1.0,1.0118,0.001,0.153,3.7066
58.3519,40.02,40.0,1.0005,1.0118,0.02,0.1527,5.0649
58.384,39.941,40.0,0.9985,1.0118,0.059,0.1612,7.6453
58.4162,40.031,40.0,1.0008,1.0118,0.031,0.1659,9.319
58.4483,39.916,40.0,0.9979,1.0118,0.084,0.2515,1.9158
58.4801,40.026,40.0,1.0007,1.0118,0.026,0.2572,3.6957
58.5122,39.977,40.0,0.9994,1.0118,0.023,0.2649,5.2649
58.5445,39.925,40.0,0.9981,1.0118,0.075,0.3137,8.4714
58.5768,40.089,40.0,1.0022,1.0118,0.089,0.3039,10.1558
58.6098,40.021,40.0,1.0005,1.0118,0.021,0.2629,2.8963
58.6412,39.983,40.0,0.9996,1.0118,0.017,0.5014,5.1182
58.6731,39.887,40.0,0.9972,1.0118,0.113,0.4558,7.1372
58.7039,40.003,40.0,1.0001,1.0118,0.003,0.287,7.9769
58.7361,40.097,40.0,1.0024,1.0118,0.097,0.162,9.9938
58.7682,40.046,40.0,1.0011,1.0118,0.046,0.155,1.6098
58.7998,40.002,40.0,1.0,1.0118,0.002,0.1626,3.9404
58.8326,39.97,40.0,0.9993,1.0118,0.03,0.1597,6.4926
58.8636,40.039,40.0,1.001,1.0118,0.039,0.1656,6.6083
58.8962,40.008,40.0,1.0002,1.0118,0.008,0.2141,10.0886
58.928,40.065,40.0,1.0016,1.0118,0.065,0.1599,1.8808
58.9606,39.998,40.0,0.9999,1.0118,0.002,0.5726,3.6282
58.9921,39.963,40.0,0.9991,1.0118,0.037,0.3674,5.8004
59.0242,40.009,40.0,1.0002,1.0118,0.009,0.3265,7.9308
59.0563,40.044,40.0,1.0011,1.0118,0.044,0.349,10.0033
59.0895,40.014,40.0,1.0004,1.0118,0.014,0.5493,3.3321
59.12,39.975,40.0,0.9994,1.0118,0.025,0.1895,3.8492
59.1524,40.027,40.0,1.0007,1.0118,0.027,0.1657,5.6263
59.1841,40.082,40.0,1.0021,1.0118,0.082,0.1656,7.7216
59.2165,39.985,40.0,0.9996,1.0118,0.015,0.165,9.6563
59.2497,39.988,40.0,0.9997,1.0118,0.012,0.2573,2.7658
59.2803,40.049,40.0,1.0012,1.0118,0.049,0.2665,3.988
59.3126,40.046,40.0,1.0011,1.0118,0.046,0.2652,5.5909
59.3447,40.025,40.0,1.0006,1.0118,0.025,0.4155,8.6522
59.3767,39.942,40.0,0.9986,1.0118,0.058,0.2939,10.616
59.4098,39.995,40.0,0.9999,1.0118,0.005,0.2636,2.9674
59.4408,39.983,40.0,0.9996,1.0118,0.017,0.3478,4.8189
59.4733,40.05,40.0,1.0012,1.0118,0.05,0.4385,7.2863
59.5041,39.994,40.0,0.9999,1.0118,0.006,0.3421,8.1882
59.5361,39.997,40.0,0.9999,1.0118,0.003,0.156,10.0147
59.5676,39.892,40.0,0.9973,1.0118,0.108,0.1635,1.437
59.5998,39.909,40.0,0.9977,1.0118,0.091,0.1564,3.8715
59.6323,40.036,40.0,1.0009,1.0118,0.036,0.1654,5.9582
59.6638,39.923,40.0,0.9981,1.0118,0.077,0.1756,6.5577
59.696,40.007,40.0,1.0002,1.0118,0.007,0.1809,10.1009
59.7278,39.995,40.0,0.9999,1.0118,0.005,0.153,1.7079
59.7598,39.995,40.0,0.9999,1.0118,0.005,0.2152,3.0985
59.7923,40.037,40.0,1.0009,1.0118,0.037,0.175,6.4799
59.8248,39.982,40.0,0.9996,1.0118,0.018,0.3972,8.5641
59.8573,40.062,40.0,1.0015,1.0118,0.062,0.5379,10.4327
59.8883,40.014,40.0,1.0003,1.0118,0.014,0.1529,1.458
59.9199,40.05,40.0,1.0013,1.0118,0.05,0.1542,3.72
59.9523,39.908,40.0,0.9977,1.0118,0.092,0.1751,5.631
59.9842,39.908,40.0,0.9977,1.0118,0.092,0.1658,7.7063
60.0158,40.085,40.0,1.0021,1.0118,0.085,0.2652,6.8069
60.0485,40.01,40.0,1.0002,1.0118,0.01,0.2387,2.3306
60.0801,40.063,40.0,1.0016,1.0118,0.063,0.2628,2.9924
60.1123,39.921,40.0,0.998,1.0118,0.079,0.2967,5.2602
60.1439,39.956,40.0,0.9989,1.0118,0.044,0.2901,7.4835
60.1769,40.112,40.0,1.0028,1.0118,0.112,0.2737,10.8974
60.2096,40.072,40.0,1.0018,1.0118,0.072,0.2723,2.945
60.2405,40.067,40.0,1.0017,1.0118,0.067,0.3659,3.7386
60.2732,39.923,40.0,0.9981,1.0118,0.077,0.4062,6.5325
60.304,40.062,40.0,1.0016,1.0118,0.062,0.1829,7.8861
60.3361,40.023,40.0,1.0006,1.0118,0.023,0.1555,9.9729
60.3675,39.989,40.0,0.9997,1.0118,0.011,0.1556,1.4865
60.4,40.066,40.0,1.0016,1.0118,0.066,0.1576,3.9231
60.4323,39.932,40.0,0.9983,1.0118,0.068,0.1575,6.0944
60.4641,40.059,40.0,1.0015,1.0118,0.059,0.1654,7.2352
60.4964,39.992,40.0,0.9998,1.0118,0.008,0.1675,9.5945
60.5279,40.037,40.0,1.0009,1.0118,0.037,0.1569,1.7366
60.5599,39.938,40.0,0.9985,1.0118,0.062,0.2546,2.8605
60.5924,39.975,40.0,0.9994,1.0118,0.025,0.313,6.4425
60.6248,40.011,40.0,1.0003,1.0118,0.011,0.3404,8.4104
60.6603,39.932,40.0,0.9983,1.0118,0.068,4.4558,13.7982
60.6889,39.969,40.0,0.9992,1.0118,0.031,0.2977,2.1338
60.7198,39.896,40.0,0.9974,1.0118,0.104,0.1711,2.9122
60.7516,40.001,40.0,1.0,1.0118,0.001,0.1745,5.1851
60.7841,40.072,40.0,1.0018,1.0118,0.072,0.1605,7.5557
60.8162,40.021,40.0,1.0005,1.0118,0.021,0.1673,9.068
60.8486,39.991,40.0,0.9998,1.0118,0.009,0.2342,2.144
60.8802,39.816,40.0,0.9954,1.0118,0.184,0.2779,3.8469
60.912,40.117,40.0,1.0029,1.0118,0.117,0.3048,5.0582
60.9447,40.05,40.0,1.0013,1.0118,0.05,0.2672,8.8523
60.9761,39.948,40.0,0.9987,1.0118,0.052,0.3145,9.3312
61.01,39.884,40.0,0.9971,1.0118,0.116,0.2913,2.8293
61.0408,39.972,40.0,0.9993,1.0118,0.028,0.35,4.6907
61.0735,40.025,40.0,1.0006,1.0118,0.025,0.4476,7.3866
61.1041,39.993,40.0,0.9998,1.0118,0.007,0.3153,8.1242
61.1362,40.021,40.0,1.0005,1.0118,0.021,0.1608,10.0288
61.1676,39.895,40.0,0.9974,1.0118,0.105,0.1641,1.4548
61.1998,40.028,40.0,1.0007,1.0118,0.028,0.1672,3.8612
61.232,40.029,40.0,1.0007,1.0118,0.029,0.1526,5.8181
61.2638,39.934,40.0,0.9984,1.0118,0.066,0.1684,7.5348
61.296,40.062,40.0,1.0015,1.0118,0.062,0.1648,10.1563
61.3281,39.975,40.0,0.9994,1.0118,0.025,0.1714,2.0358
61.3611,39.995,40.0,0.9999,1.0118,0.005,0.3811,4.6816
61.392,40.009,40.0,1.0002,1.0118,0.009,0.1837,5.9101
61.4248,39.941,40.0,0.9985,1.0118,0.059,0.3472,8.7925
61.4571,39.999,40.0,1.0,1.0118,0.001,0.3618,10.1517
61.4882,40.002,40.0,1.0001,1.0118,0.002,0.2716,1.7253
61.5196,39.997,40.0,0.9999,1.0118,0.003,0.1409,3.5934
61.5522,39.991,40.0,0.9998,1.0118,0.009,0.1429,6.0816
61.5835,39.976,40.0,0.9994,1.0118,0.024,0.1427,7.2724
61.616,40.043,40.0,1.0011,1.0118,0.043,0.1511,9.198
61.6488,40.023,40.0,1.0006,1.0118,0.023,0.2234,1.9231
61.6803,40.028,40.0,1.0007,1.0118,0.028,0.2304,3.4791
61.7119,39.969,40.0,0.9992,1.0118,0.031,0.2557,5.1472
61.7444,39.98,40.0,0.9995,1.0118,0.02,0.2569,8.3925
61.7765,40.132,40.0,1.0033,1.0118,0.132,0.2616,10.6133
61.8102,40.067,40.0,1.0017,1.0118,0.067,0.2201,1.1139
61.841,40.062,40.0,1.0015,1.0118,0.062,0.3631,4.3777
61.8741,39.968,40.0,0.9992,1.0118,0.032,0.335,7.3147
61.9038,40.101,40.0,1.0025,1.0118,0.101,0.1552,7.7375
61.9363,40.02,40.0,1.0005,1.0118,0.02,0.1435,9.806
61.9676,39.946,40.0,0.9987,1.0118,0.054,0.1583,1.4671
61.9996,39.913,40.0,0.9978,1.0118,0.087,0.1549,2.0936
62.0324,40.0,40.0,1.0,1.0118,0.0,0.1506,5.9151
62.0638,40.086,40.0,1.0021,1.0118,0.086,0.1489,6.9665
62.0961,39.928,40.0,0.9982,1.0118,0.072,0.1603,9.9916
62.128,40.027,40.0,1.0007,1.0118,0.027,0.1505,1.4918
62.1597,39.955,40.0,0.9989,1.0118,0.045,0.2609,2.3471
62.1921,40.03,40.0,1.0007,1.0118,0.03,0.3187,4.5433
62.225,40.035,40.0,1.0009,1.0118,0.035,0.3621,8.3667
62.2571,39.932,40.0,0.9983,1.0118,0.068,0.3728,10.9848
62.2878,39.947,40.0,0.9987,1.0118,0.053,0.3497,1.6292
62.3203,39.906,40.0,0.9977,1.0118,0.094,0.1834,3.6225
62.3524,40.079,40.0,1.002,1.0118,0.079,0.152,6.1266
62.3838,40.028,40.0,1.0007,1.0118,0.028,0.1433,7.3838
62.4161,40.018,40.0,1.0004,1.0118,0.018,0.149,8.9957
62.4482,39.99,40.0,0.9998,1.0118,0.01,0.2371,2.0302
62.4803,40.031,40.0,1.0008,1.0118,0.031,0.2437,3.591
62.5122,40.016,40.0,1.0004,1.0118,0.016,0.258,5.2884
62.5444,39.995,40.0,0.9999,1.0118,0.005,0.2579,8.5125
62.5766,40.032,40.0,1.0008,1.0118,0.032,0.2639,9.8505
62.61,39.951,40.0,0.9988,1.0118,0.049,0.258,3.1466
62.6408,40.024,40.0,1.0006,1.0118,0.024,0.3186,4.9073
62.6762,40.001,40.0,1.0,1.0118,0.001,0.2678,9.8172
62.705,39.906,40.0,0.9977,1.0118,0.094,0.5273,8.3499
62.7363,40.006,40.0,1.0001,1.0118,0.006,0.1542,9.7525
62.768,39.939,40.0,0.9985,1.0118,0.061,0.1398,1.3351
62.7999,40.058,40.0,1.0014,1.0118,0.058,0.14,3.644
62.8317,39.981,40.0,0.9995,1.0118,0.019,0.1399,5.6352
62.8639,39.982,40.0,0.9995,1.0118,0.018,0.1546,7.4039
62.8964,40.102,40.0,1.0025,1.0118,0.102,0.1538,9.8815
62.9276,40.007,40.0,1.0002,1.0118,0.007,0.138,1.5222
62.9599,40.06,40.0,1.0015,1.0118,0.06,0.1729,3.1557
62.9927,39.982,40.0,0.9996,1.0118,0.018,0.2016,6.1998
63.0247,39.971,40.0,0.9993,1.0118,0.029,0.35,8.7552
63.0569,40.042,40.0,1.001,1.0118,0.042,0.317,10.4014
63.0884,40.031,40.0,1.0008,1.0118,0.031,0.3919,1.9591
63.1205,40.144,40.0,1.0036,1.0118,0.144,0.1694,4.5028
63.1523,39.993,40.0,0.9998,1.0118,0.007,0.14,5.9436
63.1841,40.039,40.0,1.001,1.0118,0.039,0.7436,7.8617
63.216,40.017,40.0,1.0004,1.0118,0.017,0.1496,9.1549
63.2482,40.044,40.0,1.0011,1.0118,0.044,0.1357,1.3343
63.2802,40.007,40.0,1.0002,1.0118,0.007,0.2459,3.7789
63.3125,39.977,40.0,0.9994,1.0118,0.023,0.2543,5.649
63.3444,39.993,40.0,0.9998,1.0118,0.007,0.2672,8.2352
63.3766,39.988,40.0,0.9997,1.0118,0.012,0.2631,9.95
63.4097,40.064,40.0,1.0016,1.0118,0.064,0.3659,2.717
63.4406,39.928,40.0,0.9982,1.0118,0.072,0.37,4.7805
63.4725,40.013,40.0,1.0003,1.0118,0.013,0.4199,6.6735
63.5038,40.065,40.0,1.0016,1.0118,0.065,0.1389,7.6976
63.5361,39.97,40.0,0.9993,1.0118,0.03,0.1449,9.8225
63.5674,39.946,40.0,0.9987,1.0118,0.054,0.1388,1.261
63.5997,39.962,40.0,0.9991,1.0118,0.038,0.1392,2.9779
63.6326,40.036,40.0,1.0009,1.0118,0.036,0.2248,5.5103
63.6643,40.067,40.0,1.0017,1.0118,0.067,0.2463,7.1314
63.6959,39.942,40.0,0.9985,1.0118,0.058,0.2647,9.1055
63.7284,39.989,40.0,0.9997,1.0118,0.011,0.2437,2.1322
63.7601,39.934,40.0,0.9984,1.0118,0.066,0.2539,3.2256
63.7927,40.076,40.0,1.0019,1.0118,0.076,0.3002,6.7808
63.8249,39.969,40.0,0.9992,1.0118,0.031,0.3823,8.9815
63.8564,39.969,40.0,0.9992,1.0118,0.031,0.337,10.0453
63.8878,39.94,40.0,0.9985,1.0118,0.06,0.3016,1.9288
63.9203,39.903,40.0,0.9976,1.0118,0.097,0.1634,3.5914
63.9516,39.997,40.0,0.9999,1.0118,0.003,0.1479,5.652
63.9839,39.891,40.0,0.9973,1.0118,0.109,0.1522,7.8091
64.0159,40.0,40.0,1.0,1.0118,0.0,0.1645,9.0274
64.0477,39.975,40.0,0.9994,1.0118,0.025,0.1394,1.4184
64.0798,40.015,40.0,1.0004,1.0118,0.015,0.1396,3.7454
64.1122,40.053,40.0,1.0013,1.0118,0.053,0.1462,3.9069
64.1443,39.91,40.0,0.9977,1.0118,0.09,0.1634,7.5652
64.1763,40.071,40.0,1.0018,1.0118,0.071,0.1952,10.0691
64.2091,39.925,40.0,0.9981,1.0118,0.075,0.3606,2.4678
64.241,40.023,40.0,1.0006,1.0118,0.023,0.3754,4.2646
64.2724,39.938,40.0,0.9984,1.0118,0.062,0.3326,6.1367
64.3036,39.968,40.0,0.9992,1.0118,0.032,0.1658,7.231
64.3356,40.056,40.0,1.0014,1.0118,0.056,0.1443,9.2502
64.3679,40.007,40.0,1.0002,1.0118,0.007,0.1403,1.2258
64.3996,40.03,40.0,1.0008,1.0118,0.03,0.1438,3.3084
64.432,39.947,40.0,0.9987,1.0118,0.053,0.2323,5.5148
64.4644,39.955,40.0,0.9989,1.0118,0.045,0.2299,6.6778
64.4967,39.975,40.0,0.9994,1.0118,0.025,0.2398,10.4165
64.5291,40.038,40.0,1.0009,1.0118,0.038,0.2651,2.1177
64.5605,40.104,40.0,1.0026,1.0118,0.104,0.2543,2.7655
64.5926,39.948,40.0,0.9987,1.0118,0.052,0.2709,6.5444
64.6248,39.989,40.0,0.9997,1.0118,0.011,0.3621,8.8023
64.6568,40.037,40.0,1.0009,1.0118,0.037,0.7176,10.0935
64.689,40.033,40.0,1.0008,1.0118,0.033,0.5763,3.1473
64.7204,40.017,40.0,1.0004,1.0118,0.017,0.143,4.5714
64.7518,40.015,40.0,1.0004,1.0118,0.015,0.141,5.6166
64.7838,40.049,40.0,1.0012,1.0118,0.049,0.1465,7.4191
64.8162,39.986,40.0,0.9997,1.0118,0.014,0.1478,9.3462
64.8486,40.062,40.0,1.0015,1.0118,0.062,0.2243,1.8962
64.8799,39.951,40.0,0.9988,1.0118,0.049,0.2398,3.5277
64.9124,39.962,40.0,0.9991,1.0118,0.038,0.2458,6.1155
64.9446,40.028,40.0,1.0007,1.0118,0.028,0.2756,7.8549
64.9774,39.95,40.0,0.9987,1.0118,0.05,0.2745,11.6131
65.0098,40.027,40.0,1.0007,1.0118,0.027,0.2854,2.6652
65.0403,39.94,40.0,0.9985,1.0118,0.06,0.3162,3.6002
65.0731,40.041,40.0,1.001,1.0118,0.041,0.4107,7.1403
65.1035,40.081,40.0,1.002,1.0118,0.081,0.1433,7.6647
65.1359,40.003,40.0,1.0001,1.0118,0.003,0.1418,9.7571
65.1674,40.007,40.0,1.0002,1.0118,0.007,0.1377,1.4913
65.1998,39.947,40.0,0.9987,1.0118,0.053,0.138,3.6252
65.2319,40.062,40.0,1.0015,1.0118,0.062,0.1373,5.7433
65.2644,40.073,40.0,1.0018,1.0118,0.073,0.1527,7.4656
65.2962,40.041,40.0,1.001,1.0118,0.041,0.1512,9.5449
65.3277,39.936,40.0,0.9984,1.0118,0.064,0.1371,1.5192
65.36,39.973,40.0,0.9993,1.0118,0.027,0.1935,2.8936
65.3927,40.015,40.0,1.0004,1.0118,0.015,0.3141,6.778
65.4251,39.952,40.0,0.9988,1.0118,0.048,0.3639,8.453
65.4571,40.009,40.0,1.0002,1.0118,0.009,0.3992,10.2814
65.4894,39.966,40.0,0.9991,1.0118,0.034,0.9006,2.6935
65.5195,40.037,40.0,1.0009,1.0118,0.037,0.1387,3.5542
65.5516,39.993,40.0,0.9998,1.0118,0.007,0.1401,5.6051
65.584,39.912,40.0,0.9978,1.0118,0.088,0.1491,7.7962
65.6159,40.055,40.0,1.0014,1.0118,0.055,0.1603,9.1955
65.6479,40.01,40.0,1.0003,1.0118,0.01,0.1557,1.7795
65.68,40.014,40.0,1.0003,1.0118,0.014,0.1444,3.9516
65.7121,39.995,40.0,0.9999,1.0118,0.005,0.7216,5.3015
65.744,39.955,40.0,0.9989,1.0118,0.045,0.1519,7.6092
65.7764,40.041,40.0,1.001,1.0118,0.041,0.2019,9.932
65.8095,40.007,40.0,1.0002,1.0118,0.007,0.3466,2.7962
65.8412,40.073,40.0,1.0018,1.0118,0.073,0.3981,4.4854
65.8733,39.965,40.0,0.9991,1.0118,0.035,0.4128,6.5469
65.9054,40.003,40.0,1.0001,1.0118,0.003,0.4263,9.1523
65.9362,40.055,40.0,1.0014,1.0118,0.055,0.1482,9.629
65.9677,40.074,40.0,1.0019,1.0118,0.074,0.1457,1.4141
66.0002,40.02,40.0,1.0005,1.0118,0.02,0.1484,4.047
66.0321,39.958,40.0,0.999,1.0118,0.042,0.2383,5.7621
66.0644,39.99,40.0,0.9997,1.0118,0.01,0.2477,7.5384
66.0968,40.004,40.0,1.0001,1.0118,0.004,0.2821,10.8638
66.1289,40.076,40.0,1.0019,1.0118,0.076,0.2408,2.2855
66.1604,40.044,40.0,1.0011,1.0118,0.044,0.2625,3.4439
66.1922,39.993,40.0,0.9998,1.0118,0.007,0.3348,5.3797
66.2253,40.051,40.0,1.0013,1.0118,0.051,0.4027,9.2642
66.2565,39.947,40.0,0.9987,1.0118,0.053,0.3524,9.6968
66.2884,40.045,40.0,1.0011,1.0118,0.045,0.2798,2.5523
66.3195,39.922,40.0,0.9981,1.0118,0.078,0.1467,3.4311
66.3518,39.982,40.0,0.9996,1.0118,0.018,0.1571,5.7456
66.3838,40.026,40.0,1.0007,1.0118,0.026,0.1466,7.2742
66.4159,39.956,40.0,0.9989,1.0118,0.044,0.1439,8.7203
66.4477,40.032,40.0,1.0008,1.0118,0.032,0.158,1.6263
66.4804,39.931,40.0,0.9983,1.0118,0.069,0.1602,4.1601
66.5123,40.066,40.0,1.0017,1.0118,0.066,0.1644,5.2723
66.5445,40.065,40.0,1.0016,1.0118,0.065,0.1719,8.281
66.5765,39.875,40.0,0.9969,1.0118,0.125,0.2145,9.8126
66.6098,39.921,40.0,0.998,1.0118,0.079,0.1902,2.728
66.6422,39.972,40.0,0.9993,1.0118,0.028,0.3894,6.2248
66.6741,40.04,40.0,1.001,1.0118,0.04,0.3408,7.9207
66.7055,40.049,40.0,1.0012,1.0118,0.049,0.5428,9.4144
66.7362,39.977,40.0,0.9994,1.0118,0.023,0.1584,9.6183
66.7677,39.866,40.0,0.9967,1.0118,0.134,0.1719,1.533
66.7997,40.002,40.0,1.0,1.0118,0.002,0.2599,3.6172
66.8323,40.067,40.0,1.0017,1.0118,0.067,0.2432,5.7377
66.8642,39.944,40.0,0.9986,1.0118,0.056,0.2487,7.0986
66.8967,40.088,40.0,1.0022,1.0118,0.088,0.278,9.9518
66.9293,39.946,40.0,0.9986,1.0118,0.054,0.2552,2.811
66.9604,40.116,40.0,1.0029,1.0118,0.116,0.2705,3.4633
66.9938,40.022,40.0,1.0006,1.0118,0.022,0.4862,7.3688
67.0252,39.925,40.0,0.9981,1.0118,0.075,0.4484,8.8437
67.0566,40.02,40.0,1.0005,1.0118,0.02,0.4109,10.2035
67.088,39.966,40.0,0.9991,1.0118,0.034,0.4642,1.8604
67.1195,40.061,40.0,1.0015,1.0118,0.061,0.1577,2.803
67.1518,39.945,40.0,0.9986,1.0118,0.055,0.1611,5.339
67.1844,39.916,40.0,0.9979,1.0118,0.084,0.1872,7.6811
67.2164,40.085,40.0,1.0021,1.0118,0.085,0.1817,9.1582
67.2488,40.017,40.0,1.0004,1.0118,0.017,0.3042,2.3809
67.2807,40.032,40.0,1.0008,1.0118,0.032,0.2474,4.0368
67.3127,39.989,40.0,0.9997,1.0118,0.011,0.2542,5.4872
67.344,39.988,40.0,0.9997,1.0118,0.012,0.2845,7.8573
67.3763,40.06,40.0,1.0015,1.0118,0.06,0.2835,10.0253
67.41,40.095,40.0,1.0024,1.0118,0.095,0.2718,3.0962
67.4411,40.019,40.0,1.0005,1.0118,0.019,0.4007,4.9864
67.4734,39.956,40.0,0.9989,1.0118,0.044,0.5049,7.3086
67.505,40.011,40.0,1.0003,1.0118,0.011,0.487,9.1079
67.5357,40.011,40.0,1.0003,1.0118,0.011,0.1705,9.2734
67.5683,40.052,40.0,1.0013,1.0118,0.052,0.1543,1.4678
67.6001,39.969,40.0,0.9992,1.0118,0.031,0.1685,3.3674
67.6324,39.905,40.0,0.9976,1.0118,0.095,0.1748,6.0055
67.6643,39.965,40.0,0.9991,1.0118,0.035,0.1727,7.4464
67.6965,39.954,40.0,0.9988,1.0118,0.046,0.1631,10.2451
67.7279,40.045,40.0,1.0011,1.0118,0.045,0.1537,1.7055
67.7608,39.929,40.0,0.9982,1.0118,0.071,0.2347,2.8969
67.7918,40.042,40.0,1.001,1.0118,0.042,0.1707,5.7667
67.8251,40.075,40.0,1.0019,1.0118,0.075,0.3884,8.8194
67.8556,40.042,40.0,1.0011,1.0118,0.042,0.1638,9.3722
67.8877,40.055,40.0,1.0014,1.0118,0.055,0.1577,1.4849
67.9203,39.955,40.0,0.9989,1.0118,0.045,0.1833,3.7401
67.9522,40.158,40.0,1.004,1.0118,0.158,0.1565,5.4026
67.9839,40.112,40.0,1.0028,1.0118,0.112,0.156,7.4391
68.0163,40.009,40.0,1.0002,1.0118,0.009,0.1623,9.0515
68.0491,39.981,40.0,0.9995,1.0118,0.019,0.3107,2.1928
68.0802,39.957,40.0,0.9989,1.0118,0.043,0.2557,3.7721
68.1124,40.096,40.0,1.0024,1.0118,0.096,0.2659,5.2828
68.1441,40.0,40.0,1.0,1.0118,0.0,0.2762,8.3021
68.1769,39.959,40.0,0.999,1.0118,0.041,0.2854,10.7855
68.21,39.962,40.0,0.999,1.0118,0.038,0.2614,2.861
68.2459,39.951,40.0,0.9988,1.0118,0.049,5.3073,9.7167
68.2733,40.026,40.0,1.0007,1.0118,0.026,0.4591,6.9136
68.3053,39.969,40.0,0.9992,1.0118,0.031,0.5133,8.9933
68.3358,40.037,40.0,1.0009,1.0118,0.037,0.1595,8.0099
68.3676,39.973,40.0,0.9993,1.0118,0.027,0.154,1.6082
68.4,39.995,40.0,0.9999,1.0118,0.005,0.1522,3.831
68.4325,40.056,40.0,1.0014,1.0118,0.056,0.1704,6.1727
68.4642,40.039,40.0,1.001,1.0118,0.039,0.1696,7.1859
68.4965,39.989,40.0,0.9997,1.0118,0.011,0.1741,10.3412
68.5281,39.913,40.0,0.9978,1.0118,0.087,0.1723,1.7842
68.5604,40.026,40.0,1.0006,1.0118,0.026,0.2142,2.5993
68.5922,39.958,40.0,0.999,1.0118,0.042,0.3335,6.0504
68.6248,39.979,40.0,0.9995,1.0118,0.021,0.3951,8.2701
68.6563,40.058,40.0,1.0014,1.0118,0.058,0.3505,9.9696
68.6878,40.023,40.0,1.0006,1.0118,0.023,0.3126,1.6592
68.7199,40.06,40.0,1.0015,1.0118,0.06,0.1611,3.6157
68.7524,39.927,40.0,0.9982,1.0118,0.073,0.1748,6.0999
68.7837,39.966,40.0,0.9992,1.0118,0.034,0.1752,7.5444
68.8163,39.954,40.0,0.9988,1.0118,0.046,0.1674,9.1182
68.8485,40.068,40.0,1.0017,1.0118,0.068,0.2417,2.2954
68.8803,39.995,40.0,0.9999,1.0118,0.005,0.245,3.7475
68.9124,39.931,40.0,0.9983,1.0118,0.069,0.2561,5.0901
68.9446,40.032,40.0,1.0008,1.0118,0.032,0.2763,8.5542
68.9761,39.948,40.0,0.9987,1.0118,0.052,0.2764,10.0505
69.0099,40.131,40.0,1.0033,1.0118,0.131,0.2566,2.7117
69.0409,39.982,40.0,0.9996,1.0118,0.018,0.3262,4.7214
69.0724,39.941,40.0,0.9985,1.0118,0.059,0.5463,6.3639
69.1043,40.098,40.0,1.0025,1.0118,0.098,0.1616,8.0429
69.1364,39.98,40.0,0.9995,1.0118,0.02,0.1702,10.142
69.1677,40.001,40.0,1.0,1.0118,0.001,0.1516,1.5185
69.2001,39.971,40.0,0.9993,1.0118,0.029,0.1524,3.9151
69.2323,40.018,40.0,1.0004,1.0118,0.018,0.1597,6.107
69.2637,40.059,40.0,1.0015,1.0118,0.059,0.1623,6.7464
69.2965,39.94,40.0,0.9985,1.0118,0.06,0.1635,9.8649
69.3279,39.965,40.0,0.9991,1.0118,0.035,0.1543,1.6776
69.3599,39.96,40.0,0.999,1.0118,0.04,0.1922,3.022
69.3921,40.084,40.0,1.0021,1.0118,0.084,0.3124,4.9826
69.4252,40.059,40.0,1.0015,1.0118,0.059,0.4028,9.1438
69.4571,39.995,40.0,0.9999,1.0118,0.005,0.6394,10.5056
69.4882,40.0,40.0,1.0,1.0118,0.0,0.4284,2.2864
69.52,40.01,40.0,1.0003,1.0118,0.01,0.1552,3.7118
69.5516,40.049,40.0,1.0012,1.0118,0.049,0.159,5.2163
69.5843,39.995,40.0,0.9999,1.0118,0.005,0.1614,7.6185
69.6163,40.046,40.0,1.0011,1.0118,0.046,0.1747,9.0891
69.6489,39.944,40.0,0.9986,1.0118,0.056,0.1937,2.0115
69.6805,40.106,40.0,1.0026,1.0118,0.106,0.247,3.7772
69.7127,40.037,40.0,1.0009,1.0118,0.037,0.2612,5.6631
69.7447,40.047,40.0,1.0012,1.0118,0.047,0.3842,8.5056
69.7764,40.269,40.0,1.0067,1.0118,0.269,0.3045,10.3302
69.8103,40.424,40.0,1.0106,1.0118,0.424,0.2716,3.133
69.8412,40.419,40.0,1.0105,1.0118,0.419,0.4184,4.7181
69.872,40.584,40.0,1.0146,1.0118,0.584,0.3616,5.7439
69.9039,40.833,40.0,1.0208,1.0118,0.833,0.1881,7.9394
69.9355,40.928,40.0,1.0232,1.0118,0.928,0.174,9.0362
69.9677,41.17,40.0,1.0293,1.0118,1.17,0.1787,1.5782
70.0002,41.392,40.0,1.0348,1.0233,1.392,0.4473,4.2549
70.032,41.637,40.0,1.0409,1.0233,1.637,0.189,5.4793
70.0646,41.797,40.0,1.0449,1.0341,1.797,0.4886,7.9231
70.0963,42.071,40.0,1.0518,1.0341,2.071,0.188,10.4424
70.1286,42.334,40.0,1.0584,1.0462,2.334,0.4957,2.2903
70.1606,42.565,40.0,1.0641,1.0462,2.565,0.2099,3.6401
70.1935,42.744,40.0,1.0686,1.0574,2.744,0.9708,7.5626
70.2251,42.964,40.0,1.0741,1.0574,2.964,0.4347,8.7364
70.2582,43.224,40.0,1.0806,1.069,3.224,0.9388,11.2993
70.2877,43.542,40.0,1.0885,1.069,3.542,0.3005,1.6129
70.32,43.697,40.0,1.0924,1.0807,3.697,0.4384,3.4462
70.3519,43.912,40.0,1.0978,1.0807,3.912,0.1771,5.3203
70.3848,44.117,40.0,1.1029,1.0918,4.117,0.6017,8.0899
70.4163,44.386,40.0,1.1097,1.0918,4.386,0.1773,6.6727
70.4493,44.661,40.0,1.1165,1.1042,4.661,0.7054,2.5662
70.4806,44.859,40.0,1.1215,1.1042,4.859,0.2672,3.76
70.5133,45.063,40.0,1.1266,1.1154,5.063,0.8251,6.8649
70.544,45.1,40.0,1.1275,1.1154,5.1,0.3104,7.7158
70.5775,45.452,40.0,1.1363,1.1258,5.452,1.6082,10.7125
70.6116,45.653,40.0,1.1413,1.1258,5.653,0.2805,1.6706
70.642,45.741,40.0,1.1435,1.1258,5.741,0.3817,6.0177
70.6742,45.992,40.0,1.1498,1.1378,5.992,1.3906,8.0554
70.7039,46.105,40.0,1.1526,1.1378,6.105,0.1903,7.866
70.7359,46.351,40.0,1.1588,1.1483,6.351,0.4957,9.1843
70.7695,46.522,40.0,1.163,1.1483,6.522,1.8887,3.2936
70.8001,46.653,40.0,1.1663,1.1483,6.653,0.171,3.4714
70.8324,46.813,40.0,1.1703,1.1593,6.813,0.7831,5.7159
70.8639,47.027,40.0,1.1757,1.1593,7.027,0.1781,6.1232
70.8973,47.194,40.0,1.1799,1.1696,7.194,0.8277,10.8614
70.9291,47.429,40.0,1.1857,1.1696,7.429,0.3215,2.3885
70.9607,47.528,40.0,1.1882,1.1696,7.528,0.301,4.1552
70.9939,47.746,40.0,1.1937,1.1816,7.746,1.2386,7.6307
71.0253,47.782,40.0,1.1945,1.1816,7.782,0.4599,8.9209
71.0568,47.973,40.0,1.1993,1.1816,7.973,0.3969,10.869
71.0903,48.217,40.0,1.2054,1.1935,8.217,2.3772,4.0496
71.1201,48.387,40.0,1.2097,1.1935,8.387,0.1761,3.7429
71.1522,48.465,40.0,1.2116,1.1935,8.465,0.1795,5.982
71.1842,48.617,40.0,1.2154,1.2045,8.617,0.6629,7.4741
71.2164,48.823,40.0,1.2206,1.2045,8.823,0.1875,9.364
71.2482,48.94,40.0,1.2235,1.2045,8.94,0.1698,1.5873
71.2806,49.187,40.0,1.2297,1.2171,9.187,0.4898,4.3808
71.3115,49.344,40.0,1.2336,1.2171,9.344,0.2072,1.9018
71.3449,49.485,40.0,1.2371,1.2271,9.485,0.788,8.5191
71.377,49.635,40.0,1.2409,1.2271,9.635,0.3018,10.5731
71.4092,49.846,40.0,1.2461,1.2271,9.846,0.3283,2.329
71.4426,50.004,40.0,1.2501,1.2386,10.004,1.1916,6.0485
71.4735,50.132,40.0,1.2533,1.2386,10.132,0.5472,7.0952
71.5044,50.358,40.0,1.2589,1.2488,10.358,0.5891,8.3751
71.5356,50.472,40.0,1.2618,1.2488,10.472,0.1747,9.016
71.5679,50.683,40.0,1.2671,1.2488,10.683,0.1744,1.6115
71.6008,50.843,40.0,1.2711,1.2599,10.843,0.4829,4.2505
71.6324,50.997,40.0,1.2749,1.2599,10.997,0.1787,6.0342
71.6638,51.178,40.0,1.2794,1.2599,11.178,0.2146,7.0151
71.6968,51.352,40.0,1.2838,1.2719,11.352,0.4991,10.9138
71.7288,51.522,40.0,1.2881,1.2719,11.522,0.2085,2.3444
71.7608,51.72,40.0,1.293,1.2824,11.72,1.1504,4.2768
71.7927,51.889,40.0,1.2972,1.2824,11.889,0.3067,6.5611
71.8257,51.979,40.0,1.2995,1.2824,11.979,0.4588,9.1641
71.8572,52.211,40.0,1.3053,1.2938,12.211,1.252,10.7594
71.8878,52.476,40.0,1.3119,1.2938,12.476,0.3872,1.9433
71.9199,52.595,40.0,1.3149,1.3044,12.595,0.48,3.1675
71.9517,52.8,40.0,1.32,1.3044,12.8,0.1829,4.4343
71.9843,52.908,40.0,1.3227,1.3044,12.908,0.1729,7.5382
72.0169,53.109,40.0,1.3277,1.316,13.109,0.7969,9.5863
72.0488,53.297,40.0,1.3324,1.316,13.297,0.2541,2.129
72.0813,53.51,40.0,1.3377,1.3269,13.51,0.8057,3.5961
72.1119,53.619,40.0,1.3405,1.3269,13.619,0.2834,2.4202
72.144,53.746,40.0,1.3437,1.3269,13.746,0.3066,7.3518
72.1768,53.948,40.0,1.3487,1.3378,13.948,0.8559,10.6934
72.2108,54.184,40.0,1.3546,1.3378,14.184,0.4402,3.7159
72.2409,54.335,40.0,1.3584,1.3481,14.335,1.0263,4.5246
72.2742,54.522,40.0,1.3631,1.3481,14.522,0.4463,7.8078
72.3038,54.637,40.0,1.3659,1.3481,14.637,0.1849,7.036
72.3362,54.809,40.0,1.3702,1.3591,14.809,0.524,9.5578
72.3684,55.058,40.0,1.3765,1.3591,15.058,0.1694,1.5795
72.4001,55.155,40.0,1.3789,1.3591,15.155,0.1692,3.9623
72.4327,55.322,40.0,1.3831,1.3711,15.322,0.4597,6.2727
72.4636,55.468,40.0,1.3867,1.3711,15.468,0.1874,5.8013
72.497,55.652,40.0,1.3913,1.3812,15.652,0.5268,10.8281
72.5281,55.891,40.0,1.3973,1.3812,15.891,0.1804,1.7954
72.5604,55.964,40.0,1.3991,1.3812,15.964,0.2043,2.6213
72.5943,56.218,40.0,1.4054,1.3933,16.218,1.7924,7.7096
72.626,56.408,40.0,1.4102,1.3933,16.408,1.2332,9.5155
72.6592,56.547,40.0,1.4137,1.4035,16.547,1.2694,12.8532
72.6904,56.778,40.0,1.4195,1.4035,16.778,0.5045,2.2654
72.7196,56.929,40.0,1.4232,1.4035,16.929,0.1682,2.6749
72.7545,57.118,40.0,1.4279,1.4157,17.118,2.2633,7.4842
72.7843,57.221,40.0,1.4305,1.4157,17.221,0.1779,7.506
72.8164,57.396,40.0,1.4349,1.4157,17.396,0.1886,9.1993
72.8495,57.64,40.0,1.441,1.4284,17.64,0.6686,2.5962
72.8805,57.732,40.0,1.4433,1.4284,17.732,0.2825,3.8358
72.9132,58.003,40.0,1.4501,1.4392,18.003,1.4046,6.72
72.944,58.119,40.0,1.453,1.4392,18.119,0.3025,7.9627
72.9775,58.304,40.0,1.4576,1.4392,18.304,0.3048,11.1069
73.0108,58.485,40.0,1.4621,1.4507,18.485,1.0913,3.739
73.0411,58.663,40.0,1.4666,1.4507,18.663,0.425,4.8656
73.0731,58.768,40.0,1.4692,1.4507,18.768,0.5639,6.6531
73.1069,58.959,40.0,1.474,1.4623,18.959,1.6019,10.4593
73.1362,59.11,40.0,1.4778,1.4623,19.11,0.1799,9.9186
73.1682,59.327,40.0,1.4832,1.4728,19.327,0.4501,1.7685
73.1997,59.468,40.0,1.4867,1.4728,19.468,0.1734,2.9539
73.2315,59.626,40.0,1.4907,1.4728,19.626,0.1744,5.1037
73.2639,59.868,40.0,1.4967,1.4847,19.868,0.508,7.0103
73.297,59.92,40.0,1.498,1.4847,19.92,0.8507,10.8859
73.33,60.246,40.0,1.5062,1.4954,20.246,0.4405,1.8934
73.3607,60.399,40.0,1.51,1.4954,20.399,0.2053,3.7155
73.3927,60.545,40.0,1.5136,1.4954,20.545,0.4515,6.104
73.4258,60.728,40.0,1.5182,1.5068,20.728,1.0906,9.0374
73.4565,60.851,40.0,1.5213,1.5068,20.851,0.3541,9.7824
73.4899,61.148,40.0,1.5287,1.5178,21.148,1.1665,3.2407
73.5204,61.236,40.0,1.5309,1.5178,21.236,0.1799,3.7621
73.5516,61.396,40.0,1.5349,1.5178,21.396,0.1801,5.4717
73.5845,61.612,40.0,1.5403,1.529,21.612,0.6201,7.3937
73.6167,61.751,40.0,1.5438,1.529,21.751,0.2873,9.1718
73.6485,61.954,40.0,1.5489,1.529,21.954,0.1658,1.9759
73.6802,62.148,40.0,1.5537,1.5414,22.148,0.7673,3.2946
73.7127,62.286,40.0,1.5571,1.5414,22.286,0.3296,5.065
73.7445,62.383,40.0,1.5596,1.5414,22.383,0.3046,8.0202
73.7773,62.638,40.0,1.566,1.5537,22.638,0.8268,11.0455
73.8114,62.872,40.0,1.5718,1.5537,22.872,0.2914,1.5874
73.8412,63.023,40.0,1.5756,1.5646,23.023,1.2674,4.989
73.8725,63.112,40.0,1.5778,1.5646,23.112,0.4382,6.0154
73.9047,63.314,40.0,1.5829,1.5646,23.314,0.4031,8.1617
73.9368,63.486,40.0,1.5872,1.5759,23.486,0.5018,10.3784
73.968,63.645,40.0,1.5911,1.5759,23.645,0.17,1.4753
74.0005,63.812,40.0,1.5953,1.5759,23.812,0.1778,3.9375
74.0321,64.003,40.0,1.6001,1.588,24.003,0.4875,5.2542
74.0643,64.181,40.0,1.6045,1.588,24.181,0.1845,4.2757
74.0968,64.318,40.0,1.608,1.588,24.318,0.2581,10.6613
74.1286,64.549,40.0,1.6137,1.6009,24.549,0.5959,2.1761
74.1599,64.701,40.0,1.6175,1.6009,24.701,0.2837,2.7797
74.194,64.865,40.0,1.6216,1.6112,24.865,1.1779,7.3438
74.2253,64.99,40.0,1.6248,1.6112,24.99,0.6489,8.5288
74.2566,65.194,40.0,1.6299,1.6112,25.194,0.366,10.4223
74.2903,65.398,40.0,1.635,1.6231,25.398,1.3859,3.6421
74.3197,65.486,40.0,1.6371,1.6231,25.486,0.1693,3.6368
74.3527,65.795,40.0,1.6449,1.634,25.795,0.4351,5.6312
74.3842,65.894,40.0,1.6474,1.634,25.894,0.1772,7.5876
74.4161,66.017,40.0,1.6504,1.634,26.017,0.2898,8.0551
74.4492,66.307,40.0,1.6577,1.6458,26.307,0.7409,2.861
74.4803,66.333,40.0,1.6583,1.6458,26.333,0.283,3.2081
74.5119,66.536,40.0,1.6634,1.6458,26.536,0.2852,4.8664
74.5449,66.701,40.0,1.6675,1.6567,26.701,0.9226,8.3781
74.5767,66.916,40.0,1.6729,1.6567,26.916,0.5914,10.8867
74.6106,67.037,40.0,1.6759,1.6567,27.037,0.2916,2.8073
74.643,67.275,40.0,1.6819,1.6693,27.275,1.0785,6.2985
74.6727,67.499,40.0,1.6875,1.6693,27.499,0.8052,6.6567
74.7057,67.622,40.0,1.6906,1.6799,27.622,1.241,9.2781
74.7361,67.772,40.0,1.6943,1.6799,27.772,0.1861,9.5971
74.7683,68.014,40.0,1.7004,1.6901,28.014,0.4875,1.8216
74.8004,68.192,40.0,1.7048,1.6901,28.192,0.1758,3.9634
74.8323,68.31,40.0,1.7078,1.6901,28.31,0.2642,5.1116
74.8651,68.449,40.0,1.7112,1.7007,28.449,0.8615,8.5839
74.8959,68.697,40.0,1.7174,1.7007,28.697,0.3012,9.4569
74.9294,68.79,40.0,1.7197,1.7007,28.79,0.3419,2.4288
74.9613,69.129,40.0,1.7282,1.7145,29.129,0.8196,4.677
74.9925,69.179,40.0,1.7295,1.7145,29.179,0.5009,6.1559
75.0253,69.449,40.0,1.7362,1.7253,29.449,0.8867,8.478
75.0587,69.52,40.0,1.738,1.7253,29.52,0.5308,12.2778
75.0879,69.744,40.0,1.7436,1.7253,29.744,0.3028,1.5917
75.1198,69.911,40.0,1.7478,1.7366,29.911,0.4685,3.1138
75.1524,70.019,40.0,1.7505,1.7366,30.019,0.1697,5.825
75.1842,70.171,40.0,1.7543,1.7366,30.171,0.1877,7.613
75.2165,70.374,40.0,1.7593,1.7479,30.374,0.4856,9.4217
75.2481,70.509,40.0,1.7627,1.7479,30.509,0.1726,1.6718
75.28,70.755,40.0,1.7689,1.7584,30.755,0.4521,2.3522
75.3119,70.915,40.0,1.7729,1.7584,30.915,0.178,1.911
75.3438,71.101,40.0,1.7775,1.7584,31.101,0.2368,7.0935
75.3773,71.238,40.0,1.781,1.7697,31.238,0.7619,10.7118
75.4098,71.48,40.0,1.787,1.7697,31.48,0.4298,3.5413
75.4401,71.584,40.0,1.7896,1.7697,31.584,0.304,3.8687
75.4735,71.806,40.0,1.7951,1.7824,31.806,0.9791,7.1382
75.5041,71.916,40.0,1.7979,1.7824,31.916,0.2612,6.1654
75.5356,72.054,40.0,1.8014,1.7824,32.054,0.1767,9.0605
75.5688,72.271,40.0,1.8068,1.7946,32.271,0.624,1.9981
75.6002,72.439,40.0,1.811,1.7946,32.439,0.1757,3.8706
75.632,72.657,40.0,1.8164,1.8055,32.657,0.5482,5.368
75.6642,72.809,40.0,1.8202,1.8055,32.809,0.1861,6.1799
75.696,72.959,40.0,1.824,1.8055,32.959,0.1949,8.1793
75.7293,73.182,40.0,1.8296,1.8175,33.182,1.0227,2.8542
75.76,73.329,40.0,1.8332,1.8175,33.329,0.4089,2.9975
75.7941,73.54,40.0,1.8385,1.828,33.541,1.0893,7.7476
75.8275,73.652,39.999,1.8413,1.828,33.653,2.7625,11.1341
75.8567,73.799,39.998,1.845,1.828,33.8,0.4776,9.9443
75.8895,74.05,39.998,1.8514,1.8397,34.052,1.0257,2.7154
75.9204,74.197,39.997,1.8551,1.8397,34.2,0.1878,3.8399
75.9517,74.359,39.996,1.8592,1.8397,34.363,0.1742,5.3582
75.984,74.519,39.996,1.8632,1.8514,34.523,0.4928,7.1191
76.0165,74.708,39.996,1.8679,1.8514,34.712,0.3104,9.3459
76.0496,74.889,39.997,1.8724,1.8619,34.892,0.7285,2.6366
76.08,75.044,39.999,1.8761,1.8619,35.044,0.2844,2.6977
76.1123,75.226,40.004,1.8805,1.8619,35.222,0.2873,3.6814
76.1447,75.289,40.012,1.8816,1.8619,35.277,0.3439,8.7056
76.1774,75.509,40.025,1.8866,1.8742,35.484,1.2698,7.8045
76.2111,75.802,40.044,1.893,1.8742,35.758,0.2977,4.3628
76.2405,75.857,40.067,1.8933,1.8742,35.791,0.4717,4.1133
76.2729,76.101,40.097,1.8979,1.8861,36.003,1.3241,6.4221
76.3051,76.307,40.114,1.9022,1.8861,36.193,0.4215,8.3646
76.3365,76.489,40.094,1.9077,1.8969,36.395,0.4377,10.0684
76.368,76.622,40.045,1.9134,1.8969,36.577,0.1587,1.4943
76.4003,76.769,40.006,1.9189,1.9079,36.763,0.4245,4.0017
76.4324,76.938,39.979,1.9244,1.9079,36.959,0.1569,5.94
76.4639,77.094,39.953,1.9296,1.9188,37.141,0.4611,7.155
76.4956,77.314,39.926,1.9364,1.9188,37.388,0.1649,5.4751
76.5287,77.492,39.899,1.9422,1.9305,37.593,0.4245,1.9741
76.5607,77.62,39.872,1.9467,1.9305,37.748,0.2865,3.0658
76.5941,77.812,39.845,1.9529,1.9417,37.967,0.6498,8.1597
76.6256,77.944,39.818,1.9575,1.9417,38.126,0.6833,9.2652
76.6595,78.132,39.752,1.9655,1.9536,38.38,2.5677,12.601
76.6877,78.339,39.195,1.9987,1.9761,39.144,0.3971,1.7013
76.7203,78.475,38.785,2.0233,1.9997,39.69,0.4142,3.2237
76.7516,78.724,39.09,2.0139,1.9997,39.634,0.1599,5.0198
76.7841,78.902,39.579,1.9935,1.9997,39.323,0.2512,3.3219
76.8167,78.969,40.148,1.967,1.9833,38.821,0.7759,7.2479
76.8481,79.248,40.738,1.9453,1.9643,38.51,0.6982,1.68
76.8808,79.397,41.353,1.92,1.9421,38.044,0.6527,3.7191
76.9128,79.577,41.947,1.8971,1.9196,37.629,0.7208,4.1137
76.9445,79.722,42.529,1.8745,1.8971,37.193,0.7946,8.6495
76.9775,79.928,43.123,1.8535,1.8753,36.805,1.1401,11.2647
77.0107,80.131,43.721,1.8328,1.854,36.41,1.2082,2.3791
77.0433,80.257,44.298,1.8118,1.8329,35.959,1.505,7.227
77.0741,80.373,44.853,1.7919,1.8124,35.521,1.0146,7.3846
77.1045,80.571,45.394,1.7749,1.7937,35.177,0.6882,8.3716
77.1367,80.612,45.961,1.7539,1.7738,34.65,0.4585,10.3336
77.1679,80.798,46.502,1.7375,1.7556,34.296,0.3947,1.9799
77.1999,80.732,47.053,1.7158,1.7357,33.679,0.4175,3.1141
77.2322,80.823,47.604,1.6978,1.7168,33.219,0.4167,6.129
77.2643,80.924,48.137,1.6811,1.6989,32.787,0.7098,5.9899
77.2965,80.903,48.672,1.6622,1.6806,32.231,0.4529,9.2739
77.3286,80.95,49.188,1.6457,1.6631,31.761,0.4414,2.2716
77.3603,80.947,49.683,1.6293,1.6462,31.264,0.5368,3.8324
77.3936,80.907,50.181,1.6123,1.6293,30.727,0.996,7.0625
77.4256,80.838,50.652,1.596,1.6126,30.186,1.0386,9.125
77.46,80.727,51.118,1.5792,1.5959,29.609,2.7561,13.7456
77.4889,80.706,51.532,1.5661,1.581,29.173,1.485,3.058
77.5201,80.623,51.963,1.5516,1.5663,28.661,0.4051,4.0697
77.5518,80.641,52.368,1.5399,1.5531,28.273,0.4236,5.2573
77.5846,80.654,52.773,1.5283,1.5407,27.88,0.4198,8.2749
77.6169,80.488,53.155,1.5142,1.5275,27.333,0.5291,10.1174
77.6482,80.396,53.51,1.5024,1.5149,26.886,0.606,1.5546
77.6808,80.325,53.864,1.4913,1.5031,26.461,0.694,3.8744
77.7129,80.207,54.197,1.4799,1.4915,26.01,0.7822,5.6936
77.7454,80.168,54.519,1.4705,1.481,25.649,0.8787,8.912
77.7761,80.167,54.815,1.4625,1.481,25.352,0.3493,9.8129
77.8102,80.126,55.121,1.4536,1.4673,25.004,0.7349,3.0944
77.842,80.079,55.39,1.4457,1.4565,24.689,1.3889,5.4061
77.8723,79.993,55.645,1.4375,1.4565,24.347,0.5909,5.9942
77.9048,79.93,55.899,1.4299,1.4432,24.031,0.8177,8.2862
77.9357,79.947,56.134,1.4242,1.4432,23.814,0.1634,9.2141
77.9678,79.914,56.359,1.4179,1.4306,23.554,0.3906,1.6164
78.0,79.908,56.564,1.4127,1.4306,23.344,0.1561,3.6659
78.032,79.833,56.687,1.4083,1.4194,23.146,0.433,5.3541
78.0644,79.754,56.696,1.4067,1.4194,23.058,0.1582,7.3703
78.0958,79.874,56.613,1.4109,1.4194,23.262,0.1734,9.4268
78.1281,79.802,56.509,1.4122,1.4194,23.292,0.1533,1.5424
78.1607,79.85,56.478,1.4138,1.4194,23.371,0.3638,4.2384
78.1926,79.865,56.453,1.4147,1.4194,23.412,0.3001,6.694
78.2252,79.829,56.428,1.4147,1.4194,23.402,0.5233,8.7192
78.2566,79.897,56.404,1.4165,1.4194,23.493,0.4106,10.4789
78.2875,79.829,56.381,1.4159,1.4194,23.448,0.2039,1.4522
78.3197,79.741,56.357,1.4149,1.4194,23.383,0.1476,3.2728
78.353,79.868,56.333,1.4178,1.4194,23.534,0.7135,6.788
78.3838,79.802,56.311,1.4172,1.4194,23.491,0.1427,7.2834
78.4165,79.824,56.288,1.4182,1.4194,23.537,0.1523,10.0678
78.4486,79.938,56.265,1.4208,1.4194,23.674,0.226,2.2551
78.4806,79.871,56.242,1.4201,1.4194,23.629,0.2556,3.862
78.5125,79.943,56.201,1.4224,1.4194,23.742,0.2532,4.9448
78.5445,79.952,56.242,1.4216,1.4194,23.709,0.2582,8.5424
78.5764,79.941,56.311,1.4196,1.4194,23.63,0.3032,10.2384
78.6105,79.908,56.394,1.417,1.4194,23.514,0.2567,2.3762
78.6402,80.033,56.473,1.4172,1.4194,23.56,0.3158,3.5789
78.6741,79.947,56.568,1.4133,1.4194,23.38,0.3485,7.3901
78.7035,80.035,56.653,1.4127,1.4194,23.382,0.1574,7.6629
78.7362,80.04,56.749,1.4104,1.4194,23.291,0.1627,9.8464
78.7681,79.947,56.843,1.4065,1.4194,23.104,0.1525,1.3997
78.7995,80.001,56.934,1.4052,1.4194,23.067,0.1532,2.6965
78.8317,79.977,57.026,1.4025,1.4194,22.951,0.1411,5.06
78.8645,79.882,57.119,1.3985,1.409,22.764,0.6681,7.85
78.8967,80.034,57.211,1.3989,1.409,22.823,0.2511,10.5305
78.928,80.014,57.299,1.3964,1.409,22.715,0.1516,1.5982
78.9602,80.067,57.389,1.3952,1.409,22.678,0.1669,2.5899
78.9928,80.076,57.479,1.3932,1.409,22.598,0.2589,6.3847
79.0252,80.057,57.567,1.3907,1.409,22.491,0.5182,8.6497
79.0574,80.022,57.652,1.388,1.3985,22.37,1.1793,9.9667
79.0888,80.019,57.737,1.3859,1.3985,22.282,0.3823,2.8088
79.1204,80.04,57.82,1.3843,1.3985,22.22,0.1487,4.4731
79.1517,80.076,57.901,1.383,1.3985,22.175,0.1394,5.5546
79.1843,80.044,57.983,1.3805,1.3985,22.061,0.1537,7.7829
79.2166,80.015,58.062,1.3781,1.3883,21.954,0.5861,9.9881
79.2475,79.977,58.137,1.3757,1.3883,21.84,0.1558,1.5642
79.2802,79.996,58.215,1.3742,1.3883,21.781,0.1606,3.8371
79.3125,79.976,58.289,1.3721,1.3883,21.687,0.2788,6.0869
79.3442,80.042,58.361,1.3715,1.3883,21.681,0.1718,8.1466
79.3769,79.995,58.433,1.369,1.3883,21.562,0.2027,10.7044
79.4111,80.048,58.504,1.3682,1.3783,21.544,1.0562,3.8646
79.4407,80.052,58.567,1.3668,1.3783,21.484,0.3237,4.2465
79.4731,80.07,58.633,1.3656,1.3783,21.437,0.4631,6.6046
79.5035,80.029,58.693,1.3635,1.3783,21.336,0.1545,7.1237
79.5359,80.005,58.755,1.3617,1.3783,21.25,0.1623,9.2808
79.5677,79.984,58.814,1.3599,1.3783,21.17,0.1408,1.3364
79.5999,79.99,58.872,1.3587,1.3783,21.118,0.246,3.5796
79.6332,80.02,58.929,1.3579,1.3681,21.091,1.003,6.3007
79.6645,79.945,58.983,1.3554,1.3681,20.962,0.2504,6.8211
79.696,80.002,59.034,1.3552,1.3681,20.968,0.2859,9.5557
79.7281,79.989,59.085,1.3538,1.3681,20.905,0.1442,1.6626
79.7603,79.985,59.133,1.3526,1.3681,20.852,0.1847,2.859
79.7927,79.961,59.181,1.3511,1.3681,20.78,0.3396,6.7333
79.8251,80.1,59.226,1.3524,1.3681,20.874,0.4663,8.8416
79.8567,80.018,59.269,1.3501,1.3681,20.749,0.5481,10.2472
79.8884,80.019,59.31,1.3492,1.3681,20.709,0.4082,2.5338
79.9207,79.983,59.35,1.3476,1.3579,20.632,0.4491,3.9764
79.9515,80.016,59.387,1.3474,1.3579,20.629,0.1539,5.2211
79.9854,80.019,59.425,1.3465,1.3579,20.593,0.1588,8.5672
80.0164,80.002,59.459,1.3455,1.3579,20.543,0.1484,9.1557
80.0485,80.013,59.492,1.3449,1.3579,20.521,0.2334,2.1832
80.0801,79.952,59.524,1.3432,1.3579,20.428,0.2608,3.4747
80.1117,79.955,59.554,1.3426,1.3579,20.402,0.2427,4.6411
80.1448,80.045,59.584,1.3434,1.3579,20.461,0.2841,8.6273
80.1762,79.979,59.611,1.3417,1.3579,20.368,0.3566,10.0821
80.2099,79.871,59.639,1.3392,1.3579,20.232,0.2554,2.6973
80.2421,80.01,59.665,1.341,1.3579,20.345,0.3664,5.5899
80.2719,80.028,59.688,1.3408,1.3579,20.34,0.3895,5.5785
80.3039,80.04,59.712,1.3404,1.3579,20.329,0.1497,7.5913
80.3359,80.067,59.735,1.3404,1.3579,20.332,0.1643,9.426
80.3678,79.976,59.757,1.3384,1.3579,20.22,0.138,1.3694
80.3998,79.935,59.778,1.3372,1.3475,20.157,0.3762,3.8424
80.4321,79.994,59.798,1.3377,1.3475,20.196,0.1505,15.5333
80.4636,79.997,59.818,1.3374,1.3475,20.18,0.1756,6.284
80.4962,79.938,59.837,1.3359,1.3475,20.101,0.1567,10.1254
80.5279,80.056,59.855,1.3375,1.3475,20.201,0.1394,1.5206
80.5604,79.994,59.873,1.3361,1.3475,20.122,0.3559,3.3729
80.5927,79.986,59.89,1.3356,1.3475,20.096,0.3139,6.9389
80.625,80.047,59.906,1.3362,1.3475,20.141,0.307,8.8087
80.6567,79.983,59.921,1.3348,1.3475,20.062,0.3935,10.4101
80.6874,80.004,59.936,1.3348,1.3475,20.068,0.178,1.4834
80.7198,80.01,59.95,1.3346,1.3475,20.06,0.1378,3.5755
80.7534,79.923,59.964,1.3329,1.3475,19.959,0.153,6.9773
80.7837,79.908,59.975,1.3324,1.3475,19.933,0.1863,6.7154
80.8164,79.972,59.987,1.3332,1.3475,19.985,0.1485,9.1746
80.8485,79.985,59.998,1.3331,1.3475,19.987,0.2209,1.943
80.8819,79.92,60.008,1.3318,1.3475,19.912,1.7417,5.1169
80.9126,80.016,60.017,1.3332,1.3475,19.999,0.2499,5.0236
80.9448,80.024,60.025,1.3332,1.3475,19.998,0.2886,8.1732
80.9764,80.054,60.033,1.3335,1.3475,20.021,0.3292,9.705
81.0096,79.958,60.04,1.3317,1.3475,19.918,0.2403,2.509
81.0409,79.963,60.046,1.3317,1.3475,19.917,0.3087,4.224
81.0722,80.056,60.051,1.3331,1.3475,20.005,0.4239,6.0714
81.1037,80.031,60.056,1.3326,1.3475,19.975,0.1387,7.6995
81.1362,80.007,60.06,1.3321,1.3475,19.947,0.1402,9.9545
81.1676,80.049,60.064,1.3327,1.3475,19.986,0.1338,1.2404
81.1999,79.986,60.067,1.3316,1.3475,19.919,0.2293,3.4689
81.2325,79.993,60.07,1.3317,1.3475,19.924,0.2216,6.3918
81.2646,80.029,60.072,1.3322,1.3475,19.957,0.2262,7.3985
81.2965,79.994,60.074,1.3316,1.3475,19.92,0.2731,10.4059
81.3296,80.056,60.075,1.3326,1.3475,19.98,0.2909,2.6099
81.3608,79.929,60.077,1.3304,1.3475,19.852,0.3039,4.2683
81.3933,80.105,60.078,1.3334,1.3475,20.027,1.1329,6.7741
81.4255,80.015,60.079,1.3318,1.3475,19.936,0.3707,9.4751
81.457,79.997,60.08,1.3315,1.3475,19.918,0.413,10.3482
81.4881,80.029,60.081,1.332,1.3475,19.948,0.1513,1.4282
81.5202,79.969,60.081,1.331,1.3475,19.888,0.1549,3.7636
81.552,80.022,60.082,1.3319,1.3475,19.94,0.1597,5.4977
81.5843,79.978,60.082,1.3311,1.3475,19.895,0.1543,7.9926
81.6156,80.028,60.083,1.332,1.3475,19.945,0.1626,8.4605
81.648,79.965,60.083,1.3309,1.3475,19.881,0.1525,1.5516
81.6802,80.045,60.084,1.3322,1.3475,19.961,0.1579,3.2969
81.7124,80.004,60.084,1.3315,1.3475,19.92,0.1643,5.3692
81.7445,80.006,60.084,1.3316,1.3475,19.922,0.2039,8.4783
81.7765,80.011,60.085,1.3316,1.3475,19.927,0.2632,10.167
81.8106,79.963,60.085,1.3308,1.3475,19.879,0.1701,0.9182
81.8407,79.856,60.085,1.3291,1.3475,19.771,0.3925,4.5211
81.8734,80.01,60.085,1.3316,1.3475,19.925,0.5261,6.6309
81.9054,79.973,60.085,1.331,1.3475,19.887,0.9921,8.6244
81.9357,80.053,60.085,1.3323,1.3475,19.968,0.1592,8.8625
81.9678,80.11,60.085,1.3333,1.3475,20.024,0.1582,1.74
82.0001,80.004,60.085,1.3315,1.3475,19.919,0.16,3.3139
82.0326,80.012,60.085,1.3316,1.3475,19.927,0.2396,5.6261
82.0647,79.976,60.085,1.3311,1.3475,19.891,0.2646,8.0439
82.0964,79.916,60.084,1.3301,1.3475,19.831,0.2761,10.2717
82.1292,80.001,60.084,1.3315,1.3475,19.917,0.2998,2.2701
82.1605,79.99,60.083,1.3313,1.3475,19.906,0.2699,3.9497
82.1926,80.004,60.083,1.3316,1.3475,19.921,0.2577,5.9242
82.2247,79.952,60.082,1.3307,1.3475,19.87,0.3582,8.7469
82.2583,79.937,60.082,1.3305,1.3475,19.855,0.3299,11.499
82.288,80.002,60.081,1.3316,1.3475,19.921,0.1598,1.5334
82.3197,79.996,60.08,1.3315,1.3475,19.915,0.1632,2.9798
82.3522,79.985,60.079,1.3313,1.3475,19.907,0.1609,5.3434
82.3843,80.017,60.068,1.3321,1.3475,19.95,0.1637,7.5773
82.4161,79.918,60.037,1.3311,1.3475,19.881,0.2461,6.6387
82.4491,79.974,59.981,1.3333,1.3475,19.993,0.2726,2.2086
82.4798,80.017,59.913,1.3355,1.3475,20.104,0.1843,3.2961
82.5115,80.058,59.854,1.3376,1.3475,20.204,0.1804,2.5814
82.544,79.967,59.829,1.3366,1.3475,20.138,0.2418,7.7298
82.5763,79.997,59.806,1.3376,1.3475,20.192,0.2363,9.9199
82.6094,79.982,59.782,1.3379,1.3475,20.2,0.318,1.426
82.6412,79.906,59.76,1.3371,1.3475,20.146,0.436,4.9093
82.6722,79.949,59.738,1.3383,1.3475,20.21,0.4224,5.7427
82.704,80.006,59.716,1.3398,1.3475,20.29,0.1948,7.15
82.7357,79.964,59.694,1.3396,1.3475,20.27,0.1884,8.7475
82.7682,79.991,59.671,1.3405,1.3475,20.32,0.1578,1.45
82.8002,79.996,59.649,1.3411,1.3475,20.347,0.2488,3.7164
82.8326,79.995,59.626,1.3416,1.3475,20.369,0.2446,5.6837
82.864,79.992,59.604,1.342,1.3475,20.387,0.2772,6.2636
82.8963,79.979,59.572,1.3426,1.3475,20.407,0.3342,10.0951
82.9286,79.998,59.563,1.3431,1.3475,20.436,0.1554,1.8137
82.9597,79.994,59.573,1.3428,1.3475,20.421,0.1781,3.2125
82.9935,79.953,59.582,1.3419,1.3475,20.372,0.2133,7.1617
83.0253,79.934,59.586,1.3415,1.3475,20.348,0.4511,8.9659
83.0566,79.982,59.589,1.3422,1.3475,20.393,0.3426,10.0426
83.0883,80.042,59.591,1.3432,1.3475,20.451,0.1659,1.4829
83.12,80.034,59.593,1.343,1.3475,20.441,0.1572,2.9788
83.1518,79.994,59.596,1.3423,1.3475,20.399,0.1699,5.1417
83.1836,79.889,59.598,1.3405,1.3475,20.291,0.1578,6.6288
83.216,80.01,59.6,1.3424,1.3475,20.41,0.2598,8.6763
83.2487,80.009,59.603,1.3424,1.3475,20.406,0.2368,2.1499
83.2801,79.959,59.606,1.3415,1.3475,20.353,0.264,2.9732
83.3128,80.028,59.609,1.3425,1.3475,20.419,0.3007,6.1833
83.344,79.955,59.613,1.3412,1.3475,20.342,0.3035,5.7485
83.3767,79.985,59.617,1.3417,1.3475,20.369,0.3866,10.7653
83.4112,80.021,59.621,1.3422,1.3475,20.401,1.3719,3.8822
83.4412,79.996,59.625,1.3417,1.3475,20.371,0.419,4.7243
83.4723,80.07,59.629,1.3428,1.3475,20.441,0.5029,6.3202
83.5043,80.006,59.634,1.3416,1.3475,20.372,0.191,8.1595
83.5362,80.006,59.639,1.3415,1.3475,20.368,0.1659,9.5543
83.5675,80.062,59.643,1.3423,1.3475,20.418,0.1574,1.6104
83.6004,79.982,59.649,1.3409,1.3475,20.333,0.1603,4.0506
83.6317,80.015,59.654,1.3413,1.3475,20.361,0.1615,5.0756
83.6636,80.001,59.659,1.341,1.3475,20.342,0.1683,7.4136
83.6965,80.011,59.665,1.341,1.3475,20.346,0.1695,9.9208
83.7284,80.004,59.67,1.3408,1.3475,20.334,0.1672,1.856
83.7613,79.986,59.676,1.3403,1.3475,20.31,0.441,3.9197
83.7929,80.004,59.682,1.3405,1.3475,20.322,0.3727,6.431
83.8242,80.007,59.687,1.3404,1.3475,20.32,0.3061,7.8506
83.8583,80.023,59.694,1.3406,1.3475,20.33,0.3109,11.2493
83.8882,79.962,59.699,1.3394,1.3475,20.263,0.1637,1.6804
83.9197,80.035,59.705,1.3405,1.3475,20.33,0.1662,2.8515
83.9523,79.939,59.711,1.3388,1.3475,20.227,0.1696,5.7972
83.984,79.951,59.717,1.3388,1.3475,20.234,0.1672,7.082
84.0166,79.989,59.723,1.3393,1.3475,20.265,0.187,9.163
84.0485,80.003,59.73,1.3394,1.3475,20.273,0.1576,1.7969
84.08,80.052,59.736,1.3401,1.3475,20.316,0.2622,2.8709
84.1121,80.03,59.742,1.3396,1.3475,20.288,0.2529,4.0435
84.1448,79.978,59.748,1.3386,1.3475,20.23,0.27,8.5228
84.1766,80.041,59.754,1.3395,1.3475,20.287,0.4291,10.267
84.2102,79.961,59.761,1.338,1.3475,20.201,0.2767,3.3948
84.2421,79.974,59.767,1.3381,1.3475,20.207,0.3125,6.2032
84.2719,79.968,59.772,1.3379,1.3475,20.196,0.2991,5.5022
84.3046,80.004,59.779,1.3383,1.3475,20.225,0.3246,8.1312
84.3357,80.029,59.785,1.3386,1.3475,20.244,0.1849,8.7846
84.3678,80.021,59.788,1.3384,1.3475,20.233,0.1613,1.5515
84.4,79.969,59.788,1.3375,1.3475,20.181,0.1575,3.3421
84.4326,79.968,59.788,1.3375,1.3475,20.18,0.2435,5.6919
84.4644,79.993,59.788,1.3379,1.3475,20.205,0.2762,7.9819
84.4966,79.985,59.788,1.3378,1.3475,20.196,0.2933,10.2415
84.5286,79.973,59.788,1.3376,1.3475,20.185,0.166,1.9649
84.5621,79.983,59.788,1.3378,1.3475,20.195,0.3674,4.5363
84.5933,80.031,59.788,1.3386,1.3475,20.243,0.2033,6.8976
84.6245,80.029,59.788,1.3385,1.3475,20.241,0.32,8.2836
84.6585,80.056,59.788,1.339,1.3475,20.268,0.4537,11.7338
84.6878,80.029,59.788,1.3385,1.3475,20.241,0.1454,1.4296
84.7201,80.013,59.788,1.3383,1.3475,20.225,0.1539,3.5498
84.7518,80.016,59.788,1.3383,1.3475,20.228,0.1586,5.0928
84.7845,79.946,59.788,1.3372,1.3475,20.158,0.1671,7.9318
84.816,80.021,59.788,1.3384,1.3475,20.233,0.2959,9.5436
84.8489,80.077,59.788,1.3393,1.3475,20.288,0.2291,2.0786
84.8801,80.05,59.788,1.3389,1.3475,20.262,0.2695,3.0023
84.9122,80.034,59.788,1.3386,1.3475,20.245,0.275,5.0029
84.9439,79.998,59.788,1.338,1.3475,20.21,0.2729,7.1098
84.9769,79.984,59.788,1.3378,1.3475,20.196,0.2875,10.3406
85.0099,80.027,59.788,1.3385,1.3475,20.239,0.2846,2.7019
85.0417,79.943,59.788,1.3371,1.3475,20.154,0.3433,5.1668
85.0732,80.026,59.788,1.3385,1.3475,20.237,0.5562,6.9159
85.1046,79.993,59.788,1.3379,1.3475,20.204,0.2073,7.9736
85.1357,80.053,59.788,1.3389,1.3475,20.265,0.1579,9.0113
85.168,79.997,59.788,1.338,1.3475,20.209,0.1498,1.8613
85.2004,80.077,59.788,1.3394,1.3475,20.289,0.1514,3.9137
85.2323,79.965,59.788,1.3375,1.3475,20.177,0.1683,6.0444
85.2638,79.99,59.788,1.3379,1.3475,20.202,0.1691,6.5416
85.2965,80.029,59.788,1.3385,1.3475,20.241,0.1741,9.1711
85.3283,79.95,59.788,1.3372,1.3475,20.162,0.4802,1.3369
85.3609,80.014,59.788,1.3383,1.3475,20.225,0.4118,3.2318
85.3927,80.053,59.788,1.3389,1.3475,20.265,0.3687,6.5027
85.4255,80.043,59.788,1.3388,1.3475,20.255,0.6964,9.2035
85.4568,79.97,59.788,1.3375,1.3475,20.181,0.448,10.2982
85.489,79.925,59.788,1.3368,1.3475,20.137,0.5316,2.6248
85.5204,80.074,59.788,1.3393,1.3475,20.285,0.1527,3.8673
85.5518,80.013,59.788,1.3383,1.3475,20.225,0.1648,5.1837
85.5854,79.96,59.788,1.3374,1.3475,20.172,0.1595,9.152
85.6163,80.002,59.788,1.3381,1.3475,20.214,0.2526,8.6957
85.6479,80.023,59.788,1.3384,1.3475,20.235,0.2167,1.3899
85.6804,80.005,59.788,1.3381,1.3475,20.217,0.2562,3.5281
85.7124,79.965,59.788,1.3375,1.3475,20.177,0.2782,5.7714
85.7447,80.07,59.788,1.3392,1.3475,20.282,0.2875,8.3422
85.7766,79.993,59.788,1.3379,1.3475,20.205,0.2783,10.6394
85.8087,79.971,59.788,1.3376,1.3475,20.183,0.3249,1.636
85.8423,79.972,59.788,1.3376,1.3475,20.184,0.3967,6.3501
85.8735,79.946,59.788,1.3372,1.3475,20.158,0.5778,7.1084
85.9043,79.975,59.788,1.3376,1.3475,20.187,0.1783,8.0068
85.9396,80.085,59.788,1.3395,1.3475,20.297,3.2124,12.1967
85.9674,79.947,59.788,1.3372,1.3475,20.159,0.1617,0.8276
85.9997,80.091,59.788,1.3396,1.3475,20.303,0.1507,2.9315
86.032,80.003,59.788,1.3381,1.3475,20.214,0.152,4.9803
86.0643,80.0,59.788,1.3381,1.3475,20.212,0.1595,7.1525
86.0966,79.994,59.788,1.3379,1.3475,20.205,0.1771,10.0414
86.1284,79.959,59.788,1.3374,1.3475,20.171,0.1799,1.3652
86.1605,79.95,59.788,1.3372,1.3475,20.162,0.1821,3.646
86.1937,79.98,59.788,1.3377,1.3475,20.191,0.1918,7.6157
86.2243,79.995,59.788,1.338,1.3475,20.207,0.3274,7.4512
86.257,79.995,59.788,1.338,1.3475,20.207,0.4545,10.3129
86.2878,80.033,59.788,1.3386,1.3475,20.245,0.2112,1.8611
86.3196,80.002,59.788,1.3381,1.3475,20.214,0.1553,3.085
86.3524,79.999,59.788,1.338,1.3475,20.21,0.1505,6.1024
86.3841,79.971,59.788,1.3376,1.3475,20.183,0.1533,7.1865
86.4158,79.954,59.788,1.3373,1.3475,20.166,0.2648,3.4123
86.4491,79.964,59.788,1.3375,1.3475,20.176,0.2593,2.1872
86.4796,79.956,59.788,1.3373,1.3475,20.168,0.2406,2.6572
86.5126,80.085,59.788,1.3395,1.3475,20.297,0.2789,5.3161
86.5448,80.092,59.788,1.3396,1.3475,20.303,0.2726,8.4681
86.576,80.151,59.788,1.3406,1.3475,20.363,0.2483,9.877
86.6098,79.979,59.788,1.3377,1.3475,20.19,0.2382,2.5679
86.6422,79.995,59.788,1.338,1.3475,20.206,0.371,5.9997
86.6723,79.975,59.788,1.3376,1.3475,20.187,0.4029,5.5807
86.7037,79.986,59.788,1.3378,1.3475,20.197,0.1452,7.2257
86.736,79.986,59.788,1.3378,1.3475,20.198,0.1421,9.2685
86.7677,80.02,59.788,1.3384,1.3475,20.232,0.1373,1.2481
86.7998,80.001,59.788,1.3381,1.3475,20.212,0.1979,3.3347
86.8326,79.975,59.788,1.3376,1.3475,20.187,0.2372,5.7056
86.8638,79.974,59.788,1.3376,1.3475,20.186,0.2445,6.6262
86.8961,80.006,59.788,1.3381,1.3475,20.217,0.2509,9.643
86.9289,79.995,59.788,1.338,1.3475,20.207,0.2394,2.0838
86.9613,79.948,59.788,1.3372,1.3475,20.16,0.3655,3.4702
86.9928,80.055,59.788,1.339,1.3475,20.267,0.2882,6.6139
87.0242,79.969,59.788,1.3375,1.3475,20.181,0.3077,7.5619
87.0569,80.008,59.788,1.3382,1.3475,20.22,0.3921,10.3996
87.0873,80.09,59.788,1.3396,1.3475,20.302,0.1321,1.2041
87.1203,79.992,59.788,1.3379,1.3475,20.204,0.1415,3.6297
87.1521,79.968,59.788,1.3375,1.3475,20.18,0.1466,4.5074
87.1854,79.998,59.788,1.338,1.3475,20.21,0.1402,8.4495
87.2165,80.002,59.788,1.3381,1.3475,20.214,0.1504,10.0924
87.2503,79.878,59.788,1.336,1.3475,20.09,0.3759,3.1843
87.2799,80.047,59.788,1.3388,1.3475,20.258,0.1373,3.6058
87.3124,80.022,59.788,1.3384,1.3475,20.234,0.1426,5.2054
87.3458,79.999,59.788,1.338,1.3475,20.21,0.1415,2.4175
87.3764,80.004,59.788,1.3381,1.3475,20.215,0.3536,8.2598
87.4087,79.98,59.788,1.3377,1.3475,20.192,0.2713,1.4637
87.4406,80.001,59.788,1.3381,1.3475,20.213,0.3477,4.5284
87.472,79.982,59.788,1.3378,1.3475,20.194,0.3944,5.2689
87.5038,80.039,59.788,1.3387,1.3475,20.251,0.131,7.0041
87.536,80.047,59.788,1.3388,1.3475,20.259,0.1395,8.1653
87.5682,80.034,59.788,1.3386,1.3475,20.246,0.1361,1.9273
87.6004,80.07,59.788,1.3392,1.3475,20.282,0.1336,4.0185
87.6319,79.976,59.788,1.3376,1.3475,20.187,0.2162,5.239
87.6646,80.001,59.788,1.3381,1.3475,20.213,0.2382,7.467
87.6968,80.032,59.788,1.3386,1.3475,20.244,0.2595,10.1874
87.7285,79.989,59.788,1.3379,1.3475,20.2,0.2228,2.2354
87.7608,79.921,59.788,1.3367,1.3475,20.133,0.2551,4.1249
87.7926,79.917,59.788,1.3367,1.3475,20.129,0.2927,6.2724
87.8244,80.029,59.788,1.3385,1.3475,20.241,0.3533,7.6461
87.8566,80.003,59.788,1.3381,1.3475,20.215,0.3611,9.741
87.8886,80.069,59.788,1.3392,1.3475,20.28,0.2556,2.5077
87.9197,80.053,59.788,1.3389,1.3475,20.264,0.1363,3.8133
87.9524,79.983,59.788,1.3378,1.3475,20.195,0.134,5.8019
87.9844,80.001,59.788,1.3381,1.3475,20.213,0.145,7.9112
88.0165,79.936,59.788,1.337,1.3475,20.148,0.1539,8.5466
88.0484,79.971,59.788,1.3376,1.3475,20.182,0.1428,1.8499
88.08,80.032,59.788,1.3386,1.3475,20.244,0.1344,3.867
88.1116,80.047,59.788,1.3388,1.3475,20.259,0.1504,4.1792
88.1438,79.933,59.788,1.3369,1.3475,20.145,0.1879,8.0451
88.1766,80.052,59.788,1.3389,1.3475,20.263,0.177,10.1258
88.2093,80.05,59.788,1.3389,1.3475,20.261,0.3751,2.148
88.2414,80.056,59.788,1.339,1.3475,20.268,0.5304,5.2658
88.2729,79.978,59.788,1.3377,1.3475,20.19,0.3119,6.3775
88.3037,79.919,59.788,1.3367,1.3475,20.131,0.1362,7.0597
88.3361,79.99,59.788,1.3379,1.3475,20.202,0.142,9.1276
88.3683,80.087,59.788,1.3395,1.3475,20.299,0.1327,2.1183
88.4003,80.079,59.788,1.3394,1.3475,20.29,0.1479,3.6382
88.4323,80.034,59.788,1.3386,1.3475,20.246,0.2282,5.2518
88.4653,80.034,59.788,1.3386,1.3475,20.246,1.2205,8.4053
88.4967,80.013,59.788,1.3383,1.3475,20.224,0.2549,10.0553
88.5286,79.969,59.788,1.3375,1.3475,20.181,0.2233,1.7118
88.5608,80.007,59.788,1.3382,1.3475,20.219,0.2883,4.3161
88.5922,79.929,59.788,1.3369,1.3475,20.141,0.3908,6.002
88.6248,79.988,59.788,1.3379,1.3475,20.2,0.3505,8.0839
88.6578,80.086,59.788,1.3395,1.3475,20.298,0.4905,11.6571
88.6889,80.035,59.788,1.3386,1.3475,20.247,0.4458,2.8878
88.7194,80.013,59.788,1.3383,1.3475,20.225,0.137,3.3279
88.7516,79.955,59.788,1.3373,1.3475,20.167,0.143,5.2197
88.7839,79.985,59.788,1.3378,1.3475,20.197,0.1386,7.6582
88.8162,79.981,59.788,1.3377,1.3475,20.192,0.1507,9.0104
88.8477,79.977,59.788,1.3377,1.3475,20.189,0.1419,1.484
88.8803,79.94,59.788,1.3371,1.3475,20.152,0.1423,3.7698
88.9122,80.042,59.788,1.3388,1.3475,20.253,0.1518,5.5423
88.9444,80.038,59.788,1.3387,1.3475,20.249,0.1794,8.3763
88.9767,80.084,59.788,1.3395,1.3475,20.296,0.1761,10.3012
89.0097,80.016,59.788,1.3383,1.3475,20.227,0.3113,3.1578
89.0413,80.023,59.788,1.3384,1.3475,20.235,0.5179,5.3418
89.074,79.981,59.788,1.3377,1.3475,20.193,0.3353,7.6242
89.104,79.985,59.788,1.3378,1.3475,20.197,0.1515,7.3768
89.1357,79.839,59.788,1.3354,1.3475,20.051,0.1472,8.7208
89.1679,79.999,59.788,1.338,1.3475,20.211,0.1402,1.2797
89.2,79.993,59.788,1.3379,1.3475,20.205,0.1644,3.1695
89.2318,80.026,59.788,1.3385,1.3475,20.238,0.2284,5.4532
89.2646,80.046,59.788,1.3388,1.3475,20.257,0.257,6.1819
89.2962,80.0,59.788,1.3381,1.3475,20.212,0.253,9.6663
89.3289,80.029,59.788,1.3385,1.3475,20.241,0.2357,2.0385
89.3603,79.997,59.788,1.338,1.3475,20.209,0.3309,3.9907
89.3926,80.009,59.788,1.3382,1.3475,20.221,0.209,5.9768
89.4244,80.046,59.788,1.3388,1.3475,20.258,0.3348,8.0618
89.4576,79.995,59.788,1.338,1.3475,20.207,0.3129,10.956
89.4889,79.96,59.788,1.3374,1.3475,20.172,0.5659,2.9105
89.52,80.026,59.788,1.3385,1.3475,20.237,0.1403,3.507
89.5516,80.0,59.788,1.3381,1.3475,20.212,0.1448,5.1316
89.5844,80.005,59.788,1.3381,1.3475,20.217,0.1432,7.3451
89.616,80.064,59.788,1.3391,1.3475,20.276,0.2552,9.3712
89.6476,79.891,59.788,1.3362,1.3475,20.103,0.1385,1.3921
89.6795,79.968,59.788,1.3375,1.3475,20.18,0.1415,2.8709
89.712,80.064,59.788,1.3391,1.3475,20.276,0.1485,4.6059
89.7445,80.019,59.788,1.3384,1.3475,20.23,0.2636,7.9098
89.7764,79.981,59.788,1.3377,1.3475,20.193,0.2782,9.5676
89.8092,79.979,59.788,1.3377,1.3475,20.19,0.3681,2.6635
89.8412,80.031,59.788,1.3386,1.3475,20.243,0.4178,5.0162
89.8721,80.018,59.788,1.3384,1.3475,20.23,0.3714,5.7925
89.9037,80.004,59.788,1.3381,1.3475,20.216,0.14,7.5835
89.9357,79.987,59.788,1.3378,1.3475,20.198,0.1452,9.0637
89.9675,80.051,59.788,1.3389,1.3475,20.263,0.1355,1.2137
90.0001,80.016,59.788,1.3383,1.3475,20.228,0.1409,3.1816
90.0323,80.026,59.788,1.3385,1.3475,20.238,0.2214,5.415
90.0637,79.939,59.788,1.337,1.3475,20.151,0.2465,4.6404
90.0968,80.052,59.788,1.3389,1.3475,20.264,0.2636,10.6635
90.1289,80.053,59.788,1.3389,1.3475,20.265,0.2313,1.9917
90.1615,80.012,59.788,1.3383,1.3475,20.224,0.2402,2.2963
90.1928,79.941,59.788,1.3371,1.3475,20.153,0.1806,6.6306
90.226,80.031,59.788,1.3386,1.3475,20.243,0.2939,9.2989
90.257,80.008,59.788,1.3382,1.3475,20.22,0.3495,10.8724
90.2874,79.944,59.788,1.3371,1.3475,20.155,0.1413,1.1948
90.3197,80.093,59.788,1.3396,1.3475,20.305,0.1408,3.5311
90.352,80.049,59.788,1.3389,1.3475,20.261,0.1421,5.7069
90.3844,80.011,59.788,1.3382,1.3475,20.223,0.1394,7.7461
90.4156,80.006,59.788,1.3382,1.3475,20.218,0.1463,8.5523
90.4476,79.968,59.788,1.3375,1.3475,20.18,0.1413,1.4856
90.4803,80.029,59.788,1.3385,1.3475,20.241,0.1377,3.7814
90.5115,80.018,59.788,1.3384,1.3475,20.23,0.1459,4.4736
90.5443,79.966,59.788,1.3375,1.3475,20.178,0.2116,7.5656
90.5761,80.001,59.788,1.3381,1.3475,20.212,0.2279,9.8773
90.6092,79.965,59.788,1.3375,1.3475,20.176,0.383,2.8842
90.6403,79.955,59.788,1.3373,1.3475,20.166,0.4198,4.281
90.6721,79.941,59.788,1.3371,1.3475,20.152,0.326,5.5508
90.704,79.935,59.788,1.337,1.3475,20.146,0.1648,7.1208
90.7364,79.953,59.788,1.3373,1.3475,20.165,0.1471,20.2029
90.7679,79.995,59.788,1.338,1.3475,20.206,0.1364,1.5587
90.7997,80.059,59.788,1.3391,1.3475,20.271,0.2252,3.095
90.8324,79.982,59.788,1.3377,1.3475,20.193,0.2323,5.5244
90.8637,79.978,59.788,1.3377,1.3475,20.189,0.2543,6.4411
90.8961,80.054,59.788,1.339,1.3475,20.266,0.2702,9.8875
90.9291,79.97,59.788,1.3376,1.3475,20.182,0.2762,2.0464
90.9604,80.02,59.788,1.3384,1.3475,20.232,0.3147,3.9155
90.994,79.982,59.788,1.3378,1.3475,20.194,1.4205,7.4726
91.0245,80.015,59.788,1.3383,1.3475,20.227,0.3595,7.9107
91.0571,80.049,59.788,1.3389,1.3475,20.26,0.4252,10.9122
91.0898,80.008,59.788,1.3382,1.3475,20.22,0.4499,3.9741
91.12,79.965,59.788,1.3375,1.3475,20.176,0.1389,3.4469
91.1518,80.047,59.788,1.3388,1.3475,20.258,0.2218,3.4036
91.1835,79.979,59.788,1.3377,1.3475,20.191,0.1402,6.7174
91.2163,79.987,59.788,1.3378,1.3475,20.198,0.1485,9.4075
91.2481,79.961,59.788,1.3374,1.3475,20.173,0.1348,1.3365
91.2803,80.095,59.788,1.3396,1.3475,20.307,0.1542,3.9045
91.3124,80.038,59.788,1.3387,1.3475,20.25,0.1457,5.224
91.344,79.995,59.788,1.338,1.3475,20.207,0.2653,7.7838
91.3765,79.956,59.788,1.3373,1.3475,20.168,0.2757,10.4471
91.4102,79.989,59.788,1.3379,1.3475,20.201,0.3073,3.8912
91.4415,79.999,59.788,1.338,1.3475,20.211,0.317,4.876
91.4725,80.019,59.788,1.3384,1.3475,20.231,0.3939,5.7531
91.5045,80.011,59.788,1.3382,1.3475,20.223,0.1703,7.6741
91.5362,79.999,59.788,1.338,1.3475,20.21,0.1632,9.4752
91.5683,79.854,59.788,1.3356,1.3475,20.065,0.1557,1.5277
91.6,80.04,59.788,1.3387,1.3475,20.252,0.2439,3.7328
91.6318,79.985,59.788,1.3378,1.3475,20.197,0.2347,4.7122
91.6643,80.008,59.788,1.3382,1.3475,20.22,0.2427,8.1411
91.6967,80.041,59.788,1.3387,1.3475,20.253,0.2889,9.9045
91.7292,80.066,59.788,1.3392,1.3475,20.278,0.2927,2.5751
91.7598,80.063,59.788,1.3391,1.3475,20.275,0.3192,2.9777
91.7923,80.037,59.788,1.3387,1.3475,20.249,0.3353,6.1568
91.8264,79.971,59.788,1.3376,1.3475,20.183,0.3811,10.3914
91.8569,80.02,59.788,1.3384,1.3475,20.232,0.3492,10.3766
91.8903,79.995,59.788,1.338,1.3475,20.206,2.5885,3.9309
91.9205,79.995,59.788,1.338,1.3475,20.207,0.1567,3.8465
91.9524,79.985,59.788,1.3378,1.3475,20.197,0.1587,5.9245
91.9841,79.971,59.788,1.3376,1.3475,20.183,0.185,7.2623
92.0164,80.007,59.788,1.3382,1.3475,20.218,0.1786,9.3659
92.0479,80.003,59.788,1.3381,1.3475,20.215,0.1596,1.6468
92.0802,79.972,59.788,1.3376,1.3475,20.183,0.1664,3.3684
92.1125,79.955,59.788,1.3373,1.3475,20.166,0.2932,6.0545
92.1441,80.052,59.788,1.3389,1.3475,20.264,0.1996,7.4465
92.1763,80.043,59.788,1.3388,1.3475,20.255,0.3187,9.5643
92.2096,79.841,59.788,1.3354,1.3475,20.053,0.3647,3.2517
92.2414,80.068,59.788,1.3392,1.3475,20.28,0.3542,5.583
92.2722,79.995,59.788,1.338,1.3475,20.207,0.3392,5.9468
92.3042,80.023,59.788,1.3384,1.3475,20.235,0.1724,7.474
92.3364,80.0,59.788,1.3381,1.3475,20.212,0.1584,9.4433
92.368,79.969,59.788,1.3375,1.3475,20.181,0.1548,1.907
92.4001,80.022,59.788,1.3384,1.3475,20.234,0.1557,3.3375
92.4321,80.028,59.788,1.3385,1.3475,20.24,0.2561,5.0215
92.4644,79.995,59.788,1.338,1.3475,20.207,0.2822,8.0147
92.4965,80.083,59.788,1.3394,1.3475,20.295,0.3091,9.8945
92.5288,79.982,59.788,1.3378,1.3475,20.194,0.151,1.5886
92.5604,80.01,59.788,1.3382,1.3475,20.222,0.195,3.8995
92.5932,79.946,59.788,1.3372,1.3475,20.158,0.4183,6.4885
92.6245,79.962,59.788,1.3374,1.3475,20.174,0.3249,8.5127
92.6575,80.019,59.788,1.3384,1.3475,20.231,1.0653,11.2333
92.6882,80.001,59.788,1.3381,1.3475,20.213,0.3234,1.6653
92.7204,79.996,59.788,1.338,1.3475,20.208,0.1594,3.8241
92.7523,80.045,59.788,1.3388,1.3475,20.257,0.1632,5.4691
92.7836,80.009,59.788,1.3382,1.3475,20.221,0.1633,6.5491
92.8165,80.049,59.788,1.3389,1.3475,20.26,0.3964,9.707
92.851,80.0,59.788,1.338,1.3475,20.211,0.3193,3.4099
92.8797,79.98,59.788,1.3377,1.3475,20.192,0.1517,3.0301
92.9124,80.026,59.788,1.3385,1.3475,20.238,0.1716,6.0632
92.9453,80.073,59.788,1.3393,1.3475,20.284,0.9896,8.0465
92.9766,80.002,59.788,1.3381,1.3475,20.214,0.4937,10.0439
93.01,79.973,59.788,1.3376,1.3475,20.185,0.3642,3.4658
93.0413,79.958,59.788,1.3374,1.3475,20.17,0.5388,5.3497
93.072,79.971,59.788,1.3376,1.3475,20.183,0.3819,5.3067
93.1042,79.997,59.788,1.338,1.3475,20.209,0.1694,7.4237
93.1357,79.967,59.788,1.3375,1.3475,20.179,0.1594,8.7155
93.1682,79.942,59.788,1.3371,1.3475,20.154,0.152,1.4543
93.2,80.051,59.788,1.3389,1.3475,20.263,0.1567,3.4951
93.2324,80.088,59.788,1.3395,1.3475,20.3,0.2662,5.0793
93.2638,80.118,59.788,1.34,1.3475,20.33,0.2672,7.0258
93.2964,80.017,59.788,1.3383,1.3475,20.228,0.2758,9.7078
93.329,79.947,59.788,1.3372,1.3475,20.159,0.2491,2.4188
93.36,79.988,59.788,1.3379,1.3475,20.2,0.3332,3.2601
93.3931,80.004,59.788,1.3381,1.3475,20.216,0.3797,7.0429
93.4248,79.943,59.788,1.3371,1.3475,20.155,0.3895,8.0776
93.4571,79.976,59.788,1.3376,1.3475,20.187,0.4792,10.8047
93.4875,80.055,59.788,1.339,1.3475,20.267,0.1585,1.606
93.5226,79.985,59.788,1.3378,1.3475,20.197,2.4826,6.0233
93.5525,80.045,59.788,1.3388,1.3475,20.257,0.1584,5.8338
93.5839,80.029,59.788,1.3385,1.3475,20.241,0.1724,7.1794
93.6157,79.952,59.788,1.3373,1.3475,20.164,0.1757,5.9243
93.6477,80.008,59.788,1.3382,1.3475,20.22,0.1512,1.6298
93.6797,79.955,59.788,1.3373,1.3475,20.167,0.1549,3.0131
93.7116,79.919,59.788,1.3367,1.3475,20.13,0.1878,2.7662
93.7438,80.006,59.788,1.3381,1.3475,20.217,0.2039,7.0767
93.7763,80.049,59.788,1.3389,1.3475,20.261,0.2362,9.573
93.8116,79.959,59.788,1.3374,1.3475,20.171,0.2019,5.1413
93.8406,79.948,59.788,1.3372,1.3475,20.16,0.342,3.9483
93.8727,79.994,59.788,1.338,1.3475,20.206,0.4409,6.5116
93.9041,80.017,59.788,1.3383,1.3475,20.229,0.1687,7.5216
93.9366,80.023,59.788,1.3384,1.3475,20.234,0.1654,10.0645
93.9683,79.873,59.788,1.3359,1.3475,20.085,0.1582,1.5607
94.0003,79.996,59.788,1.338,1.3475,20.208,0.1614,3.4811
94.0321,80.029,59.788,1.3385,1.3475,20.241,0.2516,4.8936
94.064,80.018,59.788,1.3384,1.3475,20.23,0.2635,7.2566
94.0964,79.951,59.788,1.3372,1.3475,20.163,0.2839,10.0571
94.1295,80.001,59.788,1.3381,1.3475,20.213,0.2525,2.3049
94.16,80.007,59.788,1.3382,1.3475,20.219,0.3785,2.913
94.1931,79.967,59.788,1.3375,1.3475,20.179,0.5471,6.6339
94.2243,79.978,59.788,1.3377,1.3475,20.19,0.3216,7.4789
94.2561,79.844,59.788,1.3354,1.3475,20.056,0.3211,9.3406
94.2879,79.994,59.788,1.3379,1.3475,20.205,0.2729,1.5525
94.32,80.061,59.788,1.3391,1.3475,20.273,0.1599,3.9424
94.3518,80.107,59.788,1.3398,1.3475,20.319,0.1626,5.3996
94.3837,79.973,59.788,1.3376,1.3475,20.185,0.1594,6.5421
94.4159,80.107,59.788,1.3398,1.3475,20.318,0.2579,9.7398
94.4489,79.978,59.788,1.3377,1.3475,20.19,0.2414,2.3058
94.4799,80.017,59.788,1.3383,1.3475,20.229,0.2453,2.4005
94.512,79.904,59.788,1.3365,1.3475,20.116,0.2758,5.0107
94.5443,80.052,59.788,1.3389,1.3475,20.264,0.3024,7.805
94.5768,80.031,59.788,1.3386,1.3475,20.243,0.3729,10.2812
94.6101,80.044,59.788,1.3388,1.3475,20.255,0.6644,3.5971
94.6404,80.061,59.788,1.3391,1.3475,20.273,0.3087,3.6771
94.6728,79.996,59.788,1.338,1.3475,20.207,0.7537,6.6605
94.7036,79.963,59.788,1.3374,1.3475,20.175,0.1559,6.9279
94.7362,80.009,59.788,1.3382,1.3475,20.22,0.1673,9.2714
94.7675,79.99,59.788,1.3379,1.3475,20.202,0.1567,1.5631
94.8003,80.093,59.788,1.3396,1.3475,20.305,0.1616,4.0247
94.8321,80.008,59.788,1.3382,1.3475,20.22,0.1573,5.1954
94.8645,79.979,59.788,1.3377,1.3475,20.191,0.168,8.1966
94.8959,80.05,59.788,1.3389,1.3475,20.262,0.1647,9.3034
94.9287,79.999,59.788,1.338,1.3475,20.211,0.1632,1.8772
94.9597,80.053,59.788,1.3389,1.3475,20.265,0.1703,3.0973
94.9923,79.966,59.788,1.3375,1.3475,20.178,0.3406,6.0095
95.0264,79.986,59.788,1.3378,1.3475,20.198,0.3701,9.9048
95.0573,79.972,59.788,1.3376,1.3475,20.183,0.5154,10.4575
95.0878,80.021,59.788,1.3384,1.3475,20.233,0.1435,1.3652
95.1202,80.023,59.788,1.3384,1.3475,20.235,0.1524,3.5119
95.1523,80.048,59.788,1.3389,1.3475,20.259,0.1568,5.2509
95.1845,79.956,59.788,1.3373,1.3475,20.167,0.1667,7.4135
95.2161,80.013,59.788,1.3383,1.3475,20.225,0.2692,9.5726
95.2491,80.005,59.788,1.3381,1.3475,20.217,0.2711,2.3043
95.2799,80.006,59.788,1.3382,1.3475,20.217,0.2604,2.7869
95.3121,80.039,59.788,1.3387,1.3475,20.251,0.2916,5.4545
95.3451,80.02,59.788,1.3384,1.3475,20.232,0.4212,8.642
95.3764,79.97,59.788,1.3376,1.3475,20.182,0.3283,10.3385
95.4099,80.038,59.788,1.3387,1.3475,20.25,0.2551,1.4428
95.4403,80.022,59.788,1.3384,1.3475,20.234,0.3312,4.3613
95.4727,80.083,59.788,1.3394,1.3475,20.294,0.6312,6.024
95.5041,80.013,59.788,1.3383,1.3475,20.224,0.1577,7.4517
95.5358,79.983,59.788,1.3378,1.3475,20.195,0.1594,9.4604
95.5693,80.033,59.788,1.3386,1.3475,20.245,0.1612,3.0127
95.6002,79.915,59.788,1.3366,1.3475,20.126,0.1595,3.58
95.6317,80.015,59.788,1.3383,1.3475,20.227,0.2356,4.6333
95.664,80.027,59.788,1.3385,1.3475,20.239,0.2767,7.0486
95.6963,80.0,59.788,1.3381,1.3475,20.212,0.2828,9.5684
95.7292,80.012,59.788,1.3383,1.3475,20.224,0.291,2.6362
95.7617,80.006,59.788,1.3381,1.3475,20.217,0.3184,4.5208
95.7925,79.889,59.788,1.3362,1.3475,20.101,0.3386,5.6901
95.8261,79.965,59.788,1.3375,1.3475,20.177,0.3207,9.3765
95.8581,79.998,59.788,1.338,1.3475,20.21,0.346,12.1309
95.8882,79.939,59.788,1.337,1.3475,20.15,0.385,1.8893
95.9195,79.989,59.788,1.3379,1.3475,20.201,0.1535,2.7671
95.9517,79.968,59.788,1.3375,1.3475,20.18,0.1547,5.8477
95.9839,80.006,59.788,1.3382,1.3475,20.218,0.1538,7.3579
96.0164,80.009,59.788,1.3382,1.3475,20.22,0.1658,10.4749
96.0492,80.057,59.788,1.339,1.3475,20.269,1.2389,3.0564
96.0801,80.024,59.788,1.3385,1.3475,20.236,0.1602,3.1376
96.1118,79.896,59.788,1.3363,1.3475,20.108,0.1886,5.4399
96.1445,80.007,59.788,1.3382,1.3475,20.219,0.1689,8.5922
96.1764,80.021,59.788,1.3384,1.3475,20.233,0.3655,9.754
96.2099,80.013,59.788,1.3383,1.3475,20.224,0.3813,1.7278
96.2408,79.95,59.788,1.3372,1.3475,20.162,0.2888,4.7496
96.2722,79.982,59.788,1.3378,1.3475,20.194,0.5112,5.6382
96.304,79.989,59.788,1.3379,1.3475,20.201,0.1592,7.4292
96.3355,80.022,59.788,1.3384,1.3475,20.234,0.1621,8.4425
96.3683,80.013,59.788,1.3383,1.3475,20.225,0.1576,1.6552
96.4,79.979,59.788,1.3377,1.3475,20.191,0.1567,3.3128
96.4325,79.937,59.788,1.337,1.3475,20.148,0.2479,6.2493
96.4646,80.066,59.788,1.3392,1.3475,20.277,0.2784,5.5827
96.4964,80.021,59.788,1.3384,1.3475,20.233,0.2806,10.0783
96.5281,80.008,59.788,1.3382,1.3475,20.22,0.2557,2.2218
96.5599,80.043,59.788,1.3388,1.3475,20.254,0.2956,3.0729
96.5925,79.991,59.788,1.3379,1.3475,20.202,0.3767,5.8291
96.6262,80.01,59.788,1.3382,1.3475,20.221,0.3455,9.4843
96.6574,80.037,59.788,1.3387,1.3475,20.249,0.4381,11.1038
96.6875,79.831,59.788,1.3352,1.3475,20.043,0.1756,1.6315
96.7203,80.046,59.788,1.3388,1.3475,20.257,0.1517,3.6895
96.7517,80.028,59.788,1.3385,1.3475,20.239,0.1556,4.9429
96.7837,79.962,59.788,1.3374,1.3475,20.174,0.1589,7.2289
96.8161,80.005,59.788,1.3381,1.3475,20.217,0.1675,9.6913
96.8484,79.99,59.788,1.3379,1.3475,20.202,0.1603,1.6666
96.8804,80.016,59.788,1.3383,1.3475,20.228,0.1645,3.9628
96.9124,80.012,59.788,1.3383,1.3475,20.224,0.1753,5.8414
96.9445,79.987,59.788,1.3378,1.3475,20.199,0.2731,8.2889
96.977,79.957,59.788,1.3373,1.3475,20.169,0.3654,10.1377
97.0094,80.038,59.788,1.3387,1.3475,20.25,0.3114,1.4905
97.0418,80.022,59.788,1.3384,1.3475,20.234,0.3717,5.0047
97.0722,80.026,59.788,1.3385,1.3475,20.238,0.3437,6.273
97.1037,79.943,59.788,1.3371,1.3475,20.155,0.1577,6.8649
97.1361,79.996,59.788,1.338,1.3475,20.208,0.1636,8.0119
97.1682,79.994,59.788,1.338,1.3475,20.206,0.1639,1.694
97.1998,79.925,59.788,1.3368,1.3475,20.136,0.1579,2.9623
97.2323,79.96,59.788,1.3374,1.3475,20.171,0.1672,5.3434
97.2644,80.051,59.788,1.3389,1.3475,20.263,0.1743,8.2972
97.2964,80.019,59.788,1.3384,1.3475,20.231,0.1695,8.7323
97.3286,80.02,59.788,1.3384,1.3475,20.232,0.1548,1.6902
97.3627,80.028,59.788,1.3385,1.3475,20.24,0.1657,5.997
97.3921,80.006,59.788,1.3382,1.3475,20.218,0.3312,5.5356
97.4249,79.984,59.788,1.3378,1.3475,20.196,0.3449,8.8043
97.4573,79.932,59.788,1.3369,1.3475,20.144,0.5171,10.547
97.4876,79.939,59.788,1.337,1.3475,20.151,0.1686,1.4899
97.5198,79.978,59.788,1.3377,1.3475,20.189,0.1627,3.1585
97.5524,80.033,59.788,1.3386,1.3475,20.245,0.1648,5.5824
97.5837,79.994,59.788,1.338,1.3475,20.206,0.1603,6.5552
97.6162,79.958,59.788,1.3373,1.3475,20.169,0.2825,9.2618
97.6492,80.074,59.788,1.3393,1.3475,20.286,0.2757,2.3246
97.6799,80.015,59.788,1.3383,1.3475,20.226,0.2456,2.7109
97.7122,80.021,59.788,1.3384,1.3475,20.233,0.2834,5.4018
97.7443,79.972,59.788,1.3376,1.3475,20.184,0.2794,7.5821
97.7769,79.957,59.788,1.3373,1.3475,20.169,0.2852,10.0366
97.8095,80.011,59.788,1.3382,1.3475,20.223,0.3791,2.8677
97.8402,79.966,59.788,1.3375,1.3475,20.178,0.3294,3.4526
97.8727,79.984,59.788,1.3378,1.3475,20.196,0.478,6.447
97.9054,80.027,59.788,1.3385,1.3475,20.238,0.4442,9.1474
97.936,80.015,59.788,1.3383,1.3475,20.227,0.162,9.1631
97.9683,80.055,59.788,1.339,1.3475,20.267,0.155,1.4509
97.9996,79.999,59.788,1.338,1.3475,20.211,0.1597,3.0086
98.0318,79.963,59.788,1.3374,1.3475,20.174,0.1613,4.6748
98.064,79.976,59.788,1.3376,1.3475,20.187,0.1761,7.7778
98.0965,80.058,59.788,1.339,1.3475,20.269,0.1749,9.8223
98.1292,80.018,59.788,1.3384,1.3475,20.23,0.2176,2.241
98.1612,80.024,59.788,1.3385,1.3475,20.236,0.2087,3.5207
98.1922,80.039,59.788,1.3387,1.3475,20.251,0.3396,5.9555
98.2256,79.976,59.788,1.3376,1.3475,20.187,0.6187,8.7652
98.2571,80.033,59.788,1.3386,1.3475,20.245,0.515,10.7085
98.2875,79.978,59.788,1.3377,1.3475,20.189,0.1637,1.5124
98.3196,80.028,59.788,1.3385,1.3475,20.24,0.1587,2.8433
98.3518,80.033,59.788,1.3386,1.3475,20.245,0.1571,5.2556
98.3838,80.043,59.788,1.3388,1.3475,20.255,0.1919,6.6435
98.4167,80.005,59.788,1.3381,1.3475,20.217,0.2585,7.9562
98.4486,79.991,59.788,1.3379,1.3475,20.202,0.1567,1.658
98.4798,79.954,59.788,1.3373,1.3475,20.166,0.2617,2.658
98.5123,79.996,59.788,1.338,1.3475,20.208,0.2704,3.8035
98.5442,79.97,59.788,1.3376,1.3475,20.182,0.2821,8.2922
98.5776,80.033,59.788,1.3386,1.3475,20.245,1.4134,11.1624
98.6102,80.058,59.788,1.339,1.3475,20.27,0.2875,3.2238
98.6404,79.967,59.788,1.3375,1.3475,20.178,0.3312,3.8251
98.6731,79.994,59.788,1.338,1.3475,20.206,0.5136,6.7979
98.7035,80.016,59.788,1.3383,1.3475,20.227,0.157,6.8756
98.7357,80.053,59.788,1.3389,1.3475,20.265,0.1633,8.9306
98.7674,79.959,59.788,1.3374,1.3475,20.17,0.153,1.5536
98.7995,79.961,59.788,1.3374,1.3475,20.173,0.1536,2.8698
98.8315,79.94,59.788,1.3371,1.3475,20.152,0.1645,4.4388
98.8637,79.961,59.788,1.3374,1.3475,20.172,0.1667,6.9944
98.8959,80.008,59.788,1.3382,1.3475,20.219,0.187,9.5396
98.9288,80.0,59.788,1.3381,1.3475,20.212,0.1789,1.9833
98.96,79.979,59.788,1.3377,1.3475,20.191,0.2538,2.7782
98.9932,80.02,59.788,1.3384,1.3475,20.232,1.0413,6.7754
99.0254,79.973,59.788,1.3376,1.3475,20.184,0.7661,8.6629
99.0581,79.987,59.788,1.3378,1.3475,20.198,0.3399,11.1804
99.088,80.002,59.788,1.3381,1.3475,20.214,0.2933,1.6178
99.1203,80.013,59.788,1.3383,1.3475,20.225,0.1556,3.7876
99.1523,80.007,59.788,1.3382,1.3475,20.218,0.156,5.4025
99.1855,79.999,59.788,1.338,1.3475,20.211,0.1612,9.1634
99.2159,79.996,59.788,1.338,1.3475,20.208,0.2591,6.2803
99.2491,80.04,59.788,1.3387,1.3475,20.252,0.2771,2.2624
99.2797,80.008,59.788,1.3382,1.3475,20.22,0.2512,2.641
99.3126,79.985,59.788,1.3378,1.3475,20.196,0.281,5.7595
99.3442,79.984,59.788,1.3378,1.3475,20.196,0.2809,7.3495
99.3767,79.985,59.788,1.3378,1.3475,20.197,0.2823,10.6131
99.4109,80.011,59.788,1.3382,1.3475,20.223,0.2561,1.4209
99.4406,80.023,59.788,1.3384,1.3475,20.235,0.3793,3.9715
99.473,79.976,59.788,1.3377,1.3475,20.188,0.6042,6.5712
99.5038,79.99,59.788,1.3379,1.3475,20.201,0.1603,6.9675
99.5363,80.092,59.788,1.3396,1.3475,20.304,0.1631,9.4162
99.5678,79.989,59.788,1.3379,1.3475,20.201,0.1519,1.4712
99.6002,80.041,59.788,1.3387,1.3475,20.253,0.1557,3.3846
99.6322,79.955,59.788,1.3373,1.3475,20.167,0.2476,5.8458
99.6641,79.948,59.788,1.3372,1.3475,20.16,0.2632,7.5858
99.6962,80.006,59.788,1.3382,1.3475,20.218,0.2835,9.8382
99.7292,80.064,59.788,1.3391,1.3475,20.276,0.3136,2.4753
99.7606,80.036,59.788,1.3387,1.3475,20.248,0.2751,2.797
99.7922,80.015,59.788,1.3383,1.3475,20.227,0.2877,6.0011
99.8256,80.015,59.788,1.3383,1.3475,20.227,0.4262,8.8213
99.8575,80.004,59.788,1.3381,1.3475,20.216,0.4414,10.7233
99.8875,79.962,59.788,1.3374,1.3475,20.173,0.1598,1.6525
99.9201,79.948,59.788,1.3372,1.3475,20.16,0.1533,3.7359
99.9522,80.005,59.788,1.3381,1.3475,20.217,0.1577,5.9774
99.9838,80.023,59.788,1.3384,1.3475,20.234,0.159,7.0426
100.0158,79.946,59.788,1.3371,1.3475,20.158,0.1855,9.4867
100.0483,79.998,59.788,1.338,1.3475,20.21,0.1596,1.6432
100.0799,79.924,59.788,1.3368,1.3475,20.136,0.16,3.0657
100.1123,79.989,59.788,1.3379,1.3475,20.201,0.1905,5.7322
100.1447,80.023,59.788,1.3384,1.3475,20.234,0.1839,8.4001
100.1765,80.002,59.788,1.3381,1.3475,20.213,0.3401,9.6415
100.2119,80.074,59.788,1.3393,1.3475,20.285,0.2632,4.5758
100.2423,80.049,59.788,1.3389,1.3475,20.26,0.3417,6.0961
100.2731,79.988,59.788,1.3379,1.3475,20.2,0.4911,6.0839
100.3035,79.994,59.788,1.338,1.3475,20.206,0.1597,6.7644
100.3359,80.031,59.788,1.3386,1.3475,20.243,0.1615,9.5112
100.3684,80.018,59.788,1.3383,1.3475,20.229,0.1559,1.4723
100.4013,80.002,59.788,1.3381,1.3475,20.213,0.2594,3.9153
100.4321,80.033,59.788,1.3386,1.3475,20.244,0.1651,5.6689
100.4637,79.833,59.788,1.3353,1.3475,20.045,0.1653,7.2631
100.4963,80.002,59.788,1.3381,1.3475,20.213,0.2726,10.1517
100.529,79.945,59.788,1.3371,1.3475,20.157,0.3096,2.4267
100.5603,80.105,59.788,1.3398,1.3475,20.317,0.3036,3.59
100.5922,80.007,59.788,1.3382,1.3475,20.219,0.3413,6.2306
100.6248,79.998,59.788,1.338,1.3475,20.21,0.3155,8.5338
100.6588,79.962,59.788,1.3374,1.3475,20.174,0.3793,12.4975
100.6875,79.997,59.788,1.338,1.3475,20.209,0.1572,1.4339
100.7202,79.978,59.788,1.3377,1.3475,20.19,0.1532,3.8181
100.7516,80.007,59.788,1.3382,1.3475,20.219,0.1586,4.933
100.7844,80.018,59.788,1.3384,1.3475,20.23,0.205,7.0671
100.816,80.017,59.788,1.3383,1.3475,20.228,0.1736,7.7118
100.8482,80.004,59.788,1.3381,1.3475,20.216,0.151,1.5245
100.88,80.057,59.788,1.339,1.3475,20.269,0.1556,3.0646
100.912,79.997,59.788,1.338,1.3475,20.209,0.2068,5.3378
100.9448,79.953,59.788,1.3373,1.3475,20.165,0.1867,8.0108
100.9766,79.97,59.788,1.3375,1.3475,20.181,0.2279,10.4007
101.01,79.972,59.788,1.3376,1.3475,20.183,0.3764,3.3739
101.0399,80.057,59.788,1.339,1.3475,20.268,0.298,3.9712
101.072,80.016,59.788,1.3383,1.3475,20.228,0.2854,5.0903
101.11,79.941,59.788,1.3371,1.3475,20.153,5.821,13.1618
101.1355,80.067,59.788,1.3392,1.3475,20.278,0.1529,9.3438
101.1679,80.046,59.788,1.3388,1.3475,20.258,0.1524,1.5772
101.2006,80.023,59.788,1.3384,1.3475,20.235,0.1599,3.6778
101.2319,79.999,59.788,1.338,1.3475,20.211,0.2407,5.6083
101.2643,79.937,59.788,1.337,1.3475,20.149,0.2616,7.2902
101.2965,79.855,59.788,1.3356,1.3475,20.067,0.3158,10.1258
101.328,80.063,59.788,1.3391,1.3475,20.274,0.1626,1.9241
101.3612,80.012,59.788,1.3383,1.3475,20.224,1.5434,3.7344
101.3922,79.974,59.788,1.3376,1.3475,20.186,0.1999,5.7711
101.4248,80.025,59.788,1.3385,1.3475,20.237,0.4562,8.0429
101.4571,79.998,59.788,1.338,1.3475,20.21,0.3787,10.1687
101.4893,79.996,59.788,1.338,1.3475,20.207,0.407,2.5899
101.5213,80.01,59.788,1.3382,1.3475,20.221,0.1784,4.3528
101.5523,79.997,59.788,1.338,1.3475,20.209,0.1589,5.3838
101.5841,80.097,59.788,1.3397,1.3475,20.308,0.161,7.6233
101.6167,80.034,59.788,1.3386,1.3475,20.246,0.1729,9.8233
101.6478,79.981,59.788,1.3377,1.3475,20.193,0.1526,1.7001
101.6805,80.037,59.788,1.3387,1.3475,20.249,0.2568,4.0103
101.7119,79.988,59.788,1.3379,1.3475,20.2,0.2706,5.0589
101.7442,79.99,59.788,1.3379,1.3475,20.202,0.2769,8.1031
101.7767,80.013,59.788,1.3383,1.3475,20.225,0.3549,9.8072
101.8106,79.942,59.788,1.3371,1.3475,20.154,0.3236,3.6742
101.8407,80.068,59.788,1.3392,1.3475,20.279,0.3636,4.78
101.8726,80.056,59.788,1.339,1.3475,20.268,0.524,6.6043
101.9041,80.0,59.788,1.3381,1.3475,20.212,0.1578,7.9936
101.9356,79.955,59.788,1.3373,1.3475,20.167,0.1689,9.2572
101.9678,80.011,59.788,1.3382,1.3475,20.223,0.1624,1.6269
101.9995,80.003,59.788,1.3381,1.3475,20.215,0.1588,3.0525
102.0322,80.014,59.788,1.3383,1.3475,20.226,0.1599,5.0519
102.0641,79.989,59.788,1.3379,1.3475,20.201,0.177,6.3353
102.0958,79.904,59.788,1.3364,1.3475,20.116,0.2319,9.8141
102.1283,79.989,59.788,1.3379,1.3475,20.201,0.1595,1.8025
102.1619,79.966,59.788,1.3375,1.3475,20.177,0.166,5.3006
102.1923,80.076,59.788,1.3393,1.3475,20.287,0.3329,6.0221
102.2245,80.078,59.788,1.3394,1.3475,20.29,0.3275,8.3822
102.2572,80.078,59.788,1.3394,1.3475,20.29,0.4471,11.0099
102.2881,79.955,59.788,1.3373,1.3475,20.167,0.1743,1.4891
102.3201,79.893,59.788,1.3363,1.3475,20.105,0.1553,3.9745
102.3516,79.948,59.788,1.3372,1.3475,20.16,0.1686,4.8494
102.3842,79.981,59.788,1.3377,1.3475,20.193,0.1626,7.8549
102.4161,79.981,59.788,1.3377,1.3475,20.192,0.2843,9.7804
102.4486,79.951,59.788,1.3372,1.3475,20.163,0.2401,2.3405
102.4798,80.062,59.788,1.3391,1.3475,20.273,0.2524,2.6737
102.5123,80.005,59.788,1.3381,1.3475,20.216,0.2685,5.8423
102.5442,80.013,59.788,1.3383,1.3475,20.224,0.2768,8.092
102.5768,79.981,59.788,1.3377,1.3475,20.193,0.2624,10.7625
102.6098,79.987,59.788,1.3378,1.3475,20.199,0.2823,1.5989
102.6406,79.977,59.788,1.3377,1.3475,20.189,0.3945,4.3504
102.6726,79.962,59.788,1.3374,1.3475,20.174,0.5443,6.4714
102.7045,80.043,59.788,1.3388,1.3475,20.255,0.1955,7.8591
102.7363,79.974,59.788,1.3376,1.3475,20.186,0.1635,8.5162
102.7682,80.024,59.788,1.3385,1.3475,20.236,0.1582,1.563
102.7995,80.01,59.788,1.3382,1.3475,20.222,0.1594,2.9827
102.8325,80.036,59.788,1.3387,1.3475,20.248,0.1642,5.3696
102.8635,79.986,59.788,1.3378,1.3475,20.198,0.1654,6.792
102.8961,79.959,59.788,1.3374,1.3475,20.171,0.165,9.4531
102.9285,80.036,59.788,1.3387,1.3475,20.247,0.1505,1.6308
102.9612,80.0,59.788,1.338,1.3475,20.211,0.2595,1.1511
102.9922,80.01,59.788,1.3382,1.3475,20.222,0.3014,5.3904
103.0247,80.001,59.788,1.3381,1.3475,20.213,0.3404,7.7263
103.0573,80.029,59.788,1.3385,1.3475,20.241,0.5522,10.4184
103.0879,80.017,59.788,1.3383,1.3475,20.229,0.1526,1.4359
103.1196,80.025,59.788,1.3385,1.3475,20.237,0.1581,2.7434
103.1525,79.97,59.788,1.3375,1.3475,20.181,0.1641,5.6543
103.1839,80.032,59.788,1.3386,1.3475,20.244,0.1624,7.5688
103.2163,80.027,59.788,1.3385,1.3475,20.239,0.2657,8.3952
103.2487,80.028,59.788,1.3385,1.3475,20.24,0.2484,2.3669
103.2802,80.021,59.788,1.3384,1.3475,20.233,0.2631,3.7386
103.3122,80.01,59.788,1.3382,1.3475,20.221,0.2835,5.197
103.3441,79.924,59.788,1.3368,1.3475,20.136,0.2774,7.3814
103.3767,80.003,59.788,1.3381,1.3475,20.215,0.2816,10.0441
103.4099,79.993,59.788,1.3379,1.3475,20.205,0.3398,2.9464
103.4406,79.897,59.788,1.3363,1.3475,20.108,0.3699,4.469
103.4729,80.054,59.788,1.339,1.3475,20.266,0.3434,6.3618
103.5042,80.007,59.788,1.3382,1.3475,20.219,0.1553,8.016
103.5357,79.977,59.788,1.3377,1.3475,20.189,0.1727,8.7071
103.5677,79.998,59.788,1.338,1.3475,20.21,0.153,1.5819
103.6003,80.011,59.788,1.3382,1.3475,20.223,0.1543,3.8969
103.6335,79.971,59.788,1.3376,1.3475,20.183,1.807,6.6403
103.664,79.945,59.788,1.3371,1.3475,20.157,0.1827,7.084
103.6957,80.008,59.788,1.3382,1.3475,20.22,0.1946,9.7405
103.7288,79.974,59.788,1.3376,1.3475,20.186,0.1842,2.0071
103.7604,79.991,59.788,1.3379,1.3475,20.202,0.4647,3.742
103.7927,79.983,59.788,1.3378,1.3475,20.195,0.3473,5.8894
103.8243,80.024,59.788,1.3385,1.3475,20.236,0.3059,8.0006
103.8576,80.026,59.788,1.3385,1.3475,20.237,0.4904,10.7369
103.8885,79.956,59.788,1.3373,1.3475,20.168,0.2929,1.735
103.9195,80.001,59.788,1.3381,1.3475,20.212,0.1541,3.1813
103.952,79.894,59.788,1.3363,1.3475,20.105,0.1573,5.3483
103.9839,79.977,59.788,1.3377,1.3475,20.188,0.1578,7.6038
104.0167,80.072,59.788,1.3393,1.3475,20.284,0.2515,10.1413
104.0494,80.028,59.788,1.3385,1.3475,20.24,0.2493,2.3392
104.0806,79.958,59.788,1.3374,1.3475,20.17,0.2418,3.5732
104.1121,79.95,59.788,1.3372,1.3475,20.162,0.3224,5.3447
104.1462,80.017,59.788,1.3383,1.3475,20.229,0.5867,9.76
104.1767,79.946,59.788,1.3372,1.3475,20.158,0.3569,10.2653
104.2098,79.977,59.788,1.3377,1.3475,20.189,0.3298,3.4069
104.2399,79.968,59.788,1.3375,1.3475,20.18,0.2949,3.5833
104.2741,79.967,59.788,1.3375,1.3475,20.179,0.5293,4.8934
104.304,79.97,59.788,1.3376,1.3475,20.182,0.1669,7.0972
104.3361,80.028,59.788,1.3385,1.3475,20.24,0.1592,9.5955
104.3687,80.025,59.788,1.3385,1.3475,20.236,0.1585,1.9809
104.4002,80.021,59.788,1.3384,1.3475,20.233,0.1632,3.4926
104.4326,79.994,59.788,1.338,1.3475,20.206,0.2431,5.7964
104.4643,79.995,59.788,1.338,1.3475,20.207,0.284,7.4207
104.4963,80.026,59.788,1.3385,1.3475,20.238,0.2813,9.5774
104.5287,79.995,59.788,1.338,1.3475,20.206,0.2522,2.4613
104.5622,80.037,59.788,1.3387,1.3475,20.249,0.2693,4.1203
104.5927,80.013,59.788,1.3383,1.3475,20.225,0.2613,5.9102
104.6246,80.036,59.788,1.3387,1.3475,20.248,0.361,8.3272
104.6569,80.001,59.788,1.3381,1.3475,20.213,0.4611,9.8729
104.6875,79.952,59.788,1.3372,1.3475,20.164,0.1606,1.6733
104.7195,79.981,59.788,1.3377,1.3475,20.192,0.1617,3.2991
104.7522,80.007,59.788,1.3382,1.3475,20.219,0.1572,5.4844
104.7839,80.01,59.788,1.3382,1.3475,20.221,0.1575,7.7297
104.816,79.976,59.788,1.3377,1.3475,20.188,0.2564,9.0962
104.8486,79.999,59.788,1.338,1.3475,20.211,0.2431,2.2093
104.8797,79.979,59.788,1.3377,1.3475,20.191,0.2454,2.5686
104.9124,80.093,59.788,1.3396,1.3475,20.305,0.2728,5.6274
104.9442,80.04,59.788,1.3387,1.3475,20.252,0.1835,7.5479
104.9765,79.988,59.788,1.3379,1.3475,20.2,0.3064,10.4741
105.01,79.969,59.788,1.3375,1.3475,20.18,0.3764,3.2007
105.0431,79.93,59.788,1.3369,1.3475,20.142,0.5653,6.7244
105.0725,79.889,59.788,1.3362,1.3475,20.1,0.4019,6.6282
105.1035,80.003,59.788,1.3381,1.3475,20.215,0.1529,6.8891
105.1361,80.004,59.788,1.3381,1.3475,20.216,0.1738,9.3677
105.1678,80.027,59.788,1.3385,1.3475,20.239,0.1617,1.8628
105.2004,79.999,59.788,1.338,1.3475,20.211,0.2402,3.4263
105.2322,79.954,59.788,1.3373,1.3475,20.165,0.1618,5.6406
105.2646,80.032,59.788,1.3386,1.3475,20.244,0.1697,7.8309
105.2963,80.004,59.788,1.3381,1.3475,20.215,0.2788,9.6753
105.329,79.953,59.788,1.3373,1.3475,20.165,0.2547,2.3687
105.3602,80.034,59.788,1.3386,1.3475,20.246,0.373,3.086
105.3924,80.026,59.788,1.3385,1.3475,20.238,0.3668,6.2455
105.4253,80.041,59.788,1.3387,1.3475,20.252,0.587,8.4892
105.4575,80.002,59.788,1.3381,1.3475,20.214,0.4984,10.9586
105.4874,79.996,59.788,1.338,1.3475,20.208,0.1489,1.3844
105.5203,79.976,59.788,1.3376,1.3475,20.187,0.1542,3.8931
105.5524,79.963,59.788,1.3374,1.3475,20.175,0.1553,4.877
105.5837,80.008,59.788,1.3382,1.3475,20.219,0.162,7.5105
105.6164,79.955,59.788,1.3373,1.3475,20.166,0.2614,6.725
105.6483,79.988,59.788,1.3379,1.3475,20.2,0.2456,2.23
105.6797,79.977,59.788,1.3377,1.3475,20.188,0.2599,2.623
105.7119,79.768,59.788,1.3342,1.3475,19.98,0.2961,5.2122
105.7451,79.946,59.788,1.3372,1.3475,20.158,0.3643,8.2932
105.777,80.012,59.788,1.3383,1.3475,20.224,0.1923,10.2237
105.81,80.024,59.788,1.3385,1.3475,20.236,0.2094,2.7329
105.8426,79.974,59.788,1.3376,1.3475,20.186,0.4737,6.6167
105.872,80.02,59.788,1.3384,1.3475,20.232,0.3116,5.248
105.9043,80.032,59.788,1.3386,1.3475,20.244,0.1609,7.3982
105.9365,80.044,59.788,1.3388,1.3475,20.256,0.1633,9.9331
105.9682,79.996,59.788,1.338,1.3475,20.207,0.1569,1.4807
106.0003,79.99,59.788,1.3379,1.3475,20.202,0.1609,3.4404
106.0318,79.972,59.788,1.3376,1.3475,20.184,0.2602,5.2665
106.0644,79.997,59.788,1.338,1.3475,20.209,0.2647,7.6097
106.0963,79.948,59.788,1.3372,1.3475,20.16,0.2943,10.2776
106.1293,80.007,59.788,1.3382,1.3475,20.219,0.3128,2.6546
106.1636,79.975,59.788,1.3376,1.3475,20.187,2.7922,6.4587
106.1926,80.048,59.788,1.3389,1.3475,20.26,0.3685,5.9439
106.2254,79.971,59.788,1.3376,1.3475,20.183,0.5992,9.5211
106.2585,80.047,59.788,1.3388,1.3475,20.259,0.4289,11.769
106.2878,79.949,59.788,1.3372,1.3475,20.161,0.1607,1.4378
106.3202,80.058,59.788,1.339,1.3475,20.27,0.157,3.915
106.3522,79.984,59.788,1.3378,1.3475,20.195,0.1556,5.9571
106.3841,79.987,59.788,1.3378,1.3475,20.199,0.1589,7.1006
106.4158,80.059,59.788,1.339,1.3475,20.271,0.2406,8.08
106.4484,80.004,59.788,1.3381,1.3475,20.216,0.1544,1.653
106.4802,79.966,59.788,1.3375,1.3475,20.178,0.1664,3.28
106.5118,79.971,59.788,1.3376,1.3475,20.182,0.1983,4.6201
106.5439,79.973,59.788,1.3376,1.3475,20.185,0.1909,7.7935
106.5767,80.013,59.788,1.3383,1.3475,20.225,0.4779,10.4105
106.6104,79.967,59.788,1.3375,1.3475,20.179,0.3537,3.41
106.6416,79.966,59.788,1.3375,1.3475,20.178,0.6628,5.3561
106.6723,79.933,59.788,1.3369,1.3475,20.145,0.4954,6.0485
106.7038,80.011,59.788,1.3382,1.3475,20.223,0.1576,7.409
106.7364,79.967,59.788,1.3375,1.3475,20.179,0.1622,10.2994
106.7683,79.907,59.788,1.3365,1.3475,20.119,0.1613,1.5417
106.7998,79.984,59.788,1.3378,1.3475,20.196,0.2495,2.6292
106.8319,80.026,59.788,1.3385,1.3475,20.238,0.252,4.892
106.8642,79.951,59.788,1.3372,1.3475,20.163,0.2712,7.0064
106.8964,79.988,59.788,1.3378,1.3475,20.199,0.2799,10.4862
106.9289,79.972,59.788,1.3376,1.3475,20.184,0.252,2.2506
106.96,79.938,59.788,1.337,1.3475,20.15,0.3084,3.0023
106.9925,80.029,59.788,1.3385,1.3475,20.24,0.3665,6.2678
107.0249,80.012,59.788,1.3383,1.3475,20.224,0.3775,9.0703
107.0563,80.003,59.788,1.3381,1.3475,20.215,0.3949,9.7923
107.0877,80.062,59.788,1.3391,1.3475,20.274,0.1631,1.465
107.1204,80.001,59.788,1.3381,1.3475,20.213,0.1537,3.8501
107.1525,79.952,59.788,1.3373,1.3475,20.164,0.1632,5.7883
107.1839,80.02,59.788,1.3384,1.3475,20.232,0.1625,7.1765
107.2161,79.923,59.788,1.3368,1.3475,20.135,0.1677,9.0222
107.2481,80.032,59.788,1.3386,1.3475,20.244,0.153,1.617
107.2799,80.045,59.788,1.3388,1.3475,20.257,0.1578,3.0279
107.3118,80.001,59.788,1.3381,1.3475,20.213,0.242,4.8806
107.3452,79.996,59.788,1.338,1.3475,20.207,0.3273,18.8721
107.3766,79.972,59.788,1.3376,1.3475,20.184,0.3198,9.7032
107.4096,80.047,59.788,1.3388,1.3475,20.258,0.478,3.2583
107.4402,80.039,59.788,1.3387,1.3475,20.251,0.3457,3.4184
107.4725,79.948,59.788,1.3372,1.3475,20.16,0.615,5.5666
107.5036,79.824,59.788,1.3351,1.3475,20.036,0.1541,7.3469
107.5356,80.015,59.788,1.3383,1.3475,20.226,0.1627,9.0068
107.5681,80.003,59.788,1.3381,1.3475,20.215,0.1509,1.3753
107.6004,79.981,59.788,1.3377,1.3475,20.193,0.1563,3.4279
107.6327,80.038,59.788,1.3387,1.3475,20.25,0.2595,6.1826
107.6646,79.984,59.788,1.3378,1.3475,20.196,0.1659,6.3221
107.6967,79.977,59.788,1.3377,1.3475,20.188,0.2804,10.2776
107.7297,80.02,59.788,1.3384,1.3475,20.232,0.2664,3.2197
107.7603,79.961,59.788,1.3374,1.3475,20.172,0.3374,3.405
107.7926,79.998,59.788,1.338,1.3475,20.209,0.3615,5.7723
107.8249,80.026,59.788,1.3385,1.3475,20.238,0.3298,8.1186
107.8563,79.986,59.788,1.3378,1.3475,20.197,0.5464,10.1301
107.888,79.987,59.788,1.3378,1.3475,20.198,0.1862,1.5022
107.92,80.048,59.788,1.3389,1.3475,20.26,0.1629,3.9822
107.9524,79.959,59.788,1.3374,1.3475,20.171,0.1581,5.8984
107.984,80.007,59.788,1.3382,1.3475,20.218,0.1624,7.2517
108.0165,79.935,59.788,1.337,1.3475,20.146,0.1698,7.7529
108.0483,79.829,59.788,1.3352,1.3475,20.04,0.1555,1.5705
108.0798,80.089,59.788,1.3395,1.3475,20.3,0.1425,2.883
108.1124,80.026,59.788,1.3385,1.3475,20.237,0.1569,5.9749
108.1438,80.021,59.788,1.3384,1.3475,20.233,0.1899,7.5411
108.1767,80.007,59.788,1.3382,1.3475,20.218,0.4421,10.6503
108.21,79.978,59.788,1.3377,1.3475,20.19,0.2854,3.3256
108.2405,79.989,59.788,1.3379,1.3475,20.201,0.4299,4.0381
108.2722,79.992,59.788,1.3379,1.3475,20.203,0.278,6.1229
108.3036,79.949,59.788,1.3372,1.3475,20.161,0.143,7.2006
108.3363,80.002,59.788,1.3381,1.3475,20.214,0.1408,10.1576
108.368,80.002,59.788,1.3381,1.3475,20.214,0.1353,1.191
108.4004,79.997,59.788,1.338,1.3475,20.209,0.2312,3.2839
108.4326,80.055,59.788,1.339,1.3475,20.266,0.2227,6.3388
108.464,79.99,59.788,1.3379,1.3475,20.202,0.2568,7.0384
108.4962,79.996,59.788,1.338,1.3475,20.208,0.276,10.2693
108.5289,80.008,59.788,1.3382,1.3475,20.22,0.2532,2.4409
108.5604,79.96,59.788,1.3374,1.3475,20.171,0.2969,2.7017
108.5921,79.967,59.788,1.3375,1.3475,20.179,0.2891,6.2303
108.6249,80.04,59.788,1.3387,1.3475,20.252,0.3441,8.8599
108.6573,79.995,59.788,1.338,1.3475,20.207,0.4024,10.6108
108.6887,79.978,59.788,1.3377,1.3475,20.19,1.3733,2.7741
108.7198,80.034,59.788,1.3386,1.3475,20.245,0.1422,3.6294
108.752,79.996,59.788,1.338,1.3475,20.207,0.1392,5.6434
108.7841,79.973,59.788,1.3376,1.3475,20.185,0.1465,7.0142
108.8158,79.993,59.788,1.3379,1.3475,20.205,0.1542,9.1131
108.8479,80.032,59.788,1.3386,1.3475,20.244,0.1349,1.3928
108.8796,80.02,59.788,1.3384,1.3475,20.231,0.1382,2.7858
108.9123,80.03,59.788,1.3386,1.3475,20.242,0.1752,6.0705
108.9441,79.994,59.788,1.338,1.3475,20.206,0.1835,7.6519
108.9763,79.985,59.788,1.3378,1.3475,20.197,0.2891,9.3997
109.0107,79.992,59.788,1.3379,1.3475,20.203,0.4024,3.6924
109.0405,79.991,59.788,1.3379,1.3475,20.202,0.3068,4.573
109.0729,80.015,59.788,1.3383,1.3475,20.226,0.4662,6.5556
109.104,80.04,59.788,1.3387,1.3475,20.252,0.1407,7.1765
109.1363,79.92,59.788,1.3367,1.3475,20.132,0.1457,9.2613
109.1679,80.031,59.788,1.3386,1.3475,20.243,0.1351,1.2466
109.2005,79.99,59.788,1.3379,1.3475,20.202,0.2228,3.5861
109.2322,80.017,59.788,1.3383,1.3475,20.229,0.2378,4.7924
109.2639,80.026,59.788,1.3385,1.3475,20.238,0.2564,7.2651
109.2962,79.988,59.788,1.3379,1.3475,20.2,0.4109,10.2133
109.3287,80.004,59.788,1.3381,1.3475,20.216,0.235,2.1463
109.3607,79.94,59.788,1.3371,1.3475,20.152,0.2598,3.9239
109.3926,80.005,59.788,1.3381,1.3475,20.217,0.3621,5.7979
109.4252,80.049,59.788,1.3389,1.3475,20.261,0.5614,8.86
109.4578,80.035,59.788,1.3386,1.3475,20.247,0.3617,11.8583
109.4881,80.02,59.788,1.3384,1.3475,20.232,0.1348,1.2902
109.5203,79.947,59.788,1.3372,1.3475,20.159,0.1394,3.6487
109.5522,80.021,59.788,1.3384,1.3475,20.232,0.1448,5.2174
109.5837,79.991,59.788,1.3379,1.3475,20.203,0.1423,7.2561
109.6158,79.978,59.788,1.3377,1.3475,20.189,0.2414,7.7553
109.6487,79.948,59.788,1.3372,1.3475,20.16,0.2179,1.9908
109.6804,80.003,59.788,1.3381,1.3475,20.215,0.2424,4.0415
109.7123,80.069,59.788,1.3392,1.3475,20.281,0.2573,5.8439
109.7443,79.966,59.788,1.3375,1.3475,20.177,0.2624,7.6247
109.7766,80.002,59.788,1.3381,1.3475,20.213,0.3137,9.9428
109.8097,80.015,59.788,1.3383,1.3475,20.227,0.3148,3.0692
109.8419,79.931,59.788,1.3369,1.3475,20.143,0.2864,6.0192
109.8723,80.0,59.788,1.3381,1.3475,20.212,0.3427,5.7167
109.9041,79.868,59.788,1.3358,1.3475,20.079,0.141,7.682
109.9358,80.038,59.788,1.3387,1.3475,20.249,0.1529,8.7691
109.9682,80.062,59.788,1.3391,1.3475,20.274,0.1377,1.4938
110.0001,79.987,59.788,1.3378,1.3475,20.198,0.1427,3.2034
110.0317,80.008,59.788,1.3382,1.3475,20.22,0.2212,5.3491
110.0642,80.013,59.788,1.3383,1.3475,20.225,0.2619,6.1422
110.0962,80.006,59.788,1.3381,1.3475,20.217,0.2883,9.6058
110.129,79.972,59.788,1.3376,1.3475,20.183,0.2401,2.6552
110.1617,79.925,59.788,1.3368,1.3475,20.136,0.902,3.2755
110.1928,80.074,59.788,1.3393,1.3475,20.286,0.3127,6.7432
110.2249,80.08,59.788,1.3394,1.3475,20.291,0.2965,8.2711
110.2574,80.027,59.788,1.3385,1.3475,20.239,0.4868,10.8365
110.2878,79.984,59.788,1.3378,1.3475,20.195,0.1463,1.2689
110.32,80.004,59.788,1.3381,1.3475,20.215,0.1364,3.4901
110.3522,80.032,59.788,1.3386,1.3475,20.243,0.1401,5.7054
110.3837,80.025,59.788,1.3385,1.3475,20.237,0.1433,6.8676
110.4156,79.999,59.788,1.338,1.3475,20.21,0.1555,9.0033
110.4479,79.893,59.788,1.3363,1.3475,20.105,0.1387,1.4041
110.4803,80.017,59.788,1.3383,1.3475,20.229,0.1394,3.7762
110.5118,80.053,59.788,1.3389,1.3475,20.265,0.1496,5.0733
110.5448,79.969,59.788,1.3375,1.3475,20.181,0.1837,8.516
110.5767,80.038,59.788,1.3387,1.3475,20.25,0.1774,9.9659
110.6095,80.063,59.788,1.3391,1.3475,20.274,0.2976,2.9675
110.6403,79.971,59.788,1.3376,1.3475,20.183,0.5489,4.1479
110.6721,80.009,59.788,1.3382,1.3475,20.221,0.3831,5.3879
110.7036,79.994,59.788,1.338,1.3475,20.206,0.144,7.2195
110.7356,79.806,59.788,1.3348,1.3475,20.017,0.1516,8.8784
110.768,79.99,59.788,1.3379,1.3475,20.202,0.1366,1.2061
110.8005,80.018,59.788,1.3384,1.3475,20.229,0.143,4.1734
110.8318,80.071,59.788,1.3392,1.3475,20.283,0.2361,5.1995
110.8639,79.999,59.788,1.338,1.3475,20.211,0.2605,6.1586
110.8962,80.014,59.788,1.3383,1.3475,20.226,0.2663,9.4029
110.9292,80.023,59.788,1.3384,1.3475,20.235,0.2808,2.5598
110.9609,79.955,59.788,1.3373,1.3475,20.166,0.2555,3.9713
110.9926,80.0,59.788,1.3381,1.3475,20.212,0.3387,6.4109
111.0249,79.988,59.788,1.3379,1.3475,20.2,0.406,8.8368
111.0578,80.05,59.788,1.3389,1.3475,20.262,0.4073,11.0325
111.0875,79.984,59.788,1.3378,1.3475,20.196,0.1342,1.2008
111.1198,80.122,59.788,1.3401,1.3475,20.334,0.1426,3.6298
111.1522,79.993,59.788,1.3379,1.3475,20.205,0.1372,5.7065
111.1836,80.018,59.788,1.3384,1.3475,20.23,0.1404,6.7838
111.2167,80.004,59.788,1.3381,1.3475,20.216,0.8014,10.0861
111.2479,79.985,59.788,1.3378,1.3475,20.196,0.1397,1.4048
111.2796,79.907,59.788,1.3365,1.3475,20.118,0.1391,2.7682
111.3122,80.014,59.788,1.3383,1.3475,20.226,0.1572,5.4978
111.3438,80.044,59.788,1.3388,1.3475,20.256,0.1776,7.826
111.3765,80.076,59.788,1.3393,1.3475,20.288,0.2974,10.2652
111.4098,80.028,59.788,1.3385,1.3475,20.24,0.3421,3.0931
111.4404,80.026,59.788,1.3385,1.3475,20.238,0.4083,4.332
111.4717,80.002,59.788,1.3381,1.3475,20.213,0.1425,4.9753
111.507,80.014,59.788,1.3383,1.3475,20.226,0.4149,10.1199
111.5359,79.991,59.788,1.3379,1.3475,20.203,0.1928,9.273
111.568,79.967,59.788,1.3375,1.3475,20.179,0.1378,1.3531
111.6005,80.0,59.788,1.3381,1.3475,20.212,0.2239,3.4758
111.6319,79.983,59.788,1.3378,1.3475,20.195,0.2303,5.5532
111.6643,79.965,59.788,1.3375,1.3475,20.177,0.2484,7.7338
111.6963,79.943,59.788,1.3371,1.3475,20.155,0.2733,9.9208
111.7285,79.986,59.788,1.3378,1.3475,20.198,0.2452,2.2879
111.7607,79.985,59.788,1.3378,1.3475,20.197,0.2646,3.8283
111.7924,80.041,59.788,1.3387,1.3475,20.253,0.2979,5.9716
111.8248,79.871,59.788,1.3359,1.3475,20.083,0.336,8.1253
111.8584,79.992,59.788,1.3379,1.3475,20.204,0.2777,11.6474
111.8875,80.085,59.788,1.3395,1.3475,20.297,0.1374,1.4031
111.9202,80.032,59.788,1.3386,1.3475,20.243,0.1374,3.495
111.9521,79.993,59.788,1.3379,1.3475,20.205,0.1383,5.6479
111.9836,79.972,59.788,1.3376,1.3475,20.184,0.1425,7.2081
112.0156,79.999,59.788,1.338,1.3475,20.21,0.1558,9.016
112.0479,79.946,59.788,1.3372,1.3475,20.158,0.1398,1.4393
112.0798,79.898,59.788,1.3364,1.3475,20.11,0.1423,3.3246
112.1117,79.994,59.788,1.3379,1.3475,20.205,0.1765,5.3736
112.1442,80.021,59.788,1.3384,1.3475,20.233,0.2591,8.2063
112.1769,79.977,59.788,1.3377,1.3475,20.189,0.3457,10.3283
112.2102,79.97,59.788,1.3376,1.3475,20.182,0.2662,1.4964
112.2404,79.996,59.788,1.338,1.3475,20.208,0.357,4.2913
112.2726,80.004,59.788,1.3381,1.3475,20.216,0.4698,6.3447
112.3042,80.009,59.788,1.3382,1.3475,20.221,0.138,7.6569
112.3357,79.967,59.788,1.3375,1.3475,20.179,0.1415,8.8031
112.3675,80.025,59.788,1.3385,1.3475,20.237,0.1415,1.3112
112.3996,80.098,59.788,1.3397,1.3475,20.31,0.1382,3.5652
112.4322,80.011,59.788,1.3382,1.3475,20.223,0.1409,5.9621
112.4637,79.987,59.788,1.3378,1.3475,20.199,0.1534,5.991
112.4959,79.93,59.788,1.3369,1.3475,20.141,0.2097,9.1534
112.5276,79.978,59.788,1.3377,1.3475,20.19,0.1396,1.5391
112.5612,80.004,59.788,1.3381,1.3475,20.216,0.2347,4.7109
112.5939,79.984,59.788,1.3378,1.3475,20.196,0.193,7.4151
112.6247,80.079,59.788,1.3394,1.3475,20.291,0.354,8.5073
112.6571,79.964,59.788,1.3375,1.3475,20.176,0.44,10.117
112.6878,80.0,59.788,1.3381,1.3475,20.212,0.2124,1.2668
112.7198,79.966,59.788,1.3375,1.3475,20.178,0.1401,3.7011
112.7523,79.982,59.788,1.3378,1.3475,20.194,0.1409,5.2879
112.7842,80.025,59.788,1.3385,1.3475,20.237,0.1408,8.1335
112.8164,79.993,59.788,1.3379,1.3475,20.205,0.2603,9.6658
112.8488,79.988,59.788,1.3379,1.3475,20.2,0.221,2.0702
112.8806,79.857,59.788,1.3357,1.3475,20.068,0.2369,3.5153
112.9123,80.048,59.788,1.3389,1.3475,20.26,0.255,5.6564
112.9443,80.053,59.788,1.3389,1.3475,20.265,0.2595,7.6896
112.9768,79.932,59.788,1.3369,1.3475,20.144,0.349,10.839
113.0105,79.947,59.788,1.3372,1.3475,20.158,0.2221,1.1886
113.0406,80.031,59.788,1.3386,1.3475,20.243,0.3616,4.1984
113.0726,79.976,59.788,1.3377,1.3475,20.188,0.5434,6.7232
113.1042,80.02,59.788,1.3384,1.3475,20.232,0.1384,7.6578
113.1361,80.009,59.788,1.3382,1.3475,20.221,0.1457,9.0752
113.1682,79.996,59.788,1.338,1.3475,20.208,0.1636,1.501
113.1996,80.033,59.788,1.3386,1.3475,20.245,0.1615,2.9729
113.2319,80.002,59.788,1.3381,1.3475,20.214,0.1664,5.4249
113.264,80.006,59.788,1.3382,1.3475,20.217,0.1569,4.0795
113.2958,80.047,59.788,1.3388,1.3475,20.259,0.1663,9.4827
113.3284,80.061,59.788,1.3391,1.3475,20.273,0.1559,1.6761
113.3609,80.001,59.788,1.3381,1.3475,20.213,0.3652,3.6532
113.3922,80.03,59.788,1.3386,1.3475,20.242,0.3016,5.6907
113.4247,79.971,59.788,1.3376,1.3475,20.182,0.3551,8.4328
113.4575,80.011,59.788,1.3382,1.3475,20.223,0.5117,10.5489
113.4879,80.095,59.788,1.3396,1.3475,20.307,0.1687,1.6438
113.5199,80.013,59.788,1.3383,1.3475,20.224,0.1623,3.1471
113.5535,80.047,59.788,1.3388,1.3475,20.259,0.164,6.5376
113.5854,80.021,59.788,1.3384,1.3475,20.233,0.1578,9.0023
113.6168,80.003,59.788,1.3381,1.3475,20.214,0.2677,9.7486
113.6491,79.995,59.788,1.338,1.3475,20.207,0.2817,2.4067
113.6797,79.914,59.788,1.3366,1.3475,20.126,0.2597,2.9205
113.7121,79.994,59.788,1.3379,1.3475,20.205,0.2564,2.3138
113.7457,79.979,59.788,1.3377,1.3475,20.191,1.9104,6.9457
113.7769,80.071,59.788,1.3392,1.3475,20.282,0.298,9.2014
113.8091,79.973,59.788,1.3376,1.3475,20.185,0.4064,11.0428
113.8454,80.0,59.788,1.3381,1.3475,20.212,0.288,7.0403
