elapsed_time_s,target_speed_kmh,reference_speed_kmh,raw_factor,applied_factor,speed_difference_kmh,processing_time_ms,can_to_control_latency_ms
3.8187,0.598,149.86,0.3,0.9,149.262,2.2975,308.5132
3.8485,0.729,149.698,0.3,0.8,148.969,1.0225,3.0159
3.88,0.824,149.475,0.3,0.7,148.651,1.3005,3.4664
3.9134,0.967,149.176,0.3,0.6,148.209,0.9003,7.9611
3.9443,1.095,148.878,0.3,0.5,147.783,1.151,9.2008
3.9765,1.242,148.574,0.3,0.4,147.332,1.4,11.079
4.0111,1.494,148.298,0.3,0.35,146.804,4.1255,5.6048
4.0386,1.659,148.04,0.3,0.325,146.381,0.434,3.1251
4.0713,1.882,147.772,0.3,0.3125,145.89,0.4702,6.0964
4.103,2.086,147.503,0.3,0.3125,145.417,0.1564,7.8449
4.1345,2.363,147.226,0.3,0.3125,144.862,0.1726,9.2173
4.1662,2.704,146.936,0.3,0.3125,144.232,0.1536,0.699
4.1986,2.968,146.631,0.3,0.3125,143.664,0.1475,3.8037
4.2311,3.318,146.319,0.3,0.3125,143.001,0.1689,6.0794
4.2626,3.54,146.014,0.3,0.3125,142.474,0.1596,7.7682
4.2948,3.917,145.702,0.3,0.3125,141.785,0.1881,9.8042
4.3274,4.207,145.384,0.3,0.3125,141.178,0.2282,2.2138
4.3594,4.479,145.072,0.3,0.3125,140.594,0.3525,4.4857
4.3917,4.727,144.752,0.3,0.3125,140.025,0.3521,6.2369
4.4234,5.03,144.434,0.3,0.3125,139.403,0.3487,8.1689
4.4544,5.22,144.118,0.3,0.3125,138.898,0.1828,9.0442
4.4865,5.71,143.79,0.3,0.3125,138.08,0.1479,1.7007
4.5189,5.925,143.456,0.3,0.3125,137.532,0.1581,3.0687
4.5509,6.142,143.124,0.3,0.3125,136.983,0.1625,5.992
4.5831,6.403,142.791,0.3,0.3125,136.388,0.2673,7.7931
4.6153,6.58,142.457,0.3,0.3125,135.876,0.2977,10.1343
4.6465,6.853,142.131,0.3,0.3125,135.278,0.2436,1.1291
4.6793,7.056,141.79,0.3,0.3125,134.735,0.2862,3.9233
4.711,7.298,141.459,0.3,0.3125,134.161,0.1653,6.0273
4.7429,7.42,141.128,0.3,0.3125,133.708,0.3123,7.2622
4.775,7.592,140.795,0.3,0.3125,133.203,0.3896,10.4564
4.8077,7.75,140.454,0.3,0.3125,132.704,0.3413,2.2324
4.8389,7.912,140.126,0.3,0.3125,132.215,0.1524,3.8149
4.8711,8.108,139.791,0.3,0.3125,131.683,0.1557,5.7916
4.9028,8.291,139.459,0.3,0.3125,131.167,0.1528,7.8038
4.9344,8.446,139.127,0.3,0.3125,130.682,0.1767,9.1777
4.967,8.657,138.782,0.3,0.3125,130.125,0.1477,1.7674
4.9983,8.812,138.449,0.3,0.3125,129.637,0.1482,2.7937
5.0309,8.936,138.101,0.3,0.3125,129.165,0.1509,6.0281
5.0628,8.953,137.76,0.3,0.3125,128.808,0.1634,17.4355
5.0952,9.172,137.414,0.3,0.3125,128.242,0.2658,10.2294
5.127,9.428,137.073,0.3,0.3125,127.645,0.2715,1.2039
5.1597,9.451,136.723,0.3,0.3125,127.272,0.3158,14.0268
5.1918,9.695,136.38,0.3,0.3125,126.685,0.335,7.2394
5.2226,9.78,136.049,0.3,0.3125,126.269,0.1525,6.9132
5.255,9.992,135.703,0.3,0.3125,125.711,0.1558,9.9521
5.2865,10.294,135.367,0.3,0.3125,125.073,0.149,1.6658
5.3191,10.455,135.02,0.3,0.3125,124.565,0.1559,4.0045
5.351,10.598,134.682,0.3,0.3125,124.084,0.1569,5.9518
5.3825,10.821,134.347,0.3,0.3125,123.525,0.1611,7.1966
5.4156,10.871,133.996,0.3,0.3125,123.126,0.2469,11.0889
5.4465,10.821,133.669,0.3,0.3125,122.848,0.2417,1.1394
5.4786,10.955,133.328,0.3,0.3125,122.373,0.2637,3.5126
5.5111,11.262,132.985,0.3,0.3125,121.723,0.3566,6.253
5.5429,11.48,132.648,0.3,0.3125,121.167,0.3238,7.3319
5.5756,11.63,132.3,0.3,0.3125,120.671,0.3077,10.2649
5.6078,11.862,131.959,0.3,0.3125,120.097,0.3373,3.3284
5.6386,11.883,131.631,0.3,0.3125,119.747,0.1567,13.6814
5.6706,12.219,131.291,0.3,0.3125,119.073,0.1522,5.7513
5.7031,12.355,130.946,0.3,0.3125,118.592,0.1523,7.799
5.7348,12.51,130.609,0.3,0.3125,118.099,0.1683,9.1887
5.7664,12.696,130.274,0.3,0.3125,117.578,0.148,1.7593
5.7985,12.821,129.933,0.3,0.3125,117.112,0.1497,13.5294
5.8308,13.038,129.589,0.3,0.3125,116.551,0.1518,5.9703
5.8627,13.102,129.25,0.3,0.3125,116.147,0.1671,7.7533
5.895,13.236,128.907,0.3,0.3125,115.671,0.2051,10.0143
5.9273,13.53,128.562,0.3,0.3125,115.032,0.2555,2.2759
5.9591,13.66,128.224,0.3,0.3125,114.564,0.3109,4.203
5.9906,13.791,127.888,0.3,0.3125,114.097,0.2783,6.0131
6.0231,13.956,127.54,0.3,0.3125,113.584,0.1506,7.8142
6.0547,16.009,127.204,0.3,0.3125,111.195,0.1608,9.0568
6.0873,16.211,126.857,0.3,0.3125,110.645,0.2453,2.0715
6.119,16.312,126.517,0.3,0.3125,110.205,0.1533,4.0043
6.1509,16.518,126.177,0.3,0.3125,109.66,0.2434,5.2058
6.1834,16.521,125.831,0.3,0.3125,109.31,0.244,8.1846
6.2156,16.648,125.487,0.3,0.3125,108.838,0.2723,10.1075
6.2473,16.746,125.147,0.3,0.3125,108.402,0.266,2.3217
6.2788,17.1,124.81,0.3,0.3125,107.711,0.2634,3.232
6.3112,17.231,124.464,0.3,0.3125,107.233,0.3115,6.243
6.3438,17.416,124.304,0.3,0.3125,106.888,0.8778,8.7515
6.3757,17.499,123.957,0.3,0.3125,106.458,0.3625,10.4856
6.4073,17.746,123.619,0.3,0.3125,105.873,0.2962,2.2439
6.4384,17.961,123.284,0.3,0.3125,105.323,0.1594,3.7984
6.4709,18.105,122.937,0.3,0.3125,104.832,0.1682,5.8995
6.5031,18.18,122.592,0.3,0.3125,104.412,0.1727,7.9122
6.5353,18.419,122.248,0.3,0.3125,103.829,0.1689,9.2304
6.5672,18.645,121.906,0.3,0.3125,103.261,0.1748,1.8419
6.5995,18.704,121.561,0.3,0.3125,102.857,0.1691,4.3491
6.6317,18.912,121.218,0.3,0.3125,102.306,0.321,6.4865
6.6635,19.169,120.878,0.3,0.3125,101.709,0.3287,8.2599
6.6952,19.209,120.54,0.3,0.3125,101.33,0.3451,8.3842
6.7289,19.499,120.179,0.3,0.3125,100.68,0.3148,1.3379
6.7592,19.668,119.857,0.3,0.3125,100.189,0.3006,4.1897
6.791,19.802,119.517,0.3,0.3125,99.715,0.3523,5.5312
6.8228,19.964,119.176,0.3,0.3125,99.212,0.1876,7.9075
6.8553,20.143,118.829,0.3,0.3125,98.686,0.1676,10.1128
6.8866,20.337,118.495,0.3,0.3125,98.158,0.1599,1.7943
6.9191,20.466,118.148,0.3,0.3125,97.682,0.1626,3.8467
6.9504,20.524,117.814,0.3,0.3125,97.29,0.1659,5.1515
6.9834,20.722,117.463,0.3,0.3125,96.741,0.2693,7.5149
7.0156,20.721,117.121,0.3,0.3125,96.4,0.3142,10.2416
7.0467,20.84,116.789,0.3,0.3125,95.95,0.2707,1.2328
7.0786,20.844,116.449,0.3,0.3125,95.605,0.2925,2.4582
7.1115,20.948,116.1,0.3,0.3125,95.153,0.4661,6.5876
7.1432,20.921,115.761,0.3,0.3125,94.841,0.3265,8.325
7.1752,20.941,115.421,0.3,0.3125,94.48,0.3526,10.3021
7.2066,20.9,115.084,0.3,0.3125,94.184,0.1462,1.7354
7.2392,20.871,114.737,0.3,0.3125,93.866,0.1485,4.643
7.2704,20.795,114.405,0.3,0.3125,93.61,0.1527,4.8472
7.3024,20.75,114.064,0.3,0.3125,93.313,0.1466,7.7976
7.3349,20.733,113.718,0.3,0.3125,92.985,0.1638,9.19
7.3672,20.677,113.374,0.3,0.3125,92.697,0.1448,1.7626
7.3989,20.546,113.037,0.3,0.3125,92.491,0.1549,4.059
7.4308,20.485,112.699,0.3,0.3125,92.214,0.2742,5.266
7.4627,20.467,112.36,0.3,0.3125,91.893,0.2791,7.6033
7.4952,20.37,112.013,0.3,0.3125,91.643,0.1851,10.3942
7.5271,20.279,111.675,0.3,0.3125,91.396,0.2715,1.9668
7.5587,20.213,111.339,0.3,0.3125,91.126,0.3068,3.69
7.5911,20.24,110.997,0.3,0.3125,90.757,0.5041,6.1789
7.6228,20.089,110.657,0.3,0.3125,90.567,0.1611,7.9702
7.6551,20.088,110.313,0.3,0.3125,90.225,0.1667,9.7757
7.6876,20.028,109.968,0.3,0.3125,89.94,0.1483,0.6556
7.7186,20.023,109.639,0.3,0.3125,89.616,0.159,2.9824
7.7511,19.963,109.294,0.3,0.3125,89.331,0.2587,5.2754
7.7826,19.936,108.961,0.3,0.3125,89.024,0.2572,7.3349
7.8147,19.927,108.621,0.3,0.3125,88.693,0.2822,9.5638
7.8477,19.886,108.271,0.3,0.3125,88.385,0.2456,1.9303
7.879,19.864,107.942,0.3,0.3125,88.078,0.275,3.4177
7.9112,19.876,107.603,0.3,0.3125,87.727,0.1664,6.5611
7.9443,19.826,107.259,0.3,0.3125,87.433,0.298,9.2838
7.9752,19.802,106.938,0.3,0.3125,87.135,0.3986,9.7076
8.0062,19.842,106.615,0.3,0.3125,86.773,0.1474,1.1015
8.0388,19.856,106.281,0.3,0.3125,86.425,0.159,3.5058
8.0704,19.798,105.958,0.3,0.3125,86.16,0.1584,5.6641
8.1031,19.822,105.627,0.3,0.3125,85.805,0.1577,8.0471
8.1353,19.871,105.304,0.3,0.3125,85.433,0.1697,10.0135
8.1666,19.827,104.992,0.3,0.3125,85.165,0.2457,1.683
8.1989,19.871,104.673,0.3,0.3125,84.802,0.262,4.0812
8.2307,19.893,104.361,0.3,0.3125,84.467,0.2611,5.7896
8.2627,19.904,104.049,0.3,0.3125,84.145,0.276,8.0915
8.2956,19.908,103.732,0.3,0.3125,83.824,0.2919,10.4287
8.3272,19.911,103.428,0.3,0.3125,83.518,0.2747,1.9363
8.359,19.937,103.126,0.3,0.3125,83.189,0.348,3.6589
8.3908,19.853,102.826,0.3,0.3125,82.973,0.362,5.6276
8.4226,19.946,102.526,0.3,0.3125,82.579,0.1603,7.5112
8.4545,19.966,102.23,0.3,0.3125,82.265,0.162,8.9692
8.4864,19.987,101.936,0.3,0.3125,81.949,0.15,1.0938
8.5188,19.921,101.64,0.3,0.3125,81.718,0.1532,3.4239
8.5504,19.973,101.353,0.3,0.3125,81.38,0.168,5.6931
8.5826,20.03,101.064,0.3,0.3125,81.033,0.1925,7.436
8.6152,19.998,100.773,0.3,0.3125,80.774,0.1939,9.6457
8.6475,20.041,100.487,0.3,0.3125,80.446,0.1804,1.5773
8.6786,20.03,100.214,0.3,0.3125,80.184,0.1995,3.2793
8.711,19.974,99.935,0.3,0.3125,79.961,0.3944,5.9653
8.7431,20.031,99.657,0.3,0.3125,79.626,0.3236,8.2429
8.7759,20.057,99.377,0.3,0.3125,79.32,0.415,10.3122
8.8064,20.089,99.117,0.3,0.3125,79.029,0.1845,1.5872
8.8392,20.007,98.841,0.3,0.3125,78.834,0.1824,3.6497
8.8711,20.03,97.443,0.3,0.3125,77.412,0.6757,5.6692
8.903,20.058,97.183,0.3,0.3125,77.125,0.1824,7.2563
8.9344,19.979,96.934,0.3,0.3125,76.955,0.1829,9.0896
8.9675,20.072,96.673,0.3,0.3125,76.602,0.236,1.8987
8.9986,20.028,96.431,0.3,0.3125,76.403,0.2952,3.4325
9.0313,20.037,96.176,0.3,0.3125,76.139,0.325,5.7962
9.0632,19.996,95.93,0.3,0.3125,75.934,0.3056,7.7044
9.095,20.038,95.687,0.3,0.3125,75.649,0.3057,10.1424
9.1284,20.059,95.433,0.3,0.3125,75.374,0.3781,2.696
9.1659,20.003,95.149,0.3,0.3125,75.146,0.2667,1.0361
9.1913,19.995,94.961,0.3,0.3125,74.966,0.5418,6.3393
9.2228,20.067,94.723,0.3,0.3125,74.655,0.1814,7.1717
9.2552,20.064,94.483,0.3,0.3125,74.419,0.1808,10.2566
9.2869,20.0,94.25,0.3,0.3125,74.25,0.1738,1.2971
9.3188,19.987,94.016,0.3,0.3125,74.03,0.1789,3.3393
9.3507,20.021,93.786,0.3,0.3125,73.764,0.2681,5.3065
9.3832,20.023,93.552,0.3,0.3125,73.529,0.2708,7.4563
9.4153,20.032,93.322,0.3,0.3125,73.29,0.3103,9.9806
9.4472,20.025,93.094,0.3,0.3125,73.069,0.2792,2.0628
9.4791,19.942,92.869,0.3,0.3125,72.928,0.3367,3.8018
9.5111,20.002,92.644,0.3,0.3125,72.642,0.3368,5.4969
9.5433,20.039,92.419,0.3,0.3125,72.38,0.3457,8.2787
9.5759,19.952,92.194,0.3,0.3125,72.242,0.4367,10.6271
9.6063,19.965,91.983,0.3,0.3125,72.018,0.1765,1.4868
9.6392,19.983,91.757,0.3,0.3125,71.774,0.1795,3.647
9.6704,20.035,91.545,0.3,0.3125,71.51,0.176,4.9867
9.7028,20.002,91.326,0.3,0.3125,71.324,0.1762,7.8005
9.7346,19.973,91.112,0.3,0.3125,71.138,0.1842,9.4409
9.7674,20.03,90.892,0.3,0.3125,70.863,0.2817,2.0638
9.7987,19.968,90.686,0.3,0.3125,70.718,0.3044,3.8868
9.8314,19.958,90.489,0.3,0.3125,70.531,0.3346,3.9818
9.8628,20.021,90.331,0.3,0.3125,70.31,0.3376,6.7379
9.8957,19.975,90.175,0.3,0.3125,70.2,0.3245,9.9887
9.9279,19.947,90.021,0.3,0.3125,70.073,0.2575,2.0186
9.959,20.007,89.872,0.3,0.3125,69.865,0.2922,4.049
9.9905,20.082,89.721,0.3,0.3125,69.64,0.2741,4.8737
10.0228,19.97,89.566,0.3,0.3125,69.596,0.1746,7.0429
10.0549,20.013,89.41,0.3,0.3125,69.397,0.1788,9.1306
10.0867,19.954,89.256,0.3,0.3125,69.302,0.1762,1.3849
10.1185,19.985,89.099,0.3,0.3125,69.114,0.1785,3.0659
10.1505,19.978,88.941,0.3,0.3125,68.963,0.265,5.5046
10.183,19.975,88.778,0.3,0.3125,68.803,0.2,7.8633
10.2152,20.025,88.615,0.3,0.3125,68.591,0.3059,9.8745
10.2477,19.968,88.45,0.3,0.3125,68.481,0.3162,2.3712
10.2787,20.007,88.291,0.3,0.3125,68.284,0.2927,3.4552
10.3112,20.01,88.123,0.3,0.3125,68.113,0.3262,5.5957
10.3428,19.972,87.96,0.3,0.3125,67.987,0.3224,7.807
10.3757,20.043,87.788,0.3,0.3125,67.745,0.3288,9.9755
10.4064,20.05,87.626,0.3,0.3125,67.576,0.1755,1.2994
10.4388,20.063,87.456,0.3,0.3125,67.393,0.1768,3.5746
10.4713,19.947,87.285,0.3,0.3125,67.338,0.1779,5.6805
10.5026,20.017,87.119,0.3,0.3125,67.103,0.1785,7.7759
10.5347,20.049,86.949,0.3,0.3125,66.9,0.1827,9.4603
10.5666,20.018,86.78,0.3,0.3125,66.762,0.1733,1.4158
10.5988,19.97,86.608,0.3,0.3125,66.638,0.1831,3.7548
10.6306,19.998,86.439,0.3,0.3125,66.441,0.1851,5.1637
10.6631,20.008,86.265,0.3,0.3125,66.257,0.1944,8.1384
10.6955,19.981,86.092,0.3,0.3125,66.111,0.2298,10.0845
10.7291,20.025,85.912,0.3,0.3125,65.887,0.2859,2.9979
10.7593,20.017,85.751,0.3,0.3125,65.734,0.432,3.7517
10.7917,19.997,85.577,0.3,0.3125,65.58,0.3698,6.9577
10.823,19.998,85.407,0.3,0.3125,65.409,0.183,7.0867
10.8552,20.011,85.234,0.3,0.3125,65.223,0.1916,10.2887
10.8867,20.007,85.065,0.3,0.3125,65.058,0.2813,1.8155
10.9189,19.949,84.892,0.3,0.3125,64.943,0.1826,3.0072
10.9512,19.984,84.718,0.3,0.3125,64.734,0.2867,6.1068
10.9828,20.036,84.547,0.3,0.3125,64.511,0.192,7.3645
11.0154,19.963,84.373,0.3,0.3125,64.41,0.3227,9.8842
11.0475,19.975,84.2,0.3,0.3125,64.226,0.299,2.206
11.0793,19.992,84.029,0.3,0.3125,64.037,0.3818,3.8729
11.1111,20.007,83.858,0.3,0.3125,63.851,0.3794,5.8194
11.1436,20.003,83.684,0.3,0.3125,63.681,0.3434,8.3248
11.1759,20.012,83.511,0.3,0.3125,63.499,0.423,10.254
11.2065,20.01,83.345,0.3,0.3125,63.335,0.1997,1.3355
11.2386,20.006,83.173,0.3,0.3125,63.167,0.1795,3.6635
11.2714,20.012,82.997,0.3,0.3125,62.985,0.172,0.7229
11.3029,20.011,82.828,0.3,0.3125,62.817,0.1789,7.8256
11.3345,19.99,82.659,0.3,0.3125,62.669,0.2688,6.0883
11.3673,19.948,82.483,0.3,0.3125,62.536,0.2632,2.2582
11.3993,19.933,81.575,0.3,0.3125,61.643,0.9571,3.534
11.4333,20.022,81.391,0.3,0.3125,61.369,0.3042,8.1702
11.4632,20.038,81.232,0.3,0.3125,61.194,0.3065,8.2115
11.4951,19.985,81.063,0.3,0.3125,61.077,0.2198,9.8243
11.5282,19.975,80.887,0.3,0.3125,60.912,0.2603,2.5696
11.5592,19.979,80.724,0.3,0.3125,60.745,0.3712,3.6537
11.5911,19.967,80.555,0.3,0.3125,60.588,0.3676,6.3188
11.6224,20.006,80.389,0.3,0.3125,60.383,0.1886,7.1225
11.6549,19.99,80.218,0.3,0.3125,60.227,0.1886,9.2298
11.6881,20.048,80.043,0.3,0.3125,59.995,0.1801,1.6263
11.7186,19.95,79.882,0.3,0.3125,59.933,0.1892,3.0482
11.7505,20.012,79.715,0.3,0.3125,59.702,0.1818,4.9968
11.7824,20.069,79.548,0.3,0.3125,59.479,0.1832,7.1434
11.8157,19.959,79.373,0.3,0.3125,59.414,0.1964,10.2203
11.8474,19.982,79.208,0.3,0.3125,59.226,0.1796,1.6996
11.8787,19.976,79.045,0.3,0.3125,59.068,0.1978,3.2392
11.9111,20.027,78.877,0.3,0.3125,58.85,0.4087,5.6652
11.9432,19.97,78.71,0.3,0.3125,58.74,0.3413,7.6133
11.9757,19.999,78.541,0.3,0.3125,58.542,0.3745,10.1463
12.0063,19.981,78.382,0.3,0.3125,58.401,0.1749,1.496
12.0387,20.016,78.214,0.3,0.3125,58.199,0.1895,3.8394
12.0704,20.028,78.05,0.3,0.3125,58.022,0.1813,5.2855
12.1043,19.996,77.875,0.3,0.3125,57.88,0.1883,9.01
12.1348,19.991,77.718,0.3,0.3125,57.727,0.3041,9.3761
12.1675,19.954,77.55,0.3,0.3125,57.596,0.2626,2.2201
12.199,20.052,77.389,0.3,0.3125,57.337,0.2848,3.836
12.2316,20.075,77.221,0.3,0.3125,57.147,0.3053,6.152
12.2634,19.965,77.058,0.3,0.3125,57.094,0.2942,7.9246
12.2954,19.923,76.895,0.3,0.3125,56.972,0.309,10.4127
12.3279,19.925,76.728,0.3,0.3125,56.804,0.3097,2.4966
12.3593,20.041,76.569,0.3,0.3125,56.527,0.3272,4.1289
12.3911,19.998,76.406,0.3,0.3125,56.408,0.3231,5.7239
12.4224,19.985,76.247,0.3,0.3125,56.262,0.1772,6.6594
12.4547,20.0,76.082,0.3,0.3125,56.083,0.1776,9.5609
12.4871,19.97,75.918,0.3,0.3125,55.947,0.1727,1.6006
12.5191,20.001,75.756,0.3,0.3125,55.755,0.1771,4.1843
12.5507,20.012,75.596,0.3,0.3125,55.584,0.2679,5.6756
12.5829,20.011,75.433,0.3,0.3125,55.423,0.2861,7.6941
12.6153,20.029,75.27,0.3,0.3125,55.241,0.3126,10.2714
12.6477,20.023,75.106,0.3,0.3125,55.083,0.2837,2.4896
12.6789,20.052,74.949,0.3,0.3125,54.898,0.2931,3.6192
12.7111,19.966,74.788,0.3,0.3125,54.821,0.3347,6.2448
12.7436,19.995,74.625,0.3,0.3125,54.63,0.3793,8.2972
12.7755,20.046,74.464,0.3,0.3125,54.419,0.3409,10.686
12.8068,20.027,74.307,0.3,0.3125,54.28,0.1832,1.5304
12.8384,19.969,74.149,0.3,0.3125,54.18,0.1797,2.927
12.8711,19.965,73.985,0.3,0.3125,54.021,0.1831,5.9904
12.9027,20.034,73.828,0.3,0.3125,53.794,0.1801,7.0239
12.9349,19.973,73.667,0.3,0.3125,53.695,0.1834,9.5385
12.9668,19.971,73.508,0.3,0.3125,53.538,0.179,1.679
12.9986,19.998,73.35,0.3,0.3125,53.352,0.1781,2.9366
13.0307,19.984,73.19,0.3,0.3125,53.206,0.1814,5.3396
13.0631,20.046,73.03,0.3,0.3125,52.984,0.1971,7.7969
13.095,20.014,72.872,0.3,0.3125,52.858,0.2132,9.6891
13.1284,20.052,72.708,0.3,0.3125,52.655,0.3843,3.0569
13.1594,19.938,72.554,0.3,0.3125,52.616,0.3419,4.6918
13.1916,20.016,72.396,0.3,0.3125,52.38,0.5201,6.2171
13.2231,20.042,72.239,0.3,0.3125,52.197,0.1837,7.2623
13.2546,19.962,72.084,0.3,0.3125,52.122,0.1879,9.46
13.2871,19.999,71.923,0.3,0.3125,51.925,0.1737,1.5072
13.3184,20.013,71.769,0.3,0.3125,51.756,0.1836,2.7264
13.3511,20.01,71.609,0.3,0.3125,51.599,0.2734,5.8104
13.3828,19.997,71.454,0.3,0.3125,51.457,0.3019,7.3546
13.4155,20.011,71.294,0.3,0.3125,51.283,0.3084,9.9358
13.4476,20.005,71.136,0.3,0.3125,51.131,0.2783,2.3155
13.4796,19.976,70.98,0.3,0.3125,51.004,0.3873,4.1569
13.511,20.074,70.826,0.3,0.3125,50.752,0.2812,6.0742
13.5435,19.991,70.667,0.3,0.3125,50.676,0.3497,8.1958
13.5762,19.977,70.509,0.3,0.3125,50.532,0.6384,10.7796
13.6064,19.978,70.36,0.3,0.3125,50.382,0.2188,1.5438
13.6392,20.022,70.2,0.3,0.3125,50.178,0.1771,3.8306
13.6705,20.046,70.048,0.3,0.3125,50.002,0.1819,4.97
13.703,19.981,69.89,0.3,0.3125,49.909,0.1799,8.1811
13.7344,20.003,69.737,0.3,0.3125,49.734,0.1807,9.1937
13.7671,19.989,69.579,0.3,0.3125,49.589,0.1736,1.5665
13.7991,20.031,69.423,0.3,0.3125,49.393,0.1787,4.1978
13.8311,19.985,69.269,0.3,0.3125,49.284,0.1974,5.6534
13.8626,19.984,69.116,0.3,0.3125,49.132,0.1977,7.7231
13.8953,20.029,68.958,0.3,0.3125,48.93,0.2368,10.0122
13.9284,19.974,68.653,0.3,0.3125,48.679,0.8633,3.2222
13.9588,20.005,68.504,0.3,0.3125,48.499,0.4764,4.0794
13.9914,19.981,68.347,0.3,0.3125,48.365,0.4239,6.5294
14.0225,19.978,68.196,0.3,0.3125,48.218,0.1917,6.6618
14.0549,19.997,68.04,0.3,0.3125,48.043,0.1938,9.7364
14.0871,19.999,67.885,0.3,0.3125,47.887,0.1826,1.5462
14.1192,20.005,67.731,0.3,0.3125,47.726,0.192,3.6685
14.1506,19.952,67.581,0.3,0.3125,47.629,0.2725,5.6613
14.1833,20.016,67.424,0.3,0.3125,47.408,0.2721,7.6821
14.2151,20.029,67.272,0.3,0.3125,47.243,0.3184,9.5867
14.2473,20.015,67.117,0.3,0.3125,47.103,0.2854,2.3296
14.2791,19.955,66.966,0.3,0.3125,47.011,0.4292,3.4477
14.3113,19.989,66.812,0.3,0.3125,46.823,0.3732,5.7034
14.3434,20.04,66.658,0.3006,0.3125,46.618,0.323,7.8944
14.3749,19.957,66.508,0.3001,0.3125,46.551,0.3892,9.3626
14.4072,20.031,66.353,0.3019,0.3125,46.322,0.1678,1.5501
14.4389,19.971,66.202,0.3017,0.3125,46.232,0.1711,3.8286
14.4707,19.992,66.05,0.3027,0.3125,46.059,0.1775,5.6559
14.5032,20.01,65.896,0.3037,0.3125,45.885,0.1774,7.5938
14.5355,20.083,65.742,0.3055,0.3125,45.659,0.1967,9.6153
14.5678,20.048,65.588,0.3057,0.3125,45.54,0.1853,1.9912
14.5988,19.95,65.442,0.3049,0.3125,45.491,0.2727,3.7558
14.6308,19.978,65.29,0.306,0.3125,45.311,0.2767,5.3095
14.6635,19.961,65.135,0.3065,0.3125,45.174,0.2933,8.0423
14.6956,19.958,64.983,0.3071,0.3125,45.025,0.2935,10.2085
14.7285,19.96,64.827,0.3079,0.3125,44.867,0.3276,3.1335
14.7591,19.959,64.682,0.3086,0.3125,44.723,0.3205,4.293
14.7909,19.998,64.532,0.3099,0.3125,44.534,0.375,5.3381
14.8224,19.938,64.382,0.3097,0.3125,44.443,0.1722,6.9422
14.855,19.975,64.228,0.311,0.3125,44.253,0.1779,10.0488
14.8865,19.996,64.079,0.312,0.3125,44.083,0.1698,1.6397
14.9187,20.041,63.927,0.3135,0.3125,43.886,0.1684,3.8105
14.9512,20.011,63.774,0.3138,0.3125,43.762,0.1728,6.1681
14.9824,19.989,63.626,0.3142,0.3125,43.637,0.1767,6.7405
15.0151,19.979,63.473,0.3148,0.3125,43.494,0.1779,6.4857
15.047,19.952,63.322,0.3151,0.3125,43.37,0.1723,1.8218
15.0784,20.0,63.174,0.3166,0.3125,43.175,0.1917,3.2672
15.1109,20.031,63.022,0.3178,0.3125,42.991,0.3295,6.1291
15.1433,19.914,62.87,0.3168,0.3125,42.956,0.3259,7.7772
15.1757,20.027,62.718,0.3193,0.3125,42.691,0.3631,10.3093
15.207,19.968,62.57,0.3191,0.3125,42.602,0.2287,1.5911
15.2388,20.033,62.421,0.3209,0.3125,42.388,0.1742,3.8161
15.2707,20.022,62.271,0.3215,0.3125,42.249,0.1742,5.607
15.3026,20.018,62.122,0.3222,0.3125,42.104,0.1787,7.5389
15.3352,20.062,61.969,0.3237,0.3125,41.907,0.1812,9.5763
15.3681,19.991,61.815,0.3234,0.3125,41.824,0.2656,2.3415
15.3991,20.012,61.67,0.3245,0.3125,41.658,0.2679,4.1428
15.4311,20.008,61.52,0.3252,0.3125,41.512,0.2835,5.8005
15.4629,20.029,61.372,0.3264,0.3125,41.342,0.2914,8.1411
15.4955,20.047,61.219,0.3275,0.3125,41.172,0.2908,10.3112
15.5286,20.001,61.065,0.3275,0.3125,41.064,0.2948,3.0244
15.5589,20.046,60.923,0.329,0.3125,40.877,0.3206,3.9367
15.5919,19.971,60.77,0.3286,0.3125,40.799,0.5705,6.7105
15.6223,20.019,60.626,0.3302,0.3125,40.607,0.1716,6.9098
15.6551,20.06,60.473,0.3317,0.3125,40.413,0.1877,10.1857
15.6871,20.055,60.324,0.3325,0.3125,40.269,0.1702,1.5183
15.7186,19.971,60.177,0.3319,0.3125,40.206,0.1761,3.4337
15.7516,19.998,60.025,0.3332,0.3228,40.027,0.5796,6.2023
15.7831,20.028,59.872,0.3345,0.3228,39.844,0.275,7.6906
15.8153,19.978,59.717,0.3345,0.3228,39.739,0.2813,10.1475
15.8476,19.998,59.561,0.3358,0.3228,39.563,0.2679,2.278
15.8795,20.003,59.408,0.3367,0.3228,39.405,0.3202,3.9687
15.9112,19.985,59.255,0.3373,0.3228,39.27,0.3075,5.9873
15.9434,20.012,59.101,0.3386,0.3228,39.089,0.3232,8.327
15.9769,20.01,58.94,0.3395,0.3228,38.929,0.3721,11.4351
16.0072,20.038,58.793,0.3408,0.3228,38.755,0.1728,1.5708
16.0387,19.928,58.642,0.3398,0.3228,38.714,0.1808,2.9979
16.071,19.962,58.487,0.3413,0.3228,38.525,0.1855,5.1065
16.1034,20.009,58.332,0.343,0.3329,38.324,0.5282,8.5454
16.1347,19.971,58.176,0.3433,0.3329,38.204,0.179,9.1148
16.1671,19.989,58.015,0.3445,0.3329,38.027,0.1695,1.6889
16.1983,20.007,57.861,0.3458,0.3329,37.854,0.1713,2.9351
16.2309,20.036,57.699,0.3472,0.3329,37.664,0.1739,5.3066
16.2627,19.954,57.542,0.3468,0.3329,37.588,0.2113,7.0895
16.2949,20.002,57.383,0.3486,0.3329,37.381,0.3043,9.6117
16.3279,19.986,57.219,0.3493,0.3329,37.233,0.2743,2.5236
16.3593,19.987,57.064,0.3502,0.3329,37.078,0.3683,3.8888
16.3915,20.011,56.906,0.3517,0.3329,36.895,0.4655,6.144
16.4235,20.039,56.748,0.3531,0.343,36.708,0.5545,7.8235
16.4551,19.995,56.103,0.3564,0.343,36.108,0.6058,9.9623
16.4865,19.949,55.942,0.3566,0.343,35.993,0.17,1.5255
16.5192,20.021,55.775,0.359,0.343,35.754,0.1805,3.8947
16.5513,20.062,55.612,0.3607,0.343,35.55,0.274,5.3854
16.5831,19.94,55.45,0.3596,0.343,35.51,0.2723,7.7764
16.6149,19.954,55.288,0.3609,0.343,35.335,0.3004,10.186
16.6478,19.975,55.121,0.3624,0.343,35.146,0.2875,2.4712
16.6791,20.068,54.965,0.3651,0.3541,34.897,0.7563,3.5932
16.7124,19.982,54.79,0.3647,0.3541,34.808,0.7017,6.9736
16.7433,19.991,54.626,0.366,0.3541,34.636,0.317,8.4117
16.7758,20.082,54.456,0.3688,0.3541,34.374,0.3658,9.9715
16.8071,20.059,54.292,0.3695,0.3541,34.233,0.2772,1.6842
16.8389,19.967,54.126,0.3689,0.3541,34.159,0.172,3.8631
16.8712,19.968,53.957,0.3701,0.3541,33.99,0.1787,5.6338
16.9032,19.942,53.791,0.3707,0.3541,33.849,0.1785,7.7847
16.9352,19.969,53.626,0.3724,0.3541,33.657,0.338,9.9295
16.9683,20.029,53.457,0.3747,0.3644,33.428,0.6928,2.6539
16.999,20.022,53.291,0.3757,0.3644,33.269,0.2806,3.7493
17.0313,19.981,53.12,0.3762,0.3644,33.139,0.2839,5.5383
17.0626,20.012,52.955,0.3779,0.3644,32.943,0.2917,6.9834
17.0957,20.036,52.78,0.3796,0.3644,32.744,0.3059,10.2867
17.1285,20.01,52.608,0.3804,0.3644,32.599,0.3272,3.0657
17.159,19.971,52.448,0.3808,0.3644,32.477,0.3183,4.0213
17.1919,19.966,52.278,0.3819,0.3644,32.312,0.5944,6.7327
17.2226,20.053,52.118,0.3848,0.3746,32.065,0.4731,7.2652
17.2552,19.974,51.942,0.3846,0.3746,31.968,0.1787,10.0301
17.2864,20.026,51.777,0.3868,0.3746,31.751,0.1669,1.4997
17.3183,19.938,51.608,0.3863,0.3746,31.671,0.1694,2.9488
17.3511,19.954,51.436,0.3879,0.3746,31.481,0.1814,5.39
17.3828,19.979,51.27,0.3897,0.3746,31.291,0.1796,7.2553
17.4146,19.997,51.104,0.3913,0.3746,31.107,0.1943,9.4736
17.4477,20.064,50.932,0.3939,0.3746,30.868,0.1863,1.9826
17.4783,19.981,50.774,0.3935,0.3746,30.794,0.1954,2.5326
17.5156,20.019,50.607,0.3956,0.3851,30.588,4.8194,10.17
17.5435,20.044,50.438,0.3974,0.3851,30.394,0.3156,8.4443
17.5757,19.988,50.27,0.3976,0.3851,30.282,0.3646,9.9296
17.6063,19.988,50.112,0.3989,0.3851,30.124,0.1707,1.5019
17.6388,19.988,49.945,0.4002,0.3851,29.957,0.1739,3.6937
17.6704,20.058,49.786,0.4029,0.3851,29.728,0.1764,4.5865
17.7028,19.989,49.624,0.4028,0.3851,29.635,0.1774,7.5544
17.7352,20.021,49.464,0.4048,0.3851,29.443,0.1792,9.6803
17.7687,19.993,49.304,0.4055,0.3953,29.311,0.7102,2.8434
17.7993,20.005,49.151,0.407,0.3953,29.146,0.2784,4.2747
17.8315,20.03,48.995,0.4088,0.3953,28.966,0.287,6.1802
17.8626,19.981,48.847,0.409,0.3953,28.866,0.2989,7.3275
17.8955,19.954,48.692,0.4098,0.3953,28.739,0.2927,10.1994
17.9285,19.969,48.54,0.4114,0.3953,28.571,0.3424,3.0687
17.9593,19.989,48.4,0.413,0.3953,28.411,0.348,3.7892
17.991,20.027,48.259,0.415,0.3953,28.232,0.3693,6.1946
18.0224,19.943,48.121,0.4144,0.3953,28.179,0.1813,7.1053
18.0556,20.018,47.982,0.4172,0.4062,27.963,0.4884,10.5413
18.0863,19.984,47.85,0.4176,0.4062,27.866,0.17,1.5453
18.1186,20.052,47.716,0.4202,0.4062,27.664,0.1795,3.3136
18.1507,19.973,47.585,0.4197,0.4062,27.613,0.1744,5.9726
18.1828,19.996,47.458,0.4214,0.4062,27.461,0.1733,7.2323
18.2145,20.009,47.333,0.4227,0.4062,27.324,0.1801,9.7152
18.2468,19.98,47.208,0.4232,0.4062,27.228,0.1729,1.8548
18.2791,20.017,47.087,0.4251,0.4062,27.07,0.2118,3.4607
18.3107,19.996,46.97,0.4257,0.4062,26.974,0.3046,5.0754
18.344,20.005,46.852,0.427,0.4166,26.846,0.954,8.3515
18.376,20.023,46.733,0.4285,0.4166,26.71,0.4227,10.1246
18.4074,20.009,46.621,0.4292,0.4166,26.612,0.4152,1.9114
18.4392,20.013,46.509,0.4303,0.4166,26.496,0.1703,3.8058
18.4713,19.929,46.399,0.4295,0.4166,26.47,0.1772,6.3871
18.5027,20.008,46.294,0.4322,0.4166,26.286,0.175,7.5813
18.5354,20.035,46.187,0.4338,0.4166,26.151,0.1918,9.8267
18.5677,20.031,46.083,0.4347,0.4166,26.052,0.17,1.8242
18.5987,19.993,45.985,0.4348,0.4166,25.992,0.2793,2.834
18.6307,20.0,45.887,0.4358,0.4166,25.887,0.2753,5.2369
18.664,20.052,45.789,0.4379,0.4273,25.737,1.0864,8.955
18.6956,19.992,45.69,0.4375,0.4273,25.699,0.3202,10.1091
18.7275,20.024,45.595,0.4392,0.4273,25.572,0.2824,2.4393
18.7594,19.995,45.503,0.4394,0.4273,25.508,0.3522,4.6191
18.7908,19.997,45.413,0.4403,0.4273,25.416,0.349,6.0385
18.8224,20.007,45.324,0.4414,0.4273,25.317,0.1814,6.9963
18.8549,19.949,45.235,0.441,0.4273,25.286,0.1776,9.1339
18.8868,20.045,45.15,0.444,0.4273,25.105,0.1733,1.5963
18.9187,20.007,45.066,0.4439,0.4273,25.059,0.1762,3.1509
18.9507,20.009,44.983,0.4448,0.4273,24.974,0.1758,4.9898
18.9868,20.01,44.879,0.4459,0.4273,24.869,3.7611,10.869
19.0145,19.912,44.802,0.4444,0.4273,24.89,0.1835,9.3856
19.0466,19.987,44.724,0.4469,0.4273,24.737,0.1733,1.7736
19.0796,20.008,44.647,0.4481,0.4377,24.639,0.8111,4.0907
19.1111,20.051,44.57,0.4499,0.4377,24.52,0.2989,6.1954
19.1436,19.959,44.494,0.4486,0.4377,24.535,0.356,8.8023
19.1756,19.973,44.42,0.4496,0.4377,24.448,0.3407,9.7417
19.2066,19.992,44.35,0.4508,0.4377,24.358,0.1894,1.6021
19.2389,19.994,44.277,0.4516,0.4377,24.283,0.1757,3.8546
19.2709,20.02,44.195,0.453,0.4377,24.175,0.1807,5.4171
19.3027,19.985,44.095,0.4532,0.4377,24.111,0.162,7.6341
19.3352,19.984,43.977,0.4544,0.4377,23.993,0.2902,9.8697
19.3672,19.947,43.843,0.455,0.4377,23.896,0.1723,1.6335
19.3999,20.021,43.694,0.4582,0.448,23.673,0.7995,4.7194
19.4311,20.054,43.575,0.4602,0.448,23.521,0.2852,5.6769
19.4635,19.988,43.514,0.4594,0.448,23.526,0.3536,8.0911
19.4951,20.003,43.464,0.4602,0.448,23.461,0.1912,9.8059
19.5282,19.942,43.417,0.4593,0.448,23.475,0.6149,3.1877
19.5598,20.04,43.374,0.462,0.448,23.334,0.3675,4.8451
19.5912,20.012,43.333,0.4618,0.448,23.321,0.3408,5.5838
19.6227,20.001,43.293,0.462,0.448,23.292,0.1617,7.6705
19.655,20.031,43.253,0.4631,0.448,23.222,0.197,9.8113
19.6865,20.035,43.214,0.4636,0.448,23.179,0.1539,1.4937
19.7189,20.033,43.174,0.464,0.448,23.141,0.176,3.7514
19.7509,19.993,43.135,0.4635,0.448,23.143,0.2596,5.6557
19.783,20.033,43.096,0.4648,0.448,23.063,0.2392,7.3066
19.8148,20.038,43.057,0.4654,0.448,23.02,0.296,9.5785
19.8467,20.034,43.018,0.4657,0.448,22.984,0.1538,1.6644
19.8788,20.041,42.978,0.4663,0.448,22.937,0.4108,3.1927
19.9113,19.992,42.937,0.4656,0.448,22.945,0.2769,5.9485
19.9435,20.028,42.897,0.4669,0.448,22.869,0.2973,8.3844
19.9751,20.027,42.857,0.4673,0.448,22.831,0.4842,9.6641
20.0073,20.028,42.817,0.4678,0.448,22.789,0.371,1.8218
20.0392,19.965,42.776,0.4667,0.448,22.811,0.1771,3.9191
20.071,19.984,42.736,0.4676,0.448,22.752,0.1576,5.9201
20.1034,20.041,42.695,0.4694,0.4587,22.654,0.4596,8.5198
20.1348,19.99,42.654,0.4687,0.4587,22.664,0.1664,9.3554
20.1669,19.996,42.613,0.4693,0.4587,22.617,0.1565,1.631
20.1988,19.992,42.571,0.4696,0.4587,22.579,0.1728,3.0687
20.2306,19.996,42.53,0.4702,0.4587,22.534,0.1614,5.3419
20.2627,20.0,42.489,0.4707,0.4587,22.489,0.1916,7.4261
20.2953,19.987,42.447,0.4709,0.4587,22.46,0.1967,9.5955
20.3286,20.076,42.404,0.4734,0.4587,22.328,0.3847,3.1228
20.3592,19.96,42.365,0.4711,0.4587,22.405,0.3453,3.6216
20.3913,19.975,42.324,0.4719,0.4587,22.35,0.6054,6.1625
20.423,20.007,42.283,0.4732,0.4587,22.276,0.186,7.5773
20.455,19.941,42.243,0.4721,0.4587,22.302,0.1638,9.6928
20.4863,19.976,42.204,0.4733,0.4587,22.228,0.165,1.4636
20.5215,19.983,42.16,0.474,0.4587,22.178,0.1515,0.7049
20.5508,20.043,42.125,0.4758,0.4587,22.082,0.2602,5.4289
20.5828,19.948,42.086,0.474,0.4587,22.137,0.1704,7.1284
20.6147,19.967,42.047,0.4749,0.4587,22.081,0.2653,9.4708
20.6466,19.99,42.009,0.4758,0.4587,22.019,0.2604,1.3041
20.679,20.028,41.971,0.4772,0.4587,21.943,0.2751,3.5764
20.7118,20.047,41.933,0.4781,0.4587,21.886,0.3765,6.5932
20.7432,20.034,41.897,0.4782,0.4587,21.863,0.4044,8.4969
20.7756,19.984,41.861,0.4774,0.4587,21.877,0.4385,10.0263
20.8067,19.977,41.826,0.4776,0.4587,21.849,0.1681,1.9101
20.8387,20.009,41.791,0.4788,0.4687,21.782,0.423,3.1602
20.8712,20.077,41.755,0.4808,0.4687,21.678,0.1604,6.1906
20.9027,19.988,41.721,0.4791,0.4687,21.733,0.1787,7.2081
20.9351,20.012,41.686,0.4801,0.4687,21.674,0.1628,9.3308
20.9675,19.973,41.652,0.4795,0.4687,21.679,0.2454,2.4032
20.999,20.066,41.62,0.4821,0.4687,21.554,0.3113,3.4431
21.0314,19.974,41.587,0.4803,0.4687,21.613,0.2914,5.6493
21.0632,19.996,41.555,0.4812,0.4687,21.559,0.2702,8.2914
21.0957,20.065,41.524,0.4832,0.4687,21.459,0.342,10.4127
21.1273,20.009,41.493,0.4822,0.4687,21.484,0.3281,1.6405
21.1593,19.989,41.463,0.4821,0.4687,21.474,0.3736,4.5832
21.1915,20.042,41.434,0.4837,0.4687,21.392,0.3152,6.3015
21.2233,20.005,41.405,0.4832,0.4687,21.4,0.1614,7.8825
21.255,19.987,41.377,0.4831,0.4687,21.389,0.1605,9.1353
21.2863,19.969,41.349,0.4829,0.4687,21.381,0.1679,0.8235
21.3188,20.021,41.322,0.4845,0.4687,21.301,0.1544,3.8674
21.351,19.933,41.295,0.4827,0.4687,21.362,0.1542,6.0052
21.3826,20.012,41.269,0.4849,0.4687,21.257,0.181,7.4076
21.4154,20.025,41.243,0.4855,0.4687,21.217,0.1747,9.9864
21.4473,20.053,41.218,0.4865,0.4687,21.164,0.1686,2.0969
21.4789,19.951,41.193,0.4843,0.4687,21.243,0.2133,2.9082
21.5147,19.965,41.09,0.4859,0.4687,21.125,4.0512,9.2089
21.5437,20.053,41.068,0.4883,0.4687,21.015,0.3736,8.7145
21.5764,19.968,41.046,0.4865,0.4687,21.078,0.3354,11.4005
21.6064,20.004,41.026,0.4876,0.4687,21.022,0.172,1.347
21.6391,19.975,41.005,0.4871,0.4687,21.03,0.1636,3.7375
21.6723,19.986,40.984,0.4877,0.4687,20.998,0.1791,6.3765
21.7027,19.986,40.965,0.4879,0.4687,20.979,0.1626,7.4104
21.7346,19.978,40.946,0.4879,0.4687,20.968,0.2681,6.1513
21.7682,20.028,40.927,0.4894,0.4791,20.898,0.8415,2.2762
21.7994,19.984,40.908,0.4885,0.4791,20.923,0.2625,4.3626
21.8307,19.978,40.89,0.4886,0.4791,20.912,0.2497,2.1907
21.8641,20.043,40.871,0.4904,0.4791,20.828,0.6774,8.5042
21.8952,19.976,40.853,0.489,0.4791,20.878,0.1823,9.5401
21.9293,20.025,40.835,0.4904,0.4791,20.81,0.1797,0.9882
21.9594,19.987,40.819,0.4896,0.4791,20.832,0.3116,3.797
21.9916,20.083,40.803,0.4922,0.4791,20.72,0.5049,6.0601
22.0233,19.981,40.786,0.4899,0.4791,20.805,0.3813,8.3869
22.0547,19.989,40.771,0.4903,0.4791,20.781,0.1631,9.3664
22.0868,20.011,40.755,0.491,0.4791,20.745,0.1631,1.3429
22.1192,20.039,40.74,0.4919,0.4791,20.701,0.1756,3.2901
22.1535,20.008,40.724,0.4913,0.4791,20.716,0.1705,7.8199
22.1846,20.007,40.709,0.4915,0.4791,20.702,0.2643,8.9695
22.2155,19.997,40.695,0.4914,0.4791,20.698,0.3007,10.4271
22.2474,19.957,40.68,0.4906,0.4791,20.723,0.2502,2.2876
22.2789,19.986,40.665,0.4915,0.4791,20.68,0.2558,3.3828
22.3111,20.041,40.651,0.493,0.4791,20.609,0.299,6.2305
22.343,19.947,40.636,0.4909,0.4791,20.689,0.3464,7.5491
22.3754,19.99,40.621,0.4921,0.4791,20.63,0.4357,9.8398
22.407,19.962,40.606,0.4916,0.4791,20.644,0.1652,1.8425
22.4384,20.014,40.591,0.4931,0.4791,20.577,0.1498,2.9135
22.471,19.981,40.576,0.4924,0.4791,20.595,0.1548,5.9459
22.5027,19.979,40.561,0.4926,0.4791,20.583,0.1708,7.0349
22.5354,20.036,40.546,0.4942,0.4791,20.51,0.1702,9.3948
22.5669,19.982,40.532,0.493,0.4791,20.549,0.1553,1.9697
22.5987,20.007,40.517,0.4938,0.4791,20.51,0.155,3.0278
22.6305,19.99,40.502,0.4936,0.4791,20.512,0.1815,4.4539
22.6632,20.024,40.487,0.4946,0.4791,20.463,0.1778,8.0003
22.6948,20.002,40.472,0.4942,0.4791,20.47,0.181,9.9598
22.7269,19.96,40.457,0.4934,0.4791,20.497,0.3062,1.565
22.7593,20.029,40.442,0.4952,0.4791,20.413,0.3357,4.5717
22.7919,19.957,40.427,0.4936,0.4791,20.47,0.409,6.5967
22.8232,20.065,40.412,0.4965,0.4791,20.348,0.1863,7.2361
22.8545,20.069,40.398,0.4968,0.4791,20.329,0.1557,9.1281
22.8865,20.029,40.383,0.496,0.4791,20.354,0.1486,1.8109
22.9189,19.998,40.368,0.4954,0.4791,20.37,0.1532,3.0246
22.9512,19.983,40.353,0.4952,0.4791,20.37,0.2677,5.4057
22.9825,20.066,40.339,0.4974,0.4791,20.273,0.1559,6.5261
23.0153,20.02,40.323,0.4965,0.4791,20.304,0.2781,10.2931
23.0469,20.03,40.309,0.4969,0.4791,20.279,0.2365,1.2488
23.0793,19.98,40.294,0.4959,0.4791,20.313,0.2695,3.6707
23.1113,19.996,40.279,0.4964,0.4791,20.283,0.3736,6.5417
23.1432,20.017,40.264,0.4972,0.4791,20.247,0.3434,8.4178
23.1754,20.029,40.249,0.4976,0.4791,20.22,0.3556,9.8942
23.2065,20.014,40.235,0.4974,0.4791,20.221,0.167,1.8135
23.2384,19.943,40.22,0.4958,0.4791,20.277,0.1545,2.8214
23.2708,19.982,40.205,0.497,0.4791,20.223,0.149,5.8815
23.3033,19.975,40.19,0.497,0.4791,20.215,0.1519,7.9294
23.3347,19.967,40.175,0.497,0.4791,20.208,0.1549,9.2732
23.3672,19.994,40.16,0.4979,0.4791,20.166,0.168,1.9401
23.3989,19.977,40.146,0.4976,0.4791,20.169,0.1524,3.9657
23.4309,20.013,40.131,0.4987,0.4791,20.118,0.1611,5.3767
23.4631,19.941,40.116,0.4971,0.4791,20.175,0.178,7.8964
23.4954,19.975,40.102,0.4981,0.4791,20.127,0.2242,10.0032
23.5279,19.992,40.088,0.4987,0.4791,20.095,0.3502,2.8126
23.5604,20.009,40.074,0.4993,0.4892,20.065,1.2126,5.2906
23.5913,20.006,40.06,0.4994,0.4892,20.053,0.3577,6.3381
23.6228,19.978,40.046,0.4989,0.4892,20.068,0.1557,7.0864
23.6544,20.002,40.033,0.4996,0.4892,20.03,0.1548,9.0914
23.6866,19.933,40.019,0.4981,0.4892,20.086,0.1432,1.7922
23.7188,19.999,40.006,0.4999,0.4892,20.007,0.1478,3.0329
23.7507,19.986,39.994,0.4997,0.4892,20.007,0.228,5.2581
23.7832,19.991,39.981,0.5,0.4892,19.99,0.2378,7.5918
23.815,20.013,39.969,0.5007,0.4892,19.956,0.2923,10.1848
23.8469,20.029,39.957,0.5013,0.4892,19.928,0.2586,1.2945
23.8796,20.013,39.946,0.501,0.4892,19.933,0.3212,3.9168
23.9114,19.997,39.934,0.5007,0.4892,19.938,0.3114,6.2721
23.9432,19.986,39.924,0.5006,0.4892,19.938,0.3128,8.4832
23.9752,20.048,39.913,0.5023,0.4892,19.865,0.4197,9.7319
24.0066,19.988,39.903,0.5009,0.4892,19.915,0.1558,1.7775
24.039,20.004,39.88,0.5016,0.4892,19.876,0.6294,3.4707
24.0706,20.007,39.871,0.5018,0.4892,19.864,0.169,5.8918
24.1026,20.039,39.862,0.5027,0.4892,19.823,0.1541,7.0225
24.1349,20.031,39.853,0.5026,0.4892,19.822,0.1497,10.0228
24.1668,20.019,39.844,0.5024,0.4892,19.825,0.1474,1.8526
24.1989,20.054,39.836,0.5034,0.4892,19.782,0.1503,3.9461
24.2308,19.97,39.827,0.5014,0.4892,19.858,0.1539,5.2481
24.2629,19.989,39.819,0.502,0.4892,19.83,0.16,6.8876
24.2953,20.041,39.812,0.5034,0.4892,19.77,0.2827,10.2486
24.3268,20.078,39.804,0.5044,0.4892,19.726,0.2696,1.4635
24.359,19.957,39.797,0.5015,0.4892,19.839,0.4149,3.4932
24.392,19.978,39.789,0.5021,0.4892,19.811,0.4446,6.8722
24.4233,20.033,39.782,0.5036,0.4892,19.749,0.1836,8.227
24.4546,20.0,39.775,0.5028,0.4892,19.775,0.1543,9.2089
24.487,20.018,39.769,0.5034,0.4892,19.75,0.1479,1.8196
24.5188,19.98,39.762,0.5025,0.4892,19.782,0.1515,3.184
24.551,20.009,39.756,0.5033,0.4892,19.747,0.2383,5.3721
24.5834,20.035,39.75,0.504,0.4892,19.715,0.2677,7.6628
24.6152,20.026,39.744,0.5039,0.4892,19.718,0.2915,10.3629
24.6478,20.045,39.738,0.5044,0.4892,19.694,0.2464,2.7384
24.6794,19.952,39.733,0.5021,0.4892,19.781,0.2659,3.7916
24.7113,19.975,39.727,0.5028,0.4892,19.753,0.3231,6.4891
24.7433,19.995,39.722,0.5034,0.4892,19.727,0.3384,8.4214
24.7751,19.938,39.717,0.502,0.4892,19.779,0.4173,9.5164
24.8071,19.976,39.712,0.503,0.4892,19.736,0.1817,1.8997
24.8384,20.005,39.708,0.5038,0.4892,19.702,0.1475,2.8291
24.8712,20.047,39.703,0.5049,0.4892,19.656,0.1588,5.9284
24.903,19.94,39.699,0.5023,0.4892,19.759,0.1664,8.0401
24.9345,19.982,39.695,0.5034,0.4892,19.713,0.1732,8.517
24.9669,20.025,39.691,0.5045,0.4892,19.665,0.1522,1.9521
24.9985,20.045,39.687,0.5051,0.4892,19.642,0.1516,2.9812
25.0313,19.978,39.683,0.5034,0.4892,19.705,0.1656,5.3478
25.0632,20.011,39.679,0.5043,0.4892,19.668,0.1797,7.9866
25.0953,20.018,39.676,0.5045,0.4892,19.658,0.1982,7.2577
25.1272,19.97,39.672,0.5034,0.4892,19.702,0.3167,1.6527
25.1596,20.008,39.669,0.5044,0.4892,19.661,0.3409,4.3303
25.1918,20.025,39.666,0.5048,0.4892,19.641,0.3549,6.8016
25.2226,20.011,39.663,0.5045,0.4892,19.652,0.1533,6.9196
25.2548,19.959,39.66,0.5033,0.4892,19.7,0.1547,9.1321
25.2866,19.994,39.657,0.5042,0.4892,19.663,0.1476,1.7878
25.319,20.047,39.654,0.5056,0.4892,19.607,0.1492,4.116
25.3508,19.972,39.652,0.5037,0.4892,19.68,0.2339,5.2507
25.3833,20.029,39.649,0.5052,0.4892,19.62,0.2388,7.4503
25.4154,20.066,39.647,0.5061,0.4892,19.581,0.2883,10.312
25.4465,19.972,39.645,0.5038,0.4892,19.672,0.239,1.1603
25.4792,20.023,39.642,0.5051,0.4892,19.619,0.2556,3.5158
25.5113,20.013,39.64,0.5049,0.4892,19.628,0.2991,6.2012
25.5431,19.999,39.638,0.5045,0.4892,19.639,0.3194,7.4309
25.5754,20.016,39.636,0.505,0.4892,19.62,0.4054,9.7637
25.6067,19.992,39.635,0.5044,0.4892,19.642,0.1814,1.923
25.639,20.0,39.633,0.5046,0.4892,19.633,0.1576,3.8975
25.6709,19.956,39.631,0.5035,0.4892,19.675,0.1619,6.0095
25.7032,20.016,39.63,0.5051,0.4892,19.614,0.156,7.8981
25.7349,20.027,39.628,0.5054,0.4892,19.602,0.1622,9.3564
25.7669,20.036,39.627,0.5056,0.4892,19.591,0.157,1.8659
25.7987,19.936,39.626,0.5031,0.4892,19.69,0.1509,3.886
25.8306,19.992,39.625,0.5045,0.4892,19.632,0.156,5.1868
25.8631,19.998,39.623,0.5047,0.4892,19.626,0.1652,7.8691
25.8948,19.937,39.622,0.5032,0.4892,19.685,0.3067,9.6116
25.9278,19.989,39.621,0.5045,0.4892,19.632,0.2616,1.2884
25.9597,19.984,39.62,0.5044,0.4892,19.636,0.3189,4.3918
25.9908,20.001,39.62,0.5048,0.4892,19.618,0.1714,5.0742
26.0228,19.985,39.619,0.5044,0.4892,19.634,0.1705,7.1741
26.0545,20.004,39.618,0.5049,0.4892,19.614,0.1645,9.31
26.0865,20.04,39.618,0.5058,0.4892,19.577,0.161,0.9013
26.119,19.921,39.617,0.5028,0.4892,19.696,0.164,3.236
26.1515,19.966,39.617,0.504,0.4892,19.651,0.2512,5.536
26.1834,20.018,39.616,0.5053,0.4892,19.598,0.2562,7.704
26.2154,19.975,39.616,0.5042,0.4892,19.641,0.2596,10.1697
26.2469,20.004,39.616,0.505,0.4892,19.611,0.243,1.2846
26.2794,20.025,39.615,0.5055,0.4892,19.591,0.2666,3.7528
26.3118,20.049,39.615,0.5061,0.4892,19.567,0.2521,6.4533
26.3434,19.958,39.615,0.5038,0.4892,19.658,0.3636,8.5603
26.3753,19.98,39.615,0.5044,0.4892,19.635,0.3422,9.7282
26.4067,20.03,39.615,0.5056,0.4892,19.585,0.1737,1.9288
26.4386,20.012,39.615,0.5052,0.4892,19.603,0.1541,3.8716
26.471,20.002,39.615,0.5049,0.4892,19.614,0.1568,5.939
26.5025,20.023,39.616,0.5054,0.4892,19.592,0.1628,7.1062
26.5349,19.998,39.616,0.5048,0.4892,19.618,0.1636,9.3871
26.5673,19.963,39.616,0.5039,0.4892,19.653,0.6235,2.4433
26.5987,19.972,39.616,0.5041,0.4892,19.644,0.1548,3.8775
26.6306,20.077,39.617,0.5068,0.4892,19.54,0.1713,5.3293
26.6628,19.904,39.617,0.5024,0.4892,19.713,0.3003,7.288
26.6956,20.011,39.618,0.5051,0.4892,19.607,0.1978,9.2414
26.7275,20.0,39.618,0.5048,0.4892,19.618,0.3587,1.7018
26.7612,20.039,39.619,0.5058,0.4892,19.58,0.3641,5.9413
26.792,19.982,39.62,0.5043,0.4892,19.638,0.3412,6.911
26.823,19.971,39.62,0.5041,0.4892,19.649,0.1581,8.0569
26.8545,20.053,39.621,0.5061,0.4892,19.568,0.1563,9.1186
26.8873,19.994,39.622,0.5046,0.4892,19.628,0.1535,1.8504
26.9185,19.99,39.623,0.5045,0.4892,19.633,0.1537,3.1066
26.9508,19.998,39.624,0.5047,0.4892,19.626,0.2316,5.2468
26.9832,20.005,39.625,0.5049,0.4892,19.62,0.2393,7.4374
27.0153,20.005,39.626,0.5048,0.4892,19.621,0.2749,10.1803
27.0469,19.969,39.627,0.5039,0.4892,19.658,0.2414,1.2524
27.0791,20.019,39.628,0.5052,0.4892,19.609,0.2464,3.402
27.1111,19.94,39.629,0.5032,0.4892,19.688,0.2966,6.1917
27.143,20.012,39.63,0.505,0.4892,19.617,0.3157,7.4382
27.1754,19.999,39.631,0.5046,0.4892,19.632,0.6781,9.8755
27.2064,20.045,39.632,0.5058,0.4892,19.587,0.151,1.7932
27.2389,19.965,39.633,0.5038,0.4892,19.668,0.1566,3.9282
27.2712,19.974,39.635,0.504,0.4892,19.661,0.1549,5.8742
27.3029,20.055,39.636,0.506,0.4892,19.581,0.1575,7.9649
27.3344,19.974,39.637,0.5039,0.4892,19.664,0.1587,8.1916
27.3668,20.025,39.639,0.5052,0.4892,19.613,0.1639,1.954
27.399,20.011,39.64,0.5048,0.4892,19.63,0.164,3.9946
27.4311,19.966,39.642,0.5036,0.4892,19.676,0.1687,5.4488
27.4632,20.038,39.643,0.5055,0.4892,19.605,0.1684,7.9499
27.495,20.004,39.645,0.5046,0.4892,19.641,0.2749,9.5082
27.5273,20.064,39.646,0.5061,0.4892,19.582,0.262,1.4015
27.5591,19.967,39.648,0.5036,0.4892,19.681,0.3485,4.474
27.5913,20.03,39.649,0.5052,0.4892,19.619,0.2855,6.2981
27.6233,20.057,39.651,0.5058,0.4892,19.594,0.1905,8.2886
27.6548,19.965,39.653,0.5035,0.4892,19.688,0.1708,9.2769
27.6868,19.967,39.654,0.5035,0.4892,19.688,0.167,1.924
27.719,19.987,39.656,0.504,0.4892,19.669,0.1561,3.1877
27.7513,20.047,39.658,0.5055,0.4892,19.611,0.2563,5.4936
27.7834,19.975,39.66,0.5036,0.4892,19.685,0.2841,7.7859
27.8151,19.977,39.661,0.5037,0.4892,19.685,0.2742,10.2761
27.847,19.989,39.663,0.504,0.4892,19.674,0.2544,1.3006
27.879,20.012,39.665,0.5045,0.4892,19.653,0.2444,3.407
27.9116,20.014,39.667,0.5045,0.4892,19.653,0.3551,6.498
27.9431,19.989,39.669,0.5039,0.4892,19.679,0.3487,8.4158
27.9752,20.004,39.671,0.5042,0.4892,19.667,0.3338,10.4771
28.0065,19.95,39.673,0.5029,0.4892,19.723,0.1649,1.7852
28.0386,20.0,39.675,0.5041,0.4892,19.675,0.1448,3.7713
28.0711,20.01,39.677,0.5043,0.4892,19.667,0.1592,6.0047
28.1034,19.954,39.679,0.5029,0.4892,19.724,0.1621,8.355
28.1347,19.997,39.681,0.504,0.4892,19.683,0.1764,9.3964
28.1669,19.994,39.683,0.5038,0.4892,19.689,0.1548,1.9539
28.1986,20.034,39.685,0.5048,0.4892,19.65,0.1612,3.3206
28.2312,20.052,39.687,0.5053,0.4892,19.634,0.1592,6.1569
28.2632,19.962,39.689,0.503,0.4892,19.726,0.1805,8.0558
28.2952,20.06,39.691,0.5054,0.4892,19.631,0.2954,9.5365
28.3269,20.012,39.693,0.5042,0.4892,19.681,0.3462,1.6325
28.3599,20.005,39.695,0.504,0.4892,19.69,0.3828,4.4765
28.3916,20.031,39.697,0.5046,0.4892,19.666,0.376,6.554
28.4232,20.027,39.699,0.5045,0.4892,19.672,0.1821,8.1742
28.4548,20.0,39.701,0.5038,0.4892,19.701,0.1654,9.1836
28.4889,20.025,39.704,0.5044,0.4892,19.679,0.1552,0.7775
28.5185,20.015,39.706,0.5041,0.4892,19.691,0.1587,3.0089
28.5506,19.971,39.708,0.503,0.4892,19.737,0.2372,5.2747
28.5833,20.018,39.71,0.5041,0.4892,19.692,0.2382,7.4188
28.6152,19.991,39.712,0.5034,0.4892,19.721,0.2704,10.1746
28.6469,20.01,39.714,0.5039,0.4892,19.704,0.24,1.1668
28.6793,19.989,39.717,0.5033,0.4892,19.728,0.2499,3.4444
28.711,20.008,39.719,0.5037,0.4892,19.711,0.2966,6.2151
28.7436,20.059,39.721,0.505,0.4892,19.662,0.3028,8.3733
28.7752,19.974,39.723,0.5028,0.4892,19.75,0.3707,9.6223
28.8072,20.027,39.726,0.5041,0.4892,19.698,0.1574,1.8063
28.8389,19.973,39.728,0.5027,0.4892,19.755,0.1424,3.7405
28.8712,20.016,39.73,0.5038,0.4892,19.714,0.1547,5.8692
28.9029,19.963,39.732,0.5024,0.4892,19.77,0.1554,7.9414
28.9348,19.993,39.735,0.5032,0.4892,19.742,0.1577,9.2838
28.967,20.018,39.737,0.5038,0.4892,19.719,0.1467,1.852
28.999,19.975,39.739,0.5027,0.4892,19.764,0.1485,3.8795
29.0312,19.994,39.742,0.5031,0.4892,19.748,0.1526,6.166
29.0631,20.02,39.744,0.5037,0.4892,19.723,0.1604,7.8255
29.0955,19.957,39.746,0.5021,0.4892,19.789,0.8512,9.9207
29.1271,19.982,39.748,0.5027,0.4892,19.766,0.343,1.6287
29.1595,19.952,39.75,0.5019,0.4892,19.798,0.3688,4.6386
29.1921,20.025,39.753,0.5037,0.4892,19.728,0.367,6.8025
29.2233,19.981,39.755,0.5026,0.4892,19.774,0.1706,8.1919
29.2546,19.96,39.757,0.502,0.4892,19.797,0.1766,9.2498
29.2872,19.989,39.76,0.5028,0.4892,19.77,0.1634,1.94
29.3193,20.04,39.762,0.504,0.4892,19.722,0.1617,4.0635
29.3511,19.995,39.764,0.5028,0.4892,19.769,0.2761,5.4594
29.3833,19.991,39.766,0.5027,0.4892,19.775,0.2661,7.6872
29.4152,20.011,39.769,0.5032,0.4892,19.758,0.2832,10.2997
29.4471,19.957,39.771,0.5018,0.4892,19.814,0.2414,1.282
29.4793,20.027,39.773,0.5035,0.4892,19.746,0.2715,3.5991
29.5115,20.025,39.776,0.5034,0.4892,19.751,0.3177,6.4481
29.5429,19.954,39.778,0.5016,0.4892,19.824,0.3375,7.3737
29.5752,20.001,39.78,0.5028,0.4892,19.78,0.3898,9.6352
29.6067,19.975,39.783,0.5021,0.4892,19.807,0.1669,1.8839
29.6391,20.087,39.785,0.5049,0.4892,19.698,0.1575,3.8907
29.6713,19.964,39.787,0.5018,0.4892,19.823,0.1514,5.9457
29.703,19.973,39.79,0.502,0.4892,19.817,0.1682,7.1867
29.7351,20.049,39.792,0.5038,0.4892,19.743,0.1478,10.0666
29.7669,19.994,39.794,0.5024,0.4892,19.8,0.1493,1.8999
29.7991,20.005,39.796,0.5027,0.4892,19.791,0.1526,3.9682
29.8307,20.002,39.799,0.5026,0.4892,19.797,0.1714,5.2955
29.8626,20.031,39.801,0.5033,0.4892,19.77,0.1954,7.0752
29.8952,20.007,39.803,0.5027,0.4892,19.796,0.3262,10.405
29.9295,19.996,39.806,0.5023,0.4892,19.809,0.1663,0.9225
29.9589,20.005,39.808,0.5025,0.4892,19.803,0.3363,3.4099
29.9916,19.979,39.81,0.5018,0.4892,19.831,0.4153,6.5059
30.0225,20.023,39.812,0.5029,0.4892,19.789,0.1569,7.2144
30.055,20.053,39.815,0.5036,0.4892,19.762,0.1548,10.083
30.0863,20.019,39.817,0.5028,0.4892,19.798,0.1487,0.7151
30.1185,19.965,39.819,0.5014,0.4892,19.854,0.1541,3.1682
30.1506,19.991,39.821,0.502,0.4892,19.83,0.2281,5.2971
30.1834,20.046,39.824,0.5034,0.4892,19.778,0.2315,7.4401
30.2151,19.952,39.826,0.501,0.4892,19.874,0.2598,10.1396
30.247,19.996,39.828,0.5021,0.4892,19.832,0.2399,1.203
30.2793,19.978,39.83,0.5016,0.4892,19.853,0.2518,3.4985
30.3109,19.989,39.833,0.5018,0.4892,19.844,0.3044,5.3257
30.3436,20.016,39.835,0.5025,0.4892,19.818,0.334,8.4299
30.3764,20.03,39.837,0.5028,0.4892,19.807,0.4623,11.0799
30.4069,20.043,39.839,0.5031,0.4892,19.796,0.1739,1.9425
30.4385,19.995,39.841,0.5019,0.4892,19.846,0.1614,2.9327
30.4705,20.019,39.843,0.5024,0.4892,19.824,0.1715,5.0203
30.5025,20.0,39.846,0.5019,0.4892,19.846,0.1669,7.0253
30.5349,19.972,39.848,0.5012,0.4892,19.876,0.1644,8.2353
30.5665,19.983,39.85,0.5014,0.4892,19.867,0.1562,0.827
30.5987,19.984,39.852,0.5015,0.4892,19.868,0.1536,2.9569
30.6305,20.045,39.854,0.5029,0.4892,19.81,0.169,4.4049
30.663,19.982,39.856,0.5013,0.4892,19.875,0.1725,6.9437
30.6948,19.962,39.858,0.5008,0.4892,19.896,0.3116,9.4014
30.727,19.962,39.861,0.5008,0.4892,19.898,0.291,1.4635
30.7603,20.033,39.863,0.5025,0.4892,19.83,0.3334,4.1796
30.7913,20.02,39.865,0.5022,0.4892,19.845,0.5083,6.451
30.8231,19.975,39.867,0.5011,0.4892,19.891,0.1541,7.1322
30.8545,19.993,39.869,0.5015,0.4892,19.876,0.1557,9.1026
30.8868,19.944,39.871,0.5002,0.4892,19.927,0.1585,1.7985
30.919,19.98,39.873,0.5011,0.4892,19.893,0.1617,4.0447
30.9509,19.986,39.875,0.5012,0.4892,19.889,0.2214,5.2545
30.9834,19.968,39.877,0.5007,0.4892,19.909,0.2555,7.4548
31.015,20.015,39.879,0.5019,0.4892,19.864,0.2876,10.2236
31.0468,19.981,39.881,0.501,0.4892,19.9,0.2419,1.2619
31.0795,20.051,39.883,0.5027,0.4892,19.832,0.2625,3.5527
31.1115,19.969,39.885,0.5007,0.4892,19.916,0.3206,6.3187
31.1436,19.969,39.887,0.5006,0.4892,19.918,0.3013,8.3356
31.1751,20.035,39.889,0.5023,0.4892,19.854,0.414,9.5283
31.2068,20.003,39.891,0.5014,0.4892,19.888,0.1678,1.8746
31.2386,19.998,39.893,0.5013,0.4892,19.895,0.1506,3.8412
31.2707,19.993,39.895,0.5012,0.4892,19.901,0.1607,5.9374
31.3031,20.022,39.897,0.5019,0.4892,19.874,0.1572,7.964
31.3348,20.014,39.898,0.5016,0.4892,19.884,0.1602,9.3497
31.3673,19.987,39.9,0.5009,0.4892,19.913,0.1567,1.9195
31.3985,20.014,39.902,0.5016,0.4892,19.888,0.1638,3.0082
31.4307,19.931,39.904,0.4995,0.4892,19.973,0.1741,5.2301
31.4628,19.996,39.906,0.5011,0.4892,19.91,0.1972,8.0191
31.4953,20.071,39.908,0.5029,0.4892,19.836,0.1992,10.1499
31.5272,20.067,39.909,0.5028,0.4892,19.842,0.2816,1.6625
31.5594,19.954,39.911,0.5,0.4892,19.958,0.4317,3.8751
31.5919,19.998,39.913,0.501,0.4892,19.915,0.5422,6.7676
31.6243,20.071,39.916,0.5028,0.4892,19.845,1.1573,9.2579
31.6545,20.006,39.918,0.5012,0.4892,19.912,0.1618,9.0977
31.6879,20.011,39.92,0.5013,0.4892,19.909,0.1698,0.8543
31.719,19.981,39.921,0.5005,0.4892,19.94,0.1695,3.1737
31.7511,19.989,39.923,0.5007,0.4892,19.934,0.2431,5.4356
31.7834,19.949,39.925,0.4997,0.4892,19.976,0.1689,7.5551
31.8153,20.026,39.927,0.5016,0.4892,19.901,0.3126,10.329
31.8475,20.045,39.928,0.502,0.4892,19.884,0.2547,2.3844
31.8792,19.987,39.93,0.5006,0.4892,19.943,0.2809,2.6966
31.9112,19.988,39.931,0.5006,0.4892,19.943,0.3633,6.4569
31.943,19.994,39.933,0.5007,0.4892,19.939,0.2872,8.1904
31.9756,19.953,39.935,0.4996,0.4892,19.982,0.4122,9.9273
32.0064,19.944,39.936,0.4994,0.4892,19.992,0.151,0.7755
32.0385,19.974,39.938,0.5001,0.4892,19.964,0.1571,2.9318
32.0712,20.061,39.939,0.5023,0.4892,19.879,0.1714,5.9525
32.1028,19.977,39.941,0.5002,0.4892,19.964,0.1664,7.0534
32.1345,19.976,39.942,0.5001,0.4892,19.966,0.1691,6.0912
32.167,19.969,39.944,0.4999,0.4892,19.975,0.1568,1.9479
32.1987,20.014,39.945,0.501,0.4892,19.931,0.1649,3.0243
32.2306,19.982,39.947,0.5002,0.4892,19.965,0.1815,5.3003
32.2625,19.993,39.948,0.5005,0.4892,19.956,0.1959,7.0013
32.2954,20.01,39.95,0.5009,0.4892,19.94,0.3211,10.4303
32.3267,19.975,39.951,0.5,0.4892,19.976,0.3116,1.4896
32.3597,20.0,39.953,0.5006,0.4892,19.952,0.3539,4.3609
32.3915,20.021,39.954,0.5011,0.4892,19.933,0.4718,6.4372
32.423,19.916,39.956,0.4985,0.4892,20.039,0.1664,8.0907
32.4546,20.003,39.957,0.5006,0.4892,19.954,0.1542,9.0642
32.4868,19.92,39.958,0.4985,0.4892,20.038,0.1638,1.8083
32.519,20.05,39.96,0.5018,0.4892,19.909,0.1648,4.0442
32.551,19.991,39.961,0.5003,0.4892,19.97,0.2398,5.2658
32.583,20.005,39.962,0.5006,0.4892,19.958,0.2391,7.5342
32.6154,20.075,39.964,0.5023,0.4892,19.888,0.2832,10.1794
32.6469,20.025,39.965,0.5011,0.4892,19.94,0.2389,1.2012
32.679,20.035,39.966,0.5013,0.4892,19.931,0.2544,3.7338
32.7116,19.986,39.967,0.5001,0.4892,19.982,0.408,6.5017
32.7433,20.046,39.969,0.5016,0.4892,19.922,0.3273,8.2845
32.775,20.027,39.97,0.5011,0.4892,19.943,0.2979,9.3591
32.8069,20.013,39.971,0.5007,0.4892,19.958,0.1702,1.8162
32.8387,20.026,39.972,0.501,0.4892,19.947,0.1632,3.8302
32.8703,19.973,39.974,0.4997,0.4892,20.0,0.1631,4.9031
32.903,19.988,39.975,0.5,0.4892,19.987,0.1556,7.9223
32.9349,20.053,39.976,0.5016,0.4892,19.923,0.1731,9.2561
32.9672,20.051,39.977,0.5016,0.4892,19.926,0.1525,1.8678
32.9989,19.94,39.978,0.4988,0.4892,20.038,0.1582,3.8893
33.0313,19.941,39.979,0.4988,0.4892,20.039,0.1728,5.4777
33.0629,20.005,39.98,0.5004,0.4892,19.975,0.1614,6.8953
33.0949,19.938,39.982,0.4987,0.4892,20.044,0.2942,9.2854
33.1277,19.974,39.983,0.4996,0.4892,20.009,0.2626,1.3002
33.1597,19.99,39.984,0.4999,0.4892,19.994,0.3322,4.3484
33.1921,20.032,39.985,0.501,0.4892,19.952,0.4921,6.8486
33.2233,20.008,39.986,0.5004,0.4892,19.977,0.1799,8.2404
33.2548,19.979,39.987,0.4996,0.4892,20.008,0.1636,9.2199
33.2867,20.029,39.988,0.5009,0.4892,19.959,0.1733,1.0775
33.3189,19.964,39.989,0.4992,0.4892,20.025,0.1682,3.0452
33.3511,19.985,39.99,0.4998,0.4892,20.005,0.2451,3.4792
33.3836,20.025,39.991,0.5007,0.4892,19.966,0.268,7.6559
33.4151,19.967,39.992,0.4993,0.4892,20.025,0.2911,10.3022
33.4467,19.975,39.993,0.4995,0.4892,20.017,0.2397,1.3154
33.4789,19.978,39.994,0.4995,0.4892,20.016,0.3128,3.8289
33.5112,20.08,39.995,0.5021,0.4892,19.914,0.306,6.2175
33.5439,19.971,39.995,0.4993,0.4892,20.025,0.3744,8.5592
33.5754,19.981,39.996,0.4996,0.4892,20.015,0.3737,9.6907
33.6075,19.995,39.997,0.4999,0.4892,20.003,0.3098,2.0446
33.639,20.038,39.998,0.501,0.4892,19.96,0.1634,3.8459
33.6711,19.992,39.999,0.4998,0.4892,20.007,0.1694,5.9576
33.7032,20.01,40.0,0.5003,0.4892,19.99,0.157,7.9894
33.7346,20.018,40.001,0.5004,0.4892,19.983,0.1708,9.3505
33.7663,20.015,40.001,0.5004,0.4892,19.986,0.1553,0.9127
33.7992,20.007,40.002,0.5001,0.4892,19.996,0.1519,3.9923
33.8304,20.044,40.003,0.5011,0.4892,19.959,0.1818,4.3821
33.863,19.995,40.004,0.4998,0.4892,20.009,0.2103,6.9928
33.8953,20.017,40.005,0.5004,0.4892,19.988,0.2161,10.2824
33.9266,19.955,40.005,0.4988,0.4892,20.05,0.2695,1.3177
33.9596,20.047,40.006,0.5011,0.4892,19.959,0.3773,4.4022
33.9918,19.961,40.007,0.4989,0.4892,20.045,0.659,6.6801
34.0238,20.002,40.008,0.5,0.4892,20.005,0.1846,8.6718
34.0563,20.076,40.008,0.5018,0.4892,19.933,0.1631,10.6497
34.0868,20.023,40.009,0.5005,0.4892,19.986,0.1559,1.7807
34.1192,19.989,40.01,0.4996,0.4892,20.021,0.1521,4.0319
34.1516,19.994,40.01,0.4997,0.4892,20.016,0.921,5.9174
34.1826,20.035,40.011,0.5007,0.4892,19.976,0.2488,6.6
34.2153,19.995,40.011,0.4997,0.4892,20.016,0.2665,10.1881
34.247,19.984,40.012,0.4994,0.4892,20.028,0.2376,1.1768
34.2793,20.009,40.013,0.5001,0.4892,20.004,0.2849,3.003
34.3115,19.986,40.013,0.4995,0.4892,20.028,0.2665,6.1803
34.343,19.988,40.014,0.4995,0.4892,20.026,0.3315,8.3513
34.3754,20.021,40.015,0.5003,0.4892,19.994,0.3451,10.5704
34.4068,20.04,40.015,0.5008,0.4892,19.975,0.1525,1.795
34.4385,19.963,40.016,0.4989,0.4892,20.053,0.1457,3.7829
34.4712,19.98,40.016,0.4993,0.4892,20.036,0.1513,5.8762
34.5032,20.041,40.017,0.5008,0.4892,19.975,0.1673,7.983
34.5353,19.985,40.017,0.4994,0.4892,20.032,0.1878,9.7112
34.5672,20.005,40.018,0.4999,0.4892,20.013,0.1521,1.9161
34.599,19.874,40.018,0.4966,0.4892,20.145,0.1796,3.1523
34.6306,20.006,40.019,0.4999,0.4892,20.013,0.1694,5.3594
34.6626,19.974,40.019,0.4991,0.4892,20.046,0.1884,6.9985
34.6954,19.989,40.02,0.4995,0.4892,20.031,0.207,7.3255
34.7294,20.043,40.02,0.5008,0.4892,19.978,0.18,0.9677
34.7594,20.016,40.021,0.5001,0.4892,20.005,0.3198,3.3336
34.7904,20.051,40.021,0.501,0.4892,19.97,0.1774,5.0333
34.823,20.016,40.022,0.5001,0.4892,20.005,0.166,8.0398
34.8546,19.968,40.022,0.4989,0.4892,20.054,0.1546,9.064
34.8867,19.986,40.023,0.4994,0.4892,20.037,0.1454,1.7805
34.9186,19.985,40.023,0.4993,0.4892,20.038,0.1546,3.1005
34.9512,20.064,40.023,0.5013,0.4892,19.96,0.2503,5.3411
34.9826,19.974,40.024,0.4991,0.4892,20.049,0.2621,6.4779
35.0154,20.005,40.024,0.4998,0.4892,20.019,0.2619,10.1505
35.047,19.999,40.025,0.4997,0.4892,20.025,0.2351,1.166
35.0788,20.045,40.025,0.5008,0.4892,19.98,0.2362,3.2963
35.1116,20.025,40.025,0.5003,0.4892,20.0,0.3459,6.5537
35.1431,19.965,40.026,0.4988,0.4892,20.061,0.3335,8.4669
35.1756,19.968,40.026,0.4989,0.4892,20.058,0.3269,10.8584
35.2069,20.013,40.026,0.5,0.4892,20.013,0.154,1.7866
35.2386,19.973,40.027,0.499,0.4892,20.054,0.1441,3.768
35.2711,20.012,40.027,0.5,0.4892,20.015,0.1489,5.8602
35.303,19.971,40.027,0.4989,0.4892,20.057,0.1623,7.9392
35.3346,20.0,40.028,0.4997,0.4892,20.028,0.1592,9.2936
35.3672,19.972,40.028,0.499,0.4892,20.056,0.1512,1.8803
35.399,20.04,40.028,0.5007,0.4892,19.988,0.1487,3.9237
35.4307,19.977,40.028,0.4991,0.4892,20.051,0.1514,5.2183
35.4634,19.966,40.029,0.4988,0.4892,20.063,0.1604,7.8529
35.4954,20.048,40.029,0.5008,0.4892,19.981,0.3149,10.2925
35.5269,20.007,40.029,0.4998,0.4892,20.022,0.3021,1.5633
35.5596,20.0,40.029,0.4996,0.4892,20.029,0.3203,4.3892
35.5917,19.985,40.03,0.4993,0.4892,20.044,0.5126,6.6558
35.623,20.062,40.03,0.5012,0.4892,19.968,0.1676,8.1344
35.6546,20.015,40.03,0.5,0.4892,20.015,0.1704,9.1366
35.6869,19.951,40.03,0.4984,0.4892,20.079,0.1499,1.8466
35.7191,19.981,40.031,0.4991,0.4892,20.049,0.1578,3.1653
35.7511,19.935,40.031,0.498,0.4892,20.095,0.2401,5.3394
35.7832,19.941,40.031,0.4981,0.4892,20.09,0.2831,7.6108
35.8146,19.948,40.031,0.4983,0.4892,20.083,0.2683,9.1516
35.8467,20.071,40.031,0.5014,0.4892,19.96,0.2455,1.1279
35.8794,19.975,40.031,0.499,0.4892,20.057,0.2542,3.4183
35.9113,19.989,40.032,0.4993,0.4892,20.043,0.288,6.2323
35.9433,20.049,40.032,0.5008,0.4892,19.983,0.3391,8.4645
35.9756,19.992,40.032,0.4994,0.4892,20.04,0.4272,10.8348
36.007,20.037,40.032,0.5005,0.4892,19.995,0.1626,1.8317
36.0386,19.991,40.032,0.4994,0.4892,20.041,0.1522,3.8656
36.0713,20.053,40.032,0.5009,0.4892,19.979,0.1619,5.8795
36.1032,19.998,40.032,0.4995,0.4892,20.035,0.1679,8.049
36.1349,19.993,40.033,0.4994,0.4892,20.039,0.1698,9.3818
36.1673,19.997,40.033,0.4995,0.4892,20.036,0.1561,1.9725
36.1986,19.987,40.033,0.4993,0.4892,20.046,0.1629,0.944
36.2306,20.028,40.033,0.5003,0.4892,20.005,0.164,2.0761
36.2628,20.014,40.033,0.4999,0.4892,20.019,0.2247,8.2096
36.2954,19.997,40.033,0.4995,0.4892,20.036,0.203,10.2313
36.3271,19.964,40.033,0.4987,0.4892,20.069,0.3295,1.605
36.3599,19.974,40.033,0.4989,0.4892,20.059,0.3817,4.4081
36.3917,20.06,40.033,0.5011,0.4892,19.974,0.3314,6.5627
36.4231,19.964,40.033,0.4987,0.4892,20.069,0.1729,8.1452
36.4547,19.955,40.033,0.4985,0.4892,20.078,0.1649,9.1139
36.4868,19.991,40.033,0.4994,0.4892,20.042,0.1571,1.8756
36.5193,20.022,40.033,0.5001,0.4892,20.011,0.1658,4.174
36.5514,19.983,40.033,0.4991,0.4892,20.051,0.244,6.3946
36.5836,19.962,40.033,0.4986,0.4892,20.072,0.2527,7.5905
36.6156,20.01,40.033,0.4998,0.4892,20.024,0.2834,10.3265
36.6469,19.963,40.033,0.4987,0.4892,20.07,0.2643,1.3654
36.6838,20.003,40.033,0.4997,0.4892,20.03,4.4636,7.9876
36.7113,20.026,40.033,0.5002,0.4892,20.008,0.2943,6.3581
36.7434,19.964,40.033,0.4987,0.4892,20.069,0.3597,8.521
36.7757,19.971,40.033,0.4989,0.4892,20.062,0.3616,11.0155
36.8071,19.976,40.033,0.499,0.4892,20.057,0.1811,1.9518
36.839,20.039,40.033,0.5006,0.4892,19.994,0.1605,3.9192
36.8704,20.005,40.033,0.4997,0.4892,20.028,0.165,5.0073
36.9031,19.968,40.033,0.4988,0.4892,20.065,0.1621,7.9729
36.9353,20.024,40.033,0.5002,0.4892,20.01,0.1776,9.6578
36.9672,20.03,40.033,0.5003,0.4892,20.004,0.1608,1.9356
36.9993,19.99,40.033,0.4993,0.4892,20.044,0.1653,4.3626
37.0305,20.014,40.033,0.4999,0.4892,20.02,0.1617,4.4076
37.0626,20.058,40.033,0.501,0.4892,19.976,0.2033,7.0758
37.0951,20.004,40.033,0.4997,0.4892,20.029,0.3109,9.4628
37.1279,19.983,40.033,0.4992,0.4892,20.05,0.3207,1.7622
37.1592,20.058,40.033,0.501,0.4892,19.975,0.4545,3.7477
37.1909,20.01,40.033,0.4999,0.4892,20.022,0.2953,5.3068
37.2227,19.984,40.033,0.4992,0.4892,20.049,0.1617,7.1051
37.2548,20.034,40.033,0.5004,0.4892,19.999,0.1665,9.249
37.2864,20.039,40.033,0.5006,0.4892,19.993,0.1577,0.8147
37.3192,19.945,40.033,0.4982,0.4892,20.087,0.1654,4.2195
37.3506,19.968,40.033,0.4988,0.4892,20.064,0.2495,5.5463
37.3836,20.004,40.033,0.4997,0.4892,20.028,0.2616,7.6451
37.4152,19.927,40.032,0.4978,0.4892,20.105,0.2745,10.2021
37.4472,20.009,40.032,0.4998,0.4892,20.023,0.2645,1.3346
37.4787,19.978,40.032,0.499,0.4892,20.055,0.2859,2.6286
37.5118,20.009,40.032,0.4998,0.4892,20.023,0.3063,6.3393
37.5433,20.004,40.032,0.4997,0.4892,20.028,0.3295,8.4619
37.5752,19.988,40.032,0.4993,0.4892,20.044,0.3178,10.455
37.6063,20.014,40.032,0.5,0.4892,20.018,0.1511,0.7398
37.6388,19.97,40.032,0.4989,0.4892,20.061,0.1535,3.7991
37.6712,19.988,40.032,0.4993,0.4892,20.043,0.1544,6.0439
37.7028,19.985,40.031,0.4992,0.4892,20.046,0.1588,7.0637
37.7345,19.991,40.031,0.4994,0.4892,20.04,0.2452,8.4886
37.7668,19.946,40.031,0.4983,0.4892,20.085,0.228,1.123
37.7992,19.993,40.031,0.4994,0.4892,20.038,0.2438,4.2305
37.831,20.058,40.031,0.501,0.4892,19.973,0.2645,5.7121
37.8635,19.963,40.031,0.4987,0.4892,20.068,0.2814,8.2252
37.8955,20.006,40.031,0.4998,0.4892,20.025,0.27,10.2086
37.9268,20.008,40.031,0.4998,0.4892,20.023,0.2809,1.6004
37.9596,20.037,40.03,0.5005,0.4892,19.994,0.3158,4.4179
37.9905,20.001,40.03,0.4997,0.4892,20.029,0.1887,4.8911
38.0227,20.021,40.03,0.5002,0.4892,20.009,0.1597,7.9446
38.0544,20.057,40.03,0.5011,0.4892,19.973,0.1708,9.0386
38.0872,20.038,40.03,0.5006,0.4892,19.992,0.1662,1.9027
38.1185,19.992,40.03,0.4994,0.4892,20.038,0.1572,2.9971
38.1513,20.064,40.03,0.5012,0.4892,19.966,0.1713,6.0324
38.1826,20.029,40.029,0.5004,0.4892,20.0,0.1688,7.1924
38.2144,19.996,40.029,0.4995,0.4892,20.034,0.1659,8.8754
38.247,19.969,40.029,0.4989,0.4892,20.061,0.1538,1.917
38.279,20.046,40.029,0.5008,0.4892,19.983,0.174,3.374
38.3108,19.957,40.029,0.4986,0.4892,20.072,0.2818,6.2096
38.3435,20.012,40.029,0.4999,0.4892,20.017,0.3106,8.3415
38.3761,20.038,40.028,0.5006,0.4892,19.991,0.4047,10.9982
38.4065,20.029,40.028,0.5004,0.4892,19.999,0.1521,1.8101
38.4385,20.032,40.028,0.5004,0.4892,19.996,0.1528,2.8569
38.4723,20.018,40.028,0.5001,0.4892,20.009,0.1627,7.2185
38.5028,20.063,40.028,0.5012,0.4892,19.964,0.1841,7.2207
38.5346,19.977,40.028,0.4991,0.4892,20.051,0.2695,8.6099
38.57,19.973,40.027,0.499,0.4892,20.055,0.1526,0.7148
38.599,20.017,40.027,0.5001,0.4892,20.011,0.259,3.4277
38.6312,19.94,40.027,0.4982,0.4892,20.087,0.2564,5.1775
38.6632,19.966,40.027,0.4988,0.4892,20.061,0.2713,8.0381
38.6983,20.034,40.027,0.5005,0.4892,19.992,0.2753,12.7242
38.7286,20.034,40.027,0.5005,0.4892,19.993,0.2889,2.6486
38.76,19.957,40.026,0.4986,0.4892,20.07,0.4443,4.5903
38.7903,19.957,40.026,0.4986,0.4892,20.069,0.1601,4.873
38.8223,20.031,40.026,0.5004,0.4892,19.995,0.1682,7.0878
38.8544,19.948,40.026,0.4984,0.4892,20.078,0.1659,8.5843
38.8866,19.994,40.026,0.4995,0.4892,20.032,0.1588,1.569
38.9187,19.971,40.025,0.499,0.4892,20.054,0.1593,3.5027
38.9511,20.05,40.025,0.5009,0.4892,19.975,0.2557,5.6583
38.9829,20.017,40.025,0.5001,0.4892,20.008,0.2809,6.9424
39.0156,20.021,40.025,0.5002,0.4892,20.004,0.2878,10.5392
39.0482,20.014,40.025,0.5,0.4892,20.011,0.254,2.5672
39.0796,20.024,40.024,0.5003,0.4892,20.0,0.2769,3.038
39.1117,19.994,40.024,0.4995,0.4892,20.031,0.3794,6.5915
39.143,20.033,40.024,0.5005,0.4892,19.991,0.3434,8.1822
39.176,19.982,40.024,0.4993,0.4892,20.042,0.4178,11.2543
39.2079,19.989,40.024,0.4994,0.4892,20.035,1.1115,2.5221
39.2383,19.989,40.023,0.4994,0.4892,20.035,0.1646,2.942
39.2709,20.044,40.023,0.5008,0.4892,19.98,0.1657,5.2521
39.3027,19.981,40.023,0.4992,0.4892,20.042,0.1636,7.3542
39.3344,19.988,40.023,0.4994,0.4892,20.035,0.1658,8.4697
39.3671,20.011,40.023,0.5,0.4892,20.012,0.1631,1.7479
39.3986,19.999,40.022,0.4997,0.4892,20.024,0.1638,3.2503
39.4311,19.97,40.022,0.499,0.4892,20.052,0.1614,5.187
39.4632,20.005,40.022,0.4999,0.4892,20.017,0.1636,7.6744
39.4948,20.037,40.022,0.5006,0.4892,19.985,0.3,9.0576
39.5285,19.99,40.022,0.4995,0.4892,20.031,0.3137,2.5835
39.5597,19.963,40.021,0.4988,0.4892,20.058,0.3235,4.7899
39.5915,20.022,40.021,0.5003,0.4892,19.999,0.5047,6.6219
39.6227,19.976,40.021,0.4991,0.4892,20.045,0.1608,7.6595
39.6553,19.99,40.021,0.4995,0.4892,20.031,0.1644,9.6972
39.687,19.991,40.021,0.4995,0.4892,20.029,0.1532,1.5171
39.7186,20.037,40.02,0.5007,0.4892,19.984,0.1637,3.4729
39.7514,19.97,40.02,0.499,0.4892,20.05,0.251,5.7932
39.7834,19.976,40.02,0.4991,0.4892,20.044,0.2491,7.2963
39.8156,20.047,40.02,0.5009,0.4892,19.973,0.3329,9.958
39.8472,19.994,40.02,0.4996,0.4892,20.025,0.1682,1.7287
39.8795,19.96,40.019,0.4988,0.4892,20.059,0.1914,2.8773
39.9114,19.961,40.019,0.4988,0.4892,20.059,0.3177,6.1682
39.9439,20.039,40.019,0.5007,0.4892,19.98,0.4202,8.8178
39.9759,19.972,40.019,0.4991,0.4892,20.046,0.4347,10.5337
40.0064,20.0,40.019,0.4998,0.4892,20.019,0.1571,1.5003
40.0389,20.006,40.018,0.4999,0.4892,20.013,0.1601,3.8422
40.0704,20.013,40.018,0.5001,0.4892,20.005,0.1632,5.1672
40.1031,19.976,40.018,0.4992,0.4892,20.042,0.1642,7.6867
40.1346,20.023,40.018,0.5004,0.4892,19.995,0.245,8.4374
40.167,20.019,40.018,0.5003,0.4892,19.999,0.1568,1.9348
40.1987,19.979,40.017,0.4993,0.4892,20.038,0.2577,3.6832
40.2306,20.001,40.017,0.4998,0.4892,20.016,0.264,5.1144
40.2634,20.031,40.017,0.5006,0.4892,19.986,0.2658,7.9699
40.2949,20.01,40.017,0.5,0.4892,20.007,0.2915,9.2226
40.3281,19.964,40.017,0.4989,0.4892,20.053,0.3197,2.9192
40.3598,19.937,40.016,0.4982,0.4892,20.079,0.3403,4.4163
40.3921,20.013,40.016,0.5001,0.4892,20.003,0.6004,6.6798
40.4229,20.018,40.016,0.5003,0.4892,19.998,0.1612,8.1165
40.4545,20.015,40.016,0.5002,0.4892,20.001,0.1605,9.2238
40.4867,20.025,40.016,0.5004,0.4892,19.991,0.1548,1.7737
40.5189,20.003,40.015,0.4999,0.4892,20.013,0.1605,3.5497
40.5515,20.0,40.015,0.4998,0.4892,20.015,0.2446,5.88
40.5829,20.051,40.015,0.5011,0.4892,19.964,0.2888,6.8836
40.6155,19.981,40.015,0.4993,0.4892,20.034,0.306,10.2031
40.648,19.999,40.015,0.4998,0.4892,20.015,0.2768,2.4152
40.6789,19.975,40.014,0.4992,0.4892,20.039,0.3475,3.1063
40.7118,20.024,40.014,0.5004,0.4892,19.99,0.3392,6.5001
40.7439,19.968,40.014,0.499,0.4892,20.046,0.4293,8.993
40.7747,19.971,40.014,0.4991,0.4892,20.043,0.3317,9.2798
40.8063,19.995,40.014,0.4997,0.4892,20.019,0.1556,1.513
40.839,20.02,40.013,0.5003,0.4892,19.994,0.1691,3.9249
40.8709,19.996,40.013,0.4997,0.4892,20.017,0.1656,6.0895
40.9025,19.985,40.013,0.4995,0.4892,20.028,0.164,7.2321
40.9352,20.024,40.013,0.5004,0.4892,19.989,0.1651,9.1517
40.9673,19.956,40.013,0.4988,0.4892,20.056,0.1566,1.6263
40.9983,19.994,40.013,0.4997,0.4892,20.019,0.1581,3.073
41.0305,20.01,40.012,0.5001,0.4892,20.002,0.1826,5.6393
41.0631,19.983,40.012,0.4994,0.4892,20.029,0.1721,8.0032
41.0951,19.964,40.012,0.499,0.4892,20.048,0.3708,9.9748
41.1285,19.959,40.012,0.4988,0.4892,20.053,0.2435,2.5778
41.1596,19.948,40.012,0.4986,0.4892,20.063,0.3497,4.323
41.1904,19.979,40.011,0.4993,0.4892,20.032,0.1782,4.7716
41.2228,20.001,40.011,0.4999,0.4892,20.01,0.1643,7.6293
41.2552,20.037,40.011,0.5008,0.4892,19.974,0.1614,9.4503
41.2871,20.011,40.011,0.5001,0.4892,20.0,0.1536,1.4649
41.3186,20.012,40.011,0.5002,0.4892,19.998,0.1904,3.584
41.3514,20.03,40.011,0.5006,0.4892,19.981,0.2442,5.7232
41.3834,20.057,40.01,0.5013,0.4892,19.954,0.271,7.3293
41.4155,19.988,40.01,0.4996,0.4892,20.022,0.2965,10.8269
41.4467,20.007,40.01,0.5,0.4892,20.003,0.1555,1.6188
41.4793,20.011,40.01,0.5002,0.4892,19.999,0.2589,3.9439
41.5117,20.013,40.01,0.5002,0.4892,19.996,0.3327,6.9716
41.5432,20.015,40.01,0.5002,0.4892,19.995,0.3865,8.5345
41.5753,20.032,40.009,0.5007,0.4892,19.978,0.4211,10.4488
41.6064,20.039,40.009,0.5008,0.4892,19.971,0.1657,1.7541
41.6386,19.981,40.009,0.4994,0.4892,20.028,0.1736,3.916
41.6706,19.954,40.009,0.4987,0.4892,20.055,0.1661,4.9645
41.7028,20.026,40.009,0.5005,0.4892,19.982,0.1613,7.3135
41.7361,19.976,40.008,0.4993,0.4892,20.032,1.6897,10.3154
41.7664,19.999,40.008,0.4999,0.4892,20.009,0.1579,1.6301
41.799,19.981,40.008,0.4994,0.4892,20.026,0.1601,4.0429
41.8305,20.012,40.008,0.5002,0.4892,19.995,0.1967,4.6661
41.8631,20.001,40.008,0.4999,0.4892,20.007,0.1979,8.0398
41.8961,19.994,40.007,0.4998,0.4892,20.013,0.202,10.9532
41.9286,20.027,40.007,0.5006,0.4892,19.98,0.3076,2.6408
41.9596,20.0,40.007,0.4999,0.4892,20.008,0.4195,4.8808
41.9903,19.994,40.007,0.4998,0.4892,20.013,0.1742,4.9355
42.0226,20.01,40.007,0.5002,0.4892,19.997,0.1616,7.472
42.0552,19.97,40.007,0.4992,0.4892,20.037,0.1648,9.6722
42.0872,19.97,40.007,0.4992,0.4892,20.037,0.1551,1.59
42.1193,19.973,40.006,0.4992,0.4892,20.034,0.2434,3.9212
42.1514,20.013,40.006,0.5002,0.4892,19.994,0.2436,5.6806
42.1833,19.942,40.006,0.4985,0.4892,20.064,0.276,7.3643
42.2156,19.981,40.006,0.4994,0.4892,20.025,0.2865,10.2279
42.2482,20.025,40.006,0.5006,0.4892,19.981,0.265,2.5695
42.2796,20.071,40.006,0.5017,0.4892,19.935,0.2931,4.1648
42.3117,20.015,40.006,0.5003,0.4892,19.99,0.3747,6.4907
42.3431,19.985,40.005,0.4996,0.4892,20.02,0.3342,7.9394
42.3755,20.008,40.005,0.5001,0.4892,19.998,0.3335,9.8697
42.4067,19.924,40.005,0.498,0.4892,20.081,0.1522,1.4638
42.439,20.017,40.005,0.5004,0.4892,19.988,0.1546,3.8035
42.4706,20.024,40.005,0.5005,0.4892,19.981,0.1599,4.9601
42.5023,19.995,40.005,0.4998,0.4892,20.009,0.1594,7.1245
42.5352,20.053,40.005,0.5013,0.4892,19.952,0.1728,9.2472
42.5665,19.997,40.005,0.4999,0.4892,20.008,0.1655,1.6229
42.5993,20.042,40.004,0.501,0.4892,19.962,0.1687,4.0471
42.6307,19.951,40.004,0.4987,0.4892,20.053,0.1798,5.396
42.6632,19.955,40.004,0.4988,0.4892,20.049,0.1883,7.7771
42.6949,20.003,40.004,0.5,0.4892,20.001,0.2993,9.8483
42.7286,19.977,40.004,0.4994,0.4892,20.027,0.268,2.6489
42.7592,19.998,40.004,0.4999,0.4892,20.006,0.308,4.0726
42.7917,20.029,40.004,0.5007,0.4892,19.974,0.5016,6.7509
42.823,20.085,40.004,0.5021,0.4892,19.919,0.1739,7.3553
42.8552,20.041,40.003,0.501,0.4892,19.963,0.1632,9.4411
42.8865,19.975,40.003,0.4993,0.4892,20.028,0.1675,1.4977
42.9189,20.02,40.003,0.5005,0.4892,19.983,0.1592,3.4472
42.9514,19.976,40.003,0.4994,0.4892,20.027,0.2428,5.657
42.9827,20.016,40.003,0.5004,0.4892,19.987,0.2642,6.7226
43.0154,20.038,40.003,0.5009,0.4892,19.965,0.2854,9.8343
43.0479,20.04,40.003,0.501,0.4892,19.963,0.2996,2.3973
43.0787,19.969,40.003,0.4992,0.4892,20.033,0.266,2.6065
43.1117,19.979,40.003,0.4995,0.4892,20.023,0.2991,6.1564
43.1432,20.016,40.002,0.5004,0.4892,19.986,0.3426,7.5748
43.1756,19.964,40.002,0.4991,0.4892,20.039,0.4191,10.8696
43.2064,19.964,40.002,0.4991,0.4892,20.038,0.1539,1.64
43.2385,19.956,40.002,0.4989,0.4892,20.046,0.1548,2.8255
43.271,20.019,40.002,0.5005,0.4892,19.983,0.1607,6.1188
43.3026,19.971,40.002,0.4992,0.4892,20.031,0.1613,6.2957
43.3346,19.977,40.002,0.4994,0.4892,20.025,0.1694,8.8056
43.3671,20.028,40.002,0.5007,0.4892,19.974,0.1562,1.7028
43.399,20.001,40.002,0.5,0.4892,20.001,0.1564,4.1051
43.4306,19.996,40.002,0.4999,0.4892,20.006,0.1547,1.9546
43.4629,20.01,40.001,0.5002,0.4892,19.991,0.2167,8.1903
43.4949,19.995,40.001,0.4999,0.4892,20.007,0.3667,9.5524
43.5296,20.019,40.001,0.5005,0.4892,19.982,0.1633,1.0023
43.5596,19.978,40.001,0.4994,0.4892,20.023,0.3208,4.2385
43.5917,20.063,40.001,0.5016,0.4892,19.938,0.343,6.3507
43.6233,20.002,40.001,0.5,0.4892,19.999,0.1794,7.7331
43.6546,19.976,40.001,0.4994,0.4892,20.025,0.1555,8.6264
43.6867,19.977,40.001,0.4994,0.4892,20.024,0.151,1.6219
43.719,20.004,40.001,0.5001,0.4892,19.997,0.2384,3.8487
43.7506,19.957,40.001,0.4989,0.4892,20.044,0.2462,4.9207
43.7833,19.982,40.001,0.4995,0.4892,20.019,0.2805,7.4373
43.8154,20.056,40.0,0.5014,0.4892,19.944,0.3004,10.1347
43.848,19.972,40.0,0.4993,0.4892,20.029,0.3049,2.4789
43.8787,19.985,40.0,0.4996,0.4892,20.016,0.3061,2.7826
43.9117,20.009,40.0,0.5002,0.4892,19.992,0.3751,6.5182
43.945,20.006,40.0,0.5002,0.4892,19.994,0.3694,9.7
43.9757,19.993,40.0,0.4998,0.4892,20.007,0.3468,10.7584
44.0068,19.987,40.0,0.4997,0.4892,20.013,0.1529,1.4698
44.039,20.017,40.0,0.5004,0.4892,19.983,0.1564,3.8207
44.0709,19.992,40.0,0.4998,0.4892,20.008,0.1599,6.0424
44.1029,19.997,40.0,0.4999,0.4892,20.003,0.1641,7.3507
44.1351,20.01,40.0,0.5002,0.4892,19.99,0.1654,9.229
44.1666,20.029,40.0,0.5007,0.4892,19.97,0.1608,1.7056
44.1987,19.989,40.0,0.4997,0.4892,20.01,0.1642,3.1874
44.2304,19.987,40.0,0.4997,0.4892,20.013,0.1768,4.7541
44.2637,20.027,39.999,0.5007,0.4892,19.973,0.652,8.392
44.295,19.975,39.999,0.4994,0.4892,20.025,0.3052,9.6925
44.3287,19.905,39.999,0.4976,0.4892,20.095,0.332,2.6669
44.3596,20.016,39.999,0.5004,0.4892,19.983,0.3505,4.1386
44.3907,20.032,39.999,0.5008,0.4892,19.968,0.2842,5.9882
44.4227,20.019,39.999,0.5005,0.4892,19.98,0.1636,7.5723
44.4548,20.03,39.999,0.5008,0.4892,19.969,0.1666,9.1261
44.4869,20.01,39.999,0.5003,0.4892,19.989,0.1547,1.5115
44.5187,19.94,39.999,0.4985,0.4892,20.059,0.1588,3.4872
44.5505,19.995,39.999,0.4999,0.4892,20.003,0.2455,4.6971
44.5834,20.04,39.999,0.501,0.4892,19.958,0.2644,7.2676
44.6147,19.941,39.999,0.4985,0.4892,20.058,0.2918,9.1095
44.6477,19.989,39.999,0.4998,0.4892,20.009,0.2567,2.5189
44.6786,20.006,39.999,0.5002,0.4892,19.992,0.2775,2.6393
44.7116,20.038,39.999,0.501,0.4892,19.961,0.3139,6.8735
44.7433,19.976,39.999,0.4994,0.4892,20.023,0.3488,7.7169
44.775,19.999,39.999,0.5,0.4892,20.0,0.4597,9.6516
44.8071,19.996,39.998,0.4999,0.4892,20.002,0.1507,1.4826
44.8392,20.014,39.998,0.5004,0.4892,19.984,0.1559,3.8491
44.8706,19.997,39.998,0.4999,0.4892,20.002,0.1601,5.479
44.9031,19.986,39.998,0.4997,0.4892,20.012,0.1589,7.5494
44.9345,20.006,39.998,0.5002,0.4892,19.992,0.2469,9.3489
44.9675,19.968,39.998,0.4992,0.4892,20.03,0.2331,2.1928
44.9991,20.034,39.998,0.5009,0.4892,19.964,0.2649,3.7054
45.0305,20.05,39.998,0.5013,0.4892,19.948,0.2791,5.4442
45.0637,19.973,39.998,0.4993,0.4892,20.025,0.2957,8.0445
45.0949,19.983,39.998,0.4996,0.4892,20.015,0.3046,9.4668
45.1282,19.988,39.998,0.4997,0.4892,20.011,0.287,3.0603
45.161,20.028,39.998,0.5007,0.4892,19.97,0.3901,5.6763
45.1916,19.992,39.998,0.4998,0.4892,20.006,0.3766,6.3526
45.2223,20.01,39.998,0.5003,0.4892,19.988,0.1663,7.1068
45.2544,20.031,39.998,0.5008,0.4892,19.967,0.1657,9.1196
45.2866,19.987,39.998,0.4997,0.4892,20.011,0.1599,1.5716
45.3189,19.959,39.998,0.499,0.4892,20.038,0.1638,4.0772
45.3504,20.017,39.998,0.5005,0.4892,19.981,0.1675,5.1284
45.3832,19.971,39.998,0.4993,0.4892,20.027,0.1615,7.1656
45.4151,19.959,39.998,0.499,0.4892,20.039,0.1647,9.6029
45.4471,19.947,39.998,0.4987,0.4892,20.051,0.1582,1.7507
45.4786,20.043,39.998,0.5011,0.4892,19.955,0.2707,2.5901
45.5114,20.003,39.998,0.5001,0.4892,19.995,0.3105,6.6731
45.5439,19.946,39.998,0.4987,0.4892,20.052,0.3225,8.3423
45.5768,20.037,39.998,0.5009,0.4892,19.961,0.3232,11.4548
45.6069,20.054,39.998,0.5014,0.4892,19.943,0.1526,1.5184
45.6392,19.982,39.998,0.4996,0.4892,20.016,0.1713,3.9438
45.6706,20.013,39.997,0.5003,0.4892,19.985,0.1628,5.4126
45.7031,20.027,39.997,0.5007,0.4892,19.971,0.1562,7.548
45.7346,20.016,39.997,0.5004,0.4892,19.981,0.2453,9.4572
45.7677,19.974,39.997,0.4994,0.4892,20.024,0.242,2.2304
45.7993,20.03,39.997,0.5008,0.4892,19.967,0.2549,3.7373
45.8306,19.957,39.997,0.499,0.4892,20.04,0.2769,5.2316
45.8628,20.029,39.997,0.5008,0.4892,19.968,0.2726,7.2728
45.8949,20.036,39.997,0.5009,0.4892,19.961,0.3128,9.6174
45.9289,20.054,39.997,0.5014,0.4892,19.944,0.2958,3.034
45.9592,19.965,39.997,0.4992,0.4892,20.032,0.3724,3.7679
45.9919,19.984,39.997,0.4996,0.4892,20.013,0.4712,6.5356
46.0228,20.026,39.997,0.5007,0.4892,19.971,0.1611,7.9957
46.0544,19.975,39.997,0.4994,0.4892,20.022,0.1615,9.1178
46.0865,19.997,39.997,0.4999,0.4892,20.001,0.1514,1.4601
46.1191,19.992,39.997,0.4998,0.4892,20.005,0.1581,3.9591
46.1505,20.041,39.997,0.5011,0.4892,19.956,0.2359,5.2025
46.1832,19.993,39.997,0.4999,0.4892,20.004,0.1782,7.089
46.2152,20.01,39.997,0.5003,0.4892,19.987,0.1695,9.6467
46.247,19.993,39.997,0.4999,0.4892,20.004,0.1638,1.7722
46.2786,20.032,39.997,0.5008,0.4892,19.965,0.3032,2.5627
46.3114,19.969,39.997,0.4993,0.4892,20.028,0.3284,5.9364
46.3438,19.996,39.997,0.4999,0.4892,20.001,0.314,8.0473
46.3756,19.98,39.997,0.4995,0.4892,20.017,0.4153,10.4743
46.4063,19.971,39.997,0.4993,0.4892,20.026,0.1575,1.5066
46.4385,19.967,39.997,0.4992,0.4892,20.03,0.159,2.8575
46.471,20.0,39.997,0.5,0.4892,19.997,0.1672,5.7208
46.5033,19.983,39.997,0.4996,0.4892,20.014,0.1772,7.5925
46.5356,19.975,39.997,0.4994,0.4892,20.022,0.2435,10.5433
46.5676,20.018,39.997,0.5005,0.4892,19.979,0.2398,2.3089
46.5985,20.051,39.997,0.5013,0.4892,19.946,0.2704,2.8544
46.6312,19.997,39.997,0.5,0.4892,20.0,0.28,5.8331
46.6634,19.957,39.997,0.499,0.4892,20.04,0.2805,8.1817
46.6948,20.05,39.997,0.5013,0.4892,19.947,0.3219,8.7035
46.7283,20.005,39.997,0.5002,0.4892,19.992,0.2946,2.8927
46.7596,20.011,39.997,0.5003,0.4892,19.986,0.3372,4.5292
46.791,20.048,39.997,0.5012,0.4892,19.949,0.8205,5.5538
46.8226,20.013,39.997,0.5004,0.4892,19.984,0.1732,7.0711
46.8548,19.966,39.997,0.4992,0.4892,20.031,0.1608,9.1452
46.887,20.022,39.997,0.5006,0.4892,19.975,0.1543,1.4878
46.9192,20.093,39.997,0.5024,0.4892,19.904,0.1726,4.0621
46.9507,19.999,39.997,0.5,0.4892,19.998,0.1792,5.187
46.9827,19.963,39.997,0.4991,0.4892,20.034,0.1704,6.7603
47.0151,20.014,39.997,0.5004,0.4892,19.983,0.1751,9.9857
47.047,20.014,39.997,0.5004,0.4892,19.983,0.1629,1.7443
47.0789,19.924,39.997,0.4981,0.4892,20.073,0.3027,2.9699
47.1115,19.968,39.997,0.4992,0.4892,20.029,0.3278,6.2284
47.1436,19.999,39.997,0.5,0.4892,19.998,0.3516,8.2003
47.1768,19.989,39.997,0.4998,0.4892,20.008,0.3442,11.4657
47.2068,19.993,39.997,0.4999,0.4892,20.004,0.1634,1.571
47.2393,20.007,39.997,0.5002,0.4892,19.99,0.1613,3.8944
47.2707,19.982,39.997,0.4996,0.4892,20.015,0.1665,5.321
47.3024,19.995,39.997,0.4999,0.4892,20.002,0.1688,6.8318
47.3348,20.001,39.997,0.5001,0.4892,19.996,0.2591,8.7443
47.3671,20.038,39.997,0.501,0.4892,19.959,0.1632,1.806
47.3994,19.972,39.997,0.4993,0.4892,20.025,0.2688,3.6836
47.4307,20.003,39.997,0.5001,0.4892,19.994,0.3662,5.4897
47.4635,20.062,39.997,0.5016,0.4892,19.935,0.297,8.078
47.495,20.016,39.997,0.5004,0.4892,19.981,0.3376,10.0329
47.5285,19.981,39.997,0.4996,0.4892,20.016,0.3396,3.0251
47.5596,19.976,39.997,0.4994,0.4892,20.021,0.3503,4.3733
47.5915,20.013,39.997,0.5004,0.4892,19.984,0.2979,6.3548
47.623,19.933,39.997,0.4984,0.4892,20.064,0.1605,8.0291
47.6546,19.943,39.997,0.4986,0.4892,20.054,0.167,9.0892
47.6867,20.033,39.997,0.5009,0.4892,19.964,0.1651,1.5175
47.7188,20.004,39.997,0.5001,0.4892,19.993,0.1718,4.0472
47.7504,19.982,39.997,0.4996,0.4892,20.015,0.1706,5.1179
47.7833,20.018,39.997,0.5005,0.4892,19.979,0.1731,7.3185
47.815,20.018,39.997,0.5005,0.4892,19.98,0.1689,9.6701
47.8472,19.998,39.997,0.5,0.4892,19.999,0.1613,1.7737
47.8792,20.013,39.997,0.5004,0.4892,19.984,0.1734,2.4647
47.9114,20.069,39.997,0.5018,0.4892,19.929,0.3276,6.3225
47.9433,19.994,39.997,0.4999,0.4892,20.004,0.3619,8.3209
47.9754,19.97,39.997,0.4993,0.4892,20.027,0.3965,9.9254
48.0068,20.005,39.997,0.5001,0.4892,19.993,0.1582,1.5213
48.0387,20.03,39.997,0.5008,0.4892,19.967,0.1582,2.9454
48.071,20.011,39.997,0.5003,0.4892,19.986,0.1665,5.7262
48.1027,19.968,39.997,0.4992,0.4892,20.029,0.1655,6.8345
48.1351,20.023,39.997,0.5006,0.4892,19.974,0.2663,9.8908
48.1673,19.979,39.997,0.4995,0.4892,20.018,0.2347,2.1035
48.1986,20.0,39.997,0.5,0.4892,19.997,0.2609,2.8704
48.2313,20.002,39.997,0.5001,0.4892,19.995,0.2766,5.3164
48.2627,20.01,39.997,0.5003,0.4892,19.987,0.2681,7.2837
48.2948,19.952,39.997,0.4988,0.4892,20.045,0.3045,9.9009
48.3287,19.98,39.997,0.4995,0.4892,20.018,0.2797,2.573
48.3599,20.007,39.997,0.5002,0.4892,19.99,0.3602,4.6754
48.3907,19.943,39.997,0.4986,0.4892,20.054,0.1734,5.9602
48.4228,19.982,39.997,0.4996,0.4892,20.015,0.1623,8.042
48.4548,20.028,39.997,0.5007,0.4892,19.97,0.167,9.2417
48.4871,20.014,39.997,0.5004,0.4892,19.983,0.1585,1.5068
48.5289,19.96,39.997,0.499,0.4892,20.037,0.2308,0.9951
48.5512,19.993,39.997,0.4999,0.4892,20.005,0.1618,3.0665
48.5826,20.001,39.997,0.5001,0.4892,19.996,0.1422,3.9301
48.6148,20.005,39.997,0.5001,0.4892,19.993,0.1524,6.89
48.6473,19.976,39.997,0.4994,0.4892,20.022,0.1554,9.0092
48.6793,19.988,39.997,0.4997,0.4892,20.009,0.1454,0.7433
48.7105,19.946,39.997,0.4987,0.4892,20.052,0.2681,2.6751
48.743,20.038,39.997,0.501,0.4892,19.959,0.3897,4.3282
48.7768,20.007,39.997,0.5002,0.4892,19.99,0.3055,8.552
48.8073,19.997,39.997,0.5,0.4892,20.0,0.1817,8.4561
48.8389,19.967,39.998,0.4992,0.4892,20.03,0.1304,0.6023
48.8711,20.027,39.998,0.5007,0.4892,19.971,0.1431,3.0053
48.903,19.989,39.998,0.4998,0.4892,20.008,0.1442,4.4156
48.9349,19.969,39.998,0.4993,0.4892,20.028,0.2359,6.7983
48.9673,20.033,39.998,0.5009,0.4892,19.964,0.2703,8.8376
48.9996,20.042,39.998,0.5011,0.4892,19.955,0.2183,1.1222
49.0306,19.998,39.998,0.5,0.4892,20.0,0.2689,1.9612
49.0629,20.011,39.998,0.5003,0.4892,19.987,0.2454,4.8949
49.095,19.993,39.998,0.4999,0.4892,20.004,0.2546,6.5132
49.127,20.024,39.998,0.5006,0.4892,19.973,0.2772,9.0424
49.161,19.945,39.998,0.4987,0.4892,20.052,0.269,2.6499
49.1914,19.974,39.998,0.4994,0.4892,20.024,0.3092,2.9376
49.2227,19.932,39.998,0.4983,0.4892,20.065,0.1375,4.6179
49.255,19.98,39.998,0.4995,0.4892,20.017,0.1435,6.8106
49.2867,20.038,39.998,0.501,0.4892,19.96,0.1515,7.9034
49.3201,20.071,39.998,0.5018,0.4892,19.927,1.021,2.193
49.3509,19.982,39.998,0.4996,0.4892,20.015,0.1489,2.681
49.383,19.979,39.998,0.4995,0.4892,20.019,0.1412,4.8006
49.4151,20.024,39.998,0.5006,0.4892,19.973,0.1519,6.9977
49.4472,20.0,39.998,0.5,0.4892,19.998,0.1564,7.1044
49.4795,19.976,39.998,0.4994,0.4892,20.022,0.1447,0.8
49.5116,20.01,39.998,0.5003,0.4892,19.988,0.286,3.1334
49.5431,20.015,39.998,0.5004,0.4892,19.983,0.3046,5.276
49.5754,19.986,39.998,0.4997,0.4892,20.012,0.3286,6.823
49.6067,20.001,39.998,0.5001,0.4892,19.996,0.1432,8.1972
49.6392,20.05,39.998,0.5013,0.4892,19.948,0.1454,1.2259
49.6712,19.995,39.998,0.4999,0.4892,20.003,0.1498,2.6132
49.7029,19.971,39.998,0.4993,0.4892,20.027,0.1427,4.1938
49.7353,20.021,39.998,0.5005,0.4892,19.977,0.1519,6.4
49.7671,19.956,39.998,0.4989,0.4892,20.042,0.2363,8.7717
49.7995,19.992,39.998,0.4998,0.4892,20.006,0.1307,0.9412
49.8311,20.002,39.998,0.5001,0.4892,19.996,0.2329,2.1577
49.8634,20.091,39.998,0.5023,0.4892,19.907,0.2728,5.2153
49.8952,20.069,39.998,0.5018,0.4892,19.929,0.2974,6.9246
49.9274,19.993,39.998,0.4999,0.4892,20.005,0.3874,8.8412
49.9618,20.017,39.998,0.5004,0.4892,19.981,0.3407,3.2288
49.9914,19.952,39.998,0.4988,0.4892,20.046,0.276,3.096
50.0231,19.997,39.998,0.4999,0.4892,20.002,0.1412,4.5928
50.0548,20.017,39.998,0.5004,0.4892,19.982,0.1433,6.7492
50.0864,19.98,39.998,0.4995,0.4892,20.018,0.1421,7.8168
50.1192,19.996,39.998,0.4999,0.4892,20.002,0.1288,0.6094
50.1509,19.947,39.998,0.4987,0.4892,20.051,0.141,2.6291
50.1831,20.038,39.998,0.501,0.4892,19.961,0.1493,4.7211
50.2146,19.958,39.998,0.499,0.4892,20.04,0.1505,6.0997
50.2464,20.012,39.998,0.5003,0.4892,19.986,0.1517,8.1205
50.2793,20.012,39.998,0.5003,0.4892,19.986,0.1397,0.7309
50.311,20.027,39.998,0.5007,0.4892,19.972,0.2819,2.7056
50.3436,19.98,39.998,0.4995,0.4892,20.019,0.2796,5.2056
50.3751,20.015,39.998,0.5004,0.4892,19.983,0.4548,7.0146
50.407,20.057,39.998,0.5014,0.4892,19.942,0.1552,8.3514
50.4389,19.97,39.998,0.4993,0.4892,20.029,0.1403,0.6074
50.4712,19.942,39.998,0.4986,0.4892,20.056,0.1425,2.8632
50.5031,19.976,39.998,0.4994,0.4892,20.022,0.1438,4.3875
50.5351,19.986,39.998,0.4997,0.4892,20.012,0.2253,6.3802
50.5667,19.999,39.998,0.5,0.4892,19.999,0.2643,8.7279
50.5996,20.012,39.998,0.5003,0.4892,19.986,0.2144,1.0311
50.6306,20.02,39.998,0.5005,0.4892,19.978,0.3254,2.5382
50.6628,19.974,39.999,0.4994,0.4892,20.025,0.2472,4.6129
50.6949,19.964,39.999,0.4991,0.4892,20.034,0.2824,6.3473
50.7273,20.033,39.999,0.5008,0.4892,19.966,0.3035,9.4684
50.7613,19.973,39.999,0.4994,0.4892,20.025,0.2899,2.8766
50.7915,20.069,39.999,0.5017,0.4892,19.93,0.4826,2.9811
50.823,19.963,39.999,0.4991,0.4892,20.035,0.1549,4.8297
50.8551,19.964,39.999,0.4991,0.4892,20.035,0.1391,6.5723
50.8867,20.025,39.999,0.5006,0.4892,19.973,0.1414,7.9658
50.9193,20.033,39.999,0.5009,0.4892,19.965,0.1487,1.3563
50.9509,20.031,39.999,0.5008,0.4892,19.968,0.1519,2.8139
50.9827,19.99,39.999,0.4998,0.4892,20.008,0.1432,3.9305
51.015,20.022,39.999,0.5006,0.4892,19.976,0.1493,6.8282
51.0473,20.0,39.999,0.5,0.4892,19.999,0.1578,9.0732
51.0801,19.996,39.999,0.4999,0.4892,20.002,0.156,1.8339
51.1114,20.048,39.999,0.5012,0.4892,19.951,0.315,3.1103
51.143,19.991,39.999,0.4998,0.4892,20.008,0.3464,4.7347
51.1746,19.954,39.999,0.4989,0.4892,20.045,0.3692,6.7171
51.2068,20.013,39.999,0.5004,0.4892,19.985,0.143,8.2634
51.2392,20.045,39.999,0.5012,0.4892,19.953,0.1469,1.2445
51.2708,20.022,39.999,0.5006,0.4892,19.977,0.1494,2.8424
51.3031,20.011,39.999,0.5003,0.4892,19.988,0.1414,4.2633
51.3345,20.073,39.999,0.5019,0.4892,19.925,0.2467,5.6688
51.3671,20.008,39.999,0.5002,0.4892,19.991,0.2464,9.0789
51.3999,19.996,39.999,0.4999,0.4892,20.003,0.2417,1.1584
51.4312,19.955,39.999,0.4989,0.4892,20.044,0.2353,2.2473
51.4634,20.008,39.999,0.5002,0.4892,19.991,0.2606,5.2014
51.4951,19.977,39.999,0.4994,0.4892,20.022,0.3197,6.8072
51.5273,19.986,39.999,0.4997,0.4892,20.013,0.2823,8.8506
51.5616,19.994,39.999,0.4999,0.4892,20.005,0.295,3.1488
51.5909,19.995,39.999,0.4999,0.4892,20.004,0.1896,2.6381
51.6231,19.99,39.999,0.4998,0.4892,20.009,0.1369,4.5238
51.6548,20.019,39.999,0.5005,0.4892,19.98,0.1395,6.6421
51.6872,19.981,39.999,0.4995,0.4892,20.018,0.1401,8.7229
51.7192,19.982,39.999,0.4996,0.4892,20.017,0.1265,0.58
51.7508,19.974,39.999,0.4994,0.4892,20.025,0.1394,2.6759
51.7823,20.023,39.999,0.5006,0.4892,19.977,0.1404,3.7398
51.8145,19.955,39.999,0.4989,0.4892,20.044,0.1408,6.2922
51.8472,19.962,39.999,0.4991,0.4892,20.037,0.5962,8.6299
51.8793,19.984,39.999,0.4996,0.4892,20.015,0.1451,0.7342
51.9111,20.006,39.999,0.5001,0.4892,19.994,0.2788,2.9016
51.9436,19.939,39.999,0.4985,0.4892,20.06,0.3202,5.1578
51.9754,20.042,39.999,0.5011,0.4892,19.957,0.4596,7.2475
52.0073,20.071,39.999,0.5018,0.4892,19.928,0.1792,8.582
52.0388,20.009,39.999,0.5002,0.4892,19.99,0.14,0.6305
52.0703,20.026,39.999,0.5007,0.4892,19.973,0.1405,1.6512
52.1031,19.997,39.999,0.4999,0.4892,20.002,0.1443,4.3698
52.1345,19.998,39.999,0.5,0.4892,20.002,0.2323,5.6357
52.1665,20.019,39.999,0.5005,0.4892,19.98,0.23,7.8119
52.1996,20.029,39.999,0.5007,0.4892,19.97,0.207,1.0506
52.2306,20.051,39.999,0.5013,0.4892,19.948,0.3513,2.5772
52.2628,19.983,39.999,0.4996,0.4892,20.017,0.2629,4.7093
52.2949,19.995,39.999,0.4999,0.4892,20.005,0.2889,6.3318
52.3272,20.058,39.999,0.5015,0.4892,19.941,0.2973,9.3191
52.3612,20.048,39.999,0.5012,0.4892,19.951,0.278,2.8234
52.3917,19.997,39.999,0.4999,0.4892,20.002,0.4186,4.0896
52.4229,19.973,39.999,0.4993,0.4892,20.027,0.1388,4.6064
52.4551,20.036,39.999,0.5009,0.4892,19.963,0.1535,6.7715
52.4868,19.993,39.999,0.4998,0.4892,20.006,0.1532,7.9963
52.5193,19.986,39.999,0.4997,0.4892,20.013,0.1375,1.2863
52.5506,19.994,39.999,0.4998,0.4892,20.006,0.1495,2.8453
52.5825,20.007,39.999,0.5002,0.4892,19.992,0.1419,3.9999
52.6151,19.971,39.999,0.4993,0.4892,20.028,0.1502,6.8253
52.6466,20.022,39.999,0.5006,0.4892,19.977,0.1778,8.335
52.6795,20.013,39.999,0.5003,0.4892,19.987,0.1501,0.8009
52.7116,19.973,39.999,0.4993,0.4892,20.027,0.2953,3.306
52.7429,19.954,40.0,0.4989,0.4892,20.045,0.2911,4.5986
52.7752,20.037,40.0,0.5009,0.4892,19.962,0.3342,6.5684
52.8067,19.974,40.0,0.4994,0.4892,20.025,0.1558,8.2094
52.8392,20.004,40.0,0.5001,0.4892,19.996,0.1348,1.2295
52.8734,19.988,40.0,0.4997,0.4892,20.012,0.135,1.32
52.9026,20.046,40.0,0.5011,0.4892,19.954,0.1549,4.1443
52.9352,19.997,40.0,0.4999,0.4892,20.003,0.2632,7.1284
52.9666,19.984,40.0,0.4996,0.4892,20.016,0.2697,7.562
52.9999,19.968,40.0,0.4992,0.4892,20.031,0.2031,1.0881
53.0308,19.983,40.0,0.4996,0.4892,20.016,0.238,2.2236
53.0629,19.988,40.0,0.4997,0.4892,20.012,0.3654,4.5639
53.0958,20.048,40.0,0.5012,0.4892,19.952,0.3548,7.59
53.1278,20.061,40.0,0.5015,0.4892,19.938,0.3235,9.2192
53.1614,20.103,40.0,0.5026,0.4892,19.897,0.3438,3.1639
53.1908,20.072,40.0,0.5018,0.4892,19.927,0.1523,2.629
53.2231,20.227,40.0,0.5057,0.4892,19.772,0.1528,4.5445
53.2548,20.358,40.0,0.509,0.4892,19.641,0.1399,6.6914
53.2867,20.459,40.0,0.5115,0.5003,19.54,0.431,8.0688
53.319,20.599,40.0,0.515,0.5003,19.4,0.1354,0.602
53.351,20.783,40.0,0.5196,0.5003,19.217,0.152,2.6585
53.3827,20.904,40.0,0.5226,0.5115,19.096,0.4241,4.0646
53.4147,21.071,40.0,0.5268,0.5115,18.928,0.1575,6.5698
53.4468,21.288,40.0,0.5322,0.5218,18.712,0.4698,9.0939
53.4793,21.592,40.0,0.5398,0.5218,18.408,0.1592,0.7577
53.5121,21.761,40.0,0.544,0.5329,18.239,0.8741,3.5951
53.543,22.076,40.0,0.5519,0.5329,17.924,0.3547,5.2804
53.5766,22.235,40.0,0.5559,0.5444,17.764,1.531,7.7566
53.6066,22.484,40.0,0.5621,0.5444,17.515,0.1891,8.5832
53.6396,22.81,40.0,0.5702,0.5573,17.19,0.4483,1.0134
53.6703,22.948,40.0,0.5737,0.5573,17.052,0.1841,1.7633
53.703,23.207,40.0,0.5802,0.5688,16.793,0.4717,4.9344
53.735,23.463,40.0,0.5866,0.5688,16.537,0.2749,6.9503
53.7677,23.711,40.0,0.5928,0.5808,16.288,0.7931,9.2227
53.7997,23.965,40.0,0.5991,0.5808,16.035,0.2535,1.1722
53.8319,24.114,40.0,0.6029,0.5918,15.886,1.0191,3.4763
53.863,24.332,40.0,0.6083,0.5918,15.668,0.29,4.224
53.896,24.498,40.0,0.6124,0.6021,15.502,1.143,7.2948
53.9275,24.716,40.0,0.6179,0.6021,15.284,0.5166,9.1475
53.9617,24.995,40.0,0.6249,0.6135,15.005,1.5432,2.9205
53.9921,25.167,40.0,0.6292,0.6135,14.832,0.3929,3.5993
54.0232,25.441,40.0,0.636,0.6248,14.559,0.7303,4.4949
54.0544,25.617,40.0,0.6404,0.6248,14.382,0.172,5.8987
54.0879,25.813,40.0,0.6453,0.635,14.187,0.8414,8.915
54.1193,25.998,40.0,0.65,0.635,14.002,0.1653,1.4399
54.1508,26.209,40.0,0.6552,0.6451,13.791,0.603,2.3529
54.1828,26.422,40.0,0.6605,0.6451,13.578,0.1716,4.0483
54.2151,26.598,40.0,0.665,0.6451,13.402,0.1882,6.9126
54.247,26.744,40.0,0.6686,0.6569,13.256,0.4851,8.7763
54.28,26.987,40.0,0.6747,0.6569,13.013,0.2391,1.0684
54.3109,27.149,40.0,0.6787,0.6678,12.851,0.5629,2.3519
54.3434,27.278,40.0,0.682,0.6678,12.722,0.3654,4.9362
54.3798,27.376,40.0,0.6844,0.6678,12.624,5.2293,11.4802
54.4064,27.507,40.0,0.6877,0.6678,12.493,0.1823,7.6129
54.4396,27.902,40.0,0.6975,0.6827,12.098,0.418,0.995
54.4707,27.955,40.0,0.6989,0.6827,12.045,0.3277,2.7155
54.5036,28.148,40.0,0.7037,0.6932,11.852,0.5461,4.8977
54.5346,28.165,40.0,0.7041,0.6932,11.835,0.2686,6.6563
54.5673,28.341,40.0,0.7085,0.6932,11.659,0.3229,8.9244
54.6,28.679,40.0,0.717,0.7051,11.321,0.7426,1.6734
54.6309,28.858,40.0,0.7215,0.7051,11.142,0.3999,2.7653
54.6635,29.018,40.0,0.7254,0.7153,10.983,0.9233,5.1204
54.6951,29.163,40.0,0.7291,0.7153,10.837,0.3078,6.6278
54.7274,29.378,40.0,0.7344,0.7153,10.623,0.3452,8.9746
54.7604,29.264,40.0,0.7316,0.7153,10.737,0.3264,1.8156
54.7932,29.527,40.0,0.7382,0.7267,10.473,2.2379,5.1684
54.8229,29.635,40.0,0.7409,0.7267,10.365,0.1768,4.9238
54.855,29.889,40.0,0.7472,0.737,10.111,0.5394,6.4931
54.8872,29.897,40.0,0.7474,0.737,10.103,0.1856,8.3099
54.9192,29.868,40.0,0.7467,0.737,10.132,0.1772,0.8283
54.9503,29.975,40.0,0.7494,0.737,10.025,0.175,1.9154
54.9825,30.188,40.0,0.7547,0.737,9.812,0.1857,3.5754
55.0155,30.293,40.0,0.7573,0.7471,9.708,0.4983,6.9866
55.0469,30.625,40.0,0.7656,0.7471,9.375,0.222,8.212
55.0801,31.384,40.0,0.7846,0.7659,8.616,0.5324,1.233
55.1127,31.517,40.0,0.7879,0.7769,8.483,0.9985,4.2019
55.1432,31.535,40.0,0.7884,0.7769,8.465,0.374,4.5739
55.1762,31.694,40.0,0.7923,0.7769,8.306,0.5845,7.9255
55.2066,31.677,40.0,0.7919,0.7769,8.323,0.1757,7.8603
55.239,31.788,40.0,0.7947,0.7769,8.212,0.1706,0.7256
55.2707,31.971,40.0,0.7993,0.7881,8.03,0.4404,2.5395
55.3033,32.319,40.0,0.808,0.7881,7.681,0.1779,4.4833
55.3357,32.501,40.0,0.8125,0.8003,7.5,0.7566,7.5289
55.367,32.618,40.0,0.8154,0.8003,7.382,0.3107,8.2608
55.4007,32.632,40.0,0.8158,0.8003,7.368,0.2462,1.2956
55.431,32.785,40.0,0.8196,0.8003,7.216,0.319,2.7287
55.4634,33.126,40.0,0.8281,0.8142,6.875,0.761,3.2661
55.4958,33.34,40.0,0.8335,0.8142,6.66,0.4079,7.4592
55.5296,33.493,40.0,0.8373,0.8258,6.507,0.9805,11.6601
55.5604,33.515,40.0,0.8379,0.8258,6.486,0.2991,1.6417
55.5908,33.743,40.0,0.8436,0.8258,6.257,0.2522,3.0012
55.6227,34.041,40.0,0.851,0.8384,5.96,0.4625,4.2949
55.6547,34.257,40.0,0.8564,0.8384,5.743,0.1914,6.2798
55.6866,34.312,40.0,0.8578,0.8384,5.689,0.1856,8.3518
55.7201,34.516,40.0,0.8629,0.8506,5.484,0.4967,1.3395
55.7509,34.669,40.0,0.8667,0.8506,5.331,0.295,2.6279
55.7835,34.863,40.0,0.8716,0.8611,5.137,0.8528,5.1071
55.8152,34.993,40.0,0.8748,0.8611,5.007,0.3193,6.2797
55.8475,35.099,40.0,0.8775,0.8611,4.901,0.2972,9.0343
55.8823,35.448,40.0,0.8862,0.8737,4.552,0.8703,3.9728
55.9128,35.529,40.0,0.8882,0.8737,4.472,0.3736,3.4759
55.9434,35.603,40.0,0.8901,0.8737,4.397,0.3652,5.0985
55.9759,35.772,40.0,0.8943,0.884,4.228,0.8742,7.7703
56.0064,36.086,40.0,0.9021,0.884,3.914,0.174,7.9934
56.0394,36.167,40.0,0.9042,0.8941,3.833,0.4428,1.0234
56.0711,36.367,40.0,0.9092,0.8941,3.633,0.1851,3.1012
56.103,36.655,40.0,0.9164,0.9052,3.345,0.4997,4.3043
56.1353,36.686,40.0,0.9171,0.9052,3.314,0.2784,6.5428
56.1672,36.821,40.0,0.9205,0.9052,3.179,0.2912,7.4444
56.2009,37.149,40.0,0.9287,0.917,2.852,1.1176,2.1035
56.2311,37.184,40.0,0.9296,0.917,2.816,0.2775,2.6501
56.2632,37.446,40.0,0.9361,0.917,2.555,0.3497,4.4705
56.2959,37.626,40.0,0.9406,0.9288,2.374,0.8793,7.3001
56.3275,37.693,40.0,0.9423,0.9288,2.307,0.3579,8.9152
56.3613,37.98,40.0,0.9495,0.9391,2.021,0.8199,2.2515
56.3919,38.094,40.0,0.9523,0.9391,1.907,0.6341,3.4587
56.4227,38.209,40.0,0.9552,0.9391,1.791,0.1685,4.8853
56.4556,38.494,40.0,0.9623,0.9507,1.506,0.4667,7.2763
56.4872,38.599,40.0,0.965,0.9507,1.401,0.192,8.3039
56.5193,38.869,40.0,0.9717,0.9612,1.131,0.403,1.0384
56.5504,38.977,40.0,0.9744,0.9612,1.023,0.1847,1.9493
56.5829,39.099,40.0,0.9775,0.9612,0.901,0.1781,4.2996
56.6152,39.317,40.0,0.9829,0.9721,0.684,0.5186,16.3442
56.6467,39.455,40.0,0.9864,0.9721,0.545,0.2199,8.8151
56.6804,39.741,40.0,0.9935,0.9828,0.259,0.543,1.7182
56.7126,39.816,40.0,0.9954,0.9828,0.184,0.398,3.7356
56.7435,40.028,40.0,1.0007,0.9828,0.027,0.4319,5.2048
56.7764,40.234,40.0,1.0058,0.9943,0.233,1.3448,7.6257
56.8063,40.257,40.0,1.0064,0.9943,0.257,0.1802,7.5458
56.8391,40.459,40.0,1.0115,0.9943,0.459,0.1631,0.7072
56.8705,40.495,40.0,1.0124,0.9943,0.495,0.1646,1.9415
56.9035,40.824,40.0,1.0206,1.0075,0.824,1.1414,4.6929
56.9354,40.858,40.0,1.0214,1.0075,0.858,0.2657,6.9901
56.967,40.695,40.0,1.0174,1.0075,0.694,0.2892,8.4433
56.9999,40.885,40.0,1.0221,1.0075,0.885,0.2756,1.2233
57.0309,40.829,40.0,1.0207,1.0075,0.829,0.2895,2.6107
57.0633,40.932,40.0,1.0233,1.0075,0.931,0.3199,4.6441
57.0956,40.921,40.0,1.023,1.0075,0.921,0.3987,7.0287
57.128,40.901,40.0,1.0225,1.0075,0.9,0.4624,9.9212
57.1606,40.847,40.0,1.0212,1.0075,0.847,0.3901,1.7771
57.1905,40.856,40.0,1.0214,1.0075,0.856,0.1569,2.7828
57.223,40.777,40.0,1.0194,1.0075,0.777,0.1727,4.9846
57.2544,40.716,40.0,1.0179,1.0075,0.716,0.1535,5.9891
57.2865,40.686,40.0,1.0171,1.0075,0.686,0.1673,7.9502
57.319,40.658,40.0,1.0164,1.0075,0.658,0.15,0.7808
57.3502,40.534,40.0,1.0133,1.0075,0.534,0.1717,1.7501
57.3826,40.417,40.0,1.0104,1.0075,0.417,0.1624,4.3973
57.4145,40.437,40.0,1.0109,1.0075,0.436,0.1643,6.0382
57.4466,40.286,40.0,1.0071,1.0075,0.286,0.2095,8.7328
57.4801,40.284,40.0,1.0071,1.0075,0.283,0.1684,0.9788
57.5125,40.143,40.0,1.0036,1.0075,0.142,0.3936,4.055
57.5435,40.161,40.0,1.004,1.0075,0.161,0.4116,5.3806
57.5751,40.034,40.0,1.0009,1.0075,0.034,0.6225,6.9249
57.6067,40.016,40.0,1.0004,1.0075,0.016,0.1613,7.7273
57.6395,39.967,40.0,0.9992,1.0075,0.033,0.1694,1.4983
57.6708,39.899,40.0,0.9975,1.0075,0.101,0.1652,2.0287
57.7043,39.963,40.0,0.9991,1.0075,0.037,0.1585,6.1836
57.7352,39.886,40.0,0.9972,1.0075,0.114,0.2715,6.4953
57.7669,39.819,40.0,0.9955,1.0075,0.181,0.2787,7.8466
57.8001,39.89,40.0,0.9972,1.0075,0.11,0.2365,1.2294
57.8309,39.867,40.0,0.9967,1.0075,0.133,0.2592,2.5071
57.8628,39.832,40.0,0.9958,1.0075,0.168,0.2972,3.3946
57.8956,39.835,40.0,0.9959,1.0075,0.165,0.358,7.5447
57.928,39.768,40.0,0.9942,1.0075,0.232,0.4842,10.1261
57.9607,39.905,40.0,0.9976,1.0075,0.095,0.4157,2.1794
57.9905,39.891,40.0,0.9973,1.0075,0.109,0.1593,2.7716
58.0225,39.779,40.0,0.9945,1.0075,0.221,0.1578,3.8164
58.0544,39.902,40.0,0.9975,1.0075,0.099,0.1599,6.0353
58.0869,39.789,40.0,0.9947,1.0075,0.211,0.1563,7.1634
58.1194,39.916,40.0,0.9979,1.0075,0.084,0.1462,0.7412
58.1503,39.807,40.0,0.9952,1.0075,0.193,0.1557,1.6979
58.1827,39.922,40.0,0.9981,1.0075,0.078,0.1603,3.55
58.2151,39.963,40.0,0.9991,1.0075,0.038,0.1672,5.6579
58.2467,39.863,40.0,0.9966,1.0075,0.137,0.206,8.6005
58.2802,39.819,40.0,0.9955,1.0075,0.182,0.2053,1.2341
58.3123,39.838,40.0,0.9959,1.0075,0.162,0.328,4.1961
58.3434,40.028,40.0,1.0007,1.0075,0.028,0.3537,5.4736
58.375,39.992,40.0,0.9998,1.0075,0.009,0.64,6.9091
58.4072,39.918,40.0,0.998,1.0075,0.082,0.1714,8.7673
58.4394,39.929,40.0,0.9982,1.0075,0.071,0.1527,1.5125
58.4704,39.912,40.0,0.9978,1.0075,0.088,0.1568,2.2569
58.5028,40.102,40.0,1.0026,1.0075,0.102,0.1831,4.7599
58.535,39.997,40.0,0.9999,1.0075,0.003,0.2652,6.8378
58.5674,40.003,40.0,1.0001,1.0075,0.003,0.2674,6.8799
58.6004,39.914,40.0,0.9978,1.0075,0.086,0.2706,2.4397
58.631,40.041,40.0,1.001,1.0075,0.041,0.2609,2.5681
58.663,40.073,40.0,1.0018,1.0075,0.073,0.3068,3.0615
58.6956,39.982,40.0,0.9996,1.0075,0.018,0.3527,7.1556
58.7276,40.051,40.0,1.0013,1.0075,0.051,0.334,9.861
58.7611,39.959,40.0,0.999,1.0075,0.041,0.3185,1.955
58.7914,40.053,40.0,1.0013,1.0075,0.053,0.3165,3.0707
58.8226,39.948,40.0,0.9987,1.0075,0.052,0.1539,4.776
58.8544,39.913,40.0,0.9978,1.0075,0.087,0.1526,5.9012
58.887,40.094,40.0,1.0023,1.0075,0.094,0.1663,8.8832
58.9193,40.045,40.0,1.0011,1.0075,0.045,0.1519,1.4202
58.9508,40.05,40.0,1.0012,1.0075,0.05,0.1701,3.0029
58.9824,40.014,40.0,1.0003,1.0075,0.014,0.1577,3.2592
59.0148,39.955,40.0,0.9989,1.0075,0.045,0.1638,5.8858
59.0467,40.092,40.0,1.0023,1.0075,0.092,0.2019,8.5432
59.0803,40.058,40.0,1.0015,1.0075,0.058,0.1797,1.4334
59.1138,40.044,40.0,1.0011,1.0075,0.044,0.2402,5.0868
59.1434,39.912,40.0,0.9978,1.0075,0.088,0.3642,5.048
59.1764,39.997,40.0,0.9999,1.0075,0.003,0.583,8.1288
59.2068,40.033,40.0,1.0008,1.0075,0.033,0.1614,7.9534
59.2392,40.051,40.0,1.0013,1.0075,0.051,0.1453,0.687
59.2712,40.027,40.0,1.0007,1.0075,0.027,0.1549,3.2981
59.3028,39.901,40.0,0.9975,1.0075,0.099,0.2086,3.8791
59.3345,39.962,40.0,0.999,1.0075,0.038,0.249,6.1468
59.3676,39.985,40.0,0.9996,1.0075,0.015,0.2834,9.0169
59.4004,40.019,40.0,1.0005,1.0075,0.019,0.1564,2.3236
59.4321,40.02,40.0,1.0005,1.0075,0.02,1.5946,3.8587
59.4632,39.956,40.0,0.9989,1.0075,0.044,0.3136,4.25
59.4952,40.007,40.0,1.0002,1.0075,0.007,0.3736,7.2329
59.5279,39.965,40.0,0.9991,1.0075,0.035,0.4041,10.0304
59.5629,40.052,40.0,1.0013,1.0075,0.052,0.3605,4.3111
59.5907,39.935,40.0,0.9984,1.0075,0.065,0.1835,2.9366
59.6232,40.009,40.0,1.0002,1.0075,0.009,0.1752,5.108
59.6546,40.022,40.0,1.0006,1.0075,0.022,0.1636,6.1464
59.6867,39.934,40.0,0.9984,1.0075,0.066,0.1668,6.5192
59.7195,40.032,40.0,1.0008,1.0075,0.032,0.1557,1.5962
59.7505,39.918,40.0,0.998,1.0075,0.082,0.1587,1.9983
59.7831,40.008,40.0,1.0002,1.0075,0.008,0.1588,4.8491
59.8148,40.016,40.0,1.0004,1.0075,0.016,0.165,6.1213
59.8468,39.96,40.0,0.999,1.0075,0.04,0.1984,8.4883
59.8815,39.866,40.0,0.9966,1.0075,0.134,0.2089,3.2201
59.9132,39.95,40.0,0.9988,1.0075,0.05,0.4453,3.8463
59.9434,40.019,40.0,1.0005,1.0075,0.019,0.3729,4.7882
59.9757,39.952,40.0,0.9988,1.0075,0.048,0.9588,7.5494
60.0067,39.987,40.0,0.9997,1.0075,0.013,0.1596,7.7287
60.0389,39.896,40.0,0.9974,1.0075,0.104,0.1464,0.7432
60.0704,40.024,40.0,1.0006,1.0075,0.024,0.1646,2.0105
60.1028,40.024,40.0,1.0006,1.0075,0.024,0.2457,3.9767
60.1354,39.943,40.0,0.9986,1.0075,0.057,0.2467,7.0603
60.1675,40.1,40.0,1.0025,1.0075,0.1,0.2778,8.8614
60.2,39.964,40.0,0.9991,1.0075,0.036,0.2705,1.2398
60.2308,40.051,40.0,1.0013,1.0075,0.051,0.293,2.6188
60.2629,39.997,40.0,0.9999,1.0075,0.003,0.3585,4.1873
60.2954,39.944,40.0,0.9986,1.0075,0.056,0.3707,6.7442
60.3277,40.049,40.0,1.0012,1.0075,0.049,0.328,9.6858
60.3614,39.924,40.0,0.9981,1.0075,0.076,0.3732,2.1846
60.3908,40.011,40.0,1.0003,1.0075,0.011,0.1694,2.8773
60.4225,39.826,40.0,0.9957,1.0075,0.174,0.1564,3.9215
60.4551,40.009,40.0,1.0002,1.0075,0.009,0.1584,7.0278
60.4869,40.037,40.0,1.0009,1.0075,0.037,0.1567,8.6774
60.5192,40.017,40.0,1.0004,1.0075,0.017,0.1421,0.724
60.5505,40.04,40.0,1.001,1.0075,0.04,0.1563,1.9671
60.5825,40.024,40.0,1.0006,1.0075,0.024,0.1595,3.3727
60.615,39.978,40.0,0.9995,1.0075,0.022,0.1717,6.1193
60.6468,40.063,40.0,1.0016,1.0075,0.063,0.1955,8.5272
60.6807,40.062,40.0,1.0015,1.0075,0.062,0.1777,2.4696
60.7128,39.996,40.0,0.9999,1.0075,0.004,0.36,4.0126
60.7435,39.947,40.0,0.9987,1.0075,0.052,0.383,5.8322
60.7746,40.041,40.0,1.001,1.0075,0.041,0.4011,6.4423
60.8064,40.052,40.0,1.0013,1.0075,0.052,0.1663,7.7939
60.8393,40.002,40.0,1.0,1.0075,0.002,0.1519,0.7404
60.8704,39.998,40.0,0.9999,1.0075,0.002,0.1608,2.0888
60.9031,39.983,40.0,0.9996,1.0075,0.017,0.2044,4.3314
60.9348,40.001,40.0,1.0,1.0075,0.001,0.2451,6.2483
60.9673,39.945,40.0,0.9986,1.0075,0.054,0.2693,8.0167
61.0002,40.065,40.0,1.0016,1.0075,0.065,0.2607,1.2689
61.0306,39.941,40.0,0.9985,1.0075,0.059,0.1682,2.1046
61.0627,40.017,40.0,1.0004,1.0075,0.017,0.3737,4.0253
61.0957,40.054,40.0,1.0014,1.0075,0.054,0.3534,7.4435
61.1276,39.971,40.0,0.9993,1.0075,0.029,0.3057,8.9574
61.1608,40.032,40.0,1.0008,1.0075,0.032,0.4076,1.9835
61.1915,39.885,40.0,0.9971,1.0075,0.115,0.3689,3.4295
61.2224,39.94,40.0,0.9985,1.0075,0.06,0.1588,3.99
61.2549,40.053,40.0,1.0013,1.0075,0.053,0.1642,6.3463
61.2866,39.988,40.0,0.9997,1.0075,0.012,0.1638,8.5076
61.3193,39.986,40.0,0.9997,1.0075,0.014,0.1426,0.7056
61.3503,39.951,40.0,0.9988,1.0075,0.049,0.1556,1.9502
61.383,40.05,40.0,1.0012,1.0075,0.05,0.162,4.8855
61.4152,40.01,40.0,1.0002,1.0075,0.01,0.1641,6.7251
61.4468,39.989,40.0,0.9997,1.0075,0.011,0.2001,7.8629
61.4807,39.948,40.0,0.9987,1.0075,0.052,0.1826,2.6014
61.5125,39.994,40.0,0.9998,1.0075,0.006,0.3647,3.8601
61.5435,39.915,40.0,0.9979,1.0075,0.084,0.4271,5.4481
61.5759,39.987,40.0,0.9997,1.0075,0.012,0.6574,7.1296
61.6072,40.053,40.0,1.0013,1.0075,0.053,0.1875,8.7242
61.6392,39.944,40.0,0.9986,1.0075,0.056,0.1511,0.7666
61.6706,40.082,40.0,1.0021,1.0075,0.082,0.1653,2.1436
61.7031,40.013,40.0,1.0003,1.0075,0.013,0.1587,4.6131
61.7353,39.952,40.0,0.9988,1.0075,0.048,0.2532,6.638
61.7673,40.082,40.0,1.0021,1.0075,0.082,0.2896,9.0656
61.8007,39.98,40.0,0.9995,1.0075,0.02,0.2531,2.7486
61.8315,40.026,40.0,1.0007,1.0075,0.026,0.3059,3.1995
61.8635,39.962,40.0,0.999,1.0075,0.038,0.3835,4.383
61.8953,39.914,40.0,0.9979,1.0075,0.086,0.334,7.1898
61.9279,40.072,40.0,1.0018,1.0075,0.072,0.4021,10.1134
61.9638,40.018,40.0,1.0005,1.0075,0.018,1.2275,5.4254
61.9911,40.031,40.0,1.0008,1.0075,0.031,0.2245,3.1414
62.0227,39.879,40.0,0.997,1.0075,0.121,0.167,4.0443
62.0547,39.969,40.0,0.9992,1.0075,0.031,0.1659,6.2329
62.0873,40.022,40.0,1.0005,1.0075,0.022,0.1671,9.0043
62.1195,40.077,40.0,1.0019,1.0075,0.077,0.159,0.7881
62.1503,40.06,40.0,1.0015,1.0075,0.06,0.1673,1.8906
62.1833,40.001,40.0,1.0,1.0075,0.001,0.1626,4.6557
62.2152,40.048,40.0,1.0012,1.0075,0.048,0.1783,6.8067
62.247,39.961,40.0,0.999,1.0075,0.039,0.2008,8.7041
62.2807,40.087,40.0,1.0022,1.0075,0.087,0.2085,2.5567
62.3125,39.889,40.0,0.9972,1.0075,0.11,0.3614,4.1306
62.3435,40.022,40.0,1.0006,1.0075,0.022,0.392,5.3393
62.3756,40.014,40.0,1.0004,1.0075,0.014,0.4254,6.8446
62.4065,39.95,40.0,0.9988,1.0075,0.05,0.1633,7.6317
62.4388,39.969,40.0,0.9992,1.0075,0.031,0.1489,0.6952
62.4704,39.926,40.0,0.9981,1.0075,0.074,0.1581,1.9113
62.5025,39.988,40.0,0.9997,1.0075,0.012,0.1647,3.6908
62.5353,40.106,40.0,1.0027,1.0075,0.106,0.2707,6.9038
62.5668,39.945,40.0,0.9986,1.0075,0.055,0.2934,7.9639
62.6002,40.006,40.0,1.0001,1.0075,0.006,0.2358,1.2245
62.6314,39.92,40.0,0.998,1.0075,0.08,0.271,2.846
62.6636,40.11,40.0,1.0027,1.0075,0.11,0.3748,4.9046
62.6953,40.013,40.0,1.0003,1.0075,0.013,0.3702,6.8305
62.73,39.919,40.0,0.998,1.0075,0.081,3.0189,11.7675
62.7614,40.004,40.0,1.0001,1.0075,0.004,0.3251,2.6419
62.7907,39.968,40.0,0.9992,1.0075,0.032,0.2264,2.8698
62.8224,40.044,40.0,1.0011,1.0075,0.044,0.1577,3.9588
62.8547,39.978,40.0,0.9995,1.0075,0.022,0.1629,6.1715
62.8871,39.952,40.0,0.9988,1.0075,0.048,0.1618,8.7247
62.9196,39.937,40.0,0.9984,1.0075,0.063,0.1648,1.7312
62.9502,39.971,40.0,0.9993,1.0075,0.029,0.1611,1.7564
62.9831,40.007,40.0,1.0002,1.0075,0.007,0.1627,4.2698
63.0145,39.93,40.0,0.9983,1.0075,0.07,0.181,6.0923
63.0468,40.024,40.0,1.0006,1.0075,0.024,0.1922,9.0245
63.08,39.963,40.0,0.9991,1.0075,0.037,0.1857,1.2219
63.1134,39.936,40.0,0.9984,1.0075,0.064,0.2466,4.4969
63.1436,39.947,40.0,0.9987,1.0075,0.053,0.5876,5.2306
63.1744,39.94,40.0,0.9985,1.0075,0.06,0.1652,5.7164
63.2069,40.075,40.0,1.0019,1.0075,0.075,0.1627,8.7668
63.2389,39.999,40.0,1.0,1.0075,0.001,0.1464,0.7233
63.2714,40.067,40.0,1.0017,1.0075,0.067,0.2364,3.4037
63.303,39.887,40.0,0.9972,1.0075,0.113,0.1596,4.8704
63.3351,39.999,40.0,1.0,1.0075,0.001,0.2508,6.7584
63.3674,40.131,40.0,1.0033,1.0075,0.131,0.2858,8.9252
63.4016,39.998,40.0,0.9999,1.0075,0.002,0.2707,3.3353
63.4314,40.065,40.0,1.0016,1.0075,0.065,0.2609,3.0884
63.4631,39.958,40.0,0.9989,1.0075,0.042,0.3022,3.864
63.4953,39.989,40.0,0.9997,1.0075,0.011,0.307,7.0726
63.5276,40.02,40.0,1.0005,1.0075,0.02,0.3467,9.3249
63.5622,40.066,40.0,1.0017,1.0075,0.066,0.3055,1.5419
63.5907,40.05,40.0,1.0013,1.0075,0.05,0.2168,2.8409
63.6225,39.987,40.0,0.9997,1.0075,0.013,0.1606,4.0299
63.6549,40.015,40.0,1.0004,1.0075,0.015,0.1634,7.1057
63.6867,39.901,40.0,0.9975,1.0075,0.099,0.1616,7.3623
63.7192,40.068,40.0,1.0017,1.0075,0.068,0.1514,0.814
63.7513,40.023,40.0,1.0006,1.0075,0.023,0.1632,3.1471
63.783,40.002,40.0,1.0,1.0075,0.002,0.1633,4.7714
63.8149,40.029,40.0,1.0007,1.0075,0.029,0.1722,6.7898
63.8469,39.964,40.0,0.9991,1.0075,0.036,0.1969,8.3671
63.8799,40.052,40.0,1.0013,1.0075,0.052,0.1906,1.1241
63.9128,39.959,40.0,0.999,1.0075,0.041,0.3501,4.0678
63.9436,40.03,40.0,1.0008,1.0075,0.03,0.4588,5.7973
63.9745,40.015,40.0,1.0004,1.0075,0.015,0.3493,6.5176
64.0072,39.912,40.0,0.9978,1.0075,0.088,0.1968,9.0717
64.0394,40.009,40.0,1.0002,1.0075,0.009,0.1633,1.5953
64.0703,39.965,40.0,0.9991,1.0075,0.035,0.1669,2.3428
64.1114,40.045,40.0,1.0011,1.0075,0.045,1.0295,12.701
64.1353,39.992,40.0,0.9998,1.0075,0.008,0.2557,6.882
64.1674,39.954,40.0,0.9989,1.0075,0.046,0.2824,8.7311
64.2004,39.955,40.0,0.9989,1.0075,0.045,0.2537,2.2347
64.2308,39.967,40.0,0.9992,1.0075,0.033,0.3822,2.5637
64.2637,40.039,40.0,1.001,1.0075,0.039,0.277,5.0571
64.2954,39.986,40.0,0.9996,1.0075,0.014,0.303,7.4033
64.3275,40.005,40.0,1.0001,1.0075,0.005,0.3562,9.5119
64.3617,39.987,40.0,0.9997,1.0075,0.013,0.4475,2.716
64.3918,40.0,40.0,1.0,1.0075,0.0,0.4427,3.354
64.4231,40.004,40.0,1.0001,1.0075,0.004,0.1429,4.8307
64.4547,39.885,40.0,0.9971,1.0075,0.115,0.1452,6.8855
64.4874,40.017,40.0,1.0004,1.0075,0.017,0.6057,8.6451
64.5186,39.975,40.0,0.9994,1.0075,0.025,0.1371,0.709
64.5506,40.017,40.0,1.0004,1.0075,0.017,0.1436,2.8813
64.583,39.976,40.0,0.9994,1.0075,0.024,0.1489,4.0176
64.6149,39.966,40.0,0.9991,1.0075,0.034,0.1529,6.7991
64.6471,40.03,40.0,1.0008,1.0075,0.03,0.1803,6.9852
64.6795,39.988,40.0,0.9997,1.0075,0.012,0.1956,1.4614
64.7106,40.026,40.0,1.0007,1.0075,0.026,0.2921,1.7844
64.7435,39.888,40.0,0.9972,1.0075,0.112,0.3483,5.0543
64.7763,39.988,40.0,0.9997,1.0075,0.012,0.4904,7.4401
64.8065,40.057,40.0,1.0014,1.0075,0.057,0.1394,8.4807
64.8384,40.1,40.0,1.0025,1.0075,0.1,0.1267,0.5929
64.8708,40.009,40.0,1.0002,1.0075,0.009,0.1397,2.0369
64.9026,40.034,40.0,1.0008,1.0075,0.034,0.2073,4.2475
64.9346,40.03,40.0,1.0008,1.0075,0.03,0.1364,5.9364
64.9667,40.026,40.0,1.0006,1.0075,0.026,0.163,8.1653
64.9985,40.042,40.0,1.001,1.0075,0.042,0.1332,0.658
65.0307,39.997,40.0,0.9999,1.0075,0.003,0.1582,2.1844
65.063,39.983,40.0,0.9996,1.0075,0.017,0.2251,3.8024
65.0956,40.097,40.0,1.0024,1.0075,0.097,0.3051,7.3099
65.1271,39.96,40.0,0.999,1.0075,0.04,0.3503,8.7536
65.1613,40.036,40.0,1.0009,1.0075,0.036,0.611,2.2779
65.1912,39.95,40.0,0.9987,1.0075,0.05,0.1835,2.842
65.2228,39.944,40.0,0.9986,1.0075,0.056,0.1356,4.8764
65.2549,40.106,40.0,1.0027,1.0075,0.106,0.1515,6.0989
65.2864,39.922,40.0,0.998,1.0075,0.078,0.1565,8.2401
65.3196,40.002,40.0,1.0001,1.0075,0.002,0.2275,1.0867
65.3512,39.972,40.0,0.9993,1.0075,0.028,0.2216,2.3225
65.3831,40.058,40.0,1.0015,1.0075,0.058,0.2274,4.3119
65.4148,40.071,40.0,1.0018,1.0075,0.071,0.2602,5.77
65.4476,39.975,40.0,0.9994,1.0075,0.025,0.2709,9.1853
65.4798,39.978,40.0,0.9995,1.0075,0.022,0.2335,1.4203
65.5109,39.993,40.0,0.9998,1.0075,0.007,0.3721,1.9728
65.5439,40.113,40.0,1.0028,1.0075,0.113,0.4318,5.613
65.5788,40.036,40.0,1.0009,1.0075,0.036,0.3508,10.7442
65.6071,39.963,40.0,0.9991,1.0075,0.037,0.1396,8.5617
65.6389,39.947,40.0,0.9987,1.0075,0.053,0.1337,1.089
65.6738,39.995,40.0,0.9999,1.0075,0.005,0.1502,5.2801
65.7032,40.048,40.0,1.0012,1.0075,0.048,0.1839,4.6845
65.7351,39.956,40.0,0.9989,1.0075,0.044,0.2248,6.8971
65.7671,39.941,40.0,0.9985,1.0075,0.059,0.2653,8.0281
65.8,39.906,40.0,0.9976,1.0075,0.094,0.2464,1.1735
65.8313,39.992,40.0,0.9998,1.0075,0.008,0.2883,2.8647
65.8635,40.026,40.0,1.0006,1.0075,0.026,0.2888,4.963
65.8953,39.95,40.0,0.9987,1.0075,0.05,0.3027,6.6779
65.9278,40.069,40.0,1.0017,1.0075,0.069,0.389,9.1604
65.9607,39.952,40.0,0.9988,1.0075,0.048,0.3691,2.013
65.9903,40.158,40.0,1.004,1.0075,0.158,0.145,2.5458
66.0228,40.041,40.0,1.001,1.0075,0.041,0.1491,4.7223
66.0552,40.002,40.0,1.0,1.0075,0.002,0.1417,6.8111
66.0867,40.018,40.0,1.0004,1.0075,0.018,0.1402,8.4783
66.1191,40.019,40.0,1.0005,1.0075,0.019,0.1333,1.2962
66.1503,40.125,40.0,1.0031,1.0075,0.125,0.1598,1.891
66.1829,39.972,40.0,0.9993,1.0075,0.028,0.163,4.6093
66.2149,39.979,40.0,0.9995,1.0075,0.021,0.1525,6.4061
66.2467,40.007,40.0,1.0002,1.0075,0.007,0.1773,8.592
66.2807,40.022,40.0,1.0005,1.0075,0.022,0.1729,2.557
66.3127,40.023,40.0,1.0006,1.0075,0.023,0.3481,4.0662
66.3435,39.935,40.0,0.9984,1.0075,0.065,0.3772,15.1945
66.3758,39.989,40.0,0.9997,1.0075,0.011,0.4605,7.1974
66.4069,40.07,40.0,1.0017,1.0075,0.07,0.1487,8.8534
66.439,40.025,40.0,1.0006,1.0075,0.025,0.1306,0.6318
66.4712,40.023,40.0,1.0006,1.0075,0.023,0.1454,3.1443
66.5028,39.967,40.0,0.9992,1.0075,0.033,0.1996,4.8007
66.5352,40.041,40.0,1.001,1.0075,0.041,0.2322,6.8674
66.5675,40.01,40.0,1.0002,1.0075,0.01,0.2619,8.6328
66.6005,40.077,40.0,1.0019,1.0075,0.077,0.2399,2.4446
66.6307,39.991,40.0,0.9998,1.0075,0.009,0.2413,2.2814
66.6626,40.006,40.0,1.0001,1.0075,0.006,0.2862,3.2582
66.6954,40.028,40.0,1.0007,1.0075,0.028,0.2971,7.3144
66.7278,39.941,40.0,0.9985,1.0075,0.059,0.3766,9.6655
66.7616,40.0,40.0,1.0,1.0075,0.0,0.3076,3.1529
66.7913,39.927,40.0,0.9982,1.0075,0.073,0.2833,2.727
66.8232,40.052,40.0,1.0013,1.0075,0.052,0.1436,4.7221
66.8542,40.035,40.0,1.0009,1.0075,0.035,0.1418,5.7644
66.8863,39.959,40.0,0.999,1.0075,0.041,0.147,7.9357
66.9192,39.992,40.0,0.9998,1.0075,0.008,0.1354,1.3834
66.9512,39.914,40.0,0.9978,1.0075,0.086,0.1429,2.8142
66.9824,40.096,40.0,1.0024,1.0075,0.096,0.1449,3.8053
67.0161,40.109,40.0,1.0027,1.0075,0.109,1.2493,7.5062
67.0467,40.04,40.0,1.001,1.0075,0.04,0.1887,8.3274
67.0804,40.016,40.0,1.0004,1.0075,0.016,0.1668,2.4183
67.1129,39.995,40.0,0.9999,1.0075,0.005,0.3115,3.1538
67.1432,40.024,40.0,1.0006,1.0075,0.024,0.3089,3.1029
67.1776,39.948,40.0,0.9987,1.0075,0.052,0.3151,9.4545
67.2075,40.013,40.0,1.0003,1.0075,0.013,0.1666,9.4396
67.239,39.958,40.0,0.999,1.0075,0.042,0.1368,1.2633
67.271,40.006,40.0,1.0001,1.0075,0.006,0.1417,3.0402
67.3026,40.053,40.0,1.0013,1.0075,0.053,0.2256,3.6417
67.335,39.935,40.0,0.9984,1.0075,0.065,0.2329,6.8248
67.367,40.042,40.0,1.001,1.0075,0.042,0.2432,6.1828
67.4003,39.925,40.0,0.9981,1.0075,0.075,0.2349,2.1966
67.4304,40.059,40.0,1.0015,1.0075,0.059,0.1575,2.1643
67.4634,39.992,40.0,0.9998,1.0075,0.008,0.3029,4.6806
67.4955,39.943,40.0,0.9986,1.0075,0.057,0.3113,7.639
67.5281,40.054,40.0,1.0013,1.0075,0.054,0.3794,9.7553
67.5602,39.998,40.0,0.9999,1.0075,0.002,0.3996,1.7666
67.5905,39.991,40.0,0.9998,1.0075,0.009,0.1459,2.547
67.6232,39.955,40.0,0.9989,1.0075,0.045,0.1405,4.6404
67.6552,39.918,40.0,0.9979,1.0075,0.082,0.1458,6.3395
67.687,40.004,40.0,1.0001,1.0075,0.004,0.1441,8.4957
67.7197,40.027,40.0,1.0007,1.0075,0.027,0.2154,1.1251
67.7512,40.072,40.0,1.0018,1.0075,0.072,0.2259,2.2577
67.7831,39.954,40.0,0.9988,1.0075,0.046,0.2437,4.8228
67.8147,40.003,40.0,1.0001,1.0075,0.003,0.2619,6.5395
67.847,40.003,40.0,1.0001,1.0075,0.003,0.2576,9.0429
67.8806,39.993,40.0,0.9998,1.0075,0.007,0.2373,2.3873
67.9127,39.961,40.0,0.999,1.0075,0.039,0.3675,3.9345
67.9439,39.961,40.0,0.999,1.0075,0.039,0.5709,5.7626
67.9762,40.045,40.0,1.0011,1.0075,0.045,0.5262,7.6334
68.0063,40.002,40.0,1.0001,1.0075,0.002,0.1422,7.8239
68.0389,40.056,40.0,1.0014,1.0075,0.056,0.1351,1.2571
68.0712,40.051,40.0,1.0013,1.0075,0.051,0.1389,2.684
68.1024,40.022,40.0,1.0005,1.0075,0.022,0.14,3.8062
68.1347,40.127,40.0,1.0032,1.0075,0.127,0.156,6.5283
68.1668,39.916,40.0,0.9979,1.0075,0.084,0.1617,8.2715
68.1993,40.047,40.0,1.0012,1.0075,0.047,0.1367,0.7418
68.2304,39.992,40.0,0.9998,1.0075,0.008,0.1682,2.2231
68.2631,40.048,40.0,1.0012,1.0075,0.048,0.3299,4.6896
68.2952,39.968,40.0,0.9992,1.0075,0.032,0.3508,6.5454
68.3276,39.959,40.0,0.999,1.0075,0.041,0.3314,9.69
68.3624,39.992,40.0,0.9998,1.0075,0.008,0.335,3.8426
68.3909,39.953,40.0,0.9988,1.0075,0.047,0.1929,2.6301
68.4228,40.048,40.0,1.0012,1.0075,0.048,0.1445,3.9758
68.4546,40.009,40.0,1.0002,1.0075,0.009,0.1438,6.4144
68.487,39.916,40.0,0.9979,1.0075,0.084,0.2568,8.4649
68.5212,39.926,40.0,0.9981,1.0075,0.074,1.3544,3.1078
68.551,39.906,40.0,0.9976,1.0075,0.094,0.2761,2.0789
68.5833,40.029,40.0,1.0007,1.0075,0.029,0.245,4.7991
68.6152,40.005,40.0,1.0001,1.0075,0.005,0.2632,6.6321
68.6467,40.022,40.0,1.0006,1.0075,0.022,0.2617,8.7748
68.6811,39.938,40.0,0.9985,1.0075,0.062,0.2551,2.6078
68.712,40.001,40.0,1.0,1.0075,0.001,0.3788,3.366
68.7435,40.073,40.0,1.0018,1.0075,0.073,0.4347,4.8947
68.7744,39.95,40.0,0.9987,1.0075,0.05,0.2559,6.724
68.8072,40.03,40.0,1.0007,1.0075,0.03,0.1394,8.7809
68.8386,39.99,40.0,0.9998,1.0075,0.01,0.1285,0.577
68.8704,40.065,40.0,1.0016,1.0075,0.065,0.1392,2.5907
68.9025,39.998,40.0,0.9999,1.0075,0.002,0.1408,3.7962
68.9351,39.985,40.0,0.9996,1.0075,0.015,0.1494,6.6718
68.9668,40.034,40.0,1.0009,1.0075,0.034,0.1515,7.525
68.9994,39.961,40.0,0.999,1.0075,0.039,0.1427,0.7622
69.0305,40.046,40.0,1.0012,1.0075,0.046,0.1656,2.2954
69.0632,39.973,40.0,0.9993,1.0075,0.027,0.2049,2.9547
69.0956,39.989,40.0,0.9997,1.0075,0.011,0.3017,2.8797
69.1275,40.064,40.0,1.0016,1.0075,0.064,0.2868,9.2046
69.1629,40.024,40.0,1.0006,1.0075,0.024,0.2961,3.3564
69.1912,39.986,40.0,0.9997,1.0075,0.014,0.1437,2.6367
69.2227,39.897,40.0,0.9974,1.0075,0.103,0.1611,4.4143
69.2552,39.961,40.0,0.999,1.0075,0.039,0.1732,7.0512
69.2883,40.053,40.0,1.0013,1.0075,0.053,0.1687,9.8107
69.3197,40.067,40.0,1.0017,1.0075,0.067,0.245,1.2683
69.3516,39.934,40.0,0.9984,1.0075,0.066,0.2623,2.6994
69.3828,39.946,40.0,0.9987,1.0075,0.054,0.2638,4.1539
69.4155,40.023,40.0,1.0006,1.0075,0.023,0.2839,6.898
69.4475,40.004,40.0,1.0001,1.0075,0.004,0.284,9.1694
69.4812,39.993,40.0,0.9998,1.0075,0.007,0.2675,2.7127
69.5135,39.981,40.0,0.9995,1.0075,0.019,0.3298,3.8718
69.5472,40.006,40.0,1.0001,1.0075,0.006,3.8515,8.7856
69.5756,40.003,40.0,1.0001,1.0075,0.003,0.643,7.6314
69.6066,39.94,40.0,0.9985,1.0075,0.06,0.1578,8.0458
69.6392,39.996,40.0,0.9999,1.0075,0.004,0.1435,0.6918
69.6707,39.963,40.0,0.9991,1.0075,0.037,0.1543,2.9461
69.7029,40.11,40.0,1.0028,1.0075,0.11,0.1721,4.1835
69.7344,40.069,40.0,1.0017,1.0075,0.069,0.1816,5.9092
69.7669,39.995,40.0,0.9999,1.0075,0.005,0.1733,7.7457
69.7995,39.932,40.0,0.9983,1.0075,0.068,0.1507,1.6604
69.8307,39.964,40.0,0.9991,1.0075,0.036,0.1692,2.2294
69.8633,40.024,40.0,1.0006,1.0075,0.024,0.3001,3.7331
69.8951,40.02,40.0,1.0005,1.0075,0.02,0.3505,6.4326
69.9279,39.997,40.0,0.9999,1.0075,0.003,0.39,9.8142
69.9613,39.946,40.0,0.9987,1.0075,0.054,0.335,1.8696
69.9913,39.992,40.0,0.9998,1.0075,0.008,0.3122,3.0465
70.0225,40.048,40.0,1.0012,1.0075,0.048,0.1622,4.3125
70.055,39.941,40.0,0.9985,1.0075,0.059,0.1635,6.6692
70.0865,40.031,40.0,1.0008,1.0075,0.031,0.1644,7.9034
70.1197,39.925,40.0,0.9981,1.0075,0.075,0.2309,1.1584
70.1509,40.014,40.0,1.0004,1.0075,0.014,0.2451,2.3721
70.183,40.009,40.0,1.0002,1.0075,0.009,0.264,4.323
70.2154,39.924,40.0,0.9981,1.0075,0.076,0.2661,5.843
70.2473,40.024,40.0,1.0006,1.0075,0.024,0.2777,9.3682
70.2804,40.045,40.0,1.0011,1.0075,0.045,0.2356,1.266
70.3127,40.05,40.0,1.0013,1.0075,0.05,0.3602,4.6784
70.3438,39.933,40.0,0.9983,1.0075,0.067,0.3422,5.4517
70.3755,39.964,40.0,0.9991,1.0075,0.036,0.4496,7.452
70.4069,40.049,40.0,1.0012,1.0075,0.049,0.1596,9.1198
70.4394,40.034,40.0,1.0009,1.0075,0.034,0.1527,0.7855
70.471,40.095,40.0,1.0024,1.0075,0.095,0.1606,2.9683
70.5028,39.949,40.0,0.9987,1.0075,0.051,0.1635,4.1298
70.5352,39.975,40.0,0.9994,1.0075,0.025,0.1613,6.6534
70.5665,40.059,40.0,1.0015,1.0075,0.059,0.1681,5.697
70.5993,40.038,40.0,1.0009,1.0075,0.038,0.1521,0.8277
70.6306,40.014,40.0,1.0003,1.0075,0.014,0.2042,2.3689
70.664,39.876,40.0,0.9969,1.0075,0.124,0.3787,5.8763
70.6951,40.068,40.0,1.0017,1.0075,0.068,0.3706,7.2054
70.7278,39.933,40.0,0.9983,1.0075,0.067,0.3621,9.2421
70.7617,40.03,40.0,1.0008,1.0075,0.03,0.3599,3.8847
70.7913,40.054,40.0,1.0014,1.0075,0.054,0.2806,3.0722
70.8231,39.998,40.0,0.9999,1.0075,0.002,0.1642,4.6281
70.8549,40.068,40.0,1.0017,1.0075,0.068,0.1625,6.6788
70.8872,39.966,40.0,0.9992,1.0075,0.034,0.1693,8.7347
70.9194,40.047,40.0,1.0012,1.0075,0.047,0.1707,0.938
70.9505,39.958,40.0,0.999,1.0075,0.042,0.2392,2.3131
70.9827,40.019,40.0,1.0005,1.0075,0.019,0.2655,3.1057
71.0152,40.068,40.0,1.0017,1.0075,0.068,0.2688,6.7909
71.0475,39.938,40.0,0.9985,1.0075,0.062,0.2858,9.225
71.0799,40.021,40.0,1.0005,1.0075,0.021,0.3058,1.4247
71.1123,39.91,40.0,0.9977,1.0075,0.09,0.2889,3.3128
71.1434,40.01,40.0,1.0003,1.0075,0.01,0.4944,5.4168
71.1748,40.01,40.0,1.0003,1.0075,0.01,0.3224,6.1836
71.2068,39.953,40.0,0.9988,1.0075,0.047,0.1625,8.0862
71.2394,39.996,40.0,0.9999,1.0075,0.004,0.1531,1.5051
71.2707,39.982,40.0,0.9995,1.0075,0.018,0.1585,2.8942
71.3028,40.113,40.0,1.0028,1.0075,0.113,0.1757,4.1603
71.335,40.049,40.0,1.0012,1.0075,0.049,0.1794,6.0297
71.3672,40.006,40.0,1.0002,1.0075,0.006,0.1656,9.1722
71.3992,39.943,40.0,0.9986,1.0075,0.057,0.1498,0.7957
71.4307,40.034,40.0,1.0008,1.0075,0.034,0.175,2.3507
71.4634,40.037,40.0,1.0009,1.0075,0.037,0.3349,3.3171
71.495,39.955,40.0,0.9989,1.0075,0.045,0.3547,6.8321
71.5279,40.059,40.0,1.0015,1.0075,0.059,0.3994,9.663
71.5629,39.948,40.0,0.9987,1.0075,0.052,0.3355,3.5626
71.5927,40.016,40.0,1.0004,1.0075,0.016,1.5685,4.3088
71.6225,39.976,40.0,0.9994,1.0075,0.024,0.1608,4.2313
71.655,39.944,40.0,0.9986,1.0075,0.056,0.1617,6.6309
71.6866,40.036,40.0,1.0009,1.0075,0.036,0.1714,8.1595
71.7194,40.011,40.0,1.0003,1.0075,0.011,0.227,1.0489
71.7506,39.992,40.0,0.9998,1.0075,0.008,0.2464,2.3777
71.7827,40.011,40.0,1.0003,1.0075,0.011,0.2609,4.1561
71.8154,39.965,40.0,0.9991,1.0075,0.035,0.2724,7.1288
71.8469,40.103,40.0,1.0026,1.0075,0.103,0.3321,8.7384
71.8798,40.031,40.0,1.0008,1.0075,0.031,0.2716,1.3376
71.9123,40.055,40.0,1.0014,1.0075,0.055,0.2974,3.423
71.9436,39.88,40.0,0.997,1.0075,0.12,0.3462,5.5672
71.9745,39.993,40.0,0.9998,1.0075,0.007,0.2543,6.1516
72.0066,40.046,40.0,1.0011,1.0075,0.046,0.1579,8.0762
72.0393,40.004,40.0,1.0001,1.0075,0.004,0.154,1.587
72.0712,40.077,40.0,1.0019,1.0075,0.077,0.9052,2.6375
72.1028,39.968,40.0,0.9992,1.0075,0.032,0.1583,4.095
72.1352,40.031,40.0,1.0008,1.0075,0.031,0.1704,6.8767
72.167,40.019,40.0,1.0005,1.0075,0.019,0.1697,7.9707
72.1993,40.043,40.0,1.0011,1.0075,0.043,0.1517,0.8108
72.2309,39.979,40.0,0.9995,1.0075,0.021,0.1943,2.5279
72.2635,39.963,40.0,0.9991,1.0075,0.037,0.3383,5.6153
72.2955,40.009,40.0,1.0002,1.0075,0.009,0.3254,7.1883
72.3276,39.939,40.0,0.9985,1.0075,0.061,0.3653,8.8239
72.3597,40.063,40.0,1.0016,1.0075,0.063,0.3586,1.9252
72.3908,39.957,40.0,0.9989,1.0075,0.043,0.1728,2.8859
72.423,40.007,40.0,1.0002,1.0075,0.007,0.1611,4.1544
72.4544,40.07,40.0,1.0018,1.0075,0.07,0.1625,5.5694
72.4868,39.971,40.0,0.9993,1.0075,0.029,0.1693,8.3028
72.52,40.005,40.0,1.0001,1.0075,0.005,0.1546,1.1918
72.5506,39.985,40.0,0.9996,1.0075,0.015,0.2531,2.3885
72.5827,40.031,40.0,1.0008,1.0075,0.031,0.2688,4.174
72.6154,40.005,40.0,1.0001,1.0075,0.005,0.2716,5.6228
72.6468,39.967,40.0,0.9992,1.0075,0.033,0.294,8.0754
72.6809,39.951,40.0,0.9988,1.0075,0.049,0.2818,2.5739
72.7113,39.936,40.0,0.9984,1.0075,0.064,0.4215,3.3198
72.7436,40.049,40.0,1.0012,1.0075,0.049,0.4617,5.3474
72.7751,39.992,40.0,0.9998,1.0075,0.008,0.3403,7.3283
72.8063,39.939,40.0,0.9985,1.0075,0.061,0.1563,8.0008
72.839,39.896,40.0,0.9974,1.0075,0.104,0.1428,0.6757
72.8712,39.998,40.0,1.0,1.0075,0.002,0.2676,2.9646
72.9031,40.001,40.0,1.0,1.0075,0.001,0.1604,5.0327
72.9343,39.896,40.0,0.9974,1.0075,0.104,0.1626,5.9658
72.967,40.046,40.0,1.0012,1.0075,0.046,0.1685,9.1049
72.9993,40.0,40.0,1.0,1.0075,0.0,0.1434,0.7558
73.0317,40.007,40.0,1.0002,1.0075,0.007,0.1638,1.9605
73.0629,40.036,40.0,1.0009,1.0075,0.036,0.3796,4.6115
73.0954,39.962,40.0,0.999,1.0075,0.038,0.3268,7.5687
73.1278,40.03,40.0,1.0007,1.0075,0.03,0.3497,9.4853
73.1624,39.97,40.0,0.9993,1.0075,0.03,0.3561,4.4105
73.1903,40.056,40.0,1.0014,1.0075,0.056,0.1561,1.7776
73.2223,39.961,40.0,0.999,1.0075,0.039,0.1554,4.3128
73.2549,39.97,40.0,0.9993,1.0075,0.03,0.1589,6.6072
73.287,40.086,40.0,1.0021,1.0075,0.086,0.1592,8.7071
73.32,40.011,40.0,1.0003,1.0075,0.011,0.2611,1.2254
73.3507,40.015,40.0,1.0004,1.0075,0.015,0.274,2.4439
73.3828,39.942,40.0,0.9986,1.0075,0.058,0.2675,4.3431
73.4152,40.006,40.0,1.0002,1.0075,0.006,0.2772,6.1344
73.4475,40.104,40.0,1.0026,1.0075,0.104,0.3682,9.5433
73.4798,40.043,40.0,1.0011,1.0075,0.043,0.2739,1.414
73.5131,40.051,40.0,1.0013,1.0075,0.051,0.3404,3.9218
73.5439,39.936,40.0,0.9984,1.0075,0.064,0.4442,6.1867
73.5748,39.984,40.0,0.9996,1.0075,0.016,0.2337,7.0076
73.607,40.027,40.0,1.0007,1.0075,0.027,0.1577,9.1076
73.6394,40.1,40.0,1.0025,1.0075,0.1,0.1499,1.426
73.6712,40.01,40.0,1.0002,1.0075,0.01,0.1615,2.966
73.7025,40.016,40.0,1.0004,1.0075,0.016,0.1558,4.0288
73.7352,40.061,40.0,1.0015,1.0075,0.061,0.1645,6.8631
73.7667,39.976,40.0,0.9994,1.0075,0.024,0.1693,8.286
73.7995,40.003,40.0,1.0001,1.0075,0.003,0.1504,1.6548
73.8306,39.962,40.0,0.9991,1.0075,0.038,0.1564,2.2978
73.863,40.057,40.0,1.0014,1.0075,0.057,0.3337,3.3331
73.8949,40.074,40.0,1.0019,1.0075,0.074,0.3161,6.5277
73.9277,39.915,40.0,0.9979,1.0075,0.085,0.2941,9.5352
73.9617,39.933,40.0,0.9983,1.0075,0.067,0.2909,3.262
73.9915,39.93,40.0,0.9982,1.0075,0.07,0.3145,3.0966
74.0227,40.067,40.0,1.0017,1.0075,0.067,0.1717,11.6108
74.0548,40.025,40.0,1.0006,1.0075,0.025,0.1643,6.6844
74.0867,39.924,40.0,0.9981,1.0075,0.076,0.2655,8.1178
74.1202,40.055,40.0,1.0014,1.0075,0.055,0.2359,2.2012
74.1508,39.99,40.0,0.9998,1.0075,0.01,0.2514,2.7246
74.1829,40.036,40.0,1.0009,1.0075,0.036,0.2593,4.5042
74.2151,40.007,40.0,1.0002,1.0075,0.007,0.272,6.3703
74.2474,39.999,40.0,1.0,1.0075,0.001,0.2711,9.49
74.2799,39.852,40.0,0.9963,1.0075,0.148,0.2738,1.3348
74.3132,40.017,40.0,1.0004,1.0075,0.017,0.36,3.9242
74.3439,40.029,40.0,1.0007,1.0075,0.029,0.429,5.8337
74.3745,39.946,40.0,0.9987,1.0075,0.054,0.1738,6.0751
74.4064,39.998,40.0,1.0,1.0075,0.002,0.1636,8.4657
74.4392,39.991,40.0,0.9998,1.0075,0.009,0.1549,0.7287
74.4707,39.993,40.0,0.9998,1.0075,0.007,0.1605,2.8178
74.5029,40.13,40.0,1.0032,1.0075,0.13,0.1784,4.2712
74.535,39.939,40.0,0.9985,1.0075,0.061,0.1717,5.1298
74.57,40.09,40.0,1.0023,1.0075,0.09,0.1676,11.0804
74.6028,40.036,40.0,1.0009,1.0075,0.036,0.825,1.3732
74.6338,40.039,40.0,1.001,1.0075,0.039,0.1519,4.9039
74.6635,40.022,40.0,1.0005,1.0075,0.022,0.1895,5.7034
74.695,39.973,40.0,0.9993,1.0075,0.027,0.3169,6.3693
74.7275,39.974,40.0,0.9994,1.0075,0.026,0.333,8.6249
74.761,40.037,40.0,1.0009,1.0075,0.037,0.3217,1.6947
74.7917,40.073,40.0,1.0018,1.0075,0.073,0.3932,3.1738
74.8229,39.922,40.0,0.9981,1.0075,0.078,0.1419,4.9508
74.8549,39.99,40.0,0.9998,1.0075,0.01,0.1467,6.0822
74.8865,40.003,40.0,1.0001,1.0075,0.003,0.1498,8.2879
74.9198,39.977,40.0,0.9994,1.0075,0.023,0.1893,1.003
74.9506,40.029,40.0,1.0007,1.0075,0.029,0.1423,2.206
74.9833,39.945,40.0,0.9986,1.0075,0.055,0.2534,4.4226
75.0153,39.94,40.0,0.9985,1.0075,0.06,0.268,5.8516
75.0468,40.005,40.0,1.0001,1.0075,0.005,0.2646,8.2382
75.0802,40.036,40.0,1.0009,1.0075,0.036,0.2523,1.3817
75.1112,40.006,40.0,1.0002,1.0075,0.006,0.3894,2.2515
75.1436,40.067,40.0,1.0017,1.0075,0.067,0.3584,5.5347
75.176,40.029,40.0,1.0007,1.0075,0.029,0.7271,7.8927
75.207,39.976,40.0,0.9994,1.0075,0.024,0.1446,8.8514
75.2392,40.062,40.0,1.0015,1.0075,0.062,0.1297,0.604
75.2705,39.88,40.0,0.997,1.0075,0.12,0.1355,2.7647
75.3032,40.017,40.0,1.0004,1.0075,0.017,0.1387,4.8432
75.3351,40.035,40.0,1.0009,1.0075,0.035,0.1371,6.0566
75.3663,39.878,40.0,0.9969,1.0075,0.122,0.1489,8.3788
75.399,40.024,40.0,1.0006,1.0075,0.024,0.1324,0.7098
75.4308,39.909,40.0,0.9977,1.0075,0.091,0.1397,2.1727
75.4627,40.032,40.0,1.0008,1.0075,0.032,0.3027,3.3441
75.4949,40.012,40.0,1.0003,1.0075,0.012,0.3378,6.4142
75.5272,39.925,40.0,0.9981,1.0075,0.075,0.3179,8.678
75.5609,39.953,40.0,0.9988,1.0075,0.047,0.308,1.7933
75.5915,39.918,40.0,0.998,1.0075,0.082,0.2872,2.9835
75.6226,40.034,40.0,1.0008,1.0075,0.034,0.136,4.0011
75.6543,40.051,40.0,1.0013,1.0075,0.051,0.1358,6.0254
75.687,39.966,40.0,0.9991,1.0075,0.034,0.1395,8.1427
75.72,39.988,40.0,0.9997,1.0075,0.012,0.2433,1.1196
75.7512,40.002,40.0,1.0001,1.0075,0.002,0.2227,3.2744
75.7828,39.919,40.0,0.998,1.0075,0.081,0.233,4.465
75.8148,40.02,40.0,1.0005,1.0075,0.02,0.2722,6.7979
75.8475,40.062,40.0,1.0015,1.0075,0.062,0.2627,9.272
75.8809,39.986,40.0,0.9996,1.0075,0.014,0.2239,1.1734
75.911,40.041,40.0,1.001,1.0075,0.041,0.31,1.7936
75.9439,39.976,40.0,0.9994,1.0075,0.024,0.3627,5.4851
75.9761,39.925,40.0,0.9981,1.0075,0.075,0.5693,7.4666
76.0066,40.064,40.0,1.0016,1.0075,0.064,0.1475,7.8929
76.0386,39.939,40.0,0.9985,1.0075,0.061,0.1327,0.6459
76.0704,40.041,40.0,1.001,1.0075,0.041,0.1349,1.7755
76.1029,39.951,40.0,0.9988,1.0075,0.049,0.1364,4.8095
76.1349,39.963,40.0,0.9991,1.0075,0.037,0.1371,6.139
76.1673,40.099,40.0,1.0025,1.0075,0.099,0.1528,9.0676
76.1989,39.974,40.0,0.9994,1.0075,0.026,0.1424,0.7448
76.2312,39.971,40.0,0.9993,1.0075,0.029,0.1453,2.1231
76.2632,39.9,40.0,0.9975,1.0075,0.1,0.2454,5.4392
76.296,40.124,40.0,1.0031,1.0075,0.124,0.4697,7.6219
76.3274,39.957,40.0,0.9989,1.0075,0.043,0.337,8.6864
76.3607,39.966,40.0,0.9992,1.0075,0.034,0.3325,1.8833
76.3903,40.006,40.0,1.0001,1.0075,0.006,0.141,1.7915
76.4228,39.956,40.0,0.9989,1.0075,0.044,0.1449,4.0347
76.4545,40.03,40.0,1.0007,1.0075,0.03,0.145,6.0673
76.4872,40.006,40.0,1.0002,1.0075,0.006,0.1477,8.2206
76.5196,40.027,40.0,1.0007,1.0075,0.027,0.2049,1.1078
76.5515,39.978,40.0,0.9994,1.0075,0.022,0.2374,3.37
76.5832,39.897,40.0,0.9974,1.0075,0.103,0.2357,4.4158
76.6148,40.036,40.0,1.0009,1.0075,0.036,0.2698,5.9535
76.6476,39.986,40.0,0.9996,1.0075,0.014,0.2712,9.1975
76.6797,40.04,40.0,1.001,1.0075,0.04,0.2658,1.542
76.7112,39.93,40.0,0.9983,1.0075,0.07,0.3311,2.0486
76.7436,40.014,40.0,1.0004,1.0075,0.014,0.4312,5.8006
76.7761,40.057,40.0,1.0014,1.0075,0.057,0.4043,7.9447
76.8063,39.934,40.0,0.9984,1.0075,0.066,0.1472,7.8943
76.8389,39.966,40.0,0.9992,1.0075,0.034,0.1374,0.6661
76.871,40.014,40.0,1.0004,1.0075,0.014,0.1531,2.8281
76.903,40.033,40.0,1.0008,1.0075,0.033,0.168,4.9006
76.935,39.967,40.0,0.9992,1.0075,0.033,0.145,6.0975
76.9671,39.994,40.0,0.9998,1.0075,0.006,0.1509,8.6731
76.9993,39.958,40.0,0.999,1.0075,0.042,0.1415,0.7403
77.0311,39.964,40.0,0.9991,1.0075,0.036,0.1983,2.3383
77.0634,40.063,40.0,1.0016,1.0075,0.063,0.1729,4.7198
77.0951,39.946,40.0,0.9987,1.0075,0.054,0.3594,6.4937
77.1316,40.016,40.0,1.0004,1.0075,0.016,4.7527,13.0818
77.1604,39.947,40.0,0.9987,1.0075,0.053,0.3249,2.0404
77.1916,40.03,40.0,1.0007,1.0075,0.03,0.3223,3.1058
77.2224,40.079,40.0,1.002,1.0075,0.079,0.1425,4.0165
77.2545,39.944,40.0,0.9986,1.0075,0.056,0.1445,6.1092
77.2873,39.982,40.0,0.9996,1.0075,0.018,0.1566,8.4118
77.3195,39.824,40.0,0.9956,1.0075,0.176,0.1436,1.0886
77.3509,40.06,40.0,1.0015,1.0075,0.06,0.235,2.3469
77.3831,39.966,40.0,0.9992,1.0075,0.034,0.2515,4.5564
77.4148,39.913,40.0,0.9978,1.0075,0.087,0.2658,5.9261
77.448,40.034,40.0,1.0009,1.0075,0.034,0.3096,9.4455
77.48,39.981,40.0,0.9995,1.0075,0.019,0.2954,1.4506
77.5114,39.968,40.0,0.9992,1.0075,0.032,0.4798,3.0946
77.544,39.976,40.0,0.9994,1.0075,0.024,0.451,5.7214
77.5744,39.929,40.0,0.9982,1.0075,0.071,0.1608,5.8974
77.6066,40.051,40.0,1.0013,1.0075,0.051,0.1375,7.8397
77.6384,40.004,40.0,1.0001,1.0075,0.004,0.1256,0.6155
77.6712,39.999,40.0,1.0,1.0075,0.001,0.1479,2.8077
77.7033,39.887,40.0,0.9972,1.0075,0.113,0.1447,4.8833
77.7348,39.968,40.0,0.9992,1.0075,0.032,0.1457,6.2194
77.7666,40.066,40.0,1.0016,1.0075,0.066,0.1533,7.6211
77.7989,40.078,40.0,1.002,1.0075,0.078,0.1438,0.7514
77.8311,39.991,40.0,0.9998,1.0075,0.009,0.1623,2.1576
77.8629,39.917,40.0,0.9979,1.0075,0.083,0.3008,4.2348
77.8951,40.028,40.0,1.0007,1.0075,0.028,0.3489,6.4767
77.9272,40.034,40.0,1.0008,1.0075,0.034,0.3067,8.5713
77.9607,40.036,40.0,1.0009,1.0075,0.036,0.3203,1.6989
77.9905,39.995,40.0,0.9999,1.0075,0.005,0.1378,2.7917
78.0224,39.999,40.0,1.0,1.0075,0.001,0.1463,4.0222
78.0545,40.062,40.0,1.0016,1.0075,0.062,0.1461,6.1159
78.0867,39.987,40.0,0.9997,1.0075,0.013,0.15,8.3276
78.119,40.015,40.0,1.0004,1.0075,0.015,0.2299,1.1175
78.1515,39.964,40.0,0.9991,1.0075,0.036,0.2341,3.3581
78.1828,40.046,40.0,1.0011,1.0075,0.046,0.2444,4.4769
78.2149,39.985,40.0,0.9996,1.0075,0.015,0.267,6.0042
78.2477,39.873,40.0,0.9968,1.0075,0.127,0.2856,9.2634
78.2801,39.994,40.0,0.9998,1.0075,0.006,0.2407,1.4603
78.3112,39.931,40.0,0.9983,1.0075,0.069,0.3705,1.9777
78.3441,40.016,40.0,1.0004,1.0075,0.016,0.4108,5.6279
78.3744,40.058,40.0,1.0014,1.0075,0.058,0.1728,5.9149
78.4065,39.964,40.0,0.9991,1.0075,0.036,0.1438,7.8958
78.4385,40.066,40.0,1.0017,1.0075,0.066,0.136,0.6961
78.4711,39.937,40.0,0.9984,1.0075,0.063,0.142,2.8356
78.5032,39.999,40.0,1.0,1.0075,0.001,0.1434,4.8732
78.5346,39.999,40.0,1.0,1.0075,0.001,0.1406,6.1599
78.5672,40.077,40.0,1.0019,1.0075,0.077,0.1504,8.659
78.5991,39.943,40.0,0.9986,1.0075,0.057,0.1417,0.7334
78.6304,40.016,40.0,1.0004,1.0075,0.016,0.1614,2.2401
78.6632,40.044,40.0,1.0011,1.0075,0.044,0.2295,4.1722
78.6956,39.948,40.0,0.9987,1.0075,0.052,0.2903,3.1088
78.7272,40.061,40.0,1.0015,1.0075,0.061,0.3282,8.5659
78.7611,40.083,40.0,1.0021,1.0075,0.083,0.4012,2.276
78.7911,40.059,40.0,1.0015,1.0075,0.059,0.2024,0.748
78.8224,39.921,40.0,0.998,1.0075,0.079,0.1444,4.1112
78.8546,39.963,40.0,0.9991,1.0075,0.037,0.1512,6.1561
78.8873,40.086,40.0,1.0022,1.0075,0.086,0.1506,8.3069
78.9194,40.063,40.0,1.0016,1.0075,0.063,0.223,1.1388
78.951,40.09,40.0,1.0023,1.0075,0.09,0.2445,2.3558
78.983,39.985,40.0,0.9996,1.0075,0.015,0.2502,4.5605
79.0152,39.911,40.0,0.9978,1.0075,0.089,0.2562,4.655
79.0472,40.081,40.0,1.002,1.0075,0.081,0.2742,9.4533
79.0803,40.028,40.0,1.0007,1.0075,0.028,0.2412,1.3716
79.1131,40.03,40.0,1.0008,1.0075,0.03,0.2617,1.4547
79.1435,39.94,40.0,0.9985,1.0075,0.06,0.3455,5.5947
79.1762,40.007,40.0,1.0002,1.0075,0.007,0.5145,7.9339
79.2066,39.977,40.0,0.9994,1.0075,0.023,0.1315,8.8228
79.2387,40.057,40.0,1.0014,1.0075,0.057,0.1298,0.6058
79.2707,39.998,40.0,0.9999,1.0075,0.002,0.1316,2.778
79.303,39.94,40.0,0.9985,1.0075,0.06,0.1321,4.8089
79.3346,39.964,40.0,0.9991,1.0075,0.036,0.1442,5.2095
79.3665,39.987,40.0,0.9997,1.0075,0.013,0.1453,18.4545
79.3994,40.057,40.0,1.0014,1.0075,0.057,0.1317,0.7168
79.432,39.944,40.0,0.9986,1.0075,0.056,0.1475,0.7624
79.4634,39.917,40.0,0.9979,1.0075,0.083,0.3006,5.4866
79.4952,40.033,40.0,1.0008,1.0075,0.033,0.3081,7.3662
79.5281,39.971,40.0,0.9993,1.0075,0.029,0.3814,9.7625
79.5607,40.036,40.0,1.0009,1.0075,0.036,0.3772,2.2693
79.5914,39.918,40.0,0.998,1.0075,0.082,0.2905,2.9441
79.6223,39.977,40.0,0.9994,1.0075,0.023,0.1339,3.9437
79.6563,40.098,40.0,1.0024,1.0075,0.098,1.5659,7.5606
79.6864,39.972,40.0,0.9993,1.0075,0.028,0.1627,7.2676
79.719,39.985,40.0,0.9996,1.0075,0.015,0.229,1.1167
79.7514,39.937,40.0,0.9984,1.0075,0.063,0.2304,3.3522
79.7831,40.06,40.0,1.0015,1.0075,0.06,0.2472,4.5825
79.815,40.009,40.0,1.0002,1.0075,0.009,0.2745,5.7646
79.8469,39.933,40.0,0.9983,1.0075,0.067,0.2799,8.4485
79.8802,39.95,40.0,0.9988,1.0075,0.05,0.2492,1.4477
79.9111,39.951,40.0,0.9988,1.0075,0.049,0.6148,1.959
79.9434,40.03,40.0,1.0008,1.0075,0.03,0.4795,4.8852
79.9754,39.986,40.0,0.9996,1.0075,0.014,0.3906,7.5238
80.0069,40.011,40.0,1.0003,1.0075,0.011,0.1547,8.9487
80.0393,39.897,40.0,0.9974,1.0075,0.103,0.1469,0.7508
80.0704,40.09,40.0,1.0022,1.0075,0.09,0.1481,1.8986
80.1026,39.969,40.0,0.9992,1.0075,0.031,0.1576,4.0153
80.1347,39.908,40.0,0.9977,1.0075,0.092,0.1633,5.0276
80.1671,40.033,40.0,1.0008,1.0075,0.033,0.1751,8.0828
80.1987,39.97,40.0,0.9993,1.0075,0.03,0.1508,0.8473
80.2307,40.033,40.0,1.0008,1.0075,0.033,0.2061,2.4558
80.2631,40.042,40.0,1.001,1.0075,0.042,0.3441,1.9315
80.2956,39.916,40.0,0.9979,1.0075,0.084,0.3235,7.652
80.3276,39.993,40.0,0.9998,1.0075,0.007,0.3747,8.8284
80.3608,39.971,40.0,0.9993,1.0075,0.029,0.476,2.8654
80.3909,40.053,40.0,1.0013,1.0075,0.053,0.1817,2.9376
80.4224,39.974,40.0,0.9993,1.0075,0.026,0.165,4.1872
80.4552,39.988,40.0,0.9997,1.0075,0.012,0.165,6.3728
80.4869,40.023,40.0,1.0006,1.0075,0.023,0.1646,8.2905
80.5192,40.003,40.0,1.0001,1.0075,0.003,0.2367,1.1655
80.5513,40.07,40.0,1.0018,1.0075,0.07,0.2735,2.5575
80.5835,39.94,40.0,0.9985,1.0075,0.06,0.2644,3.531
80.6154,40.043,40.0,1.0011,1.0075,0.043,0.2883,7.0656
80.6472,39.987,40.0,0.9997,1.0075,0.013,0.2908,9.408
80.68,40.002,40.0,1.0,1.0075,0.002,0.3724,1.785
80.7118,40.057,40.0,1.0014,1.0075,0.057,0.3705,4.0626
80.7434,39.933,40.0,0.9983,1.0075,0.067,0.4087,4.8075
80.7756,40.053,40.0,1.0013,1.0075,0.053,0.5662,7.6607
80.8068,39.953,40.0,0.9988,1.0075,0.047,0.1671,9.0145
80.8385,40.05,40.0,1.0012,1.0075,0.05,0.1591,0.8432
80.8713,39.972,40.0,0.9993,1.0075,0.028,0.2303,3.0736
80.9027,39.99,40.0,0.9998,1.0075,0.01,0.1636,4.0172
80.935,40.072,40.0,1.0018,1.0075,0.072,0.166,6.4121
80.9672,39.947,40.0,0.9987,1.0075,0.053,0.1751,7.8568
80.9987,40.022,40.0,1.0005,1.0075,0.022,0.1612,0.9062
81.031,39.932,40.0,0.9983,1.0075,0.068,0.1758,2.4515
81.0635,40.049,40.0,1.0012,1.0075,0.049,0.4571,4.8817
81.0955,40.059,40.0,1.0015,1.0075,0.059,0.4388,6.9044
81.1284,40.015,40.0,1.0004,1.0075,0.015,0.3871,10.1976
81.1616,39.976,40.0,0.9994,1.0075,0.024,0.4986,2.3216
81.1908,39.968,40.0,0.9992,1.0075,0.032,0.1612,2.8488
81.2224,40.071,40.0,1.0018,1.0075,0.071,0.1535,4.1953
81.2563,39.997,40.0,0.9999,1.0075,0.003,0.1597,7.573
81.2883,39.959,40.0,0.999,1.0075,0.041,0.1612,9.4952
81.3191,39.963,40.0,0.9991,1.0075,0.037,0.2515,1.227
81.3511,39.931,40.0,0.9983,1.0075,0.069,0.2542,2.4037
81.3834,40.084,40.0,1.0021,1.0075,0.084,0.275,4.7553
81.415,39.939,40.0,0.9985,1.0075,0.061,0.3546,5.3206
81.4477,39.988,40.0,0.9997,1.0075,0.012,0.2755,9.26
81.4801,39.85,40.0,0.9963,1.0075,0.15,0.3417,1.7187
81.5118,40.053,40.0,1.0013,1.0075,0.053,0.3736,2.2881
81.5438,40.008,40.0,1.0002,1.0075,0.008,0.4853,6.0755
81.5754,39.979,40.0,0.9995,1.0075,0.021,0.3826,7.4484
81.607,40.015,40.0,1.0004,1.0075,0.015,0.1562,8.9572
81.6384,39.954,40.0,0.9989,1.0075,0.046,0.1476,0.7276
81.6712,40.044,40.0,1.0011,1.0075,0.044,0.2113,3.0526
81.7025,39.953,40.0,0.9988,1.0075,0.047,0.1494,3.9145
81.735,39.973,40.0,0.9993,1.0075,0.027,0.1506,6.2215
81.7671,40.025,40.0,1.0006,1.0075,0.025,0.1646,8.9194
81.7991,40.008,40.0,1.0002,1.0075,0.008,0.145,0.7962
81.8312,40.042,40.0,1.0011,1.0075,0.042,0.1579,2.2413
81.8631,39.933,40.0,0.9983,1.0075,0.067,0.3056,5.1057
81.8955,39.976,40.0,0.9994,1.0075,0.024,0.3441,7.4985
81.928,40.03,40.0,1.0007,1.0075,0.03,0.4387,9.9243
81.9623,39.965,40.0,0.9991,1.0075,0.035,0.3727,2.7964
81.9907,40.068,40.0,1.0017,1.0075,0.068,0.1471,2.8051
82.0229,39.967,40.0,0.9992,1.0075,0.033,0.165,4.1427
82.0551,39.917,40.0,0.9979,1.0075,0.083,0.1552,6.1715
82.0869,40.033,40.0,1.0008,1.0075,0.033,0.161,8.3567
82.1195,40.032,40.0,1.0008,1.0075,0.032,0.2218,1.2354
82.1508,40.04,40.0,1.001,1.0075,0.04,0.1497,2.1988
82.1846,40.041,40.0,1.001,1.0075,0.041,2.1108,6.4878
82.2156,40.018,40.0,1.0004,1.0075,0.018,0.2885,6.0147
82.2471,40.034,40.0,1.0009,1.0075,0.034,0.2922,9.4077
82.28,40.03,40.0,1.0008,1.0075,0.03,0.3621,1.6621
82.3122,39.981,40.0,0.9995,1.0075,0.019,0.3897,2.4549
82.3437,39.995,40.0,0.9999,1.0075,0.005,0.4755,5.9058
82.3752,40.034,40.0,1.0009,1.0075,0.034,0.3071,7.3043
82.4069,39.908,40.0,0.9977,1.0075,0.092,0.1518,8.9509
82.4392,40.028,40.0,1.0007,1.0075,0.028,0.1398,0.6318
82.4711,39.933,40.0,0.9983,1.0075,0.067,0.1742,2.9491
82.5032,40.028,40.0,1.0007,1.0075,0.028,0.1477,4.8956
82.535,40.03,40.0,1.0007,1.0075,0.03,0.1553,6.2868
82.5673,39.795,40.0,0.9949,1.0075,0.205,0.1721,7.5816
82.5995,39.97,40.0,0.9993,1.0075,0.03,0.1494,0.8187
82.6308,39.985,40.0,0.9996,1.0075,0.015,0.1792,2.4321
82.6633,40.042,40.0,1.001,1.0075,0.042,0.2073,4.1403
82.6954,39.999,40.0,1.0,1.0075,0.001,0.3042,7.329
82.7278,40.001,40.0,1.0,1.0075,0.001,0.4181,9.5567
82.7647,39.965,40.0,0.9991,1.0075,0.035,0.1837,1.3489
82.7915,40.016,40.0,1.0004,1.0075,0.016,0.1562,3.0471
82.8229,40.07,40.0,1.0017,1.0075,0.07,0.1586,4.2049
82.8549,39.982,40.0,0.9996,1.0075,0.018,0.1587,6.2107
82.8868,40.015,40.0,1.0004,1.0075,0.015,0.1704,8.3586
82.9192,39.939,40.0,0.9985,1.0075,0.061,0.2273,1.2148
82.9509,39.972,40.0,0.9993,1.0075,0.028,0.2267,2.3488
82.9827,40.034,40.0,1.0009,1.0075,0.034,0.254,4.6094
83.015,39.954,40.0,0.9989,1.0075,0.046,0.2957,6.6734
83.0473,39.97,40.0,0.9993,1.0075,0.03,0.2751,9.3387
83.08,39.971,40.0,0.9993,1.0075,0.029,0.3574,1.6477
83.1121,40.036,40.0,1.0009,1.0075,0.036,0.6012,3.7086
83.1436,40.031,40.0,1.0008,1.0075,0.031,0.5609,5.0821
83.1747,39.926,40.0,0.9982,1.0075,0.074,0.1682,5.9835
83.2066,40.042,40.0,1.0011,1.0075,0.042,0.1624,8.7336
83.2394,40.023,40.0,1.0006,1.0075,0.023,0.1497,0.7407
83.2709,40.04,40.0,1.001,1.0075,0.04,0.1498,2.9216
83.3027,39.935,40.0,0.9984,1.0075,0.065,0.155,3.954
83.335,39.972,40.0,0.9993,1.0075,0.028,0.1683,6.4458
83.3666,40.052,40.0,1.0013,1.0075,0.052,0.1798,8.9508
83.3996,40.035,40.0,1.0009,1.0075,0.035,0.1659,0.9039
83.4309,40.025,40.0,1.0006,1.0075,0.025,0.1802,2.0813
83.4634,39.961,40.0,0.999,1.0075,0.039,0.1961,4.1003
83.4955,40.089,40.0,1.0022,1.0075,0.089,0.3675,7.5429
83.5274,39.989,40.0,0.9997,1.0075,0.011,0.4548,9.1802
83.5608,40.062,40.0,1.0015,1.0075,0.062,0.7285,2.2664
83.5905,40.004,40.0,1.0001,1.0075,0.004,0.1487,2.807
83.6232,39.948,40.0,0.9987,1.0075,0.052,0.1531,5.1334
83.6551,40.019,40.0,1.0005,1.0075,0.019,0.1607,6.1931
83.6872,39.963,40.0,0.9991,1.0075,0.037,0.1598,9.1321
83.7194,40.083,40.0,1.0021,1.0075,0.083,0.2294,0.9625
83.7514,40.001,40.0,1.0,1.0075,0.001,0.2362,2.4319
83.7827,40.027,40.0,1.0007,1.0075,0.027,0.2751,4.6138
83.8157,40.041,40.0,1.001,1.0075,0.041,0.2883,7.7009
83.8471,39.942,40.0,0.9985,1.0075,0.058,0.282,9.2681
83.881,40.02,40.0,1.0005,1.0075,0.02,0.2364,1.2823
83.9129,39.834,40.0,0.9958,1.0075,0.166,0.3672,5.0302
83.9454,40.019,40.0,1.0005,1.0075,0.019,0.3562,7.7309
83.9746,40.039,40.0,1.001,1.0075,0.039,0.1504,5.9521
84.0071,39.936,40.0,0.9984,1.0075,0.064,0.157,9.0066
84.0387,39.997,40.0,0.9999,1.0075,0.003,0.1475,0.7505
84.0707,39.927,40.0,0.9982,1.0075,0.073,0.1517,2.1186
84.1031,40.047,40.0,1.0012,1.0075,0.047,0.154,4.4137
84.1354,40.018,40.0,1.0005,1.0075,0.018,0.2394,6.5643
84.1671,39.964,40.0,0.9991,1.0075,0.036,0.2786,9.4024
84.1999,39.852,40.0,0.9963,1.0075,0.148,0.2922,1.5767
84.2315,39.961,40.0,0.999,1.0075,0.039,0.2694,2.7273
84.2632,40.068,40.0,1.0017,1.0075,0.068,0.3977,4.2923
84.2956,39.934,40.0,0.9984,1.0075,0.066,0.3483,7.6843
84.3274,40.013,40.0,1.0003,1.0075,0.013,0.3218,9.6062
84.3605,40.0,40.0,1.0,1.0075,0.0,0.4637,2.7222
84.3909,39.978,40.0,0.9994,1.0075,0.022,0.1585,2.8355
84.423,40.049,40.0,1.0012,1.0075,0.049,0.1589,4.9332
84.455,39.958,40.0,0.999,1.0075,0.042,0.1562,6.9207
84.4865,40.062,40.0,1.0015,1.0075,0.062,0.1569,8.3707
84.5192,39.917,40.0,0.9979,1.0075,0.083,0.147,0.7338
84.5506,40.068,40.0,1.0017,1.0075,0.068,0.1515,1.9313
84.583,39.979,40.0,0.9995,1.0075,0.021,0.1722,4.3143
84.6145,39.939,40.0,0.9985,1.0075,0.061,0.1895,5.9739
84.647,40.047,40.0,1.0012,1.0075,0.047,0.19,9.0885
84.6794,39.999,40.0,1.0,1.0075,0.001,0.1665,1.2593
84.7143,40.051,40.0,1.0013,1.0075,0.051,2.9058,5.7437
84.7439,39.945,40.0,0.9986,1.0075,0.055,0.4796,6.1931
84.7758,39.946,40.0,0.9986,1.0075,0.054,0.5012,6.8734
84.8066,40.06,40.0,1.0015,1.0075,0.06,0.1561,8.1853
84.8389,40.073,40.0,1.0018,1.0075,0.073,0.1597,0.7779
84.8711,40.07,40.0,1.0017,1.0075,0.07,0.1736,3.1974
84.9032,39.989,40.0,0.9997,1.0075,0.011,0.1544,4.2861
84.9355,40.07,40.0,1.0017,1.0075,0.07,0.2382,6.4274
84.967,40.02,40.0,1.0005,1.0075,0.02,0.2762,7.2693
85.0001,40.077,40.0,1.0019,1.0075,0.077,0.2624,1.2704
85.0311,40.05,40.0,1.0013,1.0075,0.05,0.2726,2.6674
85.0627,40.007,40.0,1.0002,1.0075,0.007,0.3456,1.9962
85.0956,40.032,40.0,1.0008,1.0075,0.032,0.3539,7.5268
85.128,39.984,40.0,0.9996,1.0075,0.016,0.6645,10.0507
85.1598,40.042,40.0,1.001,1.0075,0.042,0.2539,1.2287
85.1904,39.914,40.0,0.9979,1.0075,0.086,0.1517,1.8627
85.2228,40.003,40.0,1.0001,1.0075,0.003,0.1556,4.9436
85.2546,40.04,40.0,1.001,1.0075,0.04,0.1709,5.9672
85.2869,39.861,40.0,0.9965,1.0075,0.139,0.1589,8.3649
85.3193,40.009,40.0,1.0002,1.0075,0.009,0.1477,0.7307
85.3506,39.914,40.0,0.9979,1.0075,0.086,0.1502,1.9434
85.3832,40.039,40.0,1.001,1.0075,0.039,0.1582,4.3659
85.4146,40.036,40.0,1.0009,1.0075,0.036,0.1714,5.6017
85.4469,39.966,40.0,0.9991,1.0075,0.034,0.1673,8.9544
85.4801,40.061,40.0,1.0015,1.0075,0.061,0.1651,1.2788
85.5114,39.944,40.0,0.9986,1.0075,0.056,0.3415,2.0405
85.5435,40.043,40.0,1.0011,1.0075,0.043,0.4979,5.8532
85.5749,40.015,40.0,1.0004,1.0075,0.015,0.2473,6.1719
85.6067,40.02,40.0,1.0005,1.0075,0.02,0.1589,8.1253
85.639,39.909,40.0,0.9977,1.0075,0.091,0.1471,0.7018
85.6705,39.988,40.0,0.9997,1.0075,0.012,0.1472,2.0543
85.703,40.017,40.0,1.0004,1.0075,0.017,0.2205,4.3227
85.7348,39.962,40.0,0.9991,1.0075,0.038,0.2372,6.5675
85.7671,40.01,40.0,1.0003,1.0075,0.01,0.2767,9.3927
85.8001,39.926,40.0,0.9982,1.0075,0.074,0.2675,1.2422
85.8311,40.032,40.0,1.0008,1.0075,0.032,0.2466,2.5797
85.8632,39.974,40.0,0.9993,1.0075,0.026,0.2657,5.4659
85.8952,40.0,40.0,1.0,1.0075,0.0,0.3644,7.5144
85.9274,40.011,40.0,1.0003,1.0075,0.011,0.3633,8.7301
85.9612,40.019,40.0,1.0005,1.0075,0.019,0.3275,1.8363
85.9908,40.037,40.0,1.0009,1.0075,0.037,0.1464,2.8231
86.0224,39.95,40.0,0.9987,1.0075,0.05,0.1559,3.9603
86.0544,39.94,40.0,0.9985,1.0075,0.06,0.1502,5.9357
86.0871,40.05,40.0,1.0013,1.0075,0.05,0.1479,8.2389
86.1189,40.02,40.0,1.0005,1.0075,0.02,0.1458,0.7974
86.1506,40.036,40.0,1.0009,1.0075,0.036,0.1509,1.9533
86.1832,39.937,40.0,0.9984,1.0075,0.063,0.1551,3.0306
86.2153,39.973,40.0,0.9993,1.0075,0.027,0.17,4.5161
86.2471,40.004,40.0,1.0001,1.0075,0.004,0.1744,6.9727
86.28,40.021,40.0,1.0005,1.0075,0.021,0.1916,1.4278
86.311,40.022,40.0,1.0006,1.0075,0.022,0.4318,1.9164
86.3434,39.799,40.0,0.995,1.0075,0.201,0.4059,5.5925
86.3766,39.955,40.0,0.9989,1.0075,0.045,0.4857,8.4635
86.4067,39.981,40.0,0.9995,1.0075,0.019,0.1646,8.2519
86.439,40.158,40.0,1.0039,1.0075,0.158,0.1729,0.8148
86.4705,40.077,40.0,1.0019,1.0075,0.077,0.1787,2.1921
86.5031,40.326,40.0,1.0082,1.0075,0.326,0.2077,4.3611
86.5353,40.302,40.0,1.0076,1.0075,0.302,0.2418,6.4694
86.5676,40.404,40.0,1.0101,1.0075,0.404,0.2673,9.484
86.5998,40.578,40.0,1.0145,1.0075,0.578,0.2579,1.2248
86.6307,40.775,40.0,1.0194,1.0075,0.775,0.2754,2.6195
86.6632,40.878,40.0,1.0219,1.0075,0.878,0.3526,5.4781
86.6953,41.08,40.0,1.027,1.0075,1.08,0.4153,7.555
86.7286,41.247,40.0,1.0312,1.0193,1.247,1.4366,10.7169
86.7591,41.565,40.0,1.0391,1.0193,1.565,0.4372,1.3052
86.791,41.69,40.0,1.0422,1.0308,1.69,0.5039,3.1303
86.8232,41.952,40.0,1.0488,1.0308,1.952,0.1752,4.9408
86.8555,42.163,40.0,1.0541,1.0424,2.163,0.4752,7.2472
86.8864,42.409,40.0,1.0602,1.0424,2.409,0.1822,7.2653
86.9193,42.738,40.0,1.0685,1.0554,2.738,0.4077,1.0692
86.9506,42.939,40.0,1.0735,1.0554,2.939,0.169,1.9848
86.9831,43.161,40.0,1.079,1.0672,3.161,0.4976,4.6719
87.0148,43.385,40.0,1.0846,1.0672,3.385,0.1912,6.2547
87.0478,43.6,40.0,1.09,1.0786,3.6,0.7717,8.7438
87.0808,43.972,40.0,1.0993,1.089,3.972,0.997,2.1456
87.1121,44.193,40.0,1.1048,1.089,4.193,0.376,1.4294
87.1437,44.342,40.0,1.1086,1.089,4.342,0.4832,5.9035
87.177,44.54,40.0,1.1135,1.1012,4.54,1.2702,8.1712
87.2064,44.732,40.0,1.1183,1.1012,4.732,0.1742,8.1288
87.2405,44.967,40.0,1.1242,1.1127,4.967,1.3909,1.9247
87.2711,45.132,40.0,1.1283,1.1127,5.132,0.1721,3.1551
87.3034,45.366,40.0,1.1342,1.1234,5.366,0.4685,4.5849
87.335,45.483,40.0,1.1371,1.1234,5.483,0.2753,6.5781
87.367,45.733,40.0,1.1433,1.1234,5.733,0.298,9.3031
87.4005,46.015,40.0,1.1504,1.1369,6.015,0.7311,1.6909
87.4305,46.122,40.0,1.153,1.1369,6.122,0.2633,1.4347
87.4638,46.301,40.0,1.1575,1.1472,6.301,0.8774,5.69
87.495,46.464,40.0,1.1616,1.1472,6.464,0.3643,6.5164
87.5273,46.568,40.0,1.1642,1.1472,6.568,0.3605,8.6285
87.5647,46.855,40.0,1.1714,1.1593,6.855,3.6542,6.1504
87.5905,46.961,40.0,1.174,1.1593,6.961,0.1684,2.8463
87.6228,47.105,40.0,1.1776,1.1593,7.105,0.1726,4.9274
87.6553,47.368,40.0,1.1842,1.1718,7.368,0.4987,7.3261
87.6871,47.439,40.0,1.186,1.1718,7.439,0.1843,8.3808
87.7193,47.664,40.0,1.1916,1.1718,7.664,0.1576,0.7969
87.7507,47.774,40.0,1.1943,1.1831,7.774,0.4848,2.2502
87.7828,47.992,40.0,1.1998,1.1831,7.992,0.1939,4.5696
87.815,48.039,40.0,1.201,1.1831,8.039,0.1818,6.4907
87.8478,48.333,40.0,1.2083,1.1957,8.333,0.7097,7.6389
87.8801,48.45,40.0,1.2112,1.1957,8.45,0.2063,1.6731
87.9122,48.618,40.0,1.2155,1.1957,8.618,0.4927,2.2491
87.9463,48.792,40.0,1.2198,1.2077,8.792,1.6142,8.2873
87.975,48.915,40.0,1.2229,1.2077,8.915,0.1814,7.0488
88.0072,49.116,40.0,1.2279,1.2178,9.116,0.427,8.4516
88.0388,49.266,40.0,1.2316,1.2178,9.266,0.1822,0.9282
88.0712,49.522,40.0,1.2381,1.2279,9.522,0.4926,2.5085
88.1028,49.572,40.0,1.2393,1.2279,9.572,0.2547,4.4059
88.1353,49.762,40.0,1.2441,1.2279,9.762,0.2749,6.5996
88.1675,49.935,40.0,1.2484,1.2382,9.935,0.8408,9.8896
88.1994,50.054,40.0,1.2514,1.2382,10.054,0.2729,1.3165
88.2314,50.25,40.0,1.2562,1.2382,10.25,0.2836,2.6483
88.2639,50.438,40.0,1.261,1.2496,10.438,0.8143,4.8304
88.2963,50.627,40.0,1.2657,1.2496,10.627,0.6174,7.885
88.3286,50.769,40.0,1.2692,1.2496,10.769,0.359,10.1851
88.3605,50.964,40.0,1.2741,1.2618,10.964,1.6019,2.725
88.3909,51.168,40.0,1.2792,1.2618,11.168,0.1664,2.8268
88.4228,51.256,40.0,1.2814,1.2618,11.256,0.1709,4.9738
88.4548,51.41,40.0,1.2853,1.2735,11.41,0.5064,6.3173
88.4864,51.569,40.0,1.2892,1.2735,11.569,0.1774,8.295
88.5194,51.81,40.0,1.2952,1.2844,11.81,0.4357,1.1292
88.5508,51.983,40.0,1.2996,1.2844,11.983,0.1696,2.9442
88.583,52.184,40.0,1.3046,1.2945,12.184,0.4532,4.3418
88.6149,52.345,40.0,1.3086,1.2945,12.345,0.1844,5.802
88.6469,52.472,40.0,1.3118,1.2945,12.472,0.2646,8.2492
88.6827,52.712,40.0,1.3178,1.3061,12.712,0.5871,1.8501
88.7117,52.799,40.0,1.32,1.3061,12.799,0.4433,3.6321
88.744,52.987,40.0,1.3247,1.3061,12.987,0.4169,5.6159
88.7773,53.195,40.0,1.3299,1.318,13.195,1.3503,9.1991
88.8068,53.388,40.0,1.3347,1.318,13.388,0.1889,8.2682
88.8386,53.515,40.0,1.3379,1.318,13.516,0.176,0.8109
88.8719,53.685,40.0,1.3422,1.3301,13.686,0.7297,3.7905
88.9033,53.941,39.999,1.3486,1.3301,13.942,0.2653,4.4384
88.9357,54.09,39.999,1.3523,1.3412,14.091,0.6425,5.7733
88.9672,54.244,39.998,1.3562,1.3412,14.246,0.3181,7.1877
89.0005,54.445,39.998,1.3612,1.3512,14.448,0.7967,1.8243
89.0308,54.615,39.997,1.3655,1.3512,14.618,0.2976,2.6699
89.0636,54.832,39.996,1.3709,1.3512,14.835,0.3403,5.3185
89.0974,54.933,39.996,1.3735,1.3623,14.937,0.8769,9.5362
89.1278,55.12,39.996,1.3781,1.3623,15.124,0.4667,10.0514
89.1617,55.352,39.996,1.3839,1.3731,15.356,1.1076,3.6906
89.1907,55.626,39.996,1.3908,1.3731,15.63,0.1613,2.8086
89.2237,55.733,39.997,1.3934,1.3833,15.736,0.5552,5.2848
89.2551,55.925,39.999,1.3981,1.3833,15.925,0.1683,6.9418
89.287,55.931,40.003,1.3982,1.3833,15.928,0.1675,8.2714
89.3193,56.17,40.008,1.404,1.3936,16.163,0.4331,1.115
89.351,56.343,40.015,1.4081,1.3936,16.329,0.1802,2.961
89.3829,56.548,40.024,1.4128,1.3936,16.524,0.1837,4.3487
89.4152,56.649,40.037,1.4149,1.4043,16.612,0.525,5.8991
89.4475,56.823,40.053,1.4187,1.4043,16.77,0.291,9.79
89.4812,57.037,40.075,1.4233,1.4043,16.963,0.2083,1.5889
89.5119,57.204,40.097,1.4266,1.4155,17.107,1.0705,4.2342
89.544,57.383,40.113,1.4306,1.4155,17.271,0.6328,6.0381
89.5761,57.499,40.109,1.4336,1.4155,17.39,0.5987,7.9885
89.607,57.681,40.086,1.4389,1.4272,17.595,0.7555,7.7875
89.6385,57.893,40.047,1.4456,1.4272,17.847,0.1666,0.7503
89.6765,57.974,40.011,1.4489,1.4381,17.963,1.2782,8.08
89.7027,58.241,39.994,1.4563,1.4381,18.248,0.1769,4.1489
89.7355,58.401,39.973,1.461,1.4495,18.427,0.8386,7.0191
89.768,58.499,39.953,1.4642,1.4495,18.546,1.5128,9.1371
89.8013,58.729,39.932,1.4707,1.4601,18.798,0.7275,1.8697
89.8308,58.896,39.913,1.4756,1.4601,18.983,0.2255,2.3031
89.8638,59.102,39.892,1.4816,1.4708,19.21,0.7435,4.6335
89.8952,59.287,39.872,1.4869,1.4708,19.415,0.3806,6.5692
89.9276,59.436,39.852,1.4914,1.4811,19.585,0.9433,9.4339
89.9592,59.707,39.831,1.499,1.4811,19.876,0.202,1.0314
89.9913,59.723,39.811,1.5002,1.4811,19.912,0.1724,2.8482
90.0235,60.011,39.737,1.5102,1.4957,20.274,0.5738,5.5486
90.0557,60.158,39.308,1.5304,1.5131,20.85,0.5987,6.845
90.088,60.3,38.743,1.5564,1.5347,21.557,0.7866,9.0405
90.1206,60.485,38.883,1.5556,1.5451,21.602,0.7508,2.5569
90.1513,60.582,39.165,1.5468,1.5451,21.417,0.315,2.8422
90.1842,60.886,39.556,1.5392,1.5451,21.33,0.2965,4.5152
90.216,60.951,39.977,1.5247,1.5349,20.975,0.9087,7.7496
90.2483,61.23,40.436,1.5142,1.5246,20.794,0.9123,10.1582
90.2803,61.364,40.906,1.5001,1.5123,20.458,0.6775,1.6367
90.3117,61.505,41.356,1.4872,1.4998,20.149,1.0486,3.9686
90.3437,61.671,41.814,1.4749,1.4873,19.857,1.1919,5.7937
90.3765,61.843,42.276,1.4628,1.4751,19.567,1.4716,8.0647
90.4072,62.052,42.724,1.4524,1.4637,19.328,0.4825,9.2793
90.4396,62.264,43.178,1.442,1.4529,19.086,0.4579,1.5749
90.4711,62.401,43.619,1.4306,1.4417,18.781,0.4572,3.0061
90.5031,62.531,44.063,1.4191,1.4304,18.467,0.4898,5.2223
90.5348,62.713,44.501,1.4092,1.4198,18.212,0.5605,6.0869
90.5675,62.895,44.947,1.3993,1.4096,17.947,0.7418,9.5807
90.5995,63.092,45.394,1.3899,1.4096,17.698,0.172,0.853
90.6316,63.148,45.828,1.3779,1.3938,17.32,0.6483,3.0581
90.6639,63.433,46.255,1.3714,1.3826,17.178,1.5115,5.9791
90.6965,63.471,46.704,1.359,1.3708,16.768,0.9539,8.2734
90.7275,63.793,47.123,1.3537,1.3708,16.67,0.7519,9.2152
90.7614,63.985,47.577,1.3449,1.3578,16.408,0.9765,2.6968
90.7908,64.056,47.974,1.3352,1.3465,16.082,0.4645,2.918
90.8229,64.281,48.399,1.3282,1.3465,15.883,0.1742,4.3024
90.8554,64.396,48.817,1.3191,1.3328,15.579,0.4395,6.7734
90.8876,64.555,49.226,1.3114,1.3221,15.33,0.4719,8.9979
90.9197,64.885,49.629,1.3074,1.3221,15.257,0.2245,0.9426
90.9511,64.995,50.008,1.2997,1.3109,14.987,0.7108,2.9865
90.9831,65.178,50.395,1.2933,1.3109,14.783,0.2931,4.4042
91.0157,65.274,50.773,1.2856,1.2983,14.501,0.7694,7.9982
91.0477,65.503,51.145,1.2807,1.2983,14.358,0.31,9.998
91.0809,65.692,51.507,1.2754,1.2868,14.185,1.0865,2.2023
91.1133,65.838,51.867,1.2694,1.2868,13.971,0.4345,4.2323
91.144,65.946,52.187,1.2636,1.2752,13.759,1.0252,5.6914
91.1762,66.126,52.524,1.259,1.2752,13.602,0.5011,8.1043
91.2068,66.338,52.835,1.2556,1.2752,13.503,0.1585,8.8352
91.2399,66.579,53.152,1.2526,1.2639,13.427,0.7749,1.8858
91.2711,66.665,53.453,1.2472,1.2639,13.212,0.1639,2.6928
91.3028,66.879,53.743,1.2444,1.2639,13.136,0.1687,4.9862
91.3349,67.071,54.024,1.2415,1.2527,13.047,0.6029,6.3763
91.3665,67.173,54.298,1.2371,1.2527,12.875,0.186,8.5628
91.3998,67.376,54.573,1.2346,1.2527,12.803,0.1586,1.6706
91.431,67.591,54.822,1.2329,1.2527,12.769,0.1936,2.6575
91.4641,67.737,55.069,1.23,1.2414,12.668,1.3334,6.1287
91.4957,67.834,55.309,1.2265,1.2414,12.525,0.3538,7.5992
91.5272,68.06,55.532,1.2256,1.2414,12.528,0.532,8.8347
91.5593,68.301,55.754,1.225,1.2414,12.547,0.2278,1.1932
91.5902,68.432,55.958,1.2229,1.2414,12.473,0.1562,1.5465
91.6226,68.626,56.163,1.2219,1.2414,12.462,0.158,4.3195
91.655,68.71,56.359,1.2191,1.2303,12.351,0.4577,6.6926
91.6865,68.919,56.535,1.219,1.2303,12.384,0.2652,7.6241
91.7204,69.15,56.666,1.2203,1.2303,12.484,0.2385,2.0226
91.7505,69.279,56.708,1.2217,1.2303,12.571,0.254,2.1417
91.7828,69.443,56.669,1.2254,1.2303,12.774,0.2691,4.0557
91.8149,69.605,56.578,1.2303,1.2303,13.027,0.2871,7.0802
91.8471,69.698,56.5,1.2336,1.2303,13.198,0.2939,8.46
91.88,70.017,56.477,1.2397,1.2303,13.54,0.3558,1.4141
91.9117,70.136,56.455,1.2423,1.2303,13.681,0.3743,3.3699
91.9441,70.293,56.433,1.2456,1.2303,13.859,0.4406,5.9001
91.9751,70.459,56.413,1.249,1.2303,14.047,0.3019,6.9179
92.007,70.664,56.392,1.2531,1.2417,14.272,0.4227,9.0991
92.0391,70.879,56.371,1.2574,1.2417,14.508,0.1581,0.7801
92.0704,71.024,56.351,1.2604,1.2417,14.673,0.2639,2.489
92.1035,71.201,56.331,1.264,1.2528,14.871,0.6935,5.1278
92.1351,71.259,56.31,1.2655,1.2528,14.948,0.2594,6.9534
92.1675,71.548,56.29,1.2711,1.2528,15.258,0.2985,9.7729
92.2002,71.718,56.27,1.2745,1.2637,15.448,0.7578,1.7397
92.2315,71.89,56.25,1.278,1.2637,15.64,0.2857,2.5594
92.2629,72.038,56.215,1.2815,1.2637,15.823,0.3008,14.932
92.2983,72.179,56.214,1.284,1.2739,15.966,2.968,10.1749
92.3289,72.416,56.266,1.287,1.2739,16.151,0.3439,10.6505
92.3612,72.596,56.333,1.2887,1.2739,16.263,0.379,3.2711
92.3912,72.745,56.401,1.2898,1.2739,16.345,0.1671,3.5788
92.4227,72.856,56.476,1.29,1.2739,16.38,0.1541,4.704
92.4548,73.138,56.556,1.2932,1.2739,16.582,0.1582,6.7503
92.4868,73.224,56.639,1.2928,1.2739,16.585,0.1631,8.2276
92.519,73.54,56.723,1.2965,1.2852,16.817,0.3817,0.8864
92.5507,73.62,56.808,1.2959,1.2852,16.812,0.1669,2.8334
92.5823,73.82,56.891,1.2976,1.2852,16.928,0.1694,3.6697
92.6153,73.865,56.978,1.2964,1.2852,16.888,0.1662,7.3904
92.6474,74.059,57.061,1.2979,1.2852,16.998,0.2222,9.4489
92.68,74.307,57.145,1.3003,1.2852,17.163,0.4081,1.5952
92.711,74.482,57.225,1.3016,1.2852,17.257,0.4007,3.3223
92.7442,74.63,57.308,1.3023,1.2852,17.322,0.8648,5.7566
92.7745,74.783,57.387,1.3031,1.2852,17.396,0.177,6.3605
92.8069,74.957,57.469,1.3043,1.2852,17.488,0.1581,8.5039
92.8393,75.24,57.549,1.3074,1.2963,17.69,0.3546,0.8174
92.8705,75.303,57.627,1.3067,1.2963,17.675,0.2348,1.9644
92.9032,75.51,57.708,1.3085,1.2963,17.802,0.255,4.6524
92.9347,75.675,57.784,1.3096,1.2963,17.89,0.2655,5.8517
92.9675,75.843,57.863,1.3107,1.2963,17.98,0.2905,9.5563
92.9995,76.043,57.939,1.3125,1.2963,18.104,0.2479,1.1793
93.0316,76.208,58.013,1.3136,1.2963,18.195,0.379,2.9166
93.0632,76.384,58.085,1.315,1.2963,18.299,0.3824,4.6661
93.0951,76.467,58.157,1.3148,1.2963,18.311,0.3973,6.9001
93.1291,76.656,58.23,1.3164,1.3064,18.426,0.8381,10.5002
93.161,76.907,58.3,1.3191,1.3064,18.606,0.4292,3.3285
93.1907,77.044,58.364,1.3201,1.3064,18.681,0.1542,2.6218
93.2228,77.182,58.43,1.3209,1.3064,18.752,0.1553,4.7564
93.255,77.427,58.495,1.3236,1.3064,18.932,0.1575,6.7501
93.2864,77.603,58.557,1.3252,1.3064,19.045,0.1665,7.2145
93.3189,77.66,58.62,1.3248,1.3064,19.04,0.1424,0.7103
93.351,77.939,58.68,1.3282,1.3173,19.259,0.4197,3.0463
93.3833,78.153,58.74,1.3305,1.3173,19.413,0.1656,4.2453
93.4145,78.299,58.796,1.3317,1.3173,19.503,0.1768,3.3771
93.4472,78.407,58.853,1.3323,1.3173,19.555,0.2011,8.6347
93.4804,78.654,58.908,1.3352,1.3173,19.746,0.3759,1.6019
93.5128,78.808,58.962,1.3366,1.3173,19.847,0.2961,3.9527
93.5451,78.953,59.011,1.3379,1.3276,19.942,1.483,7.1281
93.5753,79.068,59.059,1.3388,1.3276,20.009,0.4253,7.455
93.6069,79.193,59.107,1.3398,1.3276,20.086,0.1645,8.6535
93.6391,79.512,59.154,1.3442,1.3276,20.358,0.1463,0.635
93.6705,79.624,59.198,1.3451,1.3276,20.426,0.241,1.8837
93.7036,79.877,59.242,1.3483,1.338,20.635,0.7007,5.1837
93.7353,79.977,59.284,1.3491,1.338,20.694,0.175,6.4509
93.7668,80.153,59.323,1.3511,1.338,20.83,0.284,9.0316
93.7996,80.348,59.362,1.3535,1.338,20.986,0.2557,1.1988
93.8311,80.359,59.399,1.3529,1.338,20.96,0.2537,2.3413
93.8637,80.604,59.434,1.3562,1.338,21.169,0.373,5.9099
93.8959,80.69,59.468,1.3569,1.338,21.222,0.3611,7.884
93.9274,80.792,59.5,1.3579,1.338,21.292,0.4107,9.6306
93.9608,80.873,59.532,1.3585,1.3482,21.341,0.8293,2.233
93.9911,80.891,59.561,1.3581,1.3482,21.33,0.1535,2.5302
94.0225,80.912,59.589,1.3578,1.3482,21.323,0.1641,4.7399
94.0549,80.911,59.617,1.3572,1.3482,21.294,0.1578,6.8899
94.0873,80.909,59.643,1.3565,1.3482,21.265,0.1588,8.4064
94.119,80.801,59.668,1.3542,1.3482,21.132,0.1325,0.6975
94.1507,80.835,59.693,1.3542,1.3482,21.142,0.1511,2.7567
94.183,80.837,59.716,1.3537,1.3482,21.121,0.1594,4.4884
94.2152,80.719,59.739,1.3512,1.3482,20.98,0.1641,7.0281
94.2472,80.765,59.761,1.3515,1.3482,21.005,0.197,8.7761
94.2807,80.668,59.783,1.3493,1.3482,20.885,0.3105,1.5369
94.3125,80.605,59.803,1.3478,1.3482,20.802,0.4039,4.2651
94.3431,80.48,59.821,1.3453,1.3482,20.659,0.4248,4.6537
94.3789,80.467,59.842,1.3447,1.3482,20.625,0.5735,10.3276
94.4081,80.359,59.859,1.3425,1.3482,20.5,0.2175,9.4734
94.4389,80.28,59.876,1.3408,1.3482,20.404,0.1474,0.644
94.4704,80.188,59.892,1.3389,1.3482,20.296,0.2406,2.1901
94.5031,80.185,59.909,1.3385,1.3482,20.276,0.2437,4.6095
94.5349,80.155,59.924,1.3376,1.3482,20.231,0.2397,6.059
94.5669,80.093,59.938,1.3363,1.3482,20.155,0.274,8.1579
94.5997,80.037,59.953,1.335,1.3482,20.084,0.2266,1.1832
94.6312,79.969,59.965,1.3336,1.3482,20.003,0.2624,2.5059
94.6636,79.961,59.978,1.3332,1.3482,19.983,0.3605,5.0145
94.6952,79.935,59.989,1.3325,1.3482,19.945,0.3226,6.7332
94.7274,79.933,60.0,1.3322,1.3482,19.933,0.401,9.6554
94.7617,79.921,60.01,1.3318,1.3482,19.911,0.387,1.8518
94.7907,79.932,60.018,1.3318,1.3482,19.913,0.1389,2.55
94.8233,79.802,60.027,1.3294,1.3482,19.776,0.7848,5.3084
94.8549,79.823,60.034,1.3296,1.3482,19.789,0.1418,6.8604
94.8869,79.822,60.041,1.3295,1.3482,19.781,0.1412,6.9164
94.9193,79.803,60.047,1.329,1.3482,19.756,0.1499,1.4502
94.951,79.812,60.052,1.329,1.3482,19.76,0.1434,2.8694
94.9828,79.87,60.057,1.3299,1.3482,19.814,0.1408,4.1782
95.0148,79.888,60.061,1.3301,1.3482,19.827,0.1759,6.7345
95.0475,79.864,60.064,1.3296,1.3482,19.8,0.1921,9.2127
95.0809,79.87,60.068,1.3297,1.3482,19.802,0.148,0.8208
95.111,79.886,60.07,1.3299,1.3482,19.816,0.356,2.985
95.1435,79.87,60.072,1.3296,1.3482,19.798,0.321,5.2305
95.1747,79.863,60.074,1.3294,1.3482,19.789,0.1632,6.276
95.2069,79.797,60.076,1.3283,1.3482,19.721,0.1552,8.4503
95.2393,79.873,60.077,1.3295,1.3482,19.796,0.1303,0.6185
95.2716,79.942,60.078,1.3306,1.3482,19.864,0.2455,2.6415
95.3029,79.944,60.079,1.3307,1.3482,19.865,0.1422,4.7998
95.3345,79.925,60.08,1.3303,1.3482,19.845,0.14,5.2798
95.3673,80.021,60.081,1.3319,1.3482,19.94,0.1541,18.342
95.3989,79.973,60.081,1.3311,1.3482,19.892,0.1311,0.7125
95.4308,79.968,60.082,1.331,1.3482,19.886,0.1557,2.051
95.4633,79.992,60.082,1.3314,1.3482,19.91,0.3231,5.5007
95.4968,79.992,60.083,1.3314,1.3482,19.909,0.4361,5.3957
95.5273,79.982,60.083,1.3312,1.3482,19.899,0.4617,8.5296
95.5622,80.084,60.084,1.3329,1.3482,20.0,0.3519,4.3634
95.5904,80.037,60.084,1.3321,1.3482,19.953,0.1383,2.3583
95.6242,80.001,60.084,1.3315,1.3482,19.917,0.1444,5.7526
95.6562,80.093,60.085,1.333,1.3482,20.008,0.1464,7.7245
95.6871,80.019,60.085,1.3318,1.3482,19.934,0.2516,7.7239
95.7196,80.023,60.085,1.3318,1.3482,19.938,0.2235,1.0558
95.7511,80.025,60.085,1.3319,1.3482,19.94,0.2474,2.4645
95.7827,80.016,60.085,1.3317,1.3482,19.931,0.2884,3.7612
95.8152,80.06,60.085,1.3324,1.3482,19.975,0.3187,6.9441
95.8476,80.041,60.085,1.3321,1.3482,19.956,0.2741,9.0858
95.8804,79.962,60.085,1.3308,1.3482,19.877,0.2495,1.5391
95.9127,80.053,60.085,1.3323,1.3482,19.969,0.4413,4.6236
95.9442,79.986,60.085,1.3312,1.3482,19.901,0.5809,6.1705
95.9745,79.996,60.084,1.3314,1.3482,19.911,0.1764,5.9781
96.0067,80.017,60.084,1.3318,1.3482,19.933,0.1633,8.1757
96.0395,80.044,60.083,1.3322,1.3482,19.96,0.1596,1.5544
96.0711,80.055,60.083,1.3324,1.3482,19.973,0.1603,3.1492
96.1032,80.026,60.082,1.3319,1.3482,19.944,0.16,5.1696
96.1347,80.059,60.082,1.3325,1.3482,19.978,0.1652,6.1155
96.1664,79.992,60.081,1.3314,1.3482,19.911,0.1687,8.139
96.1992,80.057,60.08,1.3325,1.3482,19.976,0.1537,0.8308
96.2314,80.071,60.078,1.3328,1.3482,19.994,0.1827,2.3293
96.2629,79.982,60.064,1.3316,1.3482,19.919,0.4092,4.6162
96.2962,79.974,60.026,1.3323,1.3482,19.948,0.4805,8.3462
96.327,80.018,59.97,1.3343,1.3482,20.048,0.3387,8.5567
96.3594,80.023,59.898,1.336,1.3482,20.125,0.4068,1.1211
96.3903,80.038,59.848,1.3373,1.3482,20.19,0.1645,2.0025
96.4225,80.026,59.825,1.3377,1.3482,20.202,0.1696,3.8509
96.4547,79.997,59.801,1.3377,1.3482,20.195,0.1673,6.1088
96.4868,80.009,59.779,1.3384,1.3482,20.23,0.2843,7.8352
96.5207,80.019,59.755,1.3391,1.3482,20.264,0.2719,2.5733
96.551,79.949,59.734,1.3384,1.3482,20.215,0.2987,2.5008
96.5827,80.007,59.712,1.3399,1.3482,20.295,0.278,3.6206
96.6153,80.001,59.689,1.3403,1.3482,20.312,0.3087,7.2824
96.647,80.067,59.667,1.3419,1.3482,20.4,0.304,8.7824
96.681,80.081,59.643,1.3427,1.3482,20.438,0.3296,1.9976
96.7137,79.991,59.62,1.3417,1.3482,20.371,0.388,4.8752
96.7435,79.991,59.6,1.3421,1.3482,20.391,0.6434,5.5867
96.7746,79.979,59.563,1.3428,1.3482,20.416,0.1665,6.9283
96.8071,79.952,59.565,1.3423,1.3482,20.387,0.1574,9.0645
96.8396,79.957,59.576,1.3421,1.3482,20.381,0.1508,1.6015
96.8711,80.01,59.582,1.3428,1.3482,20.428,0.1554,2.8234
96.9032,79.999,59.586,1.3426,1.3482,20.413,0.1755,5.1115
96.9345,80.037,59.589,1.3431,1.3482,20.448,0.1621,5.8239
96.9672,80.043,59.592,1.3432,1.3482,20.451,0.1788,9.136
96.9997,79.993,59.594,1.3423,1.3482,20.399,0.1494,0.7892
97.0308,79.992,59.596,1.3422,1.3482,20.396,0.1727,2.6905
97.0634,80.0,59.599,1.3423,1.3482,20.401,0.3961,5.3131
97.096,80.018,59.601,1.3426,1.3482,20.417,0.4312,7.4061
97.1274,79.951,59.604,1.3414,1.3482,20.347,0.4242,9.3743
97.1588,79.983,59.607,1.3418,1.3482,20.376,0.1587,0.7237
97.1906,79.905,59.61,1.3405,1.3482,20.295,0.165,2.8158
97.2229,80.174,59.614,1.3449,1.3482,20.561,0.1737,4.8496
97.255,80.083,59.617,1.3433,1.3482,20.466,0.1623,6.2382
97.2872,80.029,59.621,1.3423,1.3482,20.408,0.2453,8.3901
97.3199,79.99,59.626,1.3415,1.3482,20.364,0.2138,2.058
97.3524,79.911,59.63,1.3401,1.3482,20.28,1.4676,3.6994
97.3832,79.988,59.635,1.3413,1.3482,20.353,0.2611,4.2487
97.4149,80.053,59.64,1.3423,1.3482,20.414,0.2869,6.5803
97.4477,79.92,59.645,1.3399,1.3482,20.275,0.4676,9.2177
97.4804,79.969,59.65,1.3406,1.3482,20.319,0.2432,1.4662
97.5116,79.977,59.655,1.3407,1.3482,20.322,0.374,3.4341
97.5435,80.027,59.66,1.3414,1.3482,20.366,0.6058,5.0616
97.5744,80.013,59.666,1.341,1.3482,20.347,0.1631,5.8471
97.607,80.001,59.671,1.3407,1.3482,20.329,0.1688,8.7953
97.6395,79.947,59.677,1.3397,1.3482,20.269,0.1671,0.8303
97.6713,80.029,59.683,1.3409,1.3482,20.347,0.1585,2.9694
97.7025,79.966,59.689,1.3397,1.3482,20.277,0.1769,4.1899
97.7353,79.982,59.695,1.3399,1.3482,20.288,0.172,6.634
97.7665,79.945,59.7,1.3391,1.3482,20.245,0.1724,8.1507
97.7992,79.989,59.707,1.3397,1.3482,20.283,0.1505,0.8334
97.8322,79.981,59.713,1.3394,1.3482,20.268,0.16,1.0821
97.8632,79.994,59.719,1.3395,1.3482,20.276,0.3693,4.0786
97.895,80.01,59.725,1.3396,1.3482,20.285,0.3719,6.7971
97.9275,80.006,59.731,1.3394,1.3482,20.275,0.5223,8.9027
97.959,79.999,59.737,1.3392,1.3482,20.262,0.1549,0.7391
97.9909,80.024,59.743,1.3395,1.3482,20.281,0.1566,2.811
98.0243,80.024,59.75,1.3393,1.3482,20.274,0.1581,6.0967
98.0553,80.026,59.755,1.3392,1.3482,20.27,0.165,6.8948
98.0866,79.975,59.761,1.3382,1.3482,20.214,0.2488,7.535
98.1207,80.019,59.768,1.3388,1.3482,20.251,0.1659,2.4687
98.1514,79.98,59.774,1.338,1.3482,20.206,0.2558,2.7653
98.1828,79.857,59.78,1.3358,1.3482,20.077,0.2613,4.6332
98.2155,80.028,59.786,1.3386,1.3482,20.242,0.3093,6.7423
98.2471,79.99,59.788,1.3379,1.3482,20.202,0.2728,8.6435
98.2804,79.882,59.788,1.3361,1.3482,20.094,0.2606,1.6172
98.3133,79.938,59.788,1.337,1.3482,20.15,0.402,4.7477
98.3433,80.002,59.788,1.3381,1.3482,20.213,0.5682,5.5114
98.3753,79.968,59.788,1.3375,1.3482,20.18,0.3179,7.2517
98.4072,80.008,59.788,1.3382,1.3482,20.22,0.1572,9.1287
98.4393,80.031,59.788,1.3386,1.3482,20.243,0.1428,0.674
98.4703,79.934,59.788,1.3369,1.3482,20.145,0.1598,1.8491
98.5024,80.034,59.788,1.3386,1.3482,20.246,0.1641,4.2461
98.5347,80.002,59.788,1.3381,1.3482,20.213,0.1571,5.7221
98.5664,80.0,59.788,1.3381,1.3482,20.212,0.1668,8.3064
98.6001,79.992,59.788,1.3379,1.3482,20.204,0.1822,1.9755
98.6322,80.038,59.788,1.3387,1.3482,20.25,0.1703,3.3163
98.6639,79.985,59.788,1.3378,1.3482,20.196,0.3461,5.8617
98.6957,79.937,59.788,1.337,1.3482,20.149,0.2992,7.6503
98.728,80.059,59.788,1.339,1.3482,20.271,0.4664,9.6035
98.7619,80.031,59.788,1.3386,1.3482,20.243,0.5498,3.8504
98.7903,80.038,59.788,1.3387,1.3482,20.249,0.1552,1.597
98.8229,80.071,59.788,1.3392,1.3482,20.283,0.1589,4.4546
98.8544,79.958,59.788,1.3374,1.3482,20.17,0.1616,5.7118
98.8873,80.002,59.788,1.3381,1.3482,20.214,0.2568,7.9524
98.9199,79.995,59.788,1.338,1.3482,20.207,0.25,1.1991
98.9509,79.989,59.788,1.3379,1.3482,20.201,0.2487,2.3691
98.9825,80.029,59.788,1.3385,1.3482,20.241,0.2655,3.0812
99.0148,79.963,59.788,1.3374,1.3482,20.175,0.2767,6.531
99.047,80.047,59.788,1.3388,1.3482,20.259,0.2901,9.0021
99.0801,80.043,59.788,1.3388,1.3482,20.255,0.288,1.4552
99.1116,80.022,59.788,1.3384,1.3482,20.234,0.4704,3.5126
99.1432,79.982,59.788,1.3378,1.3482,20.194,0.4369,5.125
99.1746,80.052,59.788,1.3389,1.3482,20.264,0.173,6.1243
99.2073,80.017,59.788,1.3383,1.3482,20.229,0.1617,9.0618
99.2393,79.95,59.788,1.3372,1.3482,20.161,0.1471,0.7288
99.2711,80.009,59.788,1.3382,1.3482,20.221,0.159,3.0873
99.3023,80.042,59.788,1.3388,1.3482,20.253,0.1527,4.1098
99.3345,80.018,59.788,1.3384,1.3482,20.23,0.1631,5.7297
99.3669,80.052,59.788,1.3389,1.3482,20.264,0.1619,8.8171
99.3998,79.985,59.788,1.3378,1.3482,20.196,0.1543,1.8236
99.432,80.002,59.788,1.3381,1.3482,20.214,0.183,1.9607
99.4631,80.036,59.788,1.3387,1.3482,20.248,0.3814,5.3498
99.4961,79.948,59.788,1.3372,1.3482,20.16,0.4593,8.0684
99.5276,79.992,59.788,1.3379,1.3482,20.203,0.4807,9.4959
99.5604,80.016,59.788,1.3383,1.3482,20.228,0.3161,2.0117
99.5909,80.016,59.788,1.3383,1.3482,20.228,0.1608,2.9011
99.6243,79.957,59.788,1.3373,1.3482,20.169,0.1596,6.046
99.6547,80.009,59.788,1.3382,1.3482,20.221,0.1585,6.1479
99.6867,79.999,59.788,1.338,1.3482,20.211,0.2552,7.6409
99.7196,79.99,59.788,1.3379,1.3482,20.202,0.2172,1.1112
99.751,79.974,59.788,1.3376,1.3482,20.185,0.2273,2.3086
99.7832,79.836,59.788,1.3353,1.3482,20.048,0.2722,4.3992
99.8155,80.036,59.788,1.3387,1.3482,20.248,0.2783,6.8478
99.8471,79.949,59.788,1.3372,1.3482,20.161,0.2654,9.0918
99.8827,80.016,59.788,1.3383,1.3482,20.228,2.56,3.8174
99.9116,79.981,59.788,1.3377,1.3482,20.193,0.3433,3.4221
99.943,80.072,59.788,1.3393,1.3482,20.284,0.4352,4.4063
99.9747,80.025,59.788,1.3385,1.3482,20.237,0.1727,6.079
100.0063,80.023,59.788,1.3384,1.3482,20.234,0.1626,8.1511
100.0395,79.905,59.788,1.3365,1.3482,20.117,0.1547,1.5318
100.0702,79.88,59.788,1.3361,1.3482,20.092,0.1556,1.6952
100.1023,80.004,59.788,1.3381,1.3482,20.216,0.1556,4.1063
100.1351,80.025,59.788,1.3385,1.3482,20.236,0.1592,6.4069
100.1665,79.996,59.788,1.338,1.3482,20.208,0.1556,3.409
100.2013,79.979,59.788,1.3377,1.3482,20.191,0.159,3.5931
100.2323,79.986,59.788,1.3378,1.3482,20.198,0.5447,3.3986
100.2633,80.053,59.788,1.3389,1.3482,20.265,0.3552,3.7431
100.2961,79.995,59.788,1.338,1.3482,20.207,0.4504,8.3412
100.3272,79.951,59.788,1.3372,1.3482,20.162,0.3704,9.243
100.3621,79.938,59.788,1.337,1.3482,20.15,0.4349,2.3252
100.3911,80.032,59.788,1.3386,1.3482,20.243,0.1689,2.8193
100.4226,79.971,59.788,1.3376,1.3482,20.183,0.1564,4.6129
100.4553,80.033,59.788,1.3386,1.3482,20.245,0.1587,6.7703
100.487,79.974,59.788,1.3376,1.3482,20.186,0.2462,7.6968
100.5195,80.003,59.788,1.3381,1.3482,20.215,0.2155,1.1531
100.551,80.008,59.788,1.3382,1.3482,20.219,0.2492,2.347
100.5826,80.009,59.788,1.3382,1.3482,20.221,0.2755,2.9434
100.6147,79.996,59.788,1.338,1.3482,20.208,0.274,6.44
100.6467,80.025,59.788,1.3385,1.3482,20.237,0.1752,8.3143
100.6815,80.006,59.788,1.3381,1.3482,20.217,0.5184,2.2038
100.7128,80.029,59.788,1.3385,1.3482,20.241,0.3808,4.5179
100.7439,79.992,59.788,1.3379,1.3482,20.204,0.5003,6.0811
100.7746,80.019,59.788,1.3384,1.3482,20.231,0.1851,6.0512
100.8063,80.011,59.788,1.3382,1.3482,20.223,0.1556,8.1019
100.839,80.002,59.788,1.3381,1.3482,20.214,0.1462,0.7886
100.8703,79.948,59.788,1.3372,1.3482,20.16,0.1544,1.9767
100.9025,79.93,59.788,1.3369,1.3482,20.142,0.159,4.1081
100.9349,79.994,59.788,1.338,1.3482,20.206,0.1664,6.3239
100.9675,79.955,59.788,1.3373,1.3482,20.167,0.1765,8.9661
100.9991,80.051,59.788,1.3389,1.3482,20.263,0.1512,0.8304
101.0321,79.977,59.788,1.3377,1.3482,20.189,0.1972,3.0669
101.0634,80.021,59.788,1.3384,1.3482,20.232,0.3193,4.9571
101.0957,79.981,59.788,1.3377,1.3482,20.193,0.3034,7.6454
101.1272,79.982,59.788,1.3378,1.3482,20.194,0.3826,8.7591
101.1609,79.88,59.788,1.3361,1.3482,20.092,0.3929,3.0319
101.1909,80.029,59.788,1.3385,1.3482,20.241,0.1377,2.3641
101.2224,80.006,59.788,1.3382,1.3482,20.218,0.1423,4.1473
101.2552,80.038,59.788,1.3387,1.3482,20.25,0.1442,6.5744
101.287,79.98,59.788,1.3377,1.3482,20.192,0.1733,8.2862
101.3194,79.992,59.788,1.3379,1.3482,20.204,0.1387,1.4425
101.3511,79.968,59.788,1.3375,1.3482,20.18,0.1439,2.782
101.3824,79.958,59.788,1.3374,1.3482,20.17,0.1522,3.4434
101.4148,80.012,59.788,1.3383,1.3482,20.224,0.1582,6.6409
101.4471,80.05,59.788,1.3389,1.3482,20.262,0.1713,9.1402
101.481,79.971,59.788,1.3376,1.3482,20.183,0.2767,1.9006
101.511,80.012,59.788,1.3383,1.3482,20.223,0.4239,3.1475
101.5429,80.043,59.788,1.3388,1.3482,20.255,0.1556,4.6942
101.5746,80.035,59.788,1.3386,1.3482,20.247,0.1593,6.2301
101.607,79.993,59.788,1.3379,1.3482,20.204,0.1426,8.445
101.6388,80.032,59.788,1.3386,1.3482,20.244,0.1318,0.6308
101.6704,79.959,59.788,1.3374,1.3482,20.17,0.2148,2.0465
101.703,80.03,59.788,1.3386,1.3482,20.241,0.233,4.603
101.7351,79.987,59.788,1.3378,1.3482,20.199,0.2332,5.9189
101.7674,80.0,59.788,1.338,1.3482,20.211,0.252,8.4532
101.7994,79.928,59.788,1.3368,1.3482,20.139,0.2215,1.1002
101.8317,80.019,59.788,1.3384,1.3482,20.23,0.246,2.2237
101.864,79.946,59.788,1.3372,1.3482,20.158,0.4434,5.08
101.8961,80.024,59.788,1.3385,1.3482,20.236,0.4152,8.0315
101.9276,79.945,59.788,1.3371,1.3482,20.157,0.4465,9.451
101.9602,79.994,59.788,1.338,1.3482,20.206,0.4935,1.7914
101.9908,80.01,59.788,1.3382,1.3482,20.221,0.138,2.5724
102.0229,80.029,59.788,1.3385,1.3482,20.241,0.1401,4.6149
102.055,80.048,59.788,1.3389,1.3482,20.26,0.1434,6.8384
102.0869,80.052,59.788,1.3389,1.3482,20.264,0.1391,7.8151
102.1193,79.954,59.788,1.3373,1.3482,20.166,0.1345,1.3979
102.1502,80.033,59.788,1.3386,1.3482,20.245,0.1426,1.8364
102.1824,79.997,59.788,1.338,1.3482,20.209,0.1422,3.6874
102.2149,79.975,59.788,1.3376,1.3482,20.187,0.1829,6.455
102.2476,79.958,59.788,1.3374,1.3482,20.17,0.1799,9.3791
102.281,80.037,59.788,1.3387,1.3482,20.249,0.4023,1.7278
102.3117,79.989,59.788,1.3379,1.3482,20.2,0.6335,3.8629
102.3438,80.049,59.788,1.3389,1.3482,20.26,0.3174,5.1789
102.3744,80.004,59.788,1.3381,1.3482,20.216,0.1401,5.9777
102.4077,79.956,59.788,1.3373,1.3482,20.168,0.798,9.0844
102.4392,80.011,59.788,1.3382,1.3482,20.223,0.1317,0.6026
102.4704,80.004,59.788,1.3381,1.3482,20.216,0.2252,2.0925
102.5031,80.0,59.788,1.3381,1.3482,20.212,0.23,4.694
102.5347,80.016,59.788,1.3383,1.3482,20.228,0.2667,5.7289
102.5676,79.961,59.788,1.3374,1.3482,20.173,0.2662,9.9151
102.6002,80.024,59.788,1.3385,1.3482,20.236,0.2485,1.2683
102.6312,80.014,59.788,1.3383,1.3482,20.225,0.2363,2.388
102.6643,80.041,59.788,1.3387,1.3482,20.253,0.2892,4.7578
102.695,80.023,59.788,1.3384,1.3482,20.234,0.3555,6.433
102.7273,79.973,59.788,1.3376,1.3482,20.184,0.3434,8.6584
102.7606,79.978,59.788,1.3377,1.3482,20.19,0.595,2.6687
102.7909,80.005,59.788,1.3381,1.3482,20.217,0.1364,2.5718
102.8231,80.012,59.788,1.3383,1.3482,20.223,0.1384,4.6728
102.856,80.047,59.788,1.3388,1.3482,20.259,0.1506,7.5409
102.887,80.014,59.788,1.3383,1.3482,20.226,0.1487,8.0932
102.9199,80.008,59.788,1.3382,1.3482,20.22,0.2549,1.1393
102.9512,80.073,59.788,1.3393,1.3482,20.285,0.2559,2.6118
102.9832,80.055,59.788,1.339,1.3482,20.267,0.3024,4.2813
103.0153,79.979,59.788,1.3377,1.3482,20.19,0.2824,7.4576
103.0469,80.014,59.788,1.3383,1.3482,20.226,0.2679,8.787
103.0807,80.042,59.788,1.3388,1.3482,20.254,0.2792,1.5723
103.1117,80.032,59.788,1.3386,1.3482,20.244,0.3881,3.6022
103.1447,80.059,59.788,1.339,1.3482,20.27,0.3578,6.4246
103.1759,79.959,59.788,1.3374,1.3482,20.171,0.4451,7.6558
103.2071,79.986,59.788,1.3378,1.3482,20.198,0.1462,8.9454
103.2392,79.997,59.788,1.338,1.3482,20.209,0.1419,1.3477
103.2707,79.98,59.788,1.3377,1.3482,20.192,0.1374,2.6321
103.3029,79.971,59.788,1.3376,1.3482,20.183,0.1376,4.8129
103.3352,80.002,59.788,1.3381,1.3482,20.213,0.1424,6.6754
103.3666,80.021,59.788,1.3384,1.3482,20.232,0.1752,8.8856
103.399,80.097,59.788,1.3397,1.3482,20.309,0.1381,0.8138
103.431,80.064,59.788,1.3391,1.3482,20.276,0.1619,2.317
103.4634,80.092,59.788,1.3396,1.3482,20.304,0.3662,4.9588
103.4962,80.032,59.788,1.3386,1.3482,20.244,0.7365,7.8845
103.5273,80.005,59.788,1.3381,1.3482,20.217,0.3638,8.5138
103.5609,79.86,59.788,1.3357,1.3482,20.072,0.468,2.9343
103.5909,80.019,59.788,1.3384,1.3482,20.231,0.1383,2.532
103.6224,79.991,59.788,1.3379,1.3482,20.203,0.1435,4.11
103.6552,80.024,59.788,1.3385,1.3482,20.236,0.1436,6.4747
103.6873,80.025,59.788,1.3385,1.3482,20.237,0.2282,7.2639
103.7205,80.029,59.788,1.3385,1.3482,20.241,0.2272,2.1561
103.7508,79.972,59.788,1.3376,1.3482,20.184,0.2409,2.1952
103.7825,80.021,59.788,1.3384,1.3482,20.233,0.2562,3.5095
103.8156,79.995,59.788,1.338,1.3482,20.206,0.2637,7.775
103.8469,80.032,59.788,1.3386,1.3482,20.244,0.2677,9.0966
103.8805,80.036,59.788,1.3387,1.3482,20.248,0.2177,1.4799
103.9111,79.81,59.788,1.3349,1.3482,20.022,0.2569,2.2186
103.9435,80.044,59.788,1.3388,1.3482,20.255,0.5285,4.864
103.9751,80.114,59.788,1.34,1.3482,20.326,0.3014,6.6225
104.0072,80.091,59.788,1.3396,1.3482,20.303,0.1456,8.5204
104.039,80.046,59.788,1.3388,1.3482,20.258,0.136,1.264
104.0704,80.005,59.788,1.3381,1.3482,20.216,0.1877,1.9601
104.1032,79.844,59.788,1.3354,1.3482,20.055,0.2325,4.7499
104.1347,79.983,59.788,1.3378,1.3482,20.195,0.23,5.9947
104.1673,80.026,59.788,1.3385,1.3482,20.238,0.261,9.2429
104.1998,79.975,59.788,1.3376,1.3482,20.187,0.2265,1.1491
104.2324,79.932,59.788,1.3369,1.3482,20.144,0.2423,2.4174
104.2632,79.908,59.788,1.3365,1.3482,20.12,0.3574,5.2498
104.2951,80.018,59.788,1.3384,1.3482,20.23,0.3272,7.1132
104.3281,79.987,59.788,1.3378,1.3482,20.199,0.574,9.9667
104.3602,80.036,59.788,1.3387,1.3482,20.248,0.6041,2.5202
104.3908,79.98,59.788,1.3377,1.3482,20.192,0.1369,2.621
104.4229,80.034,59.788,1.3386,1.3482,20.246,0.1401,4.6691
104.4543,79.984,59.788,1.3378,1.3482,20.195,0.1576,5.9091
104.4864,80.144,59.788,1.3405,1.3482,20.356,0.1457,7.6451
104.5194,80.103,59.788,1.3398,1.3482,20.315,0.1286,0.701
104.5502,80.071,59.788,1.3392,1.3482,20.283,0.1382,1.659
104.5832,80.006,59.788,1.3382,1.3482,20.218,0.1527,4.3726
104.6151,79.989,59.788,1.3379,1.3482,20.2,0.1541,7.0269
104.6474,79.949,59.788,1.3372,1.3482,20.161,0.178,8.8993
104.6803,80.042,59.788,1.3388,1.3482,20.254,0.2582,1.3242
104.7118,80.016,59.788,1.3383,1.3482,20.228,0.4796,3.6434
104.7434,80.009,59.788,1.3382,1.3482,20.221,0.5241,5.5612
104.7746,79.999,59.788,1.338,1.3482,20.21,0.1462,6.6953
104.8069,80.002,59.788,1.3381,1.3482,20.214,0.1401,8.8214
104.8398,80.033,59.788,1.3386,1.3482,20.244,0.9346,1.4254
104.8704,80.003,59.788,1.3381,1.3482,20.215,0.1387,2.6983
104.9031,79.985,59.788,1.3378,1.3482,20.197,0.1418,4.821
104.9363,79.879,59.788,1.336,1.3482,20.09,1.6112,7.2516
104.9672,80.051,59.788,1.3389,1.3482,20.263,0.145,7.798
104.9989,79.998,59.788,1.338,1.3482,20.21,0.1295,0.7231
105.0317,79.96,59.788,1.3374,1.3482,20.172,0.1897,3.1668
105.0632,79.979,59.788,1.3377,1.3482,20.191,0.4727,5.4556
105.0957,80.062,59.788,1.3391,1.3482,20.274,0.3001,7.3844
105.1274,80.033,59.788,1.3386,1.3482,20.245,0.3665,8.5771
105.1631,79.924,59.788,1.3368,1.3482,20.135,0.3989,5.0677
105.1903,79.956,59.788,1.3373,1.3482,20.168,0.1384,2.5887
105.2232,79.923,59.788,1.3368,1.3482,20.135,0.1444,5.2759
105.2545,79.983,59.788,1.3378,1.3482,20.194,0.1442,6.4234
105.2872,79.987,59.788,1.3378,1.3482,20.199,0.1447,8.9888
105.3195,79.987,59.788,1.3378,1.3482,20.199,0.166,0.9757
105.3505,79.967,59.788,1.3375,1.3482,20.178,0.22,2.0677
105.3829,80.006,59.788,1.3382,1.3482,20.217,0.2407,4.0147
105.4151,79.978,59.788,1.3377,1.3482,20.19,0.2888,6.7829
105.4472,79.926,59.788,1.3368,1.3482,20.138,0.3618,8.8371
105.4803,80.032,59.788,1.3386,1.3482,20.244,0.2936,1.4687
105.5122,79.972,59.788,1.3376,1.3482,20.184,0.3257,3.791
105.5431,79.995,59.788,1.338,1.3482,20.207,0.5501,5.248
105.5748,80.013,59.788,1.3383,1.3482,20.225,0.1735,6.7316
105.6073,79.969,59.788,1.3375,1.3482,20.181,0.1552,8.9659
105.6391,80.011,59.788,1.3382,1.3482,20.223,0.1309,0.6882
105.6706,80.012,59.788,1.3383,1.3482,20.223,0.1371,2.6273
105.7027,79.909,59.788,1.3365,1.3482,20.121,0.1433,3.8997
105.7352,79.992,59.788,1.3379,1.3482,20.204,0.1478,6.5031
105.7665,80.02,59.788,1.3384,1.3482,20.232,0.1514,7.7919
105.7994,80.028,59.788,1.3385,1.3482,20.24,0.1395,0.7584
105.8329,80.017,59.788,1.3383,1.3482,20.229,0.1678,3.6385
105.8629,80.029,59.788,1.3385,1.3482,20.241,0.319,4.724
105.8959,79.939,59.788,1.337,1.3482,20.15,0.3627,3.0536
105.9274,80.003,59.788,1.3381,1.3482,20.215,0.4037,9.0203
105.9602,80.025,59.788,1.3385,1.3482,20.236,0.5562,2.4143
105.9909,80.052,59.788,1.3389,1.3482,20.264,0.1393,2.6003
106.0227,80.02,59.788,1.3384,1.3482,20.232,0.1439,4.2166
106.0549,79.968,59.788,1.3375,1.3482,20.18,0.1454,6.5872
106.0867,80.017,59.788,1.3383,1.3482,20.229,0.2564,7.7458
106.12,79.969,59.788,1.3375,1.3482,20.181,0.247,1.1999
106.1512,79.984,59.788,1.3378,1.3482,20.195,0.2478,2.3867
106.1829,79.975,59.788,1.3376,1.3482,20.187,0.2592,4.5305
106.2151,79.981,59.788,1.3377,1.3482,20.192,0.3538,6.7549
106.2478,79.935,59.788,1.337,1.3482,20.147,0.2829,9.6563
106.2812,80.01,59.788,1.3382,1.3482,20.222,0.2751,2.9952
106.3124,79.999,59.788,1.338,1.3482,20.21,0.4733,4.2162
106.3434,80.06,59.788,1.3391,1.3482,20.272,0.658,4.8297
106.375,80.004,59.788,1.3381,1.3482,20.216,0.1744,7.1167
106.4063,80.049,59.788,1.3389,1.3482,20.261,0.1558,8.0363
106.4389,79.976,59.788,1.3377,1.3482,20.188,0.1431,0.6705
106.4703,80.036,59.788,1.3387,1.3482,20.248,0.1523,1.6496
106.5024,79.972,59.788,1.3376,1.3482,20.184,0.1711,3.9023
106.5352,80.015,59.788,1.3383,1.3482,20.227,0.1696,5.9491
106.5666,80.052,59.788,1.3389,1.3482,20.264,0.1694,7.3845
106.5993,79.982,59.788,1.3378,1.3482,20.194,0.1491,0.8116
106.6313,80.015,59.788,1.3383,1.3482,20.226,0.1774,2.4169
106.663,80.052,59.788,1.3389,1.3482,20.264,0.3312,3.9476
106.6955,79.986,59.788,1.3378,1.3482,20.198,0.4704,7.1847
106.7276,80.031,59.788,1.3386,1.3482,20.243,0.389,9.5582
106.761,80.03,59.788,1.3386,1.3482,20.241,0.4583,1.9913
106.7905,80.024,59.788,1.3385,1.3482,20.236,0.154,2.7802
106.8225,79.97,59.788,1.3376,1.3482,20.182,0.1562,4.4495
106.8546,80.081,59.788,1.3394,1.3482,20.293,0.1585,5.8227
106.8869,80.023,59.788,1.3384,1.3482,20.235,0.2511,8.479
106.92,80.014,59.788,1.3383,1.3482,20.226,0.2471,1.1546
106.951,80.044,59.788,1.3388,1.3482,20.255,0.2472,2.3609
106.9832,79.972,59.788,1.3376,1.3482,20.184,0.2495,2.5159
107.0148,79.991,59.788,1.3379,1.3482,20.203,0.285,5.7374
107.0473,80.019,59.788,1.3384,1.3482,20.231,0.2752,8.9441
107.0808,79.972,59.788,1.3376,1.3482,20.184,0.2962,1.7348
107.1113,79.943,59.788,1.3371,1.3482,20.155,0.3236,3.1203
107.1437,80.004,59.788,1.3381,1.3482,20.216,0.4708,5.3372
107.1743,80.047,59.788,1.3388,1.3482,20.259,0.1595,5.9657
107.2065,79.999,59.788,1.338,1.3482,20.211,0.1574,8.0511
107.2393,80.031,59.788,1.3386,1.3482,20.242,0.1431,0.6954
107.2712,79.987,59.788,1.3378,1.3482,20.199,0.2317,3.0915
107.3031,79.976,59.788,1.3377,1.3482,20.188,0.2539,4.5127
107.3361,79.894,59.788,1.3363,1.3482,20.106,0.3049,7.6082
107.3675,79.946,59.788,1.3372,1.3482,20.158,0.2884,9.1384
107.4002,80.057,59.788,1.339,1.3482,20.268,0.2707,1.422
107.4319,80.028,59.788,1.3385,1.3482,20.24,0.4287,3.0059
107.4658,80.006,59.788,1.3382,1.3482,20.218,2.4054,7.8106
107.4968,80.032,59.788,1.3386,1.3482,20.244,0.4144,8.6489
107.5279,80.019,59.788,1.3384,1.3482,20.231,0.4276,9.5967
107.5615,80.012,59.788,1.3383,1.3482,20.224,0.5492,2.5532
107.5904,79.994,59.788,1.3379,1.3482,20.205,0.1539,1.7253
107.6231,80.028,59.788,1.3385,1.3482,20.24,0.1572,4.9104
107.6545,79.966,59.788,1.3375,1.3482,20.177,0.1547,6.026
107.6867,79.979,59.788,1.3377,1.3482,20.19,0.1699,6.1359
107.719,80.058,59.788,1.339,1.3482,20.27,0.1445,0.7751
107.7514,80.059,59.788,1.339,1.3482,20.271,0.1571,3.2386
107.7824,80.023,59.788,1.3384,1.3482,20.235,0.1638,3.0217
107.8151,79.979,59.788,1.3377,1.3482,20.19,0.1787,6.0355
107.8473,80.027,59.788,1.3385,1.3482,20.239,0.1989,9.3254
107.8816,80.0,59.788,1.3381,1.3482,20.212,0.1784,1.436
107.9114,79.927,59.788,1.3368,1.3482,20.138,0.2798,2.4935
107.9441,80.062,59.788,1.3391,1.3482,20.274,0.4635,6.1799
107.9757,80.035,59.788,1.3386,1.3482,20.247,0.3174,7.3818
108.0065,80.076,59.788,1.3393,1.3482,20.287,0.156,7.7767
108.0392,80.001,59.788,1.3381,1.3482,20.213,0.1443,0.7281
108.0708,79.988,59.788,1.3379,1.3482,20.2,0.2486,2.2451
108.1034,79.947,59.788,1.3372,1.3482,20.159,0.2396,4.872
108.1349,79.951,59.788,1.3372,1.3482,20.163,0.2627,6.6818
108.1671,79.903,59.788,1.3364,1.3482,20.115,0.2952,8.915
108.1992,80.015,59.788,1.3383,1.3482,20.227,0.1509,0.8278
108.2315,80.02,59.788,1.3384,1.3482,20.232,0.1801,2.5067
108.263,80.02,59.788,1.3384,1.3482,20.232,0.4013,4.4177
108.2953,80.025,59.788,1.3385,1.3482,20.237,0.49,7.2078
108.3275,80.03,59.788,1.3386,1.3482,20.242,0.363,9.5446
108.3618,80.013,59.788,1.3383,1.3482,20.225,0.3445,2.3016
108.3912,79.986,59.788,1.3378,1.3482,20.198,0.1548,2.7925
108.4226,80.012,59.788,1.3383,1.3482,20.224,0.1547,4.4635
108.4544,79.969,59.788,1.3375,1.3482,20.181,0.1592,5.7588
108.4867,79.981,59.788,1.3377,1.3482,20.192,0.251,8.4227
108.5197,79.965,59.788,1.3375,1.3482,20.177,0.2209,1.0991
108.5514,79.987,59.788,1.3378,1.3482,20.199,0.2748,2.6525
108.5835,80.039,59.788,1.3387,1.3482,20.25,0.273,5.1615
108.6145,79.991,59.788,1.3379,1.3482,20.203,0.267,3.1304
108.6473,80.028,59.788,1.3385,1.3482,20.239,0.3561,8.7841
108.6811,79.989,59.788,1.3379,1.3482,20.201,0.2714,2.877
108.7129,79.967,59.788,1.3375,1.3482,20.179,0.3525,4.5199
108.7435,79.976,59.788,1.3377,1.3482,20.188,0.602,5.2734
108.775,80.023,59.788,1.3384,1.3482,20.234,0.1536,7.0047
108.8067,79.978,59.788,1.3377,1.3482,20.19,0.169,8.2565
108.8395,79.976,59.788,1.3377,1.3482,20.188,0.1611,0.793
108.8708,79.982,59.788,1.3378,1.3482,20.194,0.2597,2.7598
108.9029,80.029,59.788,1.3385,1.3482,20.241,0.2559,4.2082
108.9348,80.022,59.788,1.3384,1.3482,20.234,0.2666,6.5033
108.9669,79.982,59.788,1.3378,1.3482,20.194,0.2757,8.4696
109.0005,80.058,59.788,1.339,1.3482,20.27,0.295,1.758
109.0312,79.972,59.788,1.3376,1.3482,20.184,0.185,2.275
109.0635,80.039,59.788,1.3387,1.3482,20.251,0.3535,5.6443
109.0961,80.102,59.788,1.3398,1.3482,20.314,0.4044,7.6499
109.1276,80.029,59.788,1.3385,1.3482,20.241,0.4402,9.4082
109.1608,79.992,59.788,1.3379,1.3482,20.204,0.4494,1.8831
109.1902,80.006,59.788,1.3381,1.3482,20.217,0.1501,1.649
109.2225,79.996,59.788,1.338,1.3482,20.208,0.1639,4.185
109.2545,79.97,59.788,1.3375,1.3482,20.181,0.165,6.2178
109.2873,80.024,59.788,1.3385,1.3482,20.236,0.1715,8.295
109.3191,79.927,59.788,1.3368,1.3482,20.139,0.1494,0.8163
109.3505,80.081,59.788,1.3394,1.3482,20.293,0.1623,2.1372
109.3826,80.048,59.788,1.3389,1.3482,20.259,0.2005,2.1532
109.4145,79.961,59.788,1.3374,1.3482,20.173,0.1781,2.7688
109.4473,79.988,59.788,1.3379,1.3482,20.2,0.1871,9.28
109.4807,79.991,59.788,1.3379,1.3482,20.203,0.3631,1.8117
109.5128,79.993,59.788,1.3379,1.3482,20.204,0.3509,4.1724
109.5434,80.048,59.788,1.3389,1.3482,20.26,0.6615,5.0834
109.5759,80.07,59.788,1.3392,1.3482,20.281,0.3568,7.4948
109.6069,79.938,59.788,1.337,1.3482,20.149,0.1668,8.0264
109.6394,79.994,59.788,1.3379,1.3482,20.205,0.1577,0.7541
109.671,79.969,59.788,1.3375,1.3482,20.181,0.1605,2.1492
109.7028,79.997,59.788,1.338,1.3482,20.209,0.2438,4.1552
109.7355,79.93,59.788,1.3369,1.3482,20.141,0.2551,6.4076
109.7678,79.968,59.788,1.3375,1.3482,20.18,0.282,9.9806
109.7991,79.986,59.788,1.3378,1.3482,20.197,0.1436,0.7948
109.8314,80.036,59.788,1.3387,1.3482,20.248,0.188,2.5959
109.8635,80.001,59.788,1.3381,1.3482,20.213,0.3068,5.4297
109.895,80.007,59.788,1.3382,1.3482,20.219,0.3288,6.5458
109.9279,80.083,59.788,1.3395,1.3482,20.295,0.6206,9.0984
109.9598,79.964,59.788,1.3375,1.3482,20.176,0.3888,1.5254
109.9921,80.018,59.788,1.3384,1.3482,20.23,1.406,4.1114
110.0226,79.931,59.788,1.3369,1.3482,20.142,0.1735,4.0177
110.0563,80.01,59.788,1.3382,1.3482,20.221,0.1683,7.3313
110.0869,80.007,59.788,1.3382,1.3482,20.219,0.2655,8.5267
110.12,80.174,59.788,1.341,1.3482,20.386,0.2323,1.0885
110.1511,79.905,59.788,1.3365,1.3482,20.117,0.2509,2.4184
110.183,80.056,59.788,1.339,1.3482,20.267,0.2728,4.496
110.2154,79.969,59.788,1.3375,1.3482,20.181,0.293,7.3441
110.2473,80.064,59.788,1.3391,1.3482,20.276,0.2788,8.8196
110.2803,79.975,59.788,1.3376,1.3482,20.187,0.1736,1.307
110.3107,80.022,59.788,1.3384,1.3482,20.234,0.3332,2.6607
110.3436,79.899,59.788,1.3364,1.3482,20.111,0.4967,5.6498
110.3747,80.024,59.788,1.3385,1.3482,20.236,0.173,6.1124
110.4067,79.993,59.788,1.3379,1.3482,20.205,0.1603,8.1327
110.4391,79.998,59.788,1.338,1.3482,20.209,0.1509,0.8357
110.471,79.975,59.788,1.3376,1.3482,20.187,0.1549,2.9664
110.5029,79.955,59.788,1.3373,1.3482,20.167,0.1626,4.3778
110.5348,80.014,59.788,1.3383,1.3482,20.226,0.1631,5.8351
110.5665,79.995,59.788,1.338,1.3482,20.207,0.1707,7.9633
110.5993,79.998,59.788,1.338,1.3482,20.209,0.1554,0.944
110.6317,80.047,59.788,1.3388,1.3482,20.258,0.1977,2.8269
110.6629,80.016,59.788,1.3383,1.3482,20.228,0.3569,4.9498
110.6955,80.1,59.788,1.3397,1.3482,20.312,0.5185,6.9434
110.7275,80.012,59.788,1.3383,1.3482,20.223,0.4048,19.4997
110.7594,80.057,59.788,1.339,1.3482,20.269,0.1553,1.514
110.7903,79.991,59.788,1.3379,1.3482,20.203,0.1561,1.8086
110.8229,80.031,59.788,1.3386,1.3482,20.243,0.1584,4.4891
110.8563,79.912,59.788,1.3366,1.3482,20.124,0.1573,7.4616
110.8875,79.991,59.788,1.3379,1.3482,20.203,0.2227,8.434
110.9204,80.038,59.788,1.3387,1.3482,20.25,0.2353,2.3723
110.9514,80.033,59.788,1.3386,1.3482,20.245,0.2386,2.449
110.9829,80.059,59.788,1.3391,1.3482,20.271,0.2689,4.4791
111.0156,80.02,59.788,1.3384,1.3482,20.231,0.3036,7.3805
111.0471,79.984,59.788,1.3378,1.3482,20.196,0.2628,8.3966
111.081,79.986,59.788,1.3378,1.3482,20.198,0.283,2.7204
111.1116,79.996,59.788,1.338,1.3482,20.208,0.3414,3.1141
111.1435,80.009,59.788,1.3382,1.3482,20.221,0.7023,5.7344
111.1753,80.02,59.788,1.3384,1.3482,20.231,0.1552,7.0469
111.2064,80.026,59.788,1.3385,1.3482,20.238,0.1588,7.1959
111.2392,80.113,59.788,1.34,1.3482,20.325,0.1507,0.7382
111.2712,80.025,59.788,1.3385,1.3482,20.237,0.16,2.9868
111.3026,79.994,59.788,1.338,1.3482,20.206,0.1719,4.2768
111.335,79.952,59.788,1.3373,1.3482,20.164,0.1636,5.9892
111.3673,79.989,59.788,1.3379,1.3482,20.2,0.1733,8.2625
111.3997,79.994,59.788,1.338,1.3482,20.206,0.1596,0.9475
111.4325,80.094,59.788,1.3396,1.3482,20.306,0.2961,3.3527
111.4635,80.021,59.788,1.3384,1.3482,20.233,0.2763,4.6081
111.495,80.026,59.788,1.3385,1.3482,20.238,0.3049,6.367
111.5271,80.037,59.788,1.3387,1.3482,20.249,0.3158,8.4872
111.5602,80.003,59.788,1.3381,1.3482,20.215,0.2757,1.2637
111.5904,80.005,59.788,1.3381,1.3482,20.216,0.1537,2.5844
111.6226,79.967,59.788,1.3375,1.3482,20.179,0.1597,4.5411
111.6547,79.937,59.788,1.337,1.3482,20.149,0.1566,6.6623
111.6875,79.962,59.788,1.3374,1.3482,20.174,0.2437,9.0295
111.7199,80.011,59.788,1.3382,1.3482,20.223,0.2492,1.1644
111.7521,79.964,59.788,1.3375,1.3482,20.176,0.2736,2.5219
111.783,79.957,59.788,1.3373,1.3482,20.168,0.2691,4.7706
111.8149,80.161,59.788,1.3407,1.3482,20.373,0.2695,6.6641
111.8471,80.111,59.788,1.3399,1.3482,20.323,0.1752,8.704
111.882,80.0,59.788,1.3381,1.3482,20.212,0.2665,1.4156
111.9157,79.964,59.788,1.3375,1.3482,20.176,0.6097,7.5053
111.9431,79.852,59.788,1.3356,1.3482,20.063,0.4283,4.5273
111.9743,79.976,59.788,1.3377,1.3482,20.188,0.1663,6.3473
112.0069,80.008,59.788,1.3382,1.3482,20.22,0.1627,8.5219
112.0396,80.051,59.788,1.3389,1.3482,20.263,0.157,1.5969
112.0704,79.983,59.788,1.3378,1.3482,20.195,0.1632,1.9927
112.1024,80.004,59.788,1.3381,1.3482,20.216,0.1625,4.1201
112.1353,80.03,59.788,1.3386,1.3482,20.241,0.1672,6.3739
112.1673,80.003,59.788,1.3381,1.3482,20.215,0.1666,8.9509
112.2006,79.971,59.788,1.3376,1.3482,20.183,0.1852,1.9272
112.2311,80.157,59.788,1.3407,1.3482,20.368,0.1791,2.7331
112.2637,79.933,59.788,1.3369,1.3482,20.145,0.3068,5.2939
112.2953,80.038,59.788,1.3387,1.3482,20.25,0.4964,7.0372
112.3276,79.977,59.788,1.3377,1.3482,20.189,0.3794,9.6732
112.3598,80.014,59.788,1.3383,1.3482,20.226,0.4843,1.6117
112.3912,80.003,59.788,1.3381,1.3482,20.215,0.172,2.9241
112.4229,80.034,59.788,1.3386,1.3482,20.246,0.1594,4.5479
112.4547,79.965,59.788,1.3375,1.3482,20.177,0.162,5.8348
112.4872,79.953,59.788,1.3373,1.3482,20.164,0.1664,9.0648
112.5227,80.016,59.788,1.3383,1.3482,20.228,3.337,4.1683
112.5514,80.007,59.788,1.3382,1.3482,20.219,0.2439,2.4183
112.5834,80.045,59.788,1.3388,1.3482,20.256,0.2648,5.0146
112.615,80.047,59.788,1.3388,1.3482,20.259,0.2922,6.3445
112.6472,79.988,59.788,1.3379,1.3482,20.2,0.2839,8.6461
112.6813,80.026,59.788,1.3385,1.3482,20.238,0.2956,1.8208
112.7131,80.034,59.788,1.3386,1.3482,20.246,0.3396,4.2454
112.7432,79.924,59.788,1.3368,1.3482,20.135,0.3863,4.5045
112.7754,79.979,59.788,1.3377,1.3482,20.19,0.3306,7.1515
112.8064,79.993,59.788,1.3379,1.3482,20.205,0.1565,8.0567
112.8391,79.852,59.788,1.3356,1.3482,20.063,0.1491,0.7592
112.8704,80.029,59.788,1.3385,1.3482,20.241,0.1561,1.8626
112.9024,80.05,59.788,1.3389,1.3482,20.262,0.1598,4.1079
112.9348,80.032,59.788,1.3386,1.3482,20.244,0.1717,7.0491
112.9672,80.021,59.788,1.3384,1.3482,20.233,0.2233,8.9346
112.9992,79.985,59.788,1.3378,1.3482,20.196,0.1599,0.8492
113.0315,79.981,59.788,1.3377,1.3482,20.192,0.1821,2.583
113.063,80.101,59.788,1.3398,1.3482,20.313,0.3609,5.2526
113.0952,80.002,59.788,1.3381,1.3482,20.214,0.33,7.0998
113.1275,79.971,59.788,1.3376,1.3482,20.182,0.3319,9.0577
113.1609,80.024,59.788,1.3385,1.3482,20.236,0.5904,2.1407
113.1906,79.996,59.788,1.338,1.3482,20.208,0.1507,2.7709
113.2227,80.006,59.788,1.3382,1.3482,20.218,0.1541,4.5414
113.2545,79.947,59.788,1.3372,1.3482,20.159,0.1555,5.6239
113.2867,79.97,59.788,1.3376,1.3482,20.182,0.25,8.3587
113.3199,80.0,59.788,1.3381,1.3482,20.212,0.2407,1.1756
113.3511,80.081,59.788,1.3394,1.3482,20.293,0.2442,2.4067
113.383,79.983,59.788,1.3378,1.3482,20.195,0.2711,4.3134
113.4157,80.041,59.788,1.3387,1.3482,20.253,0.2728,7.4289
113.4474,79.954,59.788,1.3373,1.3482,20.166,0.3218,9.5802
113.4813,80.015,59.788,1.3383,1.3482,20.227,0.255,3.0809
113.5123,80.001,59.788,1.3381,1.3482,20.213,0.7619,4.2006
113.5432,80.031,59.788,1.3386,1.3482,20.243,0.363,4.5764
113.575,80.013,59.788,1.3383,1.3482,20.225,0.1617,7.1377
113.6072,80.018,59.788,1.3384,1.3482,20.23,0.1646,8.3954
113.6397,80.011,59.788,1.3382,1.3482,20.223,0.1582,1.6981
113.6709,79.956,59.788,1.3373,1.3482,20.168,0.1571,2.2662
113.703,80.059,59.788,1.339,1.3482,20.271,0.2418,4.014
113.7351,79.998,59.788,1.338,1.3482,20.21,0.2777,6.6781
113.7671,80.043,59.788,1.3388,1.3482,20.255,0.2794,8.8887
113.8007,80.035,59.788,1.3386,1.3482,20.247,0.2479,2.4209
113.8326,79.982,59.788,1.3378,1.3482,20.194,0.32,1.6928
113.8634,79.988,59.788,1.3379,1.3482,20.2,0.3724,4.5008
113.895,80.018,59.788,1.3384,1.3482,20.23,0.2875,6.4717
113.9274,80.059,59.788,1.339,1.3482,20.27,0.3412,9.4989
113.9591,80.066,59.788,1.3392,1.3482,20.278,0.147,0.7154
113.9912,79.941,59.788,1.3371,1.3482,20.153,0.1602,3.0925
114.0233,79.966,59.788,1.3375,1.3482,20.177,0.1548,4.9065
114.0552,80.0,59.788,1.3381,1.3482,20.212,0.1541,6.99
114.0868,79.96,59.788,1.3374,1.3482,20.172,0.1583,7.8423
114.1195,79.956,59.788,1.3373,1.3482,20.168,0.1455,0.8025
114.1504,79.965,59.788,1.3375,1.3482,20.177,0.163,2.0058
114.1832,80.029,59.788,1.3385,1.3482,20.24,0.1633,4.6211
114.2151,80.038,59.788,1.3387,1.3482,20.25,0.2273,6.3155
114.2472,80.072,59.788,1.3393,1.3482,20.283,0.2697,7.0869
114.2818,79.992,59.788,1.3379,1.3482,20.204,0.3397,3.198
114.3129,80.036,59.788,1.3387,1.3482,20.248,0.3665,4.1754
114.3434,79.971,59.788,1.3376,1.3482,20.183,0.4009,4.7404
114.3747,80.018,59.788,1.3384,1.3482,20.229,0.1711,6.5772
114.4068,80.044,59.788,1.3388,1.3482,20.255,0.1635,7.8874
114.4393,79.993,59.788,1.3379,1.3482,20.205,0.1487,1.4319
114.4711,80.072,59.788,1.3393,1.3482,20.284,0.1525,3.2056
114.5033,80.014,59.788,1.3383,1.3482,20.226,0.2536,4.4562
114.5347,79.936,59.788,1.337,1.3482,20.148,0.2667,6.5603
114.5672,79.993,59.788,1.3379,1.3482,20.205,0.2892,8.4947
114.6003,80.027,59.788,1.3385,1.3482,20.238,0.243,1.2876
114.6323,80.016,59.788,1.3383,1.3482,20.228,0.3055,3.7768
114.6634,79.878,59.788,1.336,1.3482,20.09,0.3506,5.0965
114.6955,80.01,59.788,1.3382,1.3482,20.222,0.3203,7.3574
114.7276,80.02,59.788,1.3384,1.3482,20.232,0.3708,9.29
114.7593,79.961,59.788,1.3374,1.3482,20.173,0.3193,1.1487
114.7904,79.998,59.788,1.338,1.3482,20.209,0.1509,1.6913
114.8225,79.998,59.788,1.338,1.3482,20.21,0.1586,4.124
114.8546,79.998,59.788,1.338,1.3482,20.21,0.1657,6.1732
114.8868,79.939,59.788,1.337,1.3482,20.151,0.1678,8.5287
114.9195,79.979,59.788,1.3377,1.3482,20.19,0.1518,0.821
114.9503,80.09,59.788,1.3396,1.3482,20.302,0.1559,1.7154
114.983,80.008,59.788,1.3382,1.3482,20.219,0.1622,4.1426
115.0148,80.013,59.788,1.3383,1.3482,20.225,0.2217,7.0648
115.0499,79.998,59.788,1.338,1.3482,20.21,2.4954,11.9636
115.0811,79.943,59.788,1.3371,1.3482,20.155,0.1587,0.8933
115.1134,80.024,59.788,1.3385,1.3482,20.236,0.2996,4.6435
115.1459,80.025,59.788,1.3385,1.3482,20.237,0.3792,8.036
115.1752,79.92,59.788,1.3367,1.3482,20.131,0.2512,6.5433
115.2071,79.967,59.788,1.3375,1.3482,20.179,0.1659,9.0176
115.2408,80.055,59.788,1.339,1.3482,20.267,0.1455,0.6933
115.2705,79.977,59.788,1.3377,1.3482,20.189,0.2348,2.1344
115.3026,80.017,59.788,1.3383,1.3482,20.229,0.2445,3.0542
115.3348,79.98,59.788,1.3377,1.3482,20.192,0.2461,6.2757
115.3668,79.992,59.788,1.3379,1.3482,20.204,0.2726,8.3191
115.4001,79.982,59.788,1.3378,1.3482,20.194,0.279,1.2749
115.4329,79.966,59.788,1.3375,1.3482,20.178,0.278,4.1323
115.4638,79.961,59.788,1.3374,1.3482,20.173,0.3414,5.1824
115.4954,80.063,59.788,1.3391,1.3482,20.275,0.3402,7.5248
115.5293,80.038,59.788,1.3387,1.3482,20.249,0.4706,11.4142
115.5593,80.005,59.788,1.3381,1.3482,20.216,0.4496,1.1111
115.5911,80.052,59.788,1.3389,1.3482,20.263,0.1556,2.9725
115.6231,80.037,59.788,1.3387,1.3482,20.248,0.1552,5.0002
115.6544,79.96,59.788,1.3374,1.3482,20.172,0.1605,6.086
115.6867,79.976,59.788,1.3377,1.3482,20.188,0.1675,7.4432
115.7191,79.965,59.788,1.3375,1.3482,20.177,0.1526,10.3341
115.7503,80.091,59.788,1.3396,1.3482,20.303,0.1613,1.8464
115.7829,80.025,59.788,1.3385,1.3482,20.237,0.1683,3.8415
115.8153,80.019,59.788,1.3384,1.3482,20.231,0.2339,7.2371
115.8471,80.033,59.788,1.3386,1.3482,20.244,0.2383,9.3469
115.8814,79.986,59.788,1.3378,1.3482,20.198,0.1757,0.9715
115.9132,80.014,59.788,1.3383,1.3482,20.225,0.4795,4.4269
115.943,79.96,59.788,1.3374,1.3482,20.171,0.4723,4.6866
115.9744,79.928,59.788,1.3369,1.3482,20.14,0.1615,5.4865
116.0069,79.943,59.788,1.3371,1.3482,20.155,0.1647,7.925
116.0392,80.047,59.788,1.3388,1.3482,20.259,0.1482,0.7558
116.0707,80.016,59.788,1.3383,1.3482,20.228,0.2382,2.2674
116.1026,80.023,59.788,1.3384,1.3482,20.235,0.2417,4.7037
116.1352,80.013,59.788,1.3383,1.3482,20.224,0.2446,6.1113
116.1668,79.979,59.788,1.3377,1.3482,20.191,0.2723,8.4053
116.2009,80.001,59.788,1.3381,1.3482,20.213,0.2473,1.4013
116.2326,79.965,59.788,1.3375,1.3482,20.177,0.2701,3.8191
116.2636,79.924,59.788,1.3368,1.3482,20.136,0.359,5.2964
116.2954,79.946,59.788,1.3372,1.3482,20.158,0.3371,6.8804
116.3275,80.008,59.788,1.3382,1.3482,20.22,0.6407,9.0269
116.3592,79.9,59.788,1.3364,1.3482,20.111,0.4052,1.0345
116.391,80.016,59.788,1.3383,1.3482,20.228,0.1566,2.9452
116.4226,80.007,59.788,1.3382,1.3482,20.219,0.1571,3.9739
116.4545,79.976,59.788,1.3376,1.3482,20.187,0.1624,6.2046
116.4866,80.027,59.788,1.3385,1.3482,20.239,0.1751,7.5446
116.52,79.898,59.788,1.3364,1.3482,20.11,0.288,1.2619
116.5517,79.941,59.788,1.3371,1.3482,20.153,0.2628,2.7405
116.583,80.006,59.788,1.3382,1.3482,20.218,0.6573,4.6516
116.6147,79.965,59.788,1.3375,1.3482,20.177,0.3054,5.5301
116.6477,80.017,59.788,1.3383,1.3482,20.229,0.2827,9.9266
116.6822,80.021,59.788,1.3384,1.3482,20.233,0.3001,3.326
116.713,80.003,59.788,1.3381,1.3482,20.215,0.3375,4.6351
116.7436,80.01,59.788,1.3382,1.3482,20.222,0.4083,5.1646
116.7743,79.988,59.788,1.3378,1.3482,20.199,0.1592,5.9676
116.8064,79.886,59.788,1.3362,1.3482,20.098,0.1646,8.1283
116.8393,80.036,59.788,1.3387,1.3482,20.248,0.1498,0.7385
116.8703,80.012,59.788,1.3382,1.3482,20.223,0.1602,1.7757
116.9026,80.024,59.788,1.3385,1.3482,20.236,0.1595,4.1013
116.9344,80.024,59.788,1.3385,1.3482,20.236,0.1657,6.0478
116.9671,79.991,59.788,1.3379,1.3482,20.203,0.1736,8.2604
116.9994,79.97,59.788,1.3376,1.3482,20.182,0.1493,0.7969
117.0313,79.955,59.788,1.3373,1.3482,20.167,0.1915,2.7612
117.0642,79.922,59.788,1.3368,1.3482,20.134,0.4671,5.9203
117.0955,79.963,59.788,1.3374,1.3482,20.174,0.343,7.1989
117.1274,79.992,59.788,1.3379,1.3482,20.204,0.3529,8.74
117.1593,79.988,59.788,1.3378,1.3482,20.199,0.3291,1.1404
117.1903,80.071,59.788,1.3392,1.3482,20.283,0.1556,1.5638
117.2226,80.053,59.788,1.3389,1.3482,20.265,0.1592,3.9962
117.2546,80.024,59.788,1.3384,1.3482,20.235,0.1614,6.1468
117.2868,80.004,59.788,1.3381,1.3482,20.216,0.1618,8.6051
117.3192,80.007,59.788,1.3382,1.3482,20.218,0.1539,0.8677
117.3505,80.068,59.788,1.3392,1.3482,20.28,0.1591,1.7679
117.3828,79.964,59.788,1.3374,1.3482,20.175,0.1613,3.7816
117.4149,79.964,59.788,1.3375,1.3482,20.176,0.1912,6.5173
117.4473,80.051,59.788,1.3389,1.3482,20.263,0.2283,8.965
117.4812,80.033,59.788,1.3386,1.3482,20.245,0.2032,0.9884
117.5131,79.954,59.788,1.3373,1.3482,20.166,0.531,4.8189
117.5429,79.978,59.788,1.3377,1.3482,20.19,0.4123,4.4439
117.5771,79.983,59.788,1.3378,1.3482,20.195,2.0879,8.3379
117.6083,79.961,59.788,1.3374,1.3482,20.173,0.1533,10.2151
117.639,80.064,59.788,1.3391,1.3482,20.275,0.1468,0.7691
117.6702,80.015,59.788,1.3383,1.3482,20.227,0.1554,1.8592
117.7028,80.023,59.788,1.3384,1.3482,20.235,0.2409,3.8658
117.7354,80.003,59.788,1.3381,1.3482,20.215,0.27,5.6398
117.7676,80.005,59.788,1.3381,1.3482,20.217,0.282,9.2661
117.8002,80.028,59.788,1.3385,1.3482,20.24,0.2374,1.2689
117.8322,79.994,59.788,1.338,1.3482,20.206,0.3993,3.6871
117.8636,79.977,59.788,1.3377,1.3482,20.189,0.3572,5.3056
117.8955,79.885,59.788,1.3361,1.3482,20.097,0.3255,7.2079
117.9281,79.998,59.788,1.338,1.3482,20.21,0.456,9.4824
117.9604,79.933,59.788,1.3369,1.3482,20.145,0.4888,2.1061
117.9907,80.029,59.788,1.3385,1.3482,20.241,0.1567,2.8873
118.0231,80.031,59.788,1.3386,1.3482,20.243,0.1633,5.0797
118.0545,79.969,59.788,1.3375,1.3482,20.181,0.1569,6.0715
118.0874,80.029,59.788,1.3385,1.3482,20.241,0.1679,8.3025
118.1196,80.022,59.788,1.3384,1.3482,20.234,0.2434,1.2583
118.151,79.938,59.788,1.337,1.3482,20.149,0.2585,2.5336
118.1831,79.928,59.788,1.3368,1.3482,20.14,0.2833,4.4503
118.2151,80.026,59.788,1.3385,1.3482,20.238,0.2852,6.3272
118.2475,79.992,59.788,1.3379,1.3482,20.204,0.3034,8.8347
118.2825,80.001,59.788,1.3381,1.3482,20.213,0.2712,3.9501
118.3109,79.986,59.788,1.3378,1.3482,20.198,0.3249,2.8303
118.3453,79.988,59.788,1.3378,1.3482,20.199,0.7207,6.6279
118.3743,79.977,59.788,1.3377,1.3482,20.189,0.1619,5.9119
118.4067,80.02,59.788,1.3384,1.3482,20.232,0.1595,8.0741
118.439,79.933,59.788,1.3369,1.3482,20.145,0.143,0.6858
118.4706,80.022,59.788,1.3384,1.3482,20.234,0.2386,2.3559
118.5033,80.038,59.788,1.3387,1.3482,20.249,0.2469,4.9376
118.5347,79.96,59.788,1.3374,1.3482,20.172,0.2659,6.471
118.567,80.052,59.788,1.3389,1.3482,20.263,0.2856,8.5412
118.6003,79.965,59.788,1.3375,1.3482,20.177,0.2445,1.279
118.6316,80.026,59.788,1.3385,1.3482,20.238,0.4093,3.1007
118.664,80.001,59.788,1.3381,1.3482,20.213,0.5382,6.0047
118.6959,80.015,59.788,1.3383,1.3482,20.227,0.5142,7.4886
118.7278,80.022,59.788,1.3384,1.3482,20.233,0.3732,9.2817
118.7609,80.004,59.788,1.3381,1.3482,20.215,0.3437,2.8477
118.7912,80.005,59.788,1.3381,1.3482,20.216,0.1366,2.5222
118.8228,80.038,59.788,1.3387,1.3482,20.249,0.1486,4.3258
118.8551,80.028,59.788,1.3385,1.3482,20.24,0.1444,6.7332
118.8863,79.981,59.788,1.3377,1.3482,20.192,0.1527,7.249
118.9191,79.998,59.788,1.338,1.3482,20.21,0.1421,0.7475
118.9511,79.975,59.788,1.3376,1.3482,20.187,0.1366,2.7145
118.9831,80.007,59.788,1.3382,1.3482,20.219,0.1381,4.1489
119.0149,79.989,59.788,1.3379,1.3482,20.201,0.181,6.6873
119.047,80.077,59.788,1.3393,1.3482,20.289,0.2679,8.8177
119.0804,80.037,59.788,1.3387,1.3482,20.249,0.2103,1.5293
119.1136,79.961,59.788,1.3374,1.3482,20.173,0.5171,5.4077
119.1433,79.972,59.788,1.3376,1.3482,20.184,0.4016,3.243
119.1748,80.029,59.788,1.3385,1.3482,20.241,0.1485,6.3728
119.2071,79.998,59.788,1.338,1.3482,20.209,0.1474,8.4606
119.2388,79.98,59.788,1.3377,1.3482,20.192,0.1309,0.6349
119.2719,79.99,59.788,1.3379,1.3482,20.202,1.5128,3.2779
119.3031,80.038,59.788,1.3387,1.3482,20.25,0.2388,4.1277
119.335,80.037,59.788,1.3387,1.3482,20.249,0.2414,6.3051
119.3674,80.063,59.788,1.3391,1.3482,20.275,0.266,8.8698
119.4001,79.983,59.788,1.3378,1.3482,20.195,0.2514,1.3286
119.4313,80.002,59.788,1.3381,1.3482,20.213,0.2519,2.9825
119.4643,80.014,59.788,1.3383,1.3482,20.226,0.2732,5.5031
119.4952,79.991,59.788,1.3379,1.3482,20.202,0.303,7.2621
119.5286,79.931,59.788,1.3369,1.3482,20.143,0.2822,10.6278
119.5592,79.945,59.788,1.3371,1.3482,20.156,0.3576,1.095
119.5905,80.085,59.788,1.3395,1.3482,20.297,0.1373,2.5433
119.6232,80.054,59.788,1.339,1.3482,20.266,0.1396,4.6685
119.6562,80.068,59.788,1.3392,1.3482,20.28,0.1483,7.4195
119.6866,80.007,59.788,1.3382,1.3482,20.219,0.2379,6.4905
119.7198,79.982,59.788,1.3377,1.3482,20.193,0.1524,1.6117
119.7511,79.994,59.788,1.338,1.3482,20.205,0.232,2.179
119.7835,80.008,59.788,1.3382,1.3482,20.22,0.2435,5.2073
119.8155,80.038,59.788,1.3387,1.3482,20.25,0.2812,7.3846
119.8473,79.977,59.788,1.3377,1.3482,20.188,0.2619,8.857
119.8808,79.936,59.788,1.337,1.3482,20.147,0.2588,2.6499
119.9106,80.015,59.788,1.3383,1.3482,20.226,0.2672,2.784
119.9432,80.028,59.788,1.3385,1.3482,20.24,0.3554,5.2428
119.9748,79.985,59.788,1.3378,1.3482,20.197,0.1459,6.2978
120.0069,80.038,59.788,1.3387,1.3482,20.25,0.1878,8.9835
120.0393,79.925,59.788,1.3368,1.3482,20.137,0.1354,1.3476
120.0708,80.047,59.788,1.3388,1.3482,20.259,0.1415,2.5344
120.1035,79.975,59.788,1.3376,1.3482,20.187,0.7273,5.1282
120.1349,80.024,59.788,1.3385,1.3482,20.236,0.3102,6.8279
120.167,80.051,59.788,1.3389,1.3482,20.263,0.3032,8.7538
120.1999,80.065,59.788,1.3391,1.3482,20.277,0.2669,1.3022
120.2308,80.001,59.788,1.3381,1.3482,20.213,0.4044,2.8396
120.2637,79.982,59.788,1.3378,1.3482,20.194,0.3008,5.7848
120.2954,79.996,59.788,1.338,1.3482,20.208,0.4646,7.3214
120.3274,79.939,59.788,1.337,1.3482,20.151,0.2977,9.4395
120.3596,79.982,59.788,1.3378,1.3482,20.194,0.2591,1.1964
120.3908,80.016,59.788,1.3383,1.3482,20.228,0.1401,2.6078
120.4229,80.028,59.788,1.3385,1.3482,20.24,0.1434,4.0916
120.4546,79.999,59.788,1.338,1.3482,20.211,0.1416,6.3798
120.4867,80.018,59.788,1.3384,1.3482,20.23,0.1428,8.4208
120.5198,79.977,59.788,1.3377,1.3482,20.188,0.2263,1.105
120.5512,79.998,59.788,1.338,1.3482,20.21,0.1419,2.8747
120.5832,79.954,59.788,1.3373,1.3482,20.165,0.1658,5.198
120.6146,79.971,59.788,1.3376,1.3482,20.183,0.1715,6.3096
120.6469,80.028,59.788,1.3385,1.3482,20.239,0.3,8.9259
120.6809,80.014,59.788,1.3383,1.3482,20.226,0.3064,1.8578
120.7107,80.066,59.788,1.3392,1.3482,20.278,0.27,2.7455
120.7432,79.966,59.788,1.3375,1.3482,20.178,0.3962,4.6924
120.7756,79.955,59.788,1.3373,1.3482,20.167,0.8617,7.155
120.8067,80.031,59.788,1.3386,1.3482,20.243,0.1487,7.8875
120.839,79.968,59.788,1.3375,1.3482,20.18,0.1296,0.6225
120.8708,80.068,59.788,1.3392,1.3482,20.28,0.1388,2.7222
120.9025,80.045,59.788,1.3388,1.3482,20.256,0.2299,3.7023
120.9355,79.969,59.788,1.3375,1.3482,20.181,0.2537,6.0891
120.9674,80.032,59.788,1.3386,1.3482,20.244,0.2636,9.1465
121.0001,80.04,59.788,1.3387,1.3482,20.251,0.2769,1.1917
121.0311,80.007,59.788,1.3382,1.3482,20.219,0.2586,2.6704
121.064,79.976,59.788,1.3377,1.3482,20.188,0.5349,5.6619
121.0954,79.985,59.788,1.3378,1.3482,20.197,0.326,7.0676
121.1287,80.082,59.788,1.3394,1.3482,20.294,0.3214,10.7787
121.1607,79.968,59.788,1.3375,1.3482,20.18,0.3793,1.5227
121.1906,79.995,59.788,1.338,1.3482,20.206,0.1395,2.6272
121.223,79.979,59.788,1.3377,1.3482,20.191,0.1411,4.7096
121.2553,79.995,59.788,1.338,1.3482,20.206,0.1606,6.9842
121.2869,80.075,59.788,1.3393,1.3482,20.287,0.1469,8.1433
121.3198,80.012,59.788,1.3383,1.3482,20.224,0.1755,1.2486
121.3511,80.009,59.788,1.3382,1.3482,20.221,0.2488,2.5527
121.3834,79.939,59.788,1.337,1.3482,20.151,0.2797,4.9094
121.4147,79.844,59.788,1.3355,1.3482,20.056,0.1721,5.889
121.4471,80.028,59.788,1.3385,1.3482,20.24,0.3691,8.8993
121.4806,79.994,59.788,1.3379,1.3482,20.205,0.2355,1.5739
121.5104,80.045,59.788,1.3388,1.3482,20.257,0.1553,1.9457
121.5451,80.001,59.788,1.3381,1.3482,20.213,0.5304,5.0335
121.576,80.014,59.788,1.3383,1.3482,20.226,0.4083,8.1402
121.6067,80.018,59.788,1.3383,1.3482,20.229,0.1429,8.549
121.6391,79.988,59.788,1.3378,1.3482,20.199,0.1316,0.7666
121.6707,80.03,59.788,1.3386,1.3482,20.242,0.1374,1.9178
121.7034,80.135,59.788,1.3403,1.3482,20.347,0.234,4.6881
121.7346,80.017,59.788,1.3383,1.3482,20.229,0.2539,6.0596
121.7667,79.995,59.788,1.338,1.3482,20.207,0.2651,8.4316
121.8006,80.014,59.788,1.3383,1.3482,20.226,0.2625,2.4367
121.831,79.97,59.788,1.3376,1.3482,20.182,0.2564,2.6622
121.8627,79.947,59.788,1.3372,1.3482,20.159,0.2722,4.781
121.8952,80.015,59.788,1.3383,1.3482,20.227,0.3438,7.1452
121.9278,79.944,59.788,1.3371,1.3482,20.156,0.4017,9.3222
121.961,80.086,59.788,1.3395,1.3482,20.298,0.4682,2.6346
121.9906,80.023,59.788,1.3384,1.3482,20.235,0.1426,2.6339
122.0231,80.043,59.788,1.3388,1.3482,20.255,0.1449,4.8612
122.0552,80.049,59.788,1.3389,1.3482,20.261,0.1472,6.9078
122.0863,79.983,59.788,1.3378,1.3482,20.195,0.1514,7.1725
122.1193,79.99,59.788,1.3379,1.3482,20.202,0.1382,0.6888
122.1507,79.954,59.788,1.3373,1.3482,20.166,0.1477,2.2556
122.1823,79.982,59.788,1.3378,1.3482,20.194,0.1782,2.7243
122.2154,80.037,59.788,1.3387,1.3482,20.248,0.1955,7.6605
122.2471,80.038,59.788,1.3387,1.3482,20.249,0.1921,8.7749
122.2806,79.951,59.788,1.3372,1.3482,20.163,0.3647,2.0481
122.3108,79.991,59.788,1.3379,1.3482,20.202,0.4402,2.6758
122.3451,80.001,59.788,1.3381,1.3482,20.213,0.3629,5.0608
122.3751,80.04,59.788,1.3387,1.3482,20.251,0.1558,6.8652
122.4067,79.997,59.788,1.338,1.3482,20.209,0.1449,8.5308
122.439,80.007,59.788,1.3382,1.3482,20.219,0.1278,0.6012
122.4706,80.019,59.788,1.3384,1.3482,20.231,0.2223,2.1572
122.5028,79.968,59.788,1.3375,1.3482,20.18,0.2327,4.6778
122.5348,80.002,59.788,1.3381,1.3482,20.214,0.2401,5.8192
122.5674,79.925,59.788,1.3368,1.3482,20.137,0.266,9.7162
122.5999,79.994,59.788,1.338,1.3482,20.206,0.242,1.164
122.632,79.982,59.788,1.3377,1.3482,20.193,1.3657,3.7157
122.6657,79.988,59.788,1.3379,1.3482,20.2,0.7732,7.6122
122.6951,79.981,59.788,1.3377,1.3482,20.192,0.3122,6.4031
122.7274,79.966,59.788,1.3375,1.3482,20.178,0.3915,8.8573
122.7591,79.992,59.788,1.3379,1.3482,20.204,0.3639,0.9673
122.7909,80.04,59.788,1.3387,1.3482,20.251,0.1397,2.6426
122.8229,79.988,59.788,1.3379,1.3482,20.2,0.1425,4.2152
122.8546,80.028,59.788,1.3385,1.3482,20.24,0.1452,5.6117
122.8867,80.084,59.788,1.3395,1.3482,20.295,0.2435,8.2477
122.9196,79.981,59.788,1.3377,1.3482,20.193,0.2158,1.0605
122.951,80.005,59.788,1.3381,1.3482,20.217,0.2365,2.2181
122.9826,79.991,59.788,1.3379,1.3482,20.202,0.2617,4.1832
123.0153,79.974,59.788,1.3376,1.3482,20.185,0.2587,7.2687
123.0471,79.894,59.788,1.3363,1.3482,20.106,0.2954,9.239
123.081,80.076,59.788,1.3393,1.3482,20.288,0.2266,1.3014
123.112,79.997,59.788,1.338,1.3482,20.209,0.4492,3.7481
123.144,80.026,59.788,1.3385,1.3482,20.238,0.579,5.4028
123.1745,80.008,59.788,1.3382,1.3482,20.22,0.1437,6.8036
123.2062,80.048,59.788,1.3389,1.3482,20.26,0.1438,7.8993
123.2392,80.018,59.788,1.3384,1.3482,20.23,0.1361,0.6219
123.2704,80.021,59.788,1.3384,1.3482,20.232,0.1411,2.7019
123.3032,79.954,59.788,1.3373,1.3482,20.165,0.1436,4.8456
123.3344,79.995,59.788,1.338,1.3482,20.207,0.1545,5.8811
123.3671,79.926,59.788,1.3368,1.3482,20.138,0.1551,9.0121
123.3994,80.0,59.788,1.3381,1.3482,20.212,0.1368,0.8206
123.4313,80.034,59.788,1.3386,1.3482,20.246,0.1623,2.3151
123.4635,80.027,59.788,1.3385,1.3482,20.239,0.3017,5.2496
123.4956,80.004,59.788,1.3381,1.3482,20.216,0.3362,7.6079
123.5277,80.036,59.788,1.3387,1.3482,20.248,0.4366,8.9599
123.5593,79.937,59.788,1.337,1.3482,20.149,0.3699,1.1002
123.5907,80.03,59.788,1.3385,1.3482,20.241,0.1407,2.5717
123.623,79.994,59.788,1.338,1.3482,20.206,0.1416,4.2204
123.6549,79.964,59.788,1.3375,1.3482,20.176,0.1641,6.8024
123.687,80.047,59.788,1.3388,1.3482,20.259,0.1606,8.8011
123.7199,80.016,59.788,1.3383,1.3482,20.228,0.2492,1.1901
123.7505,79.994,59.788,1.338,1.3482,20.206,0.251,2.3964
123.783,79.968,59.788,1.3375,1.3482,20.179,0.2786,4.6326
123.8158,79.961,59.788,1.3374,1.3482,20.173,0.2747,6.5693
123.8475,79.982,59.788,1.3378,1.3482,20.194,0.2749,8.7573
123.8814,79.956,59.788,1.3373,1.3482,20.168,0.3214,1.9932
123.9129,80.049,59.788,1.3389,1.3482,20.261,0.3755,4.2991
123.946,80.03,59.788,1.3386,1.3482,20.242,0.3756,7.8625
123.9743,80.037,59.788,1.3387,1.3482,20.249,0.1512,5.7236
124.0065,79.981,59.788,1.3377,1.3482,20.193,0.1584,7.6448
124.0393,80.035,59.788,1.3386,1.3482,20.247,0.1542,1.5386
124.0704,79.987,59.788,1.3378,1.3482,20.199,0.1515,1.707
124.1032,80.006,59.788,1.3382,1.3482,20.218,0.1555,5.1499
124.1353,79.997,59.788,1.338,1.3482,20.209,0.1704,6.4862
124.1672,79.995,59.788,1.338,1.3482,20.207,0.1734,8.0219
124.1994,79.839,59.788,1.3354,1.3482,20.051,0.1525,0.8321
124.2313,80.018,59.788,1.3384,1.3482,20.23,0.1972,2.811
124.2637,80.046,59.788,1.3388,1.3482,20.258,0.3746,5.2085
124.2955,80.041,59.788,1.3387,1.3482,20.252,0.3495,7.0
124.3274,79.984,59.788,1.3378,1.3482,20.196,0.3141,9.1264
124.3599,79.947,59.788,1.3372,1.3482,20.159,0.3335,1.407
124.3902,80.021,59.788,1.3384,1.3482,20.233,0.1517,1.7154
124.4227,80.029,59.788,1.3385,1.3482,20.24,0.1642,4.1376
124.4545,80.025,59.788,1.3385,1.3482,20.236,0.1701,5.7964
124.4866,80.005,59.788,1.3381,1.3482,20.217,0.2497,6.1627
124.52,79.946,59.788,1.3372,1.3482,20.158,0.2519,1.2035
124.5514,80.022,59.788,1.3384,1.3482,20.234,0.2698,2.7684
124.5833,80.023,59.788,1.3384,1.3482,20.235,0.2692,4.433
124.6154,79.941,59.788,1.3371,1.3482,20.153,0.2693,6.7377
124.6479,80.038,59.788,1.3387,1.3482,20.25,0.4466,9.5195
124.6817,80.063,59.788,1.3391,1.3482,20.275,0.2845,1.2009
124.7122,79.99,59.788,1.3379,1.3482,20.202,0.3946,3.8332
124.7436,79.977,59.788,1.3377,1.3482,20.188,0.6452,5.6841
124.7747,80.076,59.788,1.3393,1.3482,20.288,0.1566,6.9368
124.8066,80.006,59.788,1.3382,1.3482,20.218,0.1579,8.0776
124.8389,79.984,59.788,1.3378,1.3482,20.196,0.1485,0.7142
124.8707,79.979,59.788,1.3377,1.3482,20.191,0.1704,2.1515
124.9026,79.917,59.788,1.3367,1.3482,20.129,0.1607,4.0765
124.9346,80.033,59.788,1.3386,1.3482,20.245,0.1657,6.1769
124.9665,79.991,59.788,1.3379,1.3482,20.203,0.1687,7.4376
124.9994,80.037,59.788,1.3387,1.3482,20.249,0.1524,0.8298
125.0322,80.049,59.788,1.3389,1.3482,20.261,0.293,3.3076
125.0632,80.088,59.788,1.3395,1.3482,20.3,0.3073,4.7324
125.0959,80.025,59.788,1.3385,1.3482,20.237,0.4432,7.6594
125.1276,79.981,59.788,1.3377,1.3482,20.193,0.334,9.1413
125.1655,79.99,59.788,1.3379,1.3482,20.202,4.5395,7.6648
125.1904,80.087,59.788,1.3395,1.3482,20.299,0.1574,1.8796
125.2225,80.059,59.788,1.339,1.3482,20.271,0.1623,4.057
125.2551,80.003,59.788,1.3381,1.3482,20.215,0.1643,7.0912
125.2872,80.018,59.788,1.3383,1.3482,20.229,0.1769,8.8498
125.3206,79.991,59.788,1.3379,1.3482,20.203,0.1656,2.5685
125.3504,79.931,59.788,1.3369,1.3482,20.143,0.1543,1.982
125.3827,79.944,59.788,1.3371,1.3482,20.155,0.1663,4.5617
125.4151,80.013,59.788,1.3383,1.3482,20.225,0.2067,7.2674
125.4471,79.981,59.788,1.3377,1.3482,20.193,0.2395,9.3323
125.4801,80.042,59.788,1.3388,1.3482,20.254,0.3394,1.44
125.5128,79.994,59.788,1.338,1.3482,20.206,0.3162,4.9956
125.5445,80.019,59.788,1.3384,1.3482,20.23,1.2545,5.994
125.5747,80.008,59.788,1.3382,1.3482,20.219,0.1579,6.3985
125.607,79.988,59.788,1.3379,1.3482,20.2,0.1622,7.8949
125.6393,79.981,59.788,1.3377,1.3482,20.193,0.1481,0.8047
125.6712,80.008,59.788,1.3382,1.3482,20.22,0.238,3.2427
125.7027,79.915,59.788,1.3366,1.3482,20.127,0.2734,4.3361
125.7354,80.047,59.788,1.3388,1.3482,20.259,0.2574,6.7442
125.7674,80.068,59.788,1.3392,1.3482,20.279,0.2659,8.6754
125.8004,80.002,59.788,1.3381,1.3482,20.214,0.2341,1.2837
125.8324,80.019,59.788,1.3384,1.3482,20.23,0.2684,3.3816
125.8643,79.99,59.788,1.3379,1.3482,20.202,0.4825,5.5517
125.8957,80.002,59.788,1.3381,1.3482,20.214,0.3623,7.3842
125.9272,79.965,59.788,1.3375,1.3482,20.177,0.4558,9.0104
125.9605,80.042,59.788,1.3388,1.3482,20.254,0.2516,1.2899
125.9905,79.909,59.788,1.3365,1.3482,20.12,0.1558,1.9846
126.023,80.06,59.788,1.3391,1.3482,20.272,0.1575,4.9834
126.0546,80.018,59.788,1.3383,1.3482,20.229,0.1621,6.1341
126.0871,79.954,59.788,1.3373,1.3482,20.165,0.1669,8.2625
126.1198,80.016,59.788,1.3383,1.3482,20.228,0.1817,1.748
126.1513,79.98,59.788,1.3377,1.3482,20.192,0.1865,1.952
126.1826,79.99,59.788,1.3379,1.3482,20.202,0.1631,2.0721
126.2148,80.016,59.788,1.3383,1.3482,20.228,0.1895,6.7073
126.2472,79.999,59.788,1.338,1.3482,20.211,0.1964,9.3274
126.2805,80.014,59.788,1.3383,1.3482,20.226,0.2834,1.6017
126.3122,80.044,59.788,1.3388,1.3482,20.256,0.673,4.2139
126.3436,79.926,59.788,1.3368,1.3482,20.138,0.8834,5.1333
126.3745,80.023,59.788,1.3384,1.3482,20.235,0.1567,6.4801
126.4068,80.041,59.788,1.3387,1.3482,20.252,0.1611,8.7685
126.4393,79.993,59.788,1.3379,1.3482,20.205,0.1519,1.4861
126.4705,80.025,59.788,1.3385,1.3482,20.237,0.24,2.3161
126.5033,80.012,59.788,1.3383,1.3482,20.223,0.2482,4.9774
126.5347,79.985,59.788,1.3378,1.3482,20.196,0.2696,5.9475
126.5669,80.095,59.788,1.3396,1.3482,20.307,0.2779,7.2775
126.6009,80.007,59.788,1.3382,1.3482,20.219,0.2376,2.3371
126.6329,80.006,59.788,1.3382,1.3482,20.218,0.2578,2.6716
126.6639,80.016,59.788,1.3383,1.3482,20.228,0.3879,5.3905
126.6957,80.003,59.788,1.3381,1.3482,20.215,0.3391,7.153
126.7285,80.0,59.788,1.3381,1.3482,20.212,0.5153,9.8402
126.7602,80.005,59.788,1.3381,1.3482,20.217,0.661,1.7382
126.7912,79.846,59.788,1.3355,1.3482,20.057,0.1561,3.0696
126.8232,80.001,59.788,1.3381,1.3482,20.212,0.1616,5.0226
126.855,79.973,59.788,1.3376,1.3482,20.185,0.2214,6.2236
126.8864,80.001,59.788,1.3381,1.3482,20.213,0.1761,7.7855
126.9196,80.098,59.788,1.3397,1.3482,20.309,0.2231,1.1559
126.9504,79.996,59.788,1.338,1.3482,20.208,0.159,1.7678
126.9826,79.947,59.788,1.3372,1.3482,20.158,0.1654,3.9816
127.0145,80.025,59.788,1.3385,1.3482,20.236,0.1884,5.927
127.0471,79.972,59.788,1.3376,1.3482,20.183,0.3193,8.5525
127.0805,80.042,59.788,1.3388,1.3482,20.254,0.1732,2.4615
127.111,80.041,59.788,1.3387,1.3482,20.253,0.2856,2.9717
127.1428,80.015,59.788,1.3383,1.3482,20.227,0.2272,4.8339
127.1791,80.012,59.788,1.3383,1.3482,20.224,0.3607,10.2847
127.2082,80.054,59.788,1.339,1.3482,20.266,0.1573,9.9729
127.2392,79.999,59.788,1.338,1.3482,20.211,0.1449,0.6918
127.2712,80.017,59.788,1.3383,1.3482,20.229,0.2298,2.2505
127.3035,79.965,59.788,1.3375,1.3482,20.176,0.2573,5.3928
127.3351,80.052,59.788,1.3389,1.3482,20.264,0.2512,6.5903
127.3675,80.035,59.788,1.3386,1.3482,20.247,0.2777,9.1033
127.4002,80.037,59.788,1.3387,1.3482,20.249,0.2539,1.3863
127.4316,79.993,59.788,1.3379,1.3482,20.205,0.2899,2.9028
127.465,80.042,59.788,1.3388,1.3482,20.253,1.7433,7.247
127.4957,79.996,59.788,1.338,1.3482,20.208,0.3841,7.9041
127.5286,79.994,59.788,1.338,1.3482,20.206,0.4769,10.6017
127.5593,80.02,59.788,1.3384,1.3482,20.232,0.15,1.4608
127.5904,80.018,59.788,1.3384,1.3482,20.23,0.1538,1.7732
127.6228,80.2,59.788,1.3414,1.3482,20.411,0.1571,4.7536
127.6553,80.022,59.788,1.3384,1.3482,20.233,0.1592,5.3097
127.6883,80.046,59.788,1.3388,1.3482,20.258,1.1537,8.014
127.72,79.979,59.788,1.3377,1.3482,20.191,0.2529,2.0022
127.7514,80.006,59.788,1.3381,1.3482,20.217,0.2554,3.0215
127.7834,79.992,59.788,1.3379,1.3482,20.203,0.2646,5.0164
127.8152,79.992,59.788,1.3379,1.3482,20.203,0.2778,7.4044
127.8475,79.979,59.788,1.3377,1.3482,20.191,0.2817,9.101
127.8819,79.957,59.788,1.3373,1.3482,20.168,0.2693,3.1351
127.9124,80.04,59.788,1.3387,1.3482,20.251,0.6509,3.9276
127.9429,80.007,59.788,1.3382,1.3482,20.219,0.295,4.4885
127.975,79.97,59.788,1.3376,1.3482,20.182,0.178,6.9919
128.0071,80.031,59.788,1.3386,1.3482,20.243,0.161,9.1829
128.0389,79.985,59.788,1.3378,1.3482,20.197,0.1477,0.7255
128.0707,80.024,59.788,1.3384,1.3482,20.235,0.1514,2.934
128.1031,79.991,59.788,1.3379,1.3482,20.202,0.1556,5.153
128.1352,79.95,59.788,1.3372,1.3482,20.162,0.1692,6.4231
128.1667,79.879,59.788,1.336,1.3482,20.091,0.1648,8.6672
128.1995,80.077,59.788,1.3393,1.3482,20.289,0.1644,0.8803
128.2313,79.979,59.788,1.3377,1.3482,20.191,0.1982,2.9811
128.265,79.999,59.788,1.338,1.3482,20.21,0.3114,6.0832
128.2961,80.005,59.788,1.3381,1.3482,20.217,0.3718,8.118
128.3272,79.981,59.788,1.3377,1.3482,20.193,0.451,8.9024
128.3593,80.005,59.788,1.3381,1.3482,20.217,0.1606,0.7616
128.3904,80.014,59.788,1.3383,1.3482,20.226,0.1637,1.7832
128.4227,80.033,59.788,1.3386,1.3482,20.244,0.1631,4.1408
128.4549,80.074,59.788,1.3393,1.3482,20.286,0.1658,6.2556
128.4868,80.059,59.788,1.339,1.3482,20.271,0.1595,6.9006
128.5194,79.944,59.788,1.3371,1.3482,20.156,0.1525,1.5088
128.5503,79.995,59.788,1.338,1.3482,20.207,0.1538,1.6545
128.5826,80.075,59.788,1.3393,1.3482,20.287,0.1659,4.3961
128.6151,79.986,59.788,1.3378,1.3482,20.198,0.1747,7.122
128.6472,79.952,59.788,1.3373,1.3482,20.164,0.3277,9.4344
128.6817,79.955,59.788,1.3373,1.3482,20.167,0.2611,3.568
128.7126,80.038,59.788,1.3387,1.3482,20.249,0.3674,4.8479
128.7433,80.066,59.788,1.3392,1.3482,20.278,0.7736,4.6923
128.7744,79.978,59.788,1.3377,1.3482,20.19,0.1598,6.1363
128.807,80.014,59.788,1.3383,1.3482,20.226,0.1677,8.9845
128.8394,80.013,59.788,1.3383,1.3482,20.225,0.1521,0.9272
128.8704,80.006,59.788,1.3382,1.3482,20.218,0.2271,2.1653
128.9029,79.984,59.788,1.3378,1.3482,20.196,0.2434,4.0072
128.9357,79.973,59.788,1.3376,1.3482,20.184,0.2662,6.9188
128.9672,80.023,59.788,1.3384,1.3482,20.235,0.2782,8.7943
129.0005,80.011,59.788,1.3382,1.3482,20.223,0.2465,2.3475
129.0329,80.042,59.788,1.3388,1.3482,20.254,0.2698,4.1616
129.0642,80.007,59.788,1.3382,1.3482,20.219,0.406,4.9305
129.0955,80.037,59.788,1.3387,1.3482,20.248,0.3339,7.6761
129.129,80.02,59.788,1.3384,1.3482,20.232,0.3616,10.7208
129.1603,79.966,59.788,1.3375,1.3482,20.178,0.6498,1.8457
129.1907,79.995,59.788,1.338,1.3482,20.207,0.1589,2.8472
129.2231,79.915,59.788,1.3366,1.3482,20.127,0.1641,5.1566
129.2548,80.031,59.788,1.3386,1.3482,20.243,0.1589,6.1869
129.287,80.063,59.788,1.3391,1.3482,20.275,0.1678,8.7463
129.319,79.968,59.788,1.3375,1.3482,20.18,0.1534,0.8188
129.3504,79.996,59.788,1.338,1.3482,20.207,0.1548,1.734
129.3831,80.039,59.788,1.3387,1.3482,20.251,0.1655,4.1882
129.4146,80.021,59.788,1.3384,1.3482,20.233,0.2455,4.6919
129.4473,80.028,59.788,1.3385,1.3482,20.24,0.3607,7.145
129.4802,79.96,59.788,1.3374,1.3482,20.172,0.2714,1.5802
129.514,79.994,59.788,1.338,1.3482,20.206,0.3389,4.1908
129.543,80.018,59.788,1.3384,1.3482,20.23,0.3078,4.9967
129.5746,80.058,59.788,1.339,1.3482,20.27,0.1657,6.6034
129.6073,79.986,59.788,1.3378,1.3482,20.198,0.1678,8.9818
129.6393,79.988,59.788,1.3379,1.3482,20.2,0.1494,0.7108
129.6704,79.964,59.788,1.3375,1.3482,20.176,0.2303,2.1477
129.7029,79.954,59.788,1.3373,1.3482,20.165,0.2686,4.6014
129.7347,80.016,59.788,1.3383,1.3482,20.227,0.2598,3.9736
129.7671,79.891,59.788,1.3362,1.3482,20.103,0.2757,8.4264
129.8005,80.045,59.788,1.3388,1.3482,20.257,0.2569,2.4969
129.8323,80.02,59.788,1.3384,1.3482,20.231,0.3304,3.8037
129.8635,80.042,59.788,1.3388,1.3482,20.254,0.4198,5.6486
129.8959,80.013,59.788,1.3383,1.3482,20.225,0.3952,7.8475
129.9282,79.999,59.788,1.338,1.3482,20.21,0.5922,10.2682
129.9605,80.02,59.788,1.3384,1.3482,20.232,0.4152,1.8707
129.9908,79.985,59.788,1.3378,1.3482,20.197,0.154,2.8606
130.0231,79.88,59.788,1.336,1.3482,20.091,0.1539,4.9565
130.0547,79.975,59.788,1.3376,1.3482,20.187,0.1553,6.0573
130.087,80.038,59.788,1.3387,1.3482,20.25,0.1663,8.18
130.1196,80.023,59.788,1.3384,1.3482,20.235,0.1517,1.593
130.1503,80.052,59.788,1.3389,1.3482,20.264,0.1506,1.6493
130.1827,80.037,59.788,1.3387,1.3482,20.248,0.1594,4.4824
130.2161,80.031,59.788,1.3386,1.3482,20.243,1.3899,6.8096
130.2469,80.009,59.788,1.3382,1.3482,20.221,0.2882,9.0016
130.2804,79.983,59.788,1.3378,1.3482,20.195,0.293,1.5573
130.3112,79.959,59.788,1.3374,1.3482,20.171,0.353,3.2302
130.3431,79.959,59.788,1.3374,1.3482,20.171,0.5519,4.4482
130.3748,80.023,59.788,1.3384,1.3482,20.235,0.1648,6.5832
130.407,79.962,59.788,1.3374,1.3482,20.173,0.1677,8.8881
130.4409,80.013,59.788,1.3383,1.3482,20.225,0.1513,0.7452
130.4706,80.004,59.788,1.3381,1.3482,20.215,0.239,2.5978
130.5032,80.002,59.788,1.3381,1.3482,20.213,0.2485,5.0802
130.5353,79.979,59.788,1.3377,1.3482,20.191,0.269,6.619
130.567,79.984,59.788,1.3378,1.3482,20.196,0.2861,8.4351
130.6009,79.877,59.788,1.336,1.3482,20.089,0.263,2.9525
130.632,80.021,59.788,1.3384,1.3482,20.232,0.3492,3.5901
130.6636,79.989,59.788,1.3379,1.3482,20.201,0.3762,4.9984
130.6955,80.016,59.788,1.3383,1.3482,20.228,0.3205,7.0888
130.7283,80.005,59.788,1.3381,1.3482,20.217,0.3947,10.5142
130.7607,80.028,59.788,1.3385,1.3482,20.24,0.6128,2.1444
130.7904,80.032,59.788,1.3386,1.3482,20.243,0.1549,1.7919
130.8227,79.978,59.788,1.3377,1.3482,20.19,0.1607,4.2077
130.855,79.979,59.788,1.3377,1.3482,20.191,0.1649,6.2412
130.8869,80.051,59.788,1.3389,1.3482,20.263,0.1701,8.6491
130.9193,80.057,59.788,1.339,1.3482,20.268,0.1508,0.8093
130.9504,80.066,59.788,1.3392,1.3482,20.278,0.1695,1.839
130.9826,79.978,59.788,1.3377,1.3482,20.19,0.1541,1.9355
131.0144,80.001,59.788,1.3381,1.3482,20.213,0.2049,4.9571
131.0482,80.001,59.788,1.3381,1.3482,20.213,0.2009,10.2059
131.0802,79.995,59.788,1.338,1.3482,20.207,0.1554,2.2416
131.1113,79.958,59.788,1.3374,1.3482,20.17,0.3551,3.5989
131.1437,79.892,59.788,1.3362,1.3482,20.104,0.412,5.8659
131.1753,80.06,59.788,1.3391,1.3482,20.272,0.1825,7.3291
131.2065,79.99,59.788,1.3379,1.3482,20.202,0.1441,8.4904
131.2394,79.995,59.788,1.338,1.3482,20.207,0.1389,1.3021
131.2721,79.971,59.788,1.3376,1.3482,20.183,0.1888,3.0665
131.3024,79.99,59.788,1.3379,1.3482,20.202,0.1463,3.7699
131.3352,80.01,59.788,1.3382,1.3482,20.221,0.1515,7.185
131.3667,80.016,59.788,1.3383,1.3482,20.228,0.1519,8.2089
131.3992,80.0,59.788,1.3381,1.3482,20.212,0.1315,0.7283
131.4326,80.042,59.788,1.3388,1.3482,20.254,0.298,3.5101
131.4636,80.061,59.788,1.3391,1.3482,20.273,0.4373,5.1173
131.4953,80.042,59.788,1.3388,1.3482,20.254,0.333,6.8611
131.5278,80.045,59.788,1.3388,1.3482,20.256,0.3554,9.1086
131.5597,79.948,59.788,1.3372,1.3482,20.16,0.4655,2.0129
131.591,80.022,59.788,1.3384,1.3482,20.233,0.1371,2.5419
131.623,79.984,59.788,1.3378,1.3482,20.196,0.1429,4.3034
131.6547,79.907,59.788,1.3365,1.3482,20.119,0.1447,6.4207
131.687,80.023,59.788,1.3384,1.3482,20.235,0.2474,8.2247
131.7192,79.987,59.788,1.3378,1.3482,20.199,0.1333,0.883
131.7502,80.048,59.788,1.3389,1.3482,20.26,0.14,1.5758
131.7823,80.069,59.788,1.3392,1.3482,20.28,0.1432,3.8655
131.8148,79.942,59.788,1.3371,1.3482,20.154,0.1712,6.2653
131.8473,80.007,59.788,1.3382,1.3482,20.219,0.3479,9.2764
131.8822,80.032,59.788,1.3386,1.3482,20.244,0.1924,2.7597
131.9134,79.985,59.788,1.3378,1.3482,20.197,0.2922,5.3509
131.9449,79.96,59.788,1.3374,1.3482,20.171,0.3832,6.8202
131.9749,79.994,59.788,1.338,1.3482,20.206,0.1452,6.217
132.0067,80.018,59.788,1.3384,1.3482,20.23,0.1447,8.5343
132.0394,79.941,59.788,1.3371,1.3482,20.153,0.1307,0.67
132.0707,79.917,59.788,1.3367,1.3482,20.129,0.2228,2.0296
132.1026,80.001,59.788,1.3381,1.3482,20.212,0.246,3.6919
132.1352,79.945,59.788,1.3371,1.3482,20.157,0.2724,6.6093
132.1672,80.023,59.788,1.3384,1.3482,20.235,0.2684,8.9606
132.1996,80.076,59.788,1.3393,1.3482,20.288,0.2182,1.1441
132.2327,79.939,59.788,1.337,1.3482,20.151,0.2612,3.2354
132.2643,80.033,59.788,1.3386,1.3482,20.244,0.4476,5.7085
132.2957,79.954,59.788,1.3373,1.3482,20.166,0.3382,7.3183
132.3279,80.045,59.788,1.3388,1.3482,20.257,0.4129,9.9539
132.3589,79.99,59.788,1.3379,1.3482,20.202,0.151,0.6517
132.3911,80.026,59.788,1.3385,1.3482,20.238,0.135,2.5166
132.4231,80.005,59.788,1.3381,1.3482,20.216,0.1407,4.7893
132.4545,79.957,59.788,1.3373,1.3482,20.169,0.142,5.8116
132.4869,79.958,59.788,1.3374,1.3482,20.17,0.1393,7.5598
132.5194,80.04,59.788,1.3387,1.3482,20.252,0.1336,0.7281
132.5503,80.03,59.788,1.3386,1.3482,20.242,0.1367,1.6785
132.5824,79.945,59.788,1.3371,1.3482,20.157,0.1534,4.1284
132.6146,79.992,59.788,1.3379,1.3482,20.203,0.1742,6.2284
132.6474,80.002,59.788,1.3381,1.3482,20.214,0.3459,8.9446
132.6811,79.962,59.788,1.3374,1.3482,20.174,0.25,2.9036
132.711,79.937,59.788,1.337,1.3482,20.149,0.4134,2.7239
132.7486,79.983,59.788,1.3378,1.3482,20.194,5.872,10.646
132.7744,79.988,59.788,1.3379,1.3482,20.2,0.1393,6.5338
132.8066,80.086,59.788,1.3395,1.3482,20.298,0.1421,7.8406
132.8389,79.984,59.788,1.3378,1.3482,20.195,0.132,0.6237
132.8711,80.034,59.788,1.3386,1.3482,20.246,0.1379,2.711
132.9023,80.028,59.788,1.3385,1.3482,20.24,0.1431,4.021
132.935,79.994,59.788,1.3379,1.3482,20.205,0.1438,5.8621
132.9669,80.004,59.788,1.3381,1.3482,20.216,0.147,8.2565
132.9994,79.884,59.788,1.3361,1.3482,20.096,0.1285,0.7155
133.0315,79.984,59.788,1.3378,1.3482,20.196,0.2361,2.6942
133.0629,80.012,59.788,1.3383,1.3482,20.224,0.3325,3.611
133.0954,80.035,59.788,1.3386,1.3482,20.246,0.3408,6.8094
133.1277,79.963,59.788,1.3374,1.3482,20.175,0.3666,9.7742
133.1603,80.031,59.788,1.3386,1.3482,20.243,0.4487,1.7964
