elapsed_time_s,target_speed_kmh,reference_speed_kmh,raw_factor,applied_factor,speed_difference_kmh,processing_time_ms,can_to_control_latency_ms
1.2707072490002247,20.875880160000005,129.4265952,0.16129513511300345,0.2,-108.55071504,1.972903000023507,9.074296000108006
1.3688718100002006,20.776587120000002,128.29045856759998,0.16194958964194686,0.20000000000000004,-107.51387144759998,0.5583789998127031,7.634530999894196
1.4701363670001228,20.498333760000005,127.72198440000001,0.160491820232007,0.20000000000000004,-107.22365064,0.9545900002194685,9.041129000252113
1.569396093999785,20.338642800000002,127.1531826216,0.15995386336908723,0.20000000000000004,-106.8145398216,0.5751389999204548,8.659251999233675
1.6703930909998235,20.150059680000005,126.0144576,0.15990276087178115,0.20000000000000004,-105.86439791999999,1.4846359999864944,9.564655999383831
1.769069550000495,20.019807360000005,125.44445699784,0.15959100815705807,0.20000000000000004,-105.42464963784,0.5446390005090507,7.635180000761466
1.869463721000102,19.883805120000005,124.87418820936,0.1592307057617341,0.20000000000000004,-104.99038308936,0.49611899976298446,8.570621000217216
1.9692887910005084,19.820888640000003,124.30363679999999,0.15945542021341733,0.20000000000000004,-104.48274815999999,0.726956000107748,7.8210900001067785
2.0717956270000286,19.850279760000006,123.73291738512,0.160428446847461,0.20000000000000004,-103.88263762512,0.7373819998974795,10.303574999852572
2.1689221910000924,19.840134240000005,123.16219981416002,0.16108947607250335,0.20000000000000004,-103.32206557416,0.5761769998571253,7.662328999685997
2.270956297000339,20.01595824,122.02107659244,0.16403689263335117,0.20000000000000004,-102.00511835244,1.7312509999101167,9.832864000600239
2.369401640000433,19.998399600000003,121.45086060228,0.16466247748947258,0.20000000000000004,-101.45246100228,0.5533970006581512,8.27841200043622
2.469372231000307,19.968747120000007,120.88081799999999,0.1651936796125917,0.20000000000000004,-100.91207087999999,0.7492160002584569,7.8233120002551
2.569620068000404,20.012061600000003,120.31102140588001,0.16633606269942236,0.20000000000000004,-100.29895980588,0.5533240000659134,8.63497400041524
2.6705867489999946,20.00887776,119.1721104,0.1678989966095289,0.20000000000000004,-99.16323263999999,1.7373620003127144,19.0073650001068
2.769014685000002,19.967820480000004,118.60297621884,0.16835851103058685,0.20000000000000004,-98.63515573884,0.5922319996898295,7.683458999963477
2.8690326470004948,20.004482160000002,118.03404657672002,0.16948060953749855,0.20000000000000004,-98.02956441672,0.6071950001569348,7.684996000534738
2.969977439000104,19.996166160000005,117.46526400000002,0.1702304620027926,0.20000000000000004,-97.46909784000002,0.8214389999920968,8.912940999834973
3.0696456180003224,20.002272480000002,116.89667342964,0.17111070737217643,0.20000000000000004,-96.89440094964,0.5813799998577451,8.660882000185666
3.170792894000442,20.007214560000005,115.7599908,0.1728335880275485,0.20000000000000004,-95.75277623999999,1.8161220004913048,20.086012000319897
3.2694563710001603,20.00740464,115.19188143912001,0.1736876278956699,0.20000000000000004,-95.18447679912,0.5300270004227059,7.619938000061666
3.3691812360002587,20.067446160000006,114.62396095692,0.17507200058757444,0.20000000000000004,-94.55651479692,0.5401380003604572,7.61660500029393
3.4692685700001675,20.011016160000004,114.0561612,0.17544879600945226,0.20000000000000004,-94.04514504,0.6185470001582871,7.694163000451226
3.568911043999833,19.990059840000008,113.48854624908,0.17614165041929997,0.20000000000000004,-93.49848640907999,0.5279159995552618,7.6100679998489795
3.669212159000381,20.018500560000007,112.92112494684,0.17727861433743367,0.20000000000000004,-92.90262438683999,0.7580860001326073,18.022330999883707
3.7695086260000608,20.02883616,111.78672425928,0.17917007849290567,0.20000000000000004,-91.75788809928001,0.5817139999635401,7.68388500000583
3.869417975000033,19.994669280000004,111.21980693688,0.179776155261153,0.20000000000000004,-91.22513765688001,0.5250459998933366,8.608621999883326
3.96898859599969,19.980627120000005,110.6530092,0.18057011973245102,0.20000000000000004,-90.67238207999999,0.5490269995789276,7.639438999831327
4.0693695460004164,19.992602160000004,110.08638186876,0.18160831358627336,0.20000000000000004,-90.09377970876,0.5832510005348013,7.690181000725715
4.17111890599972,20.04100128,108.95409000000001,0.18393987118794713,0.20000000000000004,-88.91308872,2.431316999718547,9.574618999977247
4.269411414000388,20.024440560000006,108.3896203248,0.18474500141244915,0.20000000000000004,-88.3651797648,0.6439550006689387,7.75888499993016
4.36921648400039,20.029548960000007,107.82759520152001,0.18575531544190144,0.20000000000000004,-87.79804624152001,0.6901410006321385,17.993034000028274
4.469337688999985,19.968058080000006,107.2690236,0.18614934125306987,0.20000000000000004,-87.30096551999999,0.8493289997204556,18.665063999833365
4.5725122020003255,20.048224320000003,106.7157381744,0.1878656762626355,0.20000000000000004,-86.6675138544,4.164068000136467,11.288591000266024
4.669375778999893,20.048461920000005,106.16814247644001,0.18883689073159587,0.20000000000000004,-86.11968055644,0.9407369998370996,8.025518999602355
4.769182183000339,20.005385040000004,105.09255256644,0.1903596834547577,0.20000000000000004,-85.08716752644,0.6169739999677404,7.7210150002429145
4.869644411000081,19.966204800000007,104.56496367119999,0.1909454572449609,0.20000000000000004,-84.59875887119998,0.7194749996415339,8.809699000266846
4.970541980000235,20.03472864,104.04380160000001,0.19256052097196724,0.20000000000000004,-84.00907296000001,1.2646870000025956,9.376152999720944
5.069728354999825,19.987755120000003,103.52979776772,0.1930628239499186,0.20000000000000004,-83.54204264772,0.5800469998575863,18.167684999752964
5.172642141999859,20.006549280000005,102.5212176,0.19514545133533417,0.20000000000000004,-82.51466832,3.523224999298691,10.628061999341298
5.269589997999901,20.018072880000002,102.02755057092,0.1962026214290552,0.20000000000000004,-82.00947769092,0.7533090001743403,18.47257899953547
5.3694580689998475,19.962046800000003,101.53988167572,0.19659316586315548,0.20000000000000004,-81.57783487571999,0.618657999439165,7.710625999607146
5.469047413000226,20.009020320000005,101.05852320000001,0.19799438668227048,0.20000000000000004,-81.04950288,0.6118060000517289,7.70032899981743
5.569544105000205,20.025699840000005,100.5844645674,0.19909336820678813,0.20000000000000004,-80.5587647274,0.7944199996927637,18.740786999842385
5.670579231999909,20.011134960000007,99.6554196,0.20080327833971617,0.20016065566794328,-79.64428464,2.0226629994795076,19.458742999631795
5.769579898999837,20.005337520000005,99.20090335536,0.20166487242899772,0.20033297448579956,-79.19556583535999,0.6401399996320833,7.742940999378334
5.87120823999976,19.953992160000002,98.7524092962,0.20206081352556765,0.20041216270511356,-78.7984171362,2.8013239998472272,20.18084799965436
5.96935076400041,20.023418880000005,98.30977200000001,0.20367679095014077,0.2007353581900282,-78.28635312,0.6623630006288295,7.74481200005539
6.0692364460001045,20.003674320000002,97.8735417174,0.20438285944283693,0.20087657188856742,-77.8698673974,0.6290849996730685,7.740144999843324
6.16947985600018,19.928949120000002,97.0172352,0.20541658478430852,0.20108331695686174,-77.08828608,0.7265120002557524,8.810977000393905
6.269700765999914,19.975233600000003,96.5968788276,0.20678963795145533,0.20135792759029109,-76.6216452276,0.5701579993910855,8.678012000018498
6.369418463999864,20.013891120000004,96.18123585348,0.2080851939820013,0.2016170387964003,-76.16734473348001,0.7329009995373781,7.83738700010872
6.469387351000478,20.015102880000008,95.77031400000001,0.20899067825965367,0.20179813565193078,-75.75521112000001,0.6212320004124194,8.70471600046585
6.5697853190004025,20.061054720000005,95.3645667192,0.21036172459179286,0.2020723449183586,-75.3035119992,0.530768000317039,18.936716000098386
6.66999004399986,19.925408880000006,94.5663588,0.21070293001489665,0.20214058600297935,-74.64094992,0.7778279996273341,8.864718999575416
6.769713186000445,19.986068160000002,94.174192188,0.21222447143588766,0.20244489428717757,-74.188124028,0.6749550002496107,8.77673600007256
6.869467106999764,20.027101680000005,93.78619850916,0.21353996641674283,0.2027079932833486,-73.75909682916,0.5646579993481282,17.839382999227382
6.970230265999817,19.985497920000004,93.4022304,0.21397238411128996,0.20279447682225804,-73.41673248,1.0161279997191741,9.097703999941587
7.069075542000064,20.00265264,93.02273843976,0.2150297118263551,0.20300594236527106,-73.02008579976001,0.6132870003057178,7.695661999605363
7.169267193000451,19.957199760000005,92.64714746436,0.2154108389324911,0.20308216778649826,-72.68994770436,0.8036620001803385,7.888333000664716
7.269263209999735,20.038886640000005,91.90774187532001,0.21803262958178551,0.20360652591635714,-71.86885523532001,0.588657999287534,7.687291999900481
7.37037437500021,20.023537680000004,91.54380003408001,0.21873177290592727,0.20374635458118548,-71.52026235408,1.0783509997054352,17.845494000539475
7.4690381669997805,19.999207440000003,91.18332720000001,0.2193296521866774,0.20386593043733553,-71.18411976,0.5784169998150901,17.949588999726984
7.568967627000347,19.983003120000003,90.82626727716,0.2200134797901698,0.204002695958034,-70.84326415716,0.6180840000524768,4.702854000242951
7.670922602000246,19.933154640000005,90.229986,0.2209149698859535,0.20418299397719072,-70.29683136,2.1323680002751644,19.780266000452684
7.770027178999953,20.032281360000002,89.97537570984001,0.2226418195196178,0.2045283639039236,-69.94309434984001,0.8159760000125971,8.95853400015767
7.870241552000152,19.992269520000008,89.72053831224,0.22282823861827622,0.20456564772365526,-69.72826879223999,0.9906830000545597,18.58241399986582
7.970212680000259,19.974687120000006,89.463996,0.22327067885498886,0.2046541357709978,-69.48930887999998,1.2007049999738229,8.416693000071973
8.06934657200054,19.965230640000005,89.20390877064,0.22381564793684502,0.20476312958736903,-69.23867813064,0.5530460002773907,7.645401999980095
8.169850061000034,19.976516640000007,88.67209319999999,0.22528527205219973,0.20505705441043998,-68.69557655999998,1.080592000107572,8.185355999557942
8.269276308999906,20.02588992,88.40035494252,0.22653630670398675,0.20530726134079738,-68.37446502252,0.6117689999882714,7.723681000243232
8.369523071000003,19.975423680000006,88.12578072492,0.22666946625247203,0.20533389325049445,-68.15035704492,0.6023979995006812,8.692104000147083
8.470315452999785,19.969626240000004,87.848676,0.22731846567613614,0.20546369313522728,-67.87904975999999,1.0723499999585329,9.488468999734323
8.569664534000367,20.046276000000002,87.56936560116,0.22891882180923845,0.20578376436184773,-67.52308960116,0.7756230006634723,7.871109000006982
8.671611620000476,20.023228800000002,87.0063516,0.23013525371175317,0.20602705074235067,-66.9831228,2.7191550007046317,9.814215000005788
8.769426769000347,20.036439360000003,86.72295272472,0.2310396351886287,0.20620792703772578,-66.68651336472,0.6138810003903927,7.7167180006654235
8.870410116999665,20.045444400000004,86.43866369616,0.23190368225105398,0.20638073645021082,-66.39321929616,1.5298399994208012,8.671844999298628
8.969602213999678,19.961571600000003,86.153598,0.23169748058577894,0.20633949611715582,-66.1920264,0.6160289995023049,18.075331999170885
9.069748771000377,20.024084160000005,85.86785308104,0.23319651582649634,0.2066393031652993,-65.84376892104,0.6885120001243195,8.779995000622876
9.170043533000353,19.999896480000004,85.29498720000001,0.23447915447954956,0.20689583089590996,-65.29509072,0.7310669998332742,5.839094999828376
9.270304796000346,20.015435520000004,85.00807466063999,0.23545334487227776,0.20709066897445558,-64.99263914064,0.935497000682517,18.81538100042235
9.36913453499983,19.976516640000007,84.72106294092,0.23579161954012043,0.20715832390802413,-64.74454630092,0.6305659999270574,7.7137929993114085
9.469434057000399,19.969459920000002,84.4340256,0.23650962722781754,0.20730192544556353,-64.46456567999999,1.0050350001620245,18.38833700003306
9.569662652000261,20.062361520000007,84.14709986268001,0.23842011849178232,0.2076840236983565,-64.08473834268,0.6137880000096629,17.975237000428024
9.671629182999823,20.050671600000005,83.57374440000001,0.2399159178992105,0.20798318357984213,-63.52307280000001,2.593282999441726,10.688747999665793
9.76988867199998,20.034229680000003,83.28733227324,0.2405435392536513,0.2081087078507303,-63.253102593239994,0.7321419998334022,7.871906000218587
9.869010805000471,19.955251440000005,83.001146121,0.2404213962408304,0.2080842792481661,-63.045894681,0.5633240007227869,17.92268100052752
9.969066638000186,20.01697992,82.71519119999999,0.24199883515472068,0.20839976703094418,-62.698211279999995,0.5766390004282584,17.958608000299137
10.069113100000322,20.004957360000006,82.42958789064,0.2426914639745712,0.20853829279491426,-62.42463053063999,0.5493610005942173,17.867809000563284
10.169016097000167,20.031687360000003,82.1443748994,0.24385951423371677,0.20877190284674338,-62.1126875394,0.6054349996702513,17.907106000166095
10.272879048000505,19.984452480000005,81.5753019186,0.24498165510857087,0.20899633102171422,-61.5908494386,0.6103250007072347,11.364981000042462
10.369383971000389,19.990344960000005,81.2915864676,0.24590915036413347,0.20918183007282673,-61.3012415076,0.5564350003623986,17.84412400047586
10.472454835000462,20.0095668,81.008424,0.24700600026486136,0.2094012000529723,-60.9988572,3.158496000651212,11.71924600021157
10.570655675000125,20.029382640000005,80.72594195508,0.24811581202911656,0.20962316240582335,-60.696559315079995,1.8794380002873368,19.391445000110252
10.671035475999815,20.042046720000002,80.16292080000001,0.25001642305428573,0.21000328461085718,-60.12087408000001,1.997309999751451,10.119275999386446
10.769178888999704,19.962807120000008,79.88247759636,0.24990220284441517,0.20998044056888307,-59.91967047636,0.80749399967317,18.349409999245836
10.86957643200003,20.008568880000006,79.60272798672001,0.2513553164074729,0.2102710632814946,-59.59415910672001,0.6299179995039594,17.978441000195744
10.970231960000092,19.986543360000006,79.3236456,0.2519619869815969,0.2103923973963194,-59.33710224,1.0777589995996095,9.179020000374294
11.070852986999853,19.992507120000003,79.04533843908,0.2529245558915301,0.21058491117830605,-59.05283131908,1.8982530000357656,9.004757999719004
11.171142490999955,19.972833840000007,78.49080000000001,0.25446082649176727,0.21089216529835347,-58.51796616,1.9956249998358544,19.462909999674594
11.270355421000204,19.988586720000008,78.21462648168,0.2555607259044046,0.21111214518088095,-58.22603976167999,1.0696839999582153,9.217724000336602
11.369413719000477,20.03722344,77.93913190176,0.2570881013308736,0.21141762026617475,-57.90190846176,0.6036950007910491,7.70094000017707
11.469682296999963,19.999159920000004,77.664276,0.25750783951169526,0.2115015679023391,-57.66511608,0.9463859996685642,8.032593999814708
11.569263991999833,20.075144400000003,77.39014492224,0.25940181944575874,0.21188036388915177,-57.31500052224,0.6079169997974532,7.745107000118878
11.669630238000536,19.978251120000003,76.84376400000001,0.25998532711125394,0.21199706542225083,-56.865512880000004,0.9231260000888142,8.09052100066765
11.769068264999987,20.017478880000006,76.57151215932001,0.2614220134290968,0.21228440268581938,-56.55403327932,0.6848630000604317,7.819165000000794
11.869634198000313,20.032020000000003,76.29985502604,0.26254335598885964,0.21250867119777195,-56.267835026040004,0.5989910005155252,7.690162000471901
11.969478287000129,20.009020320000005,76.0287708,0.26317695405908104,0.21263539081181623,-56.01975048,0.6379169999490841,7.738106999568117
12.069084706000467,19.991580480000007,75.75834779604001,0.2638861730963593,0.2127772346192719,-55.76676731604,0.5808430005345144,7.6824400002806215
12.172320941999715,19.970053920000005,75.2192532,0.26549125483739855,0.21309825096747975,-55.24919927999999,3.066530999603856,11.17390399940632
12.269770769999923,20.044090080000004,74.95062063156,0.2674306084606309,0.21348612169212622,-54.906530551559996,0.6259359997784486,8.73601300008886
12.369475059999786,20.00928168,74.68255015488,0.2679244567640481,0.21358489135280964,-54.673268474880004,0.6333989995255251,8.721844999854511
12.469716489000348,20.007547200000005,74.415006,0.2688644169430021,0.21377288338860045,-54.4074588,0.94753400026093,18.520282999816118
12.569364148999739,19.95187752,74.14805826504,0.269081591438074,0.21381631828761483,-54.19618074504001,0.5823799992867862,7.670254999538884
12.670141734000026,20.017573920000004,73.6157304,0.27191978957801666,0.21438395791560336,-53.59815648,1.1271109997323947,9.20044600024994
12.769744653000089,19.931634000000006,73.35037389672,0.2717318663987245,0.21434637327974493,-53.41873989672,0.6654190001427196,17.20305799972266
12.869246088000182,20.034894960000003,73.08552889116,0.2741294379881447,0.21482588759762897,-53.05063393115999,0.5858249996890663,7.672976999856473
12.971228747999703,19.977395760000004,72.82114560000001,0.2743350931298725,0.21486701862597452,-52.84374984,1.2147789993832703,10.07207099974039
13.069322383000326,19.946222640000002,72.5572975266,0.27490305344803645,0.21498061068960733,-52.611074886599994,0.5940649998592562,7.693272999858891
13.170867370000451,20.029335120000002,72.0309996,0.27806548890375254,0.21561309778075055,-52.00166448,1.9765320002989029,19.51715100040019
13.269500031999996,20.021945760000005,71.76857475492001,0.2789792862457175,0.21579585724914352,-51.74662899492,0.7343830002355389,7.86033199983649
13.371318448999773,20.015768160000004,71.50660123428,0.2799149702895475,0.21598299405790952,-51.49083307427999,0.7615499998792075,19.718950999958906
13.470500583000103,19.944725760000004,71.245044,0.27994544799495114,0.21598908959899027,-51.30031823999999,1.1882979997608345,19.513152000399714
13.569256450000466,20.016005760000006,70.98396198156,0.2819792697003825,0.21639585394007654,-50.967956221559994,0.6806220008002128,7.777386000270781
13.67088321600022,20.004078240000002,70.4630484,0.2838945900614768,0.2167789180122954,-50.45897016000001,2.272870000524563,19.591097000557056
13.769804808000117,20.06792136,70.20323360676001,0.2858546583823971,0.21717093167647944,-50.13531224676001,0.6105840002419427,8.71875299981184
13.869918012999733,19.965753360000008,69.94382558364,0.2854541225533142,0.21709082451066286,-49.97807222364,0.6230839999261661,19.068902999606507
13.969552950000434,19.98316944,69.684786,0.2867651690858317,0.21735303381716636,-49.701616560000005,0.809458000730956,8.87749600042298
14.069888398999865,20.05188336,69.42616643052,0.28882313961649364,0.21776462792329876,-49.37428307051999,0.6741039996995823,8.760938999330392
14.168909382000493,20.004387120000004,69.16793076036001,0.2892147690424256,0.21784295380848515,-49.163543640360004,0.595473000430502,7.682051000301726
14.269443277999926,19.962379440000003,68.65255165284,0.29077403475030494,0.218154806950061,-48.69017221284,0.6432700001823832,7.75321899982373
14.369696003000172,20.000371680000008,68.39542353851999,0.2924226599567132,0.21848453199134266,-48.395051858519984,0.5781199997727526,8.66214100005891
14.470227789000091,19.989632160000003,68.138622,0.2933671326666982,0.21867342653333968,-48.14898984,1.4635059997090138,8.548714000426116
14.569135288000325,20.007262080000004,67.88219487408,0.2947350497006327,0.21894700994012656,-47.874932794079996,0.6680480000795797,18.15301799979352
14.67127797000012,20.008854000000003,67.3703316,0.29699800379192437,0.2193996007583849,-47.3614776,1.8092150003212737,10.211388999778137
14.7690328030003,19.987303680000004,67.11490889388001,0.297807208702366,0.21956144174047323,-47.12760521388001,0.6062140000722138,7.70703299986053
14.869471957000314,19.96508808,66.85980869843999,0.2986112055756725,0.21972224111513453,-46.89472061843999,0.6175839998832089,17.910551000568375
14.970449675000054,20.025390960000003,66.6049968,0.3006589883958977,0.22013179767917956,-46.57960583999999,1.3974120001876145,9.482784000283573
15.069634272000258,19.998494640000004,66.35051611272,0.30140676835166486,0.23638679181367664,-46.35202147272,0.6020099999659578,17.981386000428756
15.17260948600051,20.005099920000003,65.84244120000001,0.3038329010194719,0.23687201834723806,-45.837341280000004,3.4118520006813924,11.577522000152385
15.268906813000285,19.93465152,65.58885333036001,0.30393352693014036,0.23689214352937174,-45.65420181036001,0.5662310004481697,17.869217000225035
15.369837012000062,20.043234720000005,65.3355578628,0.3067737595826359,0.23746019005987085,-45.2923231428,0.7709199999226257,8.862200000294251
15.469631988999936,20.003127840000005,64.82977294716,0.308548479049953,0.23781513395333426,-44.82664510715999,0.529859999915061,18.160832999456034
15.56911764600045,20.013012,64.57730664636,0.30990781497896464,0.2380870011391366,-44.56429464636,0.6004910001138342,7.680810000238125
15.669548171000315,19.982219040000004,64.3250772,0.3106443071629925,0.23823429957594217,-44.34285815999999,0.6389919999492122,7.748349000394228
15.768974141999934,19.96848576,63.821447030879995,0.3128804922009721,0.23868153658353808,-43.852961270879995,0.6317139996099286,6.751703000190901
15.86937911000041,20.007285840000005,63.569988,0.31472848225171923,0.23905113459368754,-43.56270216,0.7115670005077845,18.080109000038647
15.97010041700014,20.022349680000005,63.318792978,0.3162149614405432,0.23934843043145232,-43.29644329799999,0.8859780000420869,8.00244499987457
16.070621869000206,19.998589680000002,62.817102,0.3183621823241703,0.23977787460817773,-42.818512319999996,1.6274529998554499,8.760605999668769
16.169033953000508,19.951449840000002,62.5666041918,0.3188833739296154,0.23988211292926676,-42.6151543518,0.6181030003062915,7.723459000771982
16.27044238200051,20.033374320000004,62.316336202920006,0.32147869307921995,0.24040117675918765,-42.282961882920006,1.3193920003686799,9.440191000066989
16.369879056999707,20.027268000000003,61.816400204400004,0.3239798489361807,0.25711691119458624,-41.789132204400005,0.7001409994700225,7.837331999326125
16.46992646400031,20.000870640000006,61.56674539092,0.3248648359273151,0.25729390859281315,-41.56587475091999,0.6320849997791811,8.735143000194512
16.570745809000073,19.993718880000003,61.06795901532,0.3274011314998135,0.2578011677073128,-41.07424013532,1.498671999797807,9.640657000090869
16.66991053499987,19.991152800000002,60.81883578072,0.32870002431610734,0.2580609462705716,-40.82768298072,0.606120999691484,8.708604999810632
16.76986558899989,20.026578960000002,60.5698452,0.3306361258456708,0.2584481665764843,-40.54326624,1.2638729995160247,8.372321999559063
16.869477414999892,19.978940160000004,60.07231577268,0.3325814878787498,0.25883723898310007,-40.09337561267999,0.6010469996908796,7.723089000137406
16.96973734400035,20.03399208,59.82372,0.33488375647652807,0.25929769270265574,-39.789727920000004,0.9703310006443644,18.216279000625946
17.069915549000143,19.939997520000002,59.32685536668,0.3361040695104664,0.2595417553094434,-39.38685784668,0.7524379998358199,8.885885000381677
17.169472669999777,20.011752720000004,59.07854160000001,0.33873132575770964,0.26006720655889204,-39.066788880000004,0.6666029994448763,7.777922999594011
17.270870581000054,20.016884880000003,58.582136562840006,0.3416892256657155,0.26065878654049324,-38.56525168284,1.90373500026908,9.041592000357923
17.37311533800039,20.010659760000003,58.3340112,0.34303589532687584,0.2771342082977698,-38.323351439999996,1.3245950003692997,11.548021000635345
17.469078494000314,19.95068952,57.83792895972001,0.3449412847042679,0.27751528617324817,-37.887239439720005,0.6744740003341576,7.836350000616221
17.56968459499967,20.005670160000005,57.589956,0.34738123710321994,0.2780032766530386,-37.58428583999999,0.6016949992044829,8.688048999829334
17.66911795499982,20.04542064,57.094190556479994,0.351093875657458,0.2787458043638862,-37.04876991648,0.7084929993652622,7.811849999598053
17.76976022300005,19.963139760000004,56.8463904,0.3511769106099656,0.27876241135438773,-36.88325063999999,1.13325900019845,8.249911999882897
17.86928540000008,20.024701920000002,56.35103055192,0.3553564455498271,0.27959831834236004,-36.32632863191999,0.6300659997577895,18.028311999842117
17.969728961000328,19.93051728,55.85601705192,0.35681952154722973,0.2798909335418406,-35.92549977192,0.9565520003889105,7.144115999835776
18.069429844000297,20.0501964,55.608700944960006,0.3605586186925162,0.28063875297089785,-35.55850454496,0.5910469999435009,17.991904000155046
18.16975542199998,19.989370800000007,55.11448426104,0.36268815843987384,0.28106466092036936,-35.12511346103999,1.0027379994426155,7.119985999452183
18.269556955000553,20.022729840000004,54.8676865332,0.36492753941583467,0.29783723661946243,-34.8449566932,0.6501770003524143,8.742994000385806
18.36898405500051,19.982147760000004,54.37496027988001,0.3674880433410424,0.298349337404504,-34.39281251988,0.5874910002603428,7.676050000554824
18.46932222600026,20.008735200000004,53.8841592,0.3713287076770422,0.29911747027170393,-33.875423999999995,0.6986030002735788,7.840053000109037
18.569631100999686,20.00384064,53.639823519000004,0.372928904825989,0.2994375097014933,-33.635982879000004,0.6280479992710752,8.768605999648571
18.669458004000262,20.007143280000005,53.15355,0.3764027667013775,0.300132282076571,-33.14640672,0.5964170004517655,17.98981100000674
18.770091698000215,20.006525520000004,52.671082802399994,0.3798388879730491,0.3008195063309053,-32.66455728239999,0.6679919997623074,8.19485500051087
18.870296867000434,19.948978800000006,52.431354000000006,0.380478039914819,0.30094733671925933,-32.4823752,0.9870530002444866,9.102185000301688
18.96922755200012,20.035370160000003,51.95559953016001,0.38562484777737105,0.3019766982917697,-31.920229370160005,0.8970700000645593,7.996518999789259
19.069717115000458,20.012774400000005,51.48505812023999,0.3887103390902556,0.31932342645146694,-31.472283720239986,0.6313620006039855,8.74193900017417
19.17285357200035,20.004030720000003,51.0203592,0.3920793783827379,0.31999723430996335,-31.01632848,3.7194309998085373,11.838655999781622
19.269978209000328,19.996522560000006,50.790500615160006,0.3937059552043758,0.32032254967429097,-30.79397805516,0.9553489999234444,9.051961999830382
19.369828908999807,19.993433760000002,50.3362908,0.3971971999176388,0.32102079861694355,-30.34285704,0.6360289999065571,8.7213819997487
19.469603553000525,20.027481840000004,49.892263975439995,0.40141457300592226,0.32186427323460026,-29.86478213543999,0.6337890008580871,8.715476000361377
19.569482400999732,20.01410496,49.460894950320004,0.40464502270132324,0.3225103631736804,-29.446789990320003,0.909217999833345,8.0093520000446
19.669308194000223,20.010445920000006,49.0451436,0.4080005572661837,0.3396084019921811,-29.034697679999997,0.6519179996757885,7.764441999825067
19.769884997999725,19.962331920000004,48.64577069988,0.410361098874506,0.34008051031384556,-28.68343877988,0.6393989997377503,8.756882999477966
19.869484767999893,19.984024800000004,48.26415827052,0.41405518123800683,0.34081932678654575,-28.280133470519996,1.0267759998896508,8.185615000002144
19.970133110999996,19.992222,47.904051599999995,0.41733885406886967,0.3414760613527183,-27.911829599999994,1.0870360001717927,9.27026199951797
20.071232238999983,20.029834080000008,47.56612169268001,0.42109453886971865,0.3422271983128881,-27.53628761268,1.2281869994694716,10.283315999913611
20.169188851999934,19.939546080000003,47.402834399999996,0.4206403758843586,0.34213636571581607,-27.463288319999993,0.6394729998646653,7.7228479995028465
20.269641099000182,19.999468800000006,47.0884374594,0.4247214364936976,0.3429525778376839,-27.088968659399992,0.8489949996146606,8.934164000493183
20.369577282000137,20.046774960000008,46.78942267872,0.4284467260400149,0.3600514074781501,-26.742647718719994,0.6646960000580293,8.749919999900158
20.46945179799968,20.033730720000005,46.36896329808,0.43205043406328525,0.3607721490828042,-26.335232578079992,0.7057899993014871,18.029960999228933
20.573039947000325,20.025248400000006,46.106276400000006,0.4343280343497876,0.3612276691401047,-26.081028,1.173315000414732,11.875062999934016
20.670467996999832,19.997615520000004,45.85713242256,0.43608517287404397,0.3615790968449559,-25.859516902559996,1.113721999900008,9.319744000094943
20.770027489000313,20.062337760000005,45.620395287120004,0.4397668550159231,0.36231543327333177,-25.55805752712,1.067072999830998,18.692009000005783
20.869899262999752,19.980199440000007,45.39537000000001,0.4401373849359528,0.3623895392573377,-25.41517056,1.088257999981579,8.351098999810347
20.969430068999827,20.008901520000002,45.18155368188,0.4428555436778737,0.36293317100572187,-25.172652161879995,0.6505659994218149,7.811757000126818
21.070328323000467,19.96190424,44.97775120332,0.44381730313201,0.36312552289654915,-25.015846963319998,1.0501280003154534,8.199206999961461
21.172608415000468,20.005503840000003,44.7828552,0.4467223840609431,0.379844895129428,-24.777351359999997,3.86550800067198,10.998939000273822
21.26960219800003,20.022373440000003,44.59691341332,0.4489632108490228,0.3802930604870439,-24.57453997332,0.6219179995241575,7.734847999927297
21.36979442200027,19.986424560000007,44.41924505952,0.44994966783471896,0.3804903518841831,-24.432820499519995,0.690437000230304,8.79745800011733
21.472766321000563,20.012916960000002,44.2466028,0.45230403451448714,0.38096122522013676,-24.233685839999996,4.45207200027653,11.540058000719
21.570035941999777,19.965848400000006,43.8472512,0.455350058523167,0.38157043002187274,-23.881402799999996,0.8090319997791084,8.938274999309215
21.669956476999687,20.05421184,43.55190614916,0.46046691438296083,0.3825938011938315,-23.497694309159996,0.621213999693282,17.504729999927804
21.769336983999892,20.010398400000007,43.43378053356,0.46071049202218456,0.38264251672167626,-23.42338213355999,0.6409549996533315,4.744206999930611
21.86897336600032,19.991628000000006,43.334020800000005,0.4613379425894401,0.38276800683512735,-23.3423928,0.6522519997815834,18.129944000065734
21.969735765999758,19.97278632,43.240953315960006,0.4618951431079608,0.38287944693883147,-23.268166995960005,0.5661569994117599,18.861066999306786
22.07321008100007,19.981268640000007,43.10433691128,0.46355587562167316,0.38321159344157396,-23.123068271279994,4.035066000142251,12.266773999726865
22.171336753000105,20.03731848,43.01267787792,0.46584680304887266,0.3997386353630337,-22.97535939792,2.4700220001250273,7.617438999659498
22.269112030000542,19.984595040000002,42.919909200000006,0.4656252870171496,0.3996943321566891,-22.935314160000004,0.5728240003008978,7.682588000534452
22.369723630999943,20.011063680000003,42.826322138760005,0.4672608498848648,0.40002144473023216,-22.815258458760002,0.6439919998229016,8.73762299943337
22.470007764,19.97839368,42.685211742119996,0.46804016811953986,0.40017730837716714,-22.706818062119996,1.0249050001220894,9.182185999634385
22.569397568000568,20.018975760000004,42.590996657999995,0.47002834708822855,0.4005749441709049,-22.57202089799999,0.647233000563574,7.766312000057951
22.669997316999797,20.025913680000006,42.4969308,0.47123199965301976,0.40081567468386314,-22.471017119999996,0.6616579994442873,8.575953999752528
22.770413082000232,20.025676080000004,42.3568224,0.47278513697004815,0.4011263021472688,-22.331146319999995,1.263002000086999,9.364522999931069
22.86919758000022,19.919278800000004,42.2646669144,0.471298610736556,0.4008289969005704,-22.3453881144,0.5839169998580473,7.692625000345288
22.969988314000148,20.009091600000005,42.17394750012,0.4744419905189826,0.4014576728570557,-22.164855900119996,0.7238079997478053,7.85807299962471
23.072524002000137,20.003555520000003,42.04125272988,0.4758077892808096,0.4017308326094211,-22.037697209879997,3.5994850004499312,10.693526000068232
23.169941070000277,19.995215760000008,41.955508800000004,0.47658141521572983,0.40188555779640517,-21.960293039999996,1.059314000485756,8.220411999900534
23.269941143000324,19.987873920000002,41.87231001792,0.4773530266528366,0.4020398800838265,-21.88443609792,0.6702150003548013,8.751512999879196
23.369371132000197,19.950927120000003,41.7917524068,0.47738910122260764,0.4020470949977807,-21.840825286799998,0.7199000001492095,7.825034999768832
23.47067802299989,20.002890240000003,41.67620084988,0.479959541227175,0.4025611829986942,-21.673310609879994,0.9348120001959614,9.121426999627147
23.56973265400029,20.00593152,41.602752,0.4808800033228571,0.4027452754178306,-21.59682048,0.667918000544887,18.26883400008228
23.668901416999688,19.99488312,41.53226228928,0.48143014653841604,0.4028553040609424,-21.537379169279998,0.555341999643133,7.639327999640955
23.76922080999975,19.96910352,41.43184984692,0.48197470288632266,0.40296421533052373,-21.46274632692,0.747585999306466,7.828367999536567
23.87000091400023,20.09353464,41.36840217792,0.4857217968820836,0.4037136341296759,-21.274867537919995,1.1975380002695601,18.80332400014595
23.969649648000086,20.078827200000003,41.30765280000001,0.48608008054139545,0.4201869234120199,-21.228825600000004,0.5638610000460176,8.645992000310798
24.071466991000307,20.043709920000005,41.221512,0.4862439281703205,0.4202196929378049,-21.177802079999992,1.149574000010034,9.998866000387352
24.16930110300018,20.021898240000006,41.16729292884,0.486354501730512,0.4202418076498432,-21.145394688839993,0.6400470001608483,7.739143999970111
24.269571421000364,19.91982528,41.11550109288,0.4844845557153998,0.41986781844682075,-21.19567581288,0.593565000599483,8.68084500052646
24.36965386599968,20.02553352,41.042219527440004,0.48792520849442195,0.42055594900262516,-21.016686007440004,0.6083989992475836,7.717199999206059
24.46996249899985,20.02185072,40.9961556,0.48838361614570514,0.4206476305328818,-20.974304880000002,0.5698049999409704,8.750308999879053
24.57071408400043,20.005836480000003,40.9310892,0.48876872985828096,0.420724653275397,-20.92525272,1.75238000065292,9.899087000121654
24.669827976000306,19.958197680000005,40.890258397800004,0.48809174757070756,0.4205892568178823,-20.9320607178,0.6151210000098217,8.71321600061492
24.76951252500021,20.022492240000002,40.83255757008,0.49035606465835135,0.42104212023541104,-20.810065330079997,0.889588000063668,7.978110999829369
24.86919557500005,20.040454800000003,40.79634204564,0.49123165938701535,0.42121723918114384,-20.75588724564,0.5610090001937351,7.675050999750965
24.969194999000138,19.952424000000004,40.745187270360006,0.4896878708056485,0.4209084814648705,-20.792763270360002,0.7306229999812786,7.8252940002130345
25.070044234000306,20.038649040000003,40.712659200000004,0.49219700785351794,0.42141030887444436,-20.67401016,0.9932749999279622,5.1299719998496585
25.169358666000335,19.956368160000004,40.68025472376,0.4905664503704335,0.4210841973778275,-20.723886563759997,0.6106950004323153,7.695199000409048
25.270806354999877,20.038126320000003,40.63170752352,0.49316476075736587,0.42160385945521395,-20.593581203519996,1.4127260001259856,9.595229999831645
25.369179402000555,19.970244,40.5993608766,0.4918856742769595,0.4213480421591327,-20.6291168766,0.6526220004161587,7.783164000102261
25.469143882000026,20.016172080000004,40.550856876720005,0.49360663674387517,0.4216922346525158,-20.53468479672,0.7813279999027145,7.885314000304788
25.569218122000166,19.949240160000002,40.518525600000004,0.49234861991128326,0.42144063128599746,-20.56928544,0.6185470001582871,7.7271070003916975
25.669489237000562,19.973831760000003,40.4700408,0.493546123630298,0.42168013202980037,-20.496209039999997,0.6350290004775161,8.720883000023605
25.76912210000046,20.057728320000002,40.43772512316,0.49601524959454973,0.4221739572226507,-20.379996803159997,0.6350290004775161,5.770261000179744
25.869053874999736,20.038268880000004,40.405414476960004,0.4959302890315909,0.42215696511005896,-20.36714559696,0.5883059993720963,7.68034699922282
25.971483451000495,19.99421784,40.3569776772,0.4954339742665094,0.4220577021570427,-20.3627598372,2.0139220005148672,10.087535000820935
26.069247727999937,19.985901840000004,40.324701600000004,0.4956242959526327,0.42209576649426733,-20.33879976,0.6094359996495768,4.725910000161093
26.16997523900045,20.035821600000006,40.276321200000005,0.4974590777670132,0.4224627228571434,-20.2404996,0.9758680007507792,9.061963000021933
26.269018203000087,20.008854000000003,40.2440907222,0.49718737933771834,0.4224083831712845,-20.235236722199996,0.6110100002842955,7.747532999928808
26.369245390999822,20.00678688,40.211876077919996,0.4975342816940978,0.42247776364256034,-20.205089197919996,0.6346209993353114,7.73590399967361
26.47007851499984,19.965658320000003,40.16358927828,0.4971084178175579,0.42239259086725234,-20.197930958279997,1.1097959995822748,9.290169999985665
26.56896453199988,20.000466720000006,40.13154,0.4983727691486548,0.42264546113347173,-20.131073279999995,0.6306209998001577,7.722587999523967
26.669864600999972,19.984808880000003,40.10003791056,0.49837381512143597,0.42264567032802797,-20.115229030559995,1.1166849999426631,8.640825999464141
26.769627929999842,19.950285600000008,40.05454949424001,0.4980778925717023,0.4225864858180812,-20.10426389424,0.5834909998156945,18.0914060001669
26.869847339000444,20.027125440000002,40.01172747516,0.500531386764873,0.4230771846567154,-19.984602035159998,1.0631280001689447,8.153409999977157
26.96937801600052,19.951022160000008,39.98480493672,0.49896509915640497,0.42276392713502176,-20.033782776719995,0.6071580000934773,7.750460000352177
27.069606240999747,20.017241280000004,39.9592116,0.5009418474112237,0.4231592767859855,-19.94197032,0.6017879995852127,8.69086399961816
27.169473144999756,19.9603836,39.9233664,0.4999674476348768,0.4229643968307162,-19.9629828,0.8063469995249761,7.988759999534523
27.26893459799976,20.011111200000002,39.90115821492,0.5015170510142577,0.42327431750659233,-19.89004701492,0.5837319995407597,7.689976999245118
27.370004577000145,19.943371440000007,39.87028819548,0.5002063527160794,0.42301217784695666,-19.926916755479994,0.7001780004429747,8.784253999692737
27.469358934999946,19.98979848,39.85123061376,0.5016105694135788,0.42329302118645656,-19.86143213376,0.596638999923016,7.715347000157635
27.570159392000278,20.008972800000006,39.8244106278,0.5024298535640463,0.4234568780165501,-19.815437827799993,0.8709769999768469,8.971072000349523
27.66976079200049,19.969056000000002,39.8076768,0.5016383171599705,0.4232985707357349,-19.8386208,1.1403340004108031,18.99899500040192
27.76920026300013,19.997045280000002,39.79187415324,0.5025409258933276,0.4234790924824063,-19.79482887324,0.640659000055166,7.761107999613159
27.869966922000458,19.97516232,39.76982294004,0.5022693299418524,0.42342477329211126,-19.794660620040002,1.3351699999475386,8.500972000547335
27.969428801000504,20.045111760000005,39.756208667760006,0.50420078854892,0.4238110650135248,-19.711096907760002,0.925534000089101,8.03598300080921
28.07098038100048,20.024298,39.73737468024,0.503915977367206,0.4398320474842611,-19.71307668024,1.7140650006695068,9.796567000194045
28.169747693000318,20.01636216,39.725841599999995,0.5038625074717109,0.43982135350516205,-19.709479439999996,0.6731220000801841,8.760587000324449
28.272660239000288,19.954301040000004,39.710059199999996,0.5024999066231562,0.43954883333545114,-19.755758159999992,4.081621999830531,11.387573999854794
28.369059605000075,20.023181280000003,39.70050009192,0.5043558956093653,0.43992003113269296,-19.677318811919996,0.5851579999216483,7.682198999646062
28.469961155999954,20.025177120000006,39.68739488232,0.5045727284287146,0.4399633976965628,-19.662217762319994,1.0565920001681661,9.224761999576003
28.569744872999763,19.986258240000005,39.67943032296,0.5036931749606095,0.4397874870029418,-19.693172082959997,0.5793609998363536,8.678122999299376
28.670244953999827,19.98537912,39.66856673148,0.5038089542100873,0.43981064285283733,-19.683187611479998,0.8929219993660809,8.050222999372636
28.76992309599973,19.978821360000005,39.6589259394,0.5037660724984895,0.4398020665105178,-19.680104579399995,0.9356819991808152,9.027516999594809
28.869211619999987,20.013178320000005,39.653136,0.5047060671317397,0.4399900654371678,-19.63995768,0.6185279999044724,7.760792999761179
28.970153930999913,20.00633544,39.6453744,0.5046322740743243,0.43997530682568475,-19.63903896,1.5076539993970073,8.59958499950153
29.069989112000258,19.981577520000002,39.64078084356,0.5040661938233789,0.43986209077549565,-19.65920332356,1.3663930003531277,8.501563999743666
29.169205950000105,20.01006576,39.6347064372,0.5048622169488084,0.44002129540058155,-19.624640677200002,0.6720849996781908,7.774441000037768
29.269254097999692,20.049364800000003,39.631172366520005,0.5058988569547717,0.4402286234017742,-19.581807566520002,0.6138249991636258,7.709551999141695
29.371603393999976,20.005884000000002,39.62660757228,0.5048598713253142,0.4400208262758827,-19.62072357228,2.6636359998519765,10.865657999602263
29.47010357199997,20.0044584,39.6240228,0.5048568263997668,0.44002021729077323,-19.619564399999998,1.6322860001309891,8.729549000236148
29.57046998399983,20.003603040000005,39.620804400000004,0.5048762472879021,0.4400241014684003,-19.61720136,1.0961839998344658,9.068591999493947
29.669756434000192,19.95330312,39.61908841536,0.5036285265024995,0.43977455731131976,-19.665785295359996,0.580805000026885,8.663992000037979
29.770758227000442,20.022064560000004,39.617124010560005,0.505389148254757,0.44012668166177127,-19.59505945056,1.0777390007206122,8.51243500073906
29.869718208999984,19.99516824,39.61584240624,0.5047265696122243,0.43999416593326474,-19.620674166239997,0.8715879994269926,7.9879449995132745
29.97241964099976,20.01545928,39.61534799628,0.5052450702157031,0.4400978660539605,-19.59988871628,3.4888719992522965,10.674636999283393
30.06994004399985,19.924506000000008,39.61512960048,0.5029519327827363,0.43963923856736714,-19.690623600479995,0.6893079998917528,8.800402999440848
30.169517739000185,20.021446800000007,39.6153144,0.5053966402447637,0.4401281800597726,-19.593867599999996,0.582120000217401,7.684236000386591
30.269400791999942,20.007594720000004,39.616077600000004,0.5050372457873014,0.44005630116828015,-19.60848288,0.7170669996412471,7.807109000168566
30.36972131499988,20.029834080000008,39.61689239052001,0.5055882193524341,0.4401664958813067,-19.58705831052,0.8054399995671702,7.926925999527157
30.469818648,19.949477760000004,39.618553187159996,0.50353877552665,0.4397566071161499,-19.669075427159992,0.6478619998233626,17.836234999776934
30.57005385499997,19.971218160000003,39.61994041476,0.5040698686300884,0.43986282573683755,-19.64872225476,0.5985469997540349,8.929497999815794
30.670236893000038,20.033611920000006,39.622420818,0.5056130217792996,0.44017145636667976,-19.588808897999996,1.3550220000979607,8.575472999837075
30.77019137299976,20.000276640000003,39.6243288,0.5047473924656107,0.439998330503942,-19.624052159999998,1.40900399946986,8.518693999576499
30.87033926300046,20.004387120000004,39.6275508,0.5048100807683528,0.4400108681644904,-19.623163679999998,1.2186860003566835,9.397800999977335
30.969927533000373,19.985497920000004,39.6311868,0.5042871418627313,0.4399062803833661,-19.645688879999998,0.6485479998445953,8.761902000514965
31.069836382000176,20.01403368,39.63382797276,0.5049735214513087,0.4400435563010816,-19.61979429276,0.9197179997499916,8.100854000076652
31.169762065000214,20.05228728,39.638089170360004,0.5058843072333167,0.4402257134574832,-19.585801890360003,0.6301579996943474,8.725272000447148
31.26924105499984,20.005028640000003,39.64112283096,0.5046534308653824,0.43997953818389635,-19.636094190959998,0.601842999458313,7.716291999713576
31.369138478000423,20.00117952,39.64594323312,0.5044949845786776,0.43994784892655536,-19.64476371312,0.6577510002898634,7.742107000012766
31.468884714000524,19.9492164,39.649323599999995,0.5031414054185783,0.43967713309453554,-19.700107199999994,0.5539170006159111,7.661180000468448
31.56929545999992,20.055780000000006,39.654637199999996,0.5057612782799589,0.44020110766681164,-19.59885719999999,0.739901000088139,7.820867999726033
31.669353811999827,19.976564160000006,39.658328362439995,0.5037167471465995,0.43979220144013975,-19.68176420243999,0.6331399999908172,7.739386000139348
31.77145277100044,20.030095440000004,39.66407516088,0.5049933815110189,0.44004752831302363,-19.63397972088,2.5187080000250717,10.054923000097915
31.86914434299979,19.975661280000004,39.66803283996,0.5035707558424051,0.4397630031793009,-19.692371559959994,0.568953999390942,7.674106999729702
31.969869075999668,19.98281304,39.6741528414,0.5036733391607022,0.4397835198429603,-19.6913398014,1.1608889999479288,8.332394999342796
32.06891205900047,19.998613440000007,39.6783432,0.5040183593149626,0.4398525238738124,-19.679729759999994,0.5665460003001499,7.65382800000225
32.17026724700008,20.01263184,39.68478,0.5042898521801052,0.43990682244684093,-19.672148160000003,0.9502200000497396,8.27828299952671
32.269238265999775,20.015435520000004,39.6913824,0.504276603880645,0.4399041727869489,-19.675946879999998,0.6983269995544106,7.795311999871046
32.36925537600018,19.979225280000005,39.69586915488,0.5033074147349628,0.4397103349578124,-19.716643874879995,0.5575459999818122,7.691736000197125
32.47017746399979,20.046180960000004,39.70271035404,0.5049071154397946,0.4400302750987788,-19.656529394039996,0.9091080000871443,9.024313999361766
32.56938520899985,20.005884000000002,39.70733764644,0.5038334269130644,0.43981553739343276,-19.70145364644,0.5262309996396652,7.646661999388016
32.66974517700055,19.950832080000005,39.71436844716,0.5023580346378819,0.43952045893839625,-19.763536367159993,0.7669760007047444,8.856996000758954
32.76934294700004,19.985521680000005,39.719106000000004,0.5031714883008697,0.4396831496709938,-19.73358432,0.6299369997577742,7.724774000053003
32.871847727000386,20.006573040000003,39.726280800000005,0.5036105227348642,0.4397709565577927,-19.719707760000002,2.6155800005653873,10.793991000355163
32.96983058200021,20.024440560000006,39.731105951640004,0.5039990727762121,0.4398486665660623,-19.706665391639998,0.6551960004799184,8.777957999882346
33.069892155999696,19.984024800000004,39.73838515128,0.5028897053547307,0.439626793081766,-19.754360351279995,0.9181079994959873,9.102222999899823
33.16923942199992,19.990154880000006,39.74326324884,0.5029822225426711,0.4396452965193541,-19.753108368839996,0.5693799994332949,7.68053299998428
33.2700807680003,20.021993280000004,39.750612049080004,0.5036901886008418,0.43978688973098823,-19.72861876908,0.7572909998998512,8.883663999768032
33.36950284999966,20.041096320000005,39.7579800492,0.5040773272485021,0.4398643174605203,-19.716883729199996,0.6571219992110855,7.75368199992954
33.469689759000175,19.96701264,39.7628964,0.5021518663816451,0.4394792252871489,-19.795883760000002,0.8955519997471129,8.062427999902866
33.56995335500051,20.019759840000003,39.7702764,0.5033849812519785,0.4397258482612156,-19.750516559999998,0.7478640000044834,6.852631000583642
33.6690127640004,19.976706720000003,39.77519155092,0.5022403649376754,0.43949692499835497,-19.798484830919996,0.5885650007257937,7.693051000387641
33.76957391999986,20.051812080000005,39.78009964908,0.5040664115195033,0.43986213431472054,-19.728287569079995,0.6507699999929173,18.10831300008431
33.86963054900025,20.013225840000004,39.787448448960006,0.5030035003544723,0.4396495520817143,-19.774222608960002,0.6678620002276148,7.77340400054527
33.96966912300013,20.00842632,39.79478284884,0.502790187246448,0.43960688946010945,-19.78635652884,1.0994249996656436,8.195856000384083
34.06906140800038,19.986757200000003,39.7996596,0.5021841242079368,0.43948567685240725,-19.812902399999995,0.6378620000759838,7.754700000077719
34.16952517400023,19.98395352,39.806946,0.5020217707733721,0.43945320616549427,-19.822992480000003,0.9637940001994139,8.055446000071242
34.26888208800028,20.018096640000007,39.811784351760004,0.5028183731512412,0.4396125266410681,-19.793687711759997,0.5546200000026147,7.6666800005114055
34.36987406600019,19.972263600000005,39.81899875212,0.5015762381251905,0.439364099635858,-19.846735152119997,1.2800209997294587,8.44261899965204
34.46889695600021,20.04463656,39.82377844764,0.5033333686896269,0.43971552574874523,-19.77914188764,0.5663789997925051,7.668809999813675
34.56980439600011,19.977039360000003,39.83089564728,0.5015463256690339,0.43935811714462664,-19.85385628728,0.9290520001741243,8.067261000178405
34.670799669999724,20.032590240000005,39.837939646680006,0.5028520655854116,0.43961926512790217,-19.80534940668,1.5871179994064732,9.676582999418315
34.76929944099993,20.060033040000008,39.842589600000004,0.5034821592018207,0.439745283851184,-19.782556559999996,0.5868799999007024,18.139906999749655
34.8698392819997,19.96808184,39.849498000000004,0.5010874124436899,0.4392663344995579,-19.881416160000004,0.6230469998627086,8.706826999514305
34.96923580800012,19.983335760000003,39.85405075476,0.5014129149121254,0.43933143499324495,-19.87071499476,0.6491029998869635,7.75032999990799
35.06994659599968,19.961286480000002,39.86080075548001,0.5007748490164426,0.4392038218141084,-19.899514275480005,0.7210859994302155,8.809439999822644
35.16887898500045,20.080846800000003,39.86524204416,0.5037181707753288,0.4397924861658856,-19.784395244159995,0.5866950004929095,7.65134700031922
35.27041573099996,19.99790064,39.87181564344,0.5015548029925294,0.4393598126093258,-19.87391500344,1.1235179999857792,19.029402999876766
35.369289340999785,19.999397520000006,39.876138000000005,0.50153797541778,0.4393564470943759,-19.87674048,0.5661019995386596,18.135147000066354
35.470009055000446,19.964256480000003,39.8825208,0.5005765954493028,0.4391641711006804,-19.91826432,1.2795020002158708,8.450526000160608
35.569526416999906,19.999991520000002,39.88670875848,0.5014199502170748,0.43933284205423484,-19.886717238479996,0.5848989994774456,7.7260709995243815
35.6698560320001,20.046371040000004,39.89288875932,0.5025048740125809,0.43954982681333604,-19.846517719319998,1.1156660002598073,7.304138000108651
35.76925279900024,19.967440320000005,39.898939160160005,0.5004504064593764,0.43913893330269516,-19.93149884016,0.7883099997343379,7.883407000008447
35.869721398000365,20.014176240000005,39.90290283936,0.5015719362717174,0.43936323926516335,-19.888726599359998,0.7855320000089705,7.917370000541268
35.97009842100033,19.974283200000002,39.90873243852,0.5004990632255907,0.439148664655938,-19.934449238519996,0.8412910001425189,8.936979000282008
36.06962467100038,19.983858480000002,39.9125448,0.5006911631452776,0.4391870846398754,-19.928686319999997,0.6575289999091183,7.777718999932404
36.16982824800016,20.026674,39.9181464,0.5016934854470096,0.4393875491002218,-19.891472399999998,0.798105999820109,8.887977999620489
36.26944131399978,20.003745600000002,39.92179916376,0.5010732486766002,0.43926350174613993,-19.918053563759997,0.6055839994587586,7.694180999351374
36.37068475900014,19.9076364,39.92716436472,0.49859880401600887,0.43876861281402163,-20.019527964719998,1.7236570001841756,9.927328000230773
36.469055861000015,20.002129920000005,39.93066243468,0.5009215650434099,0.4392331650195018,-19.928532514679997,0.6500290000985842,7.761107999613159
36.56960596200042,20.02208832,39.935787633720004,0.5013570410489222,0.43932026022060433,-19.913699313720002,1.1809460002041305,8.366488999854482
36.669572292999874,19.978274880000008,39.9391236,0.5002181590183918,0.4390924838144982,-19.960848719999994,0.62162099948182,7.719458999417839
36.769492438999805,20.003674320000002,39.9440016,0.500792948095616,0.4392074416299431,-19.940327279999998,0.6536959999721148,6.804499999816471
36.87007341000026,19.980769680000005,39.9487356,0.5001602523810542,0.4390809024870307,-19.967965919999994,1.0636839997459901,9.151186000053713
36.96921161699993,20.06129232,39.95180756964,0.5021372884075684,0.43947630969233353,-19.890515249640004,0.6698070001220913,7.80321999991429
37.06941163800002,19.986709680000004,39.9562943706,0.5002142965166035,0.4390917113141406,-19.969584690599994,0.7153079995987355,7.798830999490747
37.16972180799985,20.020852800000004,39.9592008288,0.5010323626284906,0.439255324536518,-19.938348028799997,0.6664550001005409,8.777291000114928
37.26978327100005,19.9455336,39.96344042784,0.4990945070411208,0.43886775341904405,-20.017906827839997,0.7719200002611615,8.872995999809064
37.369662694,20.005551360000002,39.9661848,0.5005619490604968,0.4391612418229192,-19.96063344,0.6943999997020001,7.81429400012712
37.46907472000021,20.0044584,39.9701772,0.500484606307925,0.4391457732724049,-19.9657188,0.6521220002468908,7.746903999759525
37.56979010099985,20.018358000000003,39.97275717456,0.5008000301950738,0.4392088580498346,-19.95439917456,0.635880999652727,8.731197999622964
37.669941176000066,20.013796080000006,39.976509575520005,0.5006389075112161,0.4391766335130631,-19.96271349552,1.4042630000403733,8.575361999646702
37.76895136300027,19.973736720000005,39.978931223880004,0.4996065704745353,0.4389701661057269,-20.00519450388,0.5782690004707547,7.6944029997321195
37.87025006800013,20.019403440000005,39.98244362292,0.5007048500788444,0.43918982202658874,-19.963040182919997,1.0739990002548438,9.246614000403497
37.9694847210003,20.047487760000003,39.98581562196,0.5013649827612877,0.43932184856307743,-19.938327861959998,0.6658259999312577,7.772255999952904
38.069972078999854,19.99635624,39.9879864,0.5000590937482164,0.4390606707604632,-19.991630159999996,0.9672189999037073,7.116949000192108
38.16936034599985,19.989560880000003,39.991129199999996,0.49984987370649203,0.4390188267521183,-20.001568319999993,0.6175660000735661,7.728978000159259
38.269454254000266,20.035037520000007,39.993146380080006,0.5009617730396717,0.4392412066187542,-19.95810886008,0.7007149997662054,4.818375000468222
38.369881407999856,19.997639280000005,39.99510481932,0.5000021720243114,0.43904928641568214,-19.997465539319993,0.8839040001475951,9.051981000084197
38.47018907799975,19.99782936,39.997933218360004,0.49997156730139547,0.43904316547109895,-20.000103858360003,0.5851759997312911,8.327283999278734
38.57106351699986,19.974045600000004,40.000630817520005,0.4993432651379965,0.43891750503841914,-20.02658521752,1.7361949994665338,9.56371099982789
38.66918731900023,19.984428720000004,40.002357599999996,0.4995812726797884,0.43896510654677756,-20.017928879999992,0.6259729998419061,7.726237000497349
38.77313253000011,20.05682544,40.00483800000001,0.5013599965084222,0.4393208513125043,-19.948012560000006,3.466056000434037,12.140920000092592
38.869038796000495,20.013320880000002,40.006425584519995,0.5002526616060375,0.4390993843320274,-19.993104704519993,0.6082140007492853,7.713959000284376
38.96953780200056,20.015411760000003,40.00870078524,0.5002764740459675,0.43910414682001336,-19.99328902524,0.9175700006380794,8.091761000287079
39.06949239300047,19.972833840000007,40.01015281428,0.4991941403650804,0.43888768008383594,-20.03731897427999,0.7061599999360624,7.8150530007405905
39.17053829799988,20.031188400000005,40.012227613440004,0.5006266732640394,0.43917418666362773,-19.98103921344,1.184945000204607,8.347950999450404
39.2690330129999,20.037104640000003,40.01418961272,0.5007499797929298,0.43919884796940584,-19.97708497272,0.6182319993968122,18.06451599986758
39.36969841100017,19.976825520000002,40.015432800000006,0.4992280258430692,0.4388944571794337,-20.038607280000004,0.9496080001554219,18.220314999780385
39.47033818,20.012916960000002,40.017204,0.5001078276233393,0.4390704175354877,-20.004287039999998,1.8187329997090274,8.911163999982818
39.56978209600038,20.058417360000004,40.01832478908,0.5012308102780315,0.4392950140664262,-19.959907429079994,0.7182710005508852,7.863165000344452
39.66939716199977,20.050338960000005,40.01991718968,0.5010090067145471,0.43925065335372926,-19.969578229679996,0.6985849995544413,8.036778999667149
39.76962507200005,20.000347920000003,40.02092160984,0.4997473100440168,0.4389983140196232,-20.02057368984,0.5638610000460176,8.656103999783227
39.87055688200053,20.0181204,40.02234000912001,0.5001736628952334,0.4390835845898665,-20.004219609120007,2.0680520001405966,9.21698300044227
39.96933076900041,19.93743144,40.0232304,0.498146482448853,0.43867814850059045,-20.08579896,0.6299180004134541,7.732200000646117
40.070046316000116,20.04672744,40.024483200000006,0.5008616186204747,0.4392211757349148,-19.977755760000004,0.9424230001968681,9.270169000046735
40.169858756000394,19.958435280000007,40.025265592320004,0.4986459173884809,0.438778035488516,-20.066830312319997,0.6459730002461583,8.75642000028165
40.2693221720001,19.99074888,40.02636359304,0.49943954647621547,0.43893676130606296,-20.03561471304,0.6495659999927739,6.819481000093219
40.37078406500041,20.006121600000004,40.02736919364,0.4998110543617441,0.4390110628831687,-20.021247593639995,1.7409910005881102,9.820215000218013
40.469392781999886,19.966489920000008,40.027990806000005,0.49881319341682084,0.438811490694184,-20.061500885999997,0.6136949996289331,6.7148869993616245
40.56987045599999,20.0449692,40.028850005399995,0.5007630545792817,0.4392014629266762,-19.983880805399995,0.6257329996515182,8.714401999895927
40.66939174300023,19.99165176,40.0293792,0.4994244767103458,0.43893374735288904,-20.03772744,0.5987320000713225,7.835256999896956
40.76951396599998,20.00638296,40.0298699952,0.49978635859669224,0.4390061237301583,-20.023487035200002,0.61897300020064,8.705326999915997
40.86961804099974,19.96259328,40.0305407958,0.49868407678605414,0.4387856673680307,-20.0679475158,1.0564809999777935,8.171521999429388
40.97130236300018,20.023799040000004,40.03113719628,0.5002056010005324,0.4390899722109263,-20.007338156279996,2.1379979998528142,10.229352000351355
41.06956390800042,20.02094784,40.03149120336,0.5001299536480811,0.43907484274043607,-20.010543363359997,0.5895840004086494,8.679031000610848
41.17067129499992,19.970552880000003,40.03196400288,0.49886517879970294,0.4388218877707605,-20.06141112288,1.3632069994855556,9.557470999425277
41.26964429600048,19.996974000000005,40.0322412,0.49952172050761934,0.43895319611234374,-20.035267199999996,0.6153990007078391,8.722346000467951
41.369588405000286,19.963020960000005,40.0326012,0.4986690937285385,0.43878267075652755,-20.069580239999997,0.664308000523306,8.79414400060341
41.46955771800003,20.056682880000004,40.0328928,0.5010050854980933,0.4392498691104385,-19.976209919999995,0.6704739998895093,8.75901299968973
41.56999872400047,19.996522560000006,40.033054798559995,0.4995002919617138,0.43894891040316264,-20.03653223855999,1.0999260002790834,7.266841000273416
41.67025685600038,20.007927360000004,40.033245598920004,0.4997827945416388,0.43900541091914763,-20.02531823892,1.012479000564781,9.079387999918254
41.76918787500017,19.946864160000004,40.03334160084,0.49825628744370093,0.43870010949956006,-20.086477440839992,0.5610649996015127,7.662920999791822
41.86911855800008,19.992483360000005,40.03343880048,0.49939460508599365,0.4389277730280186,-20.040955440479994,0.7999950003068079,7.887165999818535
41.9697016959999,20.011063680000003,40.0334724,0.49985830557131494,0.43902051312508283,-20.022408719999998,0.5891769997106167,8.689252999829478
42.06908699900032,20.037104640000003,40.0334832,0.5005086502190746,0.4391505820546348,-19.996378559999997,0.7634200001120917,7.8579430000900174
42.16907216399977,20.026578960000002,40.033459200239996,0.5002460281993304,0.43909805765068594,-20.006880240239994,0.6015279996063327,7.700161999309785
42.270501631000116,19.987470000000002,40.033387200599996,0.49927001929280773,0.4389028558693814,-20.045917200599995,1.1622040001384448,9.435320000193315
42.3696691719997,20.027268000000003,40.03331159916,0.5002650842509923,0.4391018688610183,-20.006043599159998,0.6173069996293634,8.710030999282026
42.47001917600028,20.00928168,40.0331639988,0.4998176432070116,0.4390123806522222,-20.0238823188,1.0920169997916673,9.248131999811449
42.56937607200052,20.001773520000004,40.033044000000004,0.4996315923415667,0.4389751704791332,-20.03127048,0.6189910000102827,7.711255000685924
42.66951068399976,19.942777440000004,40.032828,0.4981605955991918,0.43868097113065824,-20.090050559999998,1.0144609996132203,7.202320999567746
42.7693133089997,20.046180960000004,40.0325724,0.5007467609051275,0.43919820419184535,-19.986391439999995,0.687880999976187,7.785792999129626
42.869928484999946,20.236332240000003,40.032382802040004,0.505499069092854,0.44014866582939066,-19.79605056204,0.7097339994288632,7.849331999750575
42.97041649200037,20.649328560000004,40.032070802279996,0.5158196452536234,0.44221278106154455,-19.382742242279992,1.3856900004611816,8.486360999995668
43.072370558999864,21.164516640000006,40.031842797719996,0.5286920401577273,0.44478726004236535,-18.86732615771999,3.7376899999799207,10.869083999750728
43.16971518199989,21.96033408000001,40.031477997479996,0.5485766496401263,0.46554513796191754,-18.071143917479986,1.2738730001728982,8.36339599936764
43.2709339969997,22.627253520000007,40.03108319736,0.5652420997064663,0.48548453031082733,-17.40382967735999,2.293074999215605,9.38057899929845
43.36985995899977,23.39574696,40.030804800000006,0.5844435823083926,0.4893248268312126,-16.635057840000005,0.804530999630515,8.910681999623193
43.47012274000008,24.03885888000001,40.0303656,0.6005155965900049,0.511562980782971,-15.991506719999993,1.370169999972859,8.527842000148667
43.569685028000094,24.752823120000006,40.029901200000005,0.6183583365926469,0.5329220519449063,-15.277078079999999,0.8916249998947023,18.86791800006904
43.66979549200005,25.403086799999997,40.02925079664001,0.6346130965342047,0.5532602608627659,-14.62616399664001,0.984387000244169,8.08996500018111
43.77116856900011,26.01737784000001,40.02874079652,0.6499674314576964,0.5726016949817521,-14.011362956519989,2.1435170001495862,10.271463999742991
43.871914041999844,26.594175600000007,40.028209196400006,0.6643858452301631,0.5754853777362454,-13.434033596399999,2.8721199996653013,10.991289999765286
43.97021584699996,27.087029280000003,40.02747720372,0.6767108789330005,0.5957304779755964,-12.940447923719994,0.8981439996205154,8.048224000049231
44.06952461200035,27.539253360000007,40.026910803839996,0.6880184557574706,0.6141880735319714,-12.48765744383999,0.7926050002424745,7.891332000326656
44.16954848200021,27.894251520000008,40.0261356,0.6969009398948822,0.6159645703594536,-12.131884079999995,0.8771630000410369,8.031131000279856
44.27006898899981,28.487443680000002,40.025541600000004,0.7117316228895201,0.635117980865467,-11.538097920000002,0.8312169993587304,19.278813999335398
44.37201490900043,29.345488560000007,40.02473639592,0.7331838058773923,0.6394084174630414,-10.679247835919995,2.8401210001902655,10.965457000565948
44.47050986399972,29.624264640000003,40.0239156042,0.7401640792209575,0.6595595498146246,-10.399650964199996,1.5879509992373642,8.68973399974493
44.57072697800049,29.89068552000001,40.023082800000005,0.7468361612564239,0.6770148721029845,-10.132397279999996,2.0662560000346275,9.254503000192926
44.669717126999785,31.104275040000008,40.022242795800004,0.7771747125392018,0.6830825823595401,-8.917967755799996,1.0749619996204274,7.265266999638698
44.769716626000445,30.933012960000003,40.0213992042,0.7729118315472032,0.7010484321970728,-9.088386244199999,0.8558290001019486,8.030298000448965
44.86970831000053,31.9563324,40.020552,0.7984980417061713,0.7061656742288664,-8.064219600000001,0.9900170007313136,8.135281000249961
44.96978932799993,32.20821216,40.01970239568,0.8048088874213312,0.7258943168673594,-7.811490235679997,0.9549039996272768,8.062037999479799
45.073604334000265,32.78249136,40.01885640432,0.819176116098639,0.7287677626028211,-7.236365044319996,4.588130999763962,12.706743999842729
45.17033811300007,33.49769112000001,40.0180104,0.8370653809415776,0.7504272862705723,-6.520319279999988,1.241594999555673,9.355041999697278
45.26947941199978,33.97217832,40.0169604042,0.848944496954707,0.7701307284073994,-6.044782084200001,0.7215859995994833,7.827293999980611
45.372839855000166,34.47254016000001,40.016124,0.8614662469558524,0.7726350784076285,-5.5435838399999895,3.6200040003677714,11.725987999852805
45.47282198300036,35.02096848000001,40.01529719592,0.8751895133636739,0.7931459653988376,-4.994328715919991,3.108216999862634,11.205572000108077
45.5711311390005,35.603516160000005,40.0142736,0.8897703983310596,0.812470851985282,-4.410757439999998,1.4253560002543963,9.437802000320517
45.67024101199968,36.1047096,40.01326920396,0.9023184138232528,0.8149804550837207,-3.9085596039600006,1.1266479996265844,8.2592079997994
45.76969287300017,36.71056584000001,40.01228879616,0.9174822771828823,0.8354808195035531,-3.301722956159992,1.015312999697926,8.151596000061545
45.869934172000285,37.27296504000001,40.0113288,0.9315602894948095,0.8546967135018044,-2.7383637599999915,0.7219190001706011,7.861961999878986
45.97059075500056,37.728325440000006,40.01039520372,0.9429630786674205,0.8569772713363266,-2.2820697637199956,1.5455060001841048,8.692067000083625
46.07390590100022,38.2560588,40.00948799652,0.9561746654525418,0.8768167501595696,-1.7534291965200026,5.038582000452152,12.163420999968366
46.17604004500026,38.85568992,40.0086108,0.9711831813965408,0.8798184533483695,-1.1529208799999964,7.494770000448625,14.62284900026134
46.26948747500046,39.32302536000001,40.007767203360004,0.9828847773513717,0.9004317181489699,-0.6847418433599941,1.1434450007072883,8.26017200051865
46.36970312500034,39.91942512,40.00695359688,0.9978121684104728,0.9199078082012706,-0.08752847688000287,0.8374580002055154,7.9348509998453665
46.47466250100024,40.37162544,40.006023597,1.0091386698833877,0.9221731084958535,0.3656018430000003,5.9485780002432875,13.057027000286325
46.57191284400051,40.81270608000001,40.0052844,1.0201828756402995,0.9417750619247428,0.8074216800000116,3.3386470004188595,10.47009700050694
46.673680148999665,40.938372720000004,40.004445600000004,1.023345583371864,0.9424076034710557,0.9339271199999999,4.762299999129027,11.862803999974858
46.77095606700004,40.90551264000001,40.00378320252,1.0225411039979642,0.9584343035764374,0.9017294374800144,1.94430999999895,10.049960000287683
46.869527061000554,40.69865808,40.003035602400004,1.0173892422693607,0.9574039312307168,0.6956224775999971,0.9714050002003205,8.09598400064715
46.972768982999696,40.55391216,40.002228,1.0137913358225947,0.9566843499413635,0.5516841600000006,2.239499999632244,10.977104999255971
47.073829462000504,40.31125128,40.00169520216,1.0077385739848166,0.9554737975738079,0.30955607783999994,1.5192290002232767,11.888286000612425
47.17022442000052,40.20012576,40.001193597960004,1.0049731556522887,0.9549207139073024,0.19893216203999486,1.2274830005480908,8.357506000720605
47.273470565000025,39.999425040000006,40.0005504018,0.9999718663421205,0.9539204560452688,-0.0011253617999926746,4.211475999909453,11.35905599949183
47.36953135099975,39.84795504,40.000208400000005,0.9961936858308967,0.9531648199430239,-0.1522533600000031,0.8943289994931547,8.00807499945222
47.46965544500017,39.75666912000001,39.9997368,0.9939232680151038,0.9527107363798654,-0.24306767999998868,0.8023279997360078,7.937221999782196
47.5691877320005,39.85094880000001,39.999312,0.996290856202727,0.95318425401739,-0.14836319999999148,0.7610860002387199,7.885646999966411
47.66985842699978,39.803500080000006,39.998986801200004,0.9951127081750447,0.9529486244118536,-0.19548672119999821,0.8670139995956561,7.987222999872756
47.769361083999684,39.878724240000004,39.99863880108,0.9970020339522965,0.9533264895673039,-0.11991456107999454,0.7703449991822708,7.8919799998402596
47.87606984099966,39.829968720000004,39.9982788,0.9957920669326402,0.9530844961633727,-0.1683100799999977,4.416460999891569,14.774092999687127
47.96985734900045,40.00405824000001,39.998096399160005,1.000149053114441,0.9539558933997327,0.005961840840008392,0.9172550007860991,8.035464000386128
48.07189828900027,39.93463152,39.99785399928,0.9984193532162717,0.9536099534200989,-0.06322247927999314,1.7841589997260598,9.890809000353329
48.170371928999884,39.98502648,39.9976776,0.999683703635833,0.9538628235040112,-0.012651120000001015,1.0814059996846481,9.17611200020474
48.26964882399989,39.95363952000001,39.9974976,0.9989034794016716,0.9537067786571789,-0.04385807999999258,0.8682729994688998,7.982499999343418
48.369792473000416,40.017173760000006,39.997346400000005,1.0004957168858581,0.9540252261540162,0.019827360000000738,0.7984390003912267,7.918555000287597
48.46917942500022,40.03801128,39.997242000359996,1.0010193022718825,0.9541299432312211,0.040769279640002765,0.7258639998326544,7.809534999978496
48.569693266000286,40.04129016000001,39.99714480036,1.0011037127740081,0.9541468253316462,0.044145359640012316,0.7188270001279307,6.829593000475143
48.673277193000104,40.06783008000001,39.997070400240005,1.0017691215644529,0.9542799070897352,0.07075967976000186,3.5157419997631223,11.259220000283676
48.769426388000284,39.99403152000001,39.99702719988,0.999925102436613,0.9539111032641672,-0.002995679879994384,0.9784040003069094,8.099704999949608
48.86908451100044,40.07574216000001,39.9969936,1.0019688619796665,0.9543198551727778,0.07874856000000818,0.7367710004473338,7.860886999878858
48.96952946200054,39.931661520000006,39.9969792,0.9983669346709065,0.9535994697110259,-0.0653176799999926,0.5788800008303951,7.9355740008395514
49.073353781999685,40.03727472,39.996986400000004,1.001007283888768,0.9541275395545982,0.040288319999994826,4.233049999129435,11.357832999237871
49.17599434299973,40.009071600000006,39.9970044,1.0003017025945073,0.953986423295746,0.012067200000004163,7.097837999936019,14.225250999515993
49.271385359000305,40.06951704,39.997036800000004,1.001812140243349,0.9542885108255144,0.07248023999999731,2.5770050006030942,9.675065000010363
49.37312784900041,39.98569176,39.99707759988,0.9997153332052432,0.9538691494178932,-0.011385839879999082,4.097863000424695,12.18790200073272
49.46966031000011,40.014821520000005,39.99713639976,1.0004421596602129,0.9540145147088872,0.017685120240003016,0.652677000289259,8.748827999625064
49.56991775700044,39.933063360000006,39.99720479976,0.9983963519430643,0.9536053531654575,-0.06414143975999309,0.7551970002168673,8.854292000251007
49.66911639099999,39.99270096000001,39.997272000239995,0.9998857161998458,0.9539032260168138,-0.004571040239987667,0.7253260000652517,7.815627000127279
49.76978647499982,40.08401064000001,39.99735840024,1.0021664490662836,0.9543593725901013,0.08665223976000647,0.7189379994088085,8.808179999505228
49.86980515899995,40.08139704000001,39.99745080036,1.002098789746852,0.954345840726215,0.08394623964001369,0.8395869999731076,7.950721999804955
49.97163374400043,40.07868840000001,39.997533600000004,1.0020289951078385,0.9543318817984123,0.0811548000000073,1.7423620001864037,10.149647000616824
50.074020615000336,39.98362464000001,39.997638,0.9996496453115559,0.9538560118391558,-0.014013359999992758,4.23743999999715,12.828302000343683
50.16983704500035,40.0181004,39.99774600000001,1.0005088886758768,0.9540278605120199,0.02035439999999511,0.565305000236549,8.673141000144824
50.274226616000306,40.00339296,39.997854,1.0001384814295287,0.9539537790627504,0.005538960000002646,3.93221300055302,13.099343000249064
50.36912473499979,39.958035120000005,39.99794759964001,0.9990021368086306,0.9537265101385707,-0.039912479640001663,0.7313449996217969,7.828961000086565
50.47024810400035,40.016223360000005,39.99806279964,1.0004540359979675,0.9540168899764381,0.01816056036000191,1.1339809998389683,9.225706000506761
50.570056192000266,39.910515120000014,39.998156400359996,0.9978088670017002,0.9534878561771847,-0.08764128035998198,0.7904760004748823,8.888774000297417
50.669350271999974,40.03085952000001,39.99827160036,1.0008147331956143,0.9540890294159674,0.03258791964000807,0.6766770002286648,7.850312999835296
50.7698635200004,40.09876560000001,39.998386800359995,1.0025095712019843,0.9544279970172415,0.10037879964001206,0.749623000046995,8.841161999953329
50.873160109999844,40.0675212,39.998480400000005,1.001726085573991,0.9542712998916427,0.06904079999999624,4.491147999942768,11.597336999329855
50.96958714300035,40.01928840000001,39.998592,1.0005174282134732,0.9540295684195392,0.02069640000000561,0.7640310004717321,7.880814000600367
51.069762367000294,40.02351768,39.998703600000006,1.0006203721062596,0.9540501571980965,0.024814079999991634,0.6823080002504867,8.786569000221789
51.17018581699995,40.02330384000001,39.99879359964,1.0006127744902844,0.9540486376749014,0.024510240360008595,1.5038760002425988,8.59926999964955
51.271444503000566,39.94465824000001,39.99890159964,0.998643878769899,0.9536548585308244,-0.054243359639990274,2.41802100026689,10.517245000301045
51.36960176800039,39.993390000000005,39.998988000359994,0.9998600464501768,0.9538980920668799,-0.005598000359988475,0.6728260004820186,7.768645000396646
51.46955995100052,39.94009632,39.99908880036,0.9985251543940304,0.9536311136556507,-0.058992480359997046,0.8963660002336837,7.008762000623392
51.57215243700011,40.04829936,39.99918360024,1.0012279190558206,0.9541716665880087,0.04911575975999938,2.3466120001103263,10.498837999875832
51.670143346999794,39.937482720000006,39.999261600000004,0.9984554994885206,0.9536171826745488,-0.06177887999999854,1.272982999580563,8.368209999389364
51.77287050199993,40.04468784,39.999351600000004,1.001133424372809,0.9541527676514063,0.045336239999997474,4.329681999479362,11.424685999372741
51.86975674600035,39.922157520000006,39.999438000000005,0.9980679608548501,0.9535396749478147,-0.07728047999999887,0.6960669998079538,8.793847000561072
51.96923823599991,40.08317904,39.99950519976,1.0020918718824676,0.9543444571533382,0.08367384023999591,0.7313819996852544,7.828052999684587
52.06929764400047,40.0638384,39.99958079976,1.0016064568416774,0.95424737414518,0.06425760024000482,0.73551200057409,7.836646000214387
52.16956731400023,40.00092192,39.99965279976001,1.0000317282814015,0.9539324284331249,0.0012691202399963686,0.6991039999775239,7.800719999977446
52.26966309199997,40.04513928000001,39.999709200240005,1.0011357602509703,0.9541532348270386,0.045430079760002684,0.686659999701078,8.783494999988761
52.36911245200008,39.897114480000006,39.99977400024,0.9974334974932764,0.9534127822754999,-0.10265952023999603,0.7739940001556533,7.879517000219494
52.473115368000435,40.05103176000001,39.99983280012,1.0012799793473102,0.9541820786463067,0.05119895988001133,4.032177000226511,12.137439000071026
52.57016813300015,39.83481576000001,39.9998808,0.9958733617026182,0.9531007551173682,-0.16506503999998756,1.1175549998370116,9.218187000442413
52.669578140999874,40.10349384000001,39.9999312,1.0025890704532014,0.9544438968674849,0.10356264000001403,0.7899570000517997,7.906776999334397
52.76931704300023,39.96328608,39.999978,0.999082701495486,0.9537426230759418,-0.03669191999999555,0.7395299999188865,7.855294000364665
52.86955643500005,39.943612800000004,40.00001519988,0.9985899405388183,0.9536440708846082,-0.05640239987999962,0.6683629999315599,7.76759000018501
52.96983858600015,40.023731520000005,40.000054799880004,1.0005919171920752,0.9540444662152596,0.023676720120000994,0.6990299998506089,8.800679999694694
53.06914700000016,40.02149808000001,40.000090799880006,1.0005351807881413,0.9540331189344728,0.021407280120001815,0.7924580004328163,7.900128999608569
53.16966374799995,39.99227328000001,40.000117200119995,0.9998039025715665,0.9538868632911579,-0.007843920119981362,0.7653459997527534,7.862053999815544
53.269450669000435,39.95249904000001,40.00014600012,0.9988088303447732,0.9536878488457993,-0.04764696011998382,0.8692179999343352,7.964056000673736
53.36959881799976,40.06695096000001,40.00017120012,1.0016694868515914,0.9542599801471628,0.0667797598800064,0.8351609994861064,7.93573999999353
53.47321393200036,39.914982,40.0001904,0.9978698001397514,0.9535000428047948,-0.08520839999999907,4.747467000015604,11.852471000565856
53.57299455700013,40.06927944000001,40.000208400000005,1.0017267670035441,0.9542714361775534,0.0690710400000043,4.590759999700822,10.692359999666223
53.67126356399967,39.89293272000001,40.0002264,0.9973176731819701,0.9533896174132386,-0.10729367999999084,2.3551119993499015,9.454949999962992
53.771455195999806,39.97480968,40.000238399880004,0.9993642857918547,0.9537989399352156,-0.02542871988000428,3.124309999293473,10.227093000139575
53.86909491500046,40.00227624000001,40.00024919988,1.0000506756872907,0.9539362179143027,0.002027040120005097,0.685252000039327,7.787737999933597
53.96950606900009,39.94244856000001,40.000258800000005,0.998554753350746,0.9536370334469938,-0.057810239999994906,0.713512000402261,7.817589999831398
54.06968296000014,40.03767864,40.000266,1.0009353097801899,0.9541131447328826,0.03741263999999944,0.7402720002573915,7.842406000236224
54.171789455999715,39.91308120000001,40.0002696,0.9978203046911465,0.9534901437150739,-0.08718839999999517,3.393277999748534,9.514173999377817
54.270996516000196,40.00954680000001,40.000273199999995,1.000231838416544,0.9539724504601534,0.009273600000014426,2.2748339997633593,9.379838000313612
54.37133103799988,39.93795792000001,40.000273199999995,0.9984421286402617,0.9536145085048969,-0.06231527999998576,2.8051009994669585,9.9295499994696
54.47036913300053,40.050247680000005,40.000273199999995,1.001249353466916,0.9541759534702278,0.049974480000010146,1.4670430000478518,8.621381000011752
54.57001169999967,39.980203200000005,40.000273199999995,0.9994982534269293,0.9538257334622304,-0.020069999999989818,0.8297359991047415,7.943962999888754
54.669031663999704,40.04618472,40.0002696,1.0011478702633543,0.9541556568295154,0.045915119999996534,0.6554359997608117,7.781274999615562
54.769213888000195,39.980868480000005,40.000266,0.9995150652248163,0.9538290958218079,-0.01939751999999828,0.7855499998186133,7.904166000116675
54.870103512999776,39.97074672000001,40.0002624,0.99926211284054,0.9537785053449526,-0.02951567999998872,0.7953469994390616,8.911478999834799
54.96985097000015,39.995670960000005,40.0002552,0.9998853947311818,0.953903161723081,-0.00458423999999269,0.9004590001495671,8.037259999582602
55.070018713000536,39.980131920000005,40.000248,0.9994971011179732,0.9538255030004392,-0.020116079999993985,0.9856830001808703,8.10852100039483
55.170264197000506,40.00358304000001,40.0002408,1.0000835554969962,0.9539427938762438,0.0033422400000091557,1.747936000356276,8.865107000019634
55.27570252500027,40.06314936000001,40.0002336,1.001572884814353,0.9542406597397152,0.06291576000000987,5.8357429998068255,14.090710999880685
55.37011263600016,40.040743680000006,40.0002264,1.0010129262668375,0.9541286680302121,0.0405172800000031,1.0753690003184602,9.19137100027001
55.47180312599994,39.95696592,40.00021800012,0.9989187038900671,0.953709823554858,-0.04325208011999848,1.1532600001373794,10.622117999446345
55.57186401400031,40.01508288,40.000208400000005,1.000371860062609,0.9540004547893663,0.014874479999996026,0.6450660002883524,10.253537000608048
55.66931948999991,40.01168520000001,40.00019760000001,1.0002871885812885,0.9539835204931023,0.011487600000002374,0.8081050000328105,7.908405999842216
55.76971193999998,40.02294744,40.0001904,1.0005689232919253,0.9540398674352296,0.022757040000001894,0.8255319999079802,7.935851000183902
55.87281434099987,40.11014664,40.000179599999996,1.0027491636562553,0.9544759155080956,0.1099670400000079,3.762653999729082,11.871766999320243
55.96979966100025,39.96328608,40.0001688,0.9990779358911107,0.9537416699550667,-0.03688271999999415,0.6382510000548791,7.76203399982478
56.069929162000335,40.030360560000005,40.0001616,1.0007549709499175,0.9540770769668281,0.03019896000000699,0.7911050006441656,7.914646999779507
56.171685856000295,39.91255848000001,40.0001508,0.9978102002555452,0.9534881228279537,-0.08759231999999173,1.790473000255588,9.723010000016075
56.27316456399967,40.08826368000001,40.00014,1.0022030842892051,0.9543666996346856,0.08812368000000959,4.516831999353599,22.03700699919864
56.373311862000264,40.02648768000001,40.0001292,1.0006589598715598,0.9540578747511566,0.026358480000006068,2.5967279998440063,12.181643000076292
56.46925622100025,40.004652240000006,40.00012080012,1.0001132856548771,0.95394873990782,0.004531439880004484,0.7362160004049656,7.856258000174421
56.57510251799977,40.01185152000001,40.0001112,1.0002935071840502,0.9539847842136546,0.011740320000008353,5.804112999612698,12.925246999657247
56.669202068999766,39.92479488000001,40.000104,0.9981172768950802,0.9535495381558606,-0.0753091199999929,0.7919760000731912,7.908517000032589
56.76964687200052,40.03147728000001,40.0000932,1.0007846001718819,0.9540830028112209,0.03138408000000936,0.5318790008459473,7.673348000025726
56.86933818000034,39.992130720000006,40.000086,0.9998011184275954,0.9538863064623637,-0.007955279999997344,0.7922160002635792,7.8938690003269585
56.96992928100008,40.02646392,40.0000752,1.0006597167597324,0.9540580261287911,0.02638871999999992,0.7594569997309009,7.874590999563225
57.069371956000396,39.95922312000001,40.000068,0.9989788797359047,0.9537218587240255,-0.04084487999998743,0.7832720002625138,7.9100359998847125
57.17133558000023,40.01774400000001,40.00006080000001,1.0004420793280395,0.9540144986424525,0.017683200000000454,2.3124079998524394,9.432357999685337
57.27638873500018,39.99372264,40.0000536,0.9998417262120869,0.9538944280192619,-0.0063309599999996635,7.350990000304591,14.48353199975827
57.36983129300006,40.00728960000001,40.0000464,1.0001810797899475,0.9539622987348341,0.00724320000000489,0.6407509999917238,7.770182000058412
57.47340888800045,39.97409688,40.0000392,0.9993514426355861,0.9537963713039618,-0.025942320000005736,4.104753000319761,11.22455400036415
57.572494371000175,39.96007848,40.00003319988,0.9990011328320567,0.953726309343256,-0.039954719880000766,3.3039789996109903,10.431132000121579
57.66994434699973,39.97832616,40.000028400000005,0.9994574443852144,0.9538175716538875,-0.021702240000003314,0.7944760000100359,7.910424999863608
57.77325225200002,39.967016400000006,40.0000212,0.9991748804373135,0.9537610588643073,-0.033004799999993395,4.113048999897728,11.23383100002684
57.869264963000205,40.025204640000005,40.00001760000001,1.0006296757229427,0.9540520179214331,0.025187039999998717,0.6957519999559736,7.818811999641184
57.97327048999978,39.92752728,40.0000104,0.9981879224711401,0.9535636672710726,-0.07248312000000112,4.6703349999006605,11.781690999669081
58.071255253000345,40.00700448000001,40.0000068,1.0001749419702601,0.9539610711708966,0.0069976800000119965,1.3575960001617204,9.817271000429173
58.16939994400036,39.946986720000005,40.0000032,0.998674588106033,0.9536610003980512,-0.05301647999999659,0.5601020002359292,7.684402999984741
58.27009789800013,40.06892304,39.999999599999995,1.001723086017231,0.9542706999802908,0.06892344000000605,0.8396430002903799,8.961960999840812
58.371352269000454,40.02883992,39.999996,1.0007210980721097,0.9540703023912666,0.028843919999999912,1.3200030007283203,9.711824000078195
58.469321476000005,40.039722,39.999992400000004,1.0009932401887154,0.9541247308145877,0.039729599999994036,0.8817739999358309,8.033668000280159
58.56987305799976,40.0276044,39.9999888,1.0006903901933093,0.9540641608155065,0.027615600000004292,0.8547729994461406,8.013130999643181
58.67349500399996,40.008929040000005,39.9999888,1.000223506062582,0.953970783989361,0.00894024000000826,4.788243999428232,11.904711999704887
58.769341342999724,40.053787920000005,39.999985200000005,1.0013450684976752,0.9541950964763797,0.05380272000000019,0.6331959993985947,7.7585339995494
58.873460835000515,39.92177736,39.99998400012,0.9980448332149391,0.9535350494198325,-0.07820664012000123,4.973803000211774,12.084382000466576
58.969474380000065,40.06794888,39.9999816,1.0016991827816242,0.9542659193331694,0.06796728000000485,0.7828279995010234,7.883295000283397
59.06912542800001,39.97635408000001,39.9999816,0.9994093117282836,0.9538079451225013,-0.02362751999999091,0.7256039998537744,7.8570160003437195
59.16906288900009,40.05930024000001,39.999978,1.0014830568156816,0.954222694139981,0.0593222400000144,0.6539360001625028,7.777218999763136
59.26956700699975,39.97692432,39.999978,0.9994236576830118,0.9538108143134469,-0.023053679999996746,0.6991589998506242,7.81708999966213
59.370744933000424,39.993675120000006,39.999978,0.9998424279133356,0.9538945683595117,-0.006302879999992683,1.6562490000069374,8.7850879999678
59.47382881500016,39.99505320000001,39.999978,0.9998768799322842,0.9539014587633015,-0.0049247999999906256,3.7719689998994,12.766652000209433
59.569606449000275,39.98303064000001,39.9999744,0.9995764057288999,0.9538413639226246,-0.01694375999998954,0.8029760001591058,7.920185000330093
59.66961207700024,39.988970640000005,39.9999744,0.9997249058239399,0.9538710639416326,-0.011003759999994145,0.7729569997536601,7.8884240001571015
59.77366462400005,39.955397760000004,39.9999744,0.9988855832867735,0.9537031994341993,-0.04457663999999539,2.7045999995607417,12.504129999797442
59.87021928900049,40.03967448000001,39.9999744,1.000992502635202,0.9541245833038849,0.03970008000001002,1.3608190001832554,8.844422000038321
59.96935231000043,39.920090400000014,39.9999744,0.9980028987218555,0.9535266625212158,-0.07988399999998563,0.8677730002091266,7.995796000614064
60.069464811000216,40.00386816,39.9999744,1.0000973440623002,0.9539455515893046,0.003893760000003965,0.8021240000744001,7.926092000161589
60.170284583000466,39.95665704,39.9999744,0.9989170653069219,0.953709495838229,-0.043317359999996086,1.2304649999350659,8.35558100061462
60.27007880000019,40.0150116,39.999978,1.0003758402067122,0.954001250818187,0.015033600000002423,0.8174020003934857,8.940126999732456
60.37305503300013,39.99526704,39.999978,0.9998822259352244,0.9539025279638895,-0.004710959999997044,4.3881089995920775,11.500816999614472
60.472775471000205,39.95076456,39.999978,0.998769663323315,0.9536800154415076,-0.0492134399999955,3.4625369999048417,11.58950300032302
60.569805477000045,40.0767876,39.999978,1.0019202410561328,0.9543101309880712,0.07680960000000425,0.7485489995815442,8.859995999955572
60.67082471499998,39.89680560000001,39.999978,0.9974206885813789,0.9534102204931204,-0.10317239999999117,1.7135830003098818,9.873013000287756
60.76958749000005,39.93144768,39.999978,0.9982867410577075,0.9535834309883862,-0.0685303200000007,0.7605310001963517,7.874072999584314
60.87035509399993,39.93579576,39.9999816,0.9983953532618625,0.9536051534292171,-0.06418584000000038,1.7440100000385428,8.848254999975325
60.9694562450004,40.02244848,39.9999816,1.0005616722583692,0.9540384172285185,0.022466880000003187,0.7572160002382589,7.877609999923152
61.06927738900049,39.990823920000004,39.9999816,0.9997710578946868,0.9538802943557819,-0.009157679999994173,0.9167739999611513,8.03537200044957
61.1698519900001,40.03955568,39.9999816,1.0009893524551021,0.954123953267865,0.03957408000000129,0.8097729996734415,8.914996999919822
61.27599371799988,40.05433440000001,39.999985200000005,1.0013587305027305,0.9541978288773907,0.054349200000004316,7.393897999463661,14.526439999826835
61.37532939100038,39.967016400000006,39.999985200000005,0.9991757796950385,0.9537612387158523,-0.03296879999999902,6.177045000185899,14.271009999902162
61.469170901000325,40.04292960000001,39.999985200000005,1.001073610397236,0.9541408048562918,0.04294440000000321,0.7354010003837175,7.849071999771695
61.57669448500019,40.033306800000005,39.999985200000005,1.0008330403082248,0.9540926908384896,0.03332160000000073,4.42321999980777,15.547863999927358
61.669233159000214,40.01085360000001,39.9999888,1.000271620076054,0.9539804067920554,0.01086480000001444,0.7595309998578159,7.88966599975538
61.76932173299974,40.03829640000001,39.9999888,1.0009576902681536,0.9541176208304754,0.03830760000001021,0.9772569992492208,8.072945999629155
61.86971884900049,40.07818944,39.9999888,1.0019550165474047,0.9543170860863255,0.0782006400000057,0.74088200017286,7.853183000406716
61.97704835700006,39.96829944000001,39.9999888,0.9992077657781747,0.9537676359324796,-0.03168935999998723,8.24967199969251,15.389936000246962
62.07035343200005,40.01173272,39.999992400000004,1.0002935080557664,0.9539847843879978,0.011740319999994142,1.410394000231463,9.5025259997783
62.17004740700031,40.000304160000006,39.999992400000004,1.0000077940014809,0.9539276415771407,0.00031176000000243675,0.7885320001150831,8.919904999856954
62.27043889400011,40.085103600000004,39.999992400000004,1.0021277804042783,0.9543516388577002,0.08511120000000005,1.6191380000236677,8.734975999686867
62.36965375,40.00308408000001,39.999992400000004,1.0000772920146856,0.9539415411797817,0.00309168000000426,0.8894399998098379,7.977592999850458
62.47647178599982,39.95727480000001,39.999992400000004,0.9989320597970914,0.9537124947362629,-0.042717599999996025,5.855650999365025,15.058096999382542
62.57436660199983,40.07804688000001,39.999996,1.0019512721951274,0.9543163372158701,0.07805088000000637,3.5164649998478126,12.638002000130655
62.67433326700029,39.92926176000001,39.999996,0.9982316438231645,0.9535724115414775,-0.07073423999999306,3.9356750003207708,12.500759000431572
62.769629893000456,40.02993288000001,39.999996,1.0007484220748424,0.9540757671918131,0.02993688000000816,0.7714200000918936,7.904666000285943
62.86964681800055,40.03161984,39.999996,1.0007905960790595,0.9540842019926565,0.03162383999999463,0.7086230007189442,7.839924000109022
62.97037512499992,39.98305440000001,39.999996,0.9995764599576461,0.9538413747683738,-0.01694159999999556,1.5085619997989852,8.622380999440793
63.069312792000346,40.044212640000005,39.999996,1.0011054161105417,0.9541471659989529,0.04421664000000192,0.7422530006806483,7.882462000452506
63.173976865999975,40.00576896,39.999999599999995,1.0001442340014424,0.953954929577133,0.005769360000002166,5.476755000017874,12.626724000256218
63.27336430000014,40.09522536000001,39.999999599999995,1.0023806440238068,0.954402211581606,0.09522576000001237,4.911691000415885,12.025529000311508
63.36986201899981,40.01182776000001,39.999999599999995,1.0002957040029574,0.9539852235774361,0.01182816000001452,0.6213990000105696,8.766216999902099
63.470150967000336,40.03435224000001,39.999999599999995,1.0008588160085885,0.9540978459785623,0.03435264000001581,0.8241240002462291,8.946349000325426
63.56921876599972,39.9184272,39.999999599999995,0.9979606899796071,0.953518220772766,-0.08157239999999177,0.7894759992268519,7.922388999759278
63.66992914599996,40.029053760000004,39.999999599999995,1.0007263540072637,0.9540713535782973,0.029054160000008267,0.7551600001534098,7.873738999478519
63.773246902999745,39.97642536000001,39.999999599999995,0.9994106439941067,0.953808211575666,-0.023574239999987867,4.221160999804852,11.332832999869424
63.86984577200019,40.01322960000001,39.999999599999995,1.0003307500033078,0.9539922327775061,0.013230000000014286,0.773196999944048,7.899109999925713
63.96912529600013,40.028388480000004,39.999999599999995,1.0007097220070975,0.9540680271782641,0.0283888800000085,0.654176999887568,7.79655200039997
64.07008179200056,40.00448592000001,39.999999599999995,1.0001121580011219,0.953948514377069,0.004486320000012256,0.8688660000188975,7.983037000485638
64.17041727800006,39.991394160000006,40.0000032,0.9997847740172182,0.9538830375802883,-0.008609039999996071,1.7121199998655356,8.842328999890015
64.26920990500003,39.94912512,40.0000032,0.9987280481017561,0.9536716923971958,-0.050878080000003933,0.7341410000663018,7.870090999858803
64.36924899699989,40.04813304,40.0000032,1.0012032459037403,0.9541667319575926,0.04812984000000142,0.604064999606635,7.722421999460494
64.46916132800015,39.97958544000001,40.0000032,0.9994895560408357,0.9538239939850117,-0.020417759999993734,0.7999389999895357,7.942813999761711
64.57605106899973,40.07685888,40.0000032,1.0019213918462886,0.9543103611461023,0.07685568000000131,4.607278999174014,14.96420700004819
64.66922686399994,39.96079128000001,40.0000032,0.999019702078424,0.9537300231925294,-0.03921191999999252,0.8261619996119407,7.917776999420312
64.77048106799975,40.041646560000004,40.0000032,1.0010410839167134,0.9541342995601872,0.041643360000001906,1.980661999368749,9.088666000025114
64.87317075900046,39.95131104000001,40.0000032,0.9987826960973845,0.9536826219963215,-0.048692159999994544,4.537073999927088,11.645634000160499
64.96940330800044,39.97963296,40.0000032,0.9994907440407406,0.9538242315849927,-0.02037023999999832,0.9054590000232565,8.02342699989822
65.08075306499995,40.075362000000005,40.0000032,1.0018839698492825,0.9543028767467011,0.07535880000000361,9.510468999906152,19.43127899994579
65.1717908440005,39.934536480000006,40.0000032,0.9983633321309335,0.9535987492030313,-0.06546671999999631,2.9908630003774306,10.112016000675794
65.26944404599999,40.017031200000005,40.0000032,1.000425699965944,0.9540112227700334,0.017028000000003374,1.1167220000061207,8.211004999793658
65.36940539599982,39.97404936000001,40.0000032,0.9993511540519079,0.9537963135872262,-0.025953839999992567,0.8944219998738845,8.020982999369153
65.46995669999978,40.00712328,40.0000032,1.0001780019857598,0.9539616831739965,0.007120079999999973,0.8291429994642385,8.936219999668538
65.5690964989999,39.96511560000001,40.0000032,0.9991278100697755,0.9537516447907997,-0.03488759999999047,0.7436409996444127,7.86357200013299
65.66926522300037,40.04402256000001,40.0000032,1.0011004839119615,0.9541461795592369,0.04401936000000717,0.9075520001715631,8.034612000301422
65.76937392699983,40.02420672000001,40.0000032,1.000605087951593,0.9540471003671632,0.024203520000007472,0.6231580000530812,7.748088999505853
65.8696482080004,40.00460472,40.0000032,1.000115037990797,0.953949090375004,0.004601520000001358,0.8459210002911277,7.969166000293626
65.96946155600017,40.03468488000001,40.0000032,1.0008670419306367,0.9540994911629719,0.0346816800000056,0.7267709997904603,7.829404999938561
66.07212385799994,39.95660952000001,40.0000032,0.9989151580867875,0.9537091143942021,-0.043393679999994106,3.580300000066927,10.680859999411041
66.17390968200016,40.08377304000001,40.0000032,1.0020942458324607,0.9543449319433367,0.08376984000000931,4.614464000042062,12.728448000416392
66.27046132800024,39.94510968,40.0000032,0.998627662109787,0.953651615198802,-0.05489352000000025,1.308187999711663,9.410116000253765
66.3690935450004,40.08113568,40.0000032,1.002028311837735,0.9543317451443916,0.08113248000000084,0.7226230000014766,7.826979000128631
66.47157117700044,40.00094568000001,40.0000032,1.0000235619981153,0.9539307951764676,0.000942480000006185,3.25766400055727,10.357002000091597
66.5704333980002,39.98619072,40.0000032,0.999654688027625,0.9538570203823696,-0.013812479999998573,1.655304999985674,8.762012999795843
66.66942980699969,39.98702232,40.0000032,0.9996754780259618,0.953861178382037,-0.012980880000000639,0.5467869996209629,7.654476999960025
66.7704711739998,39.92013792,40.0000032,0.9980033681597306,0.9535267564087907,-0.07986527999999993,1.8858819994420628,9.00029500007804
66.87043200600056,40.01886072,40.0000032,1.000471437962285,0.9540203703693015,0.018857519999997407,1.3217260002420517,9.44874700053333
66.96999786800006,39.93978744,40.0000032,0.9984946061204315,0.9536250040009309,-0.0602157599999984,0.7464939999408671,8.84514399967884
67.0699004019998,40.026535200000005,40.0000032,1.000663299946936,0.9540587427662318,0.02653200000000311,0.881513999956951,9.001312999316724
67.16965180399984,39.98414736,39.999999599999995,0.9996036939960371,0.953846821576052,-0.015852239999993856,0.7191969998530112,8.81695799944282
67.26951024499976,40.07450664,39.999999599999995,1.0018626760186269,0.9542986179805699,0.07450704000000741,0.8160499992300174,7.9202769993571565
67.37327604599977,39.96518688000001,39.999999599999995,0.9991296819912973,0.9537520191751041,-0.0348127199999837,4.20738299999357,12.310403999435948
67.46962289299972,40.055641200000004,39.999999599999995,1.0013910400139105,0.9542042907796267,0.055641600000008395,0.5935279996265308,8.705956999619957
67.56942101799996,40.02900624,39.999999599999995,1.0007251660072518,0.954071115978295,0.029006640000005746,0.8453660002487595,7.945000000290747
67.66969094700016,40.06664208,39.999999599999995,1.0016660620166609,0.9542592951801767,0.06664248000000583,0.7814939999661874,7.881110000198532
67.77323630000046,40.02724800000001,39.999999599999995,1.0006812100068123,0.9540623247782071,0.02724840000001194,4.8397270002169535,11.968750000050932
67.87071925800046,39.98987352,39.999999599999995,0.9997468479974687,0.9538754523763383,-0.010126079999992044,2.1159610005270224,8.255319999989297
67.97307803600052,40.04309592000001,39.999999599999995,1.0010774080107745,0.9541415643789994,0.04309632000001784,4.168753000158176,11.295906000668765
68.0710289640001,39.95848656000001,39.999999599999995,0.9989621739896222,0.953718517574769,-0.0415130399999839,1.733027999762271,7.859794000069087
68.17084336700009,40.02311376,39.999999599999995,1.0005778540057786,0.9540416535780003,0.023114160000005768,2.437242999803857,9.561859000314143
68.26964673600014,39.926743200000004,39.999999599999995,0.9981685899816861,0.9535598007731818,-0.07325639999999112,0.8062910001171986,7.929258999865851
68.37647347500024,40.00783608000001,39.999999599999995,1.0001959120019595,0.9539652651772365,0.00783648000001591,7.14046800021606,15.272174000529048
68.4739845260001,39.970105200000006,39.999999599999995,0.9992526399925267,0.9537766107753499,-0.02989439999998922,3.895933999956469,13.024638000388222
68.56914429800054,39.91429296000001,39.999999599999995,0.9978573339785738,0.9534975495725594,-0.08570663999998374,0.8232360005422379,7.925962000626896
68.67110890300046,40.04960616,39.999999599999995,1.0012401640124018,0.954174115579325,0.04960656000000796,1.8522899999879883,9.954051000022446
68.76948556000025,39.96478296000001,39.999999599999995,0.9991195839911962,0.9537499995750838,-0.035216639999987365,0.7423080005537486,7.841720000214991
68.86985443600042,40.04770536000001,39.999999599999995,1.0011926440119268,0.9541646115792299,0.0477057600000137,1.168038000287197,8.276894000118773
68.97144694200051,39.9142692,39.999999599999995,0.9978567399785675,0.9534974307725581,-0.08573039999999565,2.237555000647262,10.358706000261009
69.07066083500013,40.06897056000001,39.999999599999995,1.0017242740172432,0.9542709375802932,0.06897096000001568,1.4016340001035132,9.511635999842838
69.17063151900038,39.97383552,39.999999599999995,0.9993458979934592,0.9537952623755365,-0.026164079999993817,1.8258630007039756,8.94983099988167
69.2729836489998,40.022400960000006,39.999999599999995,1.0005600340056007,0.9540380895779648,0.022401360000010584,3.774765999878582,11.88323099995614
69.36917625200022,40.04739648,39.999999599999995,1.0011849220118494,0.9541630671792145,0.04739688000000797,0.706677999914973,7.8047570004855515
69.47330153999974,39.99911616,39.999999599999995,0.9999779139997792,0.9539216655768005,-0.0008834399999955167,4.872319999776664,11.972120999416802
69.57047452999996,40.005911520000005,39.999999599999995,1.0001477980014781,0.9539556423771403,0.005911920000009729,1.8647899996722117,8.960887000284856
69.6692173600004,39.96963000000001,39.999999599999995,0.9992407599924079,0.9537742347753262,-0.030369599999986008,0.8433100001639104,7.958537000376964
69.77310927400049,39.998545920000005,39.999999599999995,0.9999636579996368,0.953918814376772,-0.0014536799999902428,4.275532000065141,11.407611000322504
69.87042180299977,39.99695400000001,39.999999599999995,0.9999238599992389,0.9539108547766924,-0.003045599999985882,2.0016989992655,18.838694999431027
69.97040324600039,39.95820144,39.999999599999995,0.9989550459895506,0.9537170919747547,-0.041798159999991924,1.125591999880271,8.92960800047149
70.06911440899967,39.964307760000004,39.999999599999995,0.9991077039910773,0.95374762357506,-0.03569183999999126,0.6758999998055515,7.793181999659282
70.17233031199976,40.05419184,39.999999599999995,1.0013548060135482,0.9541970439795542,0.05419224000000611,3.7804129997311975,10.958547999507573
70.2688596070002,40.01330088000001,39.999999599999995,1.0003325320033256,0.9539925891775097,0.013301280000014515,0.5241569997451734,7.643236000149045
70.37183320900021,40.00878648,39.999999599999995,1.0002196720021967,0.9539700171772839,0.008786880000002384,3.2525710003028507,10.363780000261613
70.47030235000057,40.03107336000001,39.999999599999995,1.0007768440077687,0.9540814515783983,0.031073760000012385,1.8385300008958438,8.928849000767514
70.57119828899977,39.97671048,39.999999599999995,0.9994177719941779,0.9538096371756801,-0.023289119999994057,2.5253369994970853,9.687398000096437
70.66933696100023,40.08175344000001,39.999999599999995,1.0020438460204388,0.9543348519809324,0.08175384000001173,0.7524190004914999,7.897053999840864
70.77423300300052,39.98269800000001,39.999999599999995,0.9995674599956751,0.9538395747759796,-0.01730159999998193,5.159287999958906,13.249494000774575
70.86950996199994,40.04699256,39.999999599999995,1.0011748240117484,0.9541610475791943,0.0469929600000043,0.7545119997303118,7.857405999857292
70.97231056200053,39.994934400000005,39.999999599999995,0.999873369998734,0.9539007567765914,-0.00506519999999,3.6128179999650456,10.711934000028123
71.07118887599972,40.03325928,39.999999599999995,1.000831492008315,0.9540923811785076,0.03325968000000756,2.0490519991653855,10.143516999960411
71.17215290900003,39.97145952,39.999999599999995,0.9992864979928652,0.9537833823754176,-0.028540079999991974,3.207941000255232,11.32214799963549
71.26983440700042,39.99453048,39.999999599999995,0.9998632719986329,0.9538987371765711,-0.005469119999993666,0.5856580000909162,8.697012000084214
71.36889640899972,40.02256728000001,39.999999599999995,1.0005641920056423,0.9540389211779731,0.022567680000015855,0.5162119996384718,7.6021789991500555
71.46935093400043,40.01453640000001,149.65691552964,0.2673751243528403,0.8074011076474127,-109.64237912963999,0.8494399999108282,7.966908000526018
71.56955673199991,40.03817760000001,148.45440614004,0.2697001634443319,0.6998609188067966,-108.41622854003998,1.18264899992937,8.267301000159932
71.67387265300022,39.94107048000001,146.1742992,0.2732427704363505,0.6145372891327073,-106.23322872,5.07713800016063,12.193550000120013
71.76981725299993,40.05576,144.06729953688,0.2780350581205006,0.547236842930266,-104.01153953688001,1.214204999996582,8.301136000227416
71.86987006700019,40.06307808000001,141.85740270276,0.2824179585745407,0.4942730660591209,-101.79432462275999,0.8467730003758334,7.955666999805544
71.96910062700044,40.045329360000004,140.19128192304,0.2856477864435497,0.4525480101360067,-100.14595256304,0.7250110002132715,7.829109000340395
72.07077424599993,40.04687376000001,138.508752573,0.28912883132705713,0.4198641743742168,-98.461878813,1.5278579994628672,9.63071200021659
72.16980824799975,39.98638080000001,137.36769656796,0.2910901310790891,0.3941093657151913,-97.38131576795999,1.1202959994989214,7.278266999492189
72.26939033200051,40.0089528,135.65585341943998,0.2949297932341678,0.3742734512189866,-95.64690061943998,0.5375450000428827,8.623955000075512
72.36979217099997,39.989849760000006,134.5212756,0.29727527918267826,0.3747425484086887,-94.53142584,1.1367039996912354,8.521767999809526
72.4698289300004,40.0675212,133.38977811192,0.30037924769903696,0.37536334211196043,-93.32225691192001,0.5934730006629252,8.68579000052705
72.57038773400018,40.034851200000006,131.6929289166,0.30400152483018833,0.3760877975381907,-91.6580777166,1.8578819999675034,8.93822000034561
72.668835726,40.06127232000001,130.56065467055998,0.3068403143434405,0.37665555544084117,-90.49938235055998,0.46130400005495176,7.577049000246916
72.769869019,39.98875680000001,129.4265952,0.3089686222387778,0.3770812170199086,-89.4378384,0.5630269997709547,8.676307999849087
72.87022117200013,40.12870320000001,127.72198440000001,0.3141879089063073,0.3781250743534145,-87.5932812,1.474116999816033,8.56219500019506
72.96963027200036,39.92358312,126.58404058848001,0.31539191618783985,0.37836587580972103,-86.66045746848,0.5566010004258715,8.671030000186875
73.06980742199994,39.92957064,125.44445699784,0.3183047828146567,0.3789484491350844,-85.51488635784,0.6565100002262625,7.781848999911745
73.17066123099994,40.01829048000001,123.73291738512,0.32342477107722806,0.37997244678759867,-83.71462690511999,0.73497499943187,9.624211999835097
73.2697840310002,39.967990560000004,122.591538,0.3260256883309516,0.38049263023834334,-82.62354744,0.6378999996741186,18.587006999950972
73.37094467800034,40.00567392,120.88081799999999,0.330951383204571,0.38147776921306725,-80.87514407999998,2.2847039999760455,9.381468000356108
73.46900675600045,39.95359200000001,119.7414689886,0.3336654572344005,0.38202058401903316,-79.7878769886,0.5752500001108274,7.705644000452594
73.56975298999987,40.07738160000001,118.60297621884,0.3379121070794322,0.3828699139880395,-78.52559461883999,0.52913899980922,8.62736299950484
73.66958135599998,40.00403448,116.89667342964,0.34221704781084633,0.3837309021343223,-76.89263894964,0.6025470001986832,7.703811000283167
73.76951114999974,40.03908048000001,115.7599908,0.3458801283871561,0.38446351824958425,-75.72091031999999,0.5756949994975002,7.740256000033696
73.86991765499988,39.98369592000001,114.62396095692,0.348824936655499,0.38505247990325286,-74.64026503692,0.614769000094384,8.731900999919162
73.97181283300051,39.9184272,112.92112494684,0.35350716899776236,0.3859889263717055,-73.00269774684,2.880362000723835,10.993753000548168
74.06937427400044,39.98965968000001,111.78672425928,0.3577317427000305,0.3868338411121591,-71.79706457928,0.6061950007278938,7.712921999882383
74.16923215899988,39.976734240000006,110.6530092,0.3612801362477543,0.38754351982170393,-70.67627496,0.608010000178183,5.711834000067029
74.27122539399988,39.98595312,108.95409000000001,0.3669981835468498,0.38868712928152305,-68.96813688,1.007627000035427,10.157405999962066
74.36932645500019,39.94228224000001,107.82759520152001,0.37042727481171683,0.3893729475344964,-67.88531296152,0.5831770004078862,7.68662599966774
74.46991877799974,40.03898544,106.16814247644001,0.3771280584369754,0.39071310425954814,-66.12915703644,0.6374179993144935,8.721993999643018
74.57103988800009,39.98295936000001,105.09255256644,0.3804547361690791,0.39137843980596887,-65.10959320644,1.0075170002892264,8.07920599982026
74.67084471700036,40.09054464,104.04380160000001,0.38532371965924006,0.3923522365040011,-63.95325696000001,2.2572409998247167,9.381450000546465
74.76910102000056,39.96972504000001,102.5212176,0.38986783395362257,0.3932610593628776,-62.55149255999999,0.7153450005716877,7.806960000380059
74.86949252500017,40.02121296,101.53988167572,0.39414279689445203,0.3941160519510435,-61.51866871572,0.7354190001933603,7.880961000410025
74.96943963500053,39.988376640000006,100.5844645674,0.39756016808345634,0.39479952618884434,-60.5960879274,0.638826000795234,7.725960000243504
75.07012747800036,39.97994184000001,99.20090335536,0.40301993719535845,0.39589148001122476,-59.22096151535999,1.6122120005093166,8.710271999916586
75.16934342700006,40.07500560000001,98.30977200000001,0.4076401031628881,0.3968155132047307,-58.2347664,0.6686959995931829,7.794664000357443
75.26970702400013,39.97442952000001,97.4428009488,0.41023481602303313,0.3973344557767597,-57.46837142879999,0.6558619998031645,8.750289999625238
75.37155951600016,40.07723904000001,96.18123585348,0.41668459221144377,0.3986244110144418,-56.103996813479995,1.1270000004515168,10.78912000048149
75.4695416300001,39.953900880000006,95.3645667192,0.4189596016059493,0.3990794128933429,-55.41066583919999,0.710473999788519,7.836626999960572
75.56969511300031,40.03946064,94.174192188,0.4251638342707437,0.4003202594263018,-54.134731548000005,1.0534800003370037,8.165707000443945
75.67053812599988,40.01446512000001,93.4022304,0.42841016695892536,0.40096952596393814,-53.38776527999998,1.204889999826264,9.38437500008149
75.76941427299971,39.999567600000006,92.64714746436,0.43174095149974534,0.4016356828721021,-52.64757986436,0.5840649992023828,7.697162999647844
75.86966307200055,39.99312864,91.54380003408001,0.43687424626366095,0.40266234182488525,-51.550671394080005,0.6472510003732168,8.745883000301546
75.96914339599971,40.00469976,90.82626727716,0.4404529764272273,0.40337808785759854,-50.82156751716,0.6211029995029094,7.74488599927281
76.0690395040001,40.05352656,90.229986,0.4439048295984442,0.4040684584918419,-50.176459439999995,0.6158619999041548,7.697607000409334
76.17066914000043,39.93318216000001,89.463996,0.44636036780650856,0.4045595661334548,-49.530813839999986,2.0336810002845596,9.160630000224046
76.26896138899974,40.04418888000001,88.93996612884001,0.4502384093782011,0.40533517444779327,-48.895777248840005,0.5979909992674948,6.716719999531051
76.36927489299978,39.93498792000001,88.40035494252,0.45175144314710824,0.4056377812015747,-48.465367022519985,0.6486399997811532,7.731218000117224
76.46995794000031,40.001064480000004,87.56936560116,0.45679290018140917,0.4066460726084349,-47.56830112116,0.7308270005523809,8.859848000611237
76.56909490599992,39.961931760000006,87.0063516,0.4592990169696991,0.4071472959660929,-47.044419839999996,0.5745459993704571,7.685716999731085
76.66926498199973,39.99070512,86.153598,0.46417916428748573,0.4081233254296502,-46.16289288,0.6955109993214137,7.781459999932849
76.77034351699967,40.05704304,85.58162373024,0.4680565908198114,0.40889881073611534,-45.52458069023999,0.6572329994014581,7.160875999943528
76.86952713200026,39.97483344,85.00807466063999,0.4702474864838804,0.40933698986892914,-45.033241220639994,0.8032349996938137,7.912981000117725
76.97062844500033,40.01082984,84.14709986268001,0.475486735791178,0.41038483973038864,-44.13627002268001,2.033495999967272,9.118241000578564
77.06941444299991,39.93080616000001,83.57374440000001,0.47779127818999584,0.41084574821015224,-43.64293824,0.6174729996928363,7.727662999968743
77.16990461600017,40.05758952000001,83.001146121,0.48261489620400666,0.4118104718129544,-42.943556601,0.744105000194395,8.837532999677933
77.27139639800043,39.96525816,82.1443748994,0.4865245880675867,0.4125924101856704,-42.17911673940001,2.6233389999106294,9.918735000610468
77.37048254900037,40.07913984,81.5753019186,0.49131463687370736,0.4135504199468945,-41.4961620786,1.9572540004446637,9.077185000023746
77.47250026599977,40.02834096,80.72594195508,0.4958547400075405,0.41445844057366116,-40.69760099508,3.633169999375241,10.738915999354504
77.56967521899969,40.00044672,80.16292080000001,0.4989893871232296,0.4313646298835749,-40.16247408000001,1.0217949993602815,8.206651999898895
77.67001368599995,39.97854000000001,79.60272798672001,0.5022257529499436,0.4320119030489177,-39.62418798672,1.5468029996554833,8.658400000058464
77.77005490800002,39.965709600000004,78.76773554364,0.5073868040532616,0.4330441132695813,-38.80202594364,1.1483890002637054,9.349615000246558
77.86919578099969,40.05749448000001,78.21462648168,0.5121483830058636,0.4339964290601017,-38.15713200167999,0.6133799997769529,7.723865999651025
77.97117740500016,40.01052096000001,77.39014492224,0.5169976228911543,0.43496627703715984,-37.37962396223999,1.8071029999191524,9.988439999688126
78.06938780099972,40.00750344000001,76.84376400000001,0.5206343541422568,0.4520998924581792,-36.83626056,0.6223809996299678,4.744891999507672
78.16986423300023,39.96019728000001,76.0287708,0.5255930992902493,0.45309164148777775,-36.068573519999994,0.7678270003452781,8.907311000257323
78.26956180100024,40.06901808,75.2192532,0.5326963028130676,0.4545122821923414,-35.15023512,0.7988460001797648,7.899498999904608
78.36961935700037,39.948008400000006,74.68255015488,0.5349041819963839,0.4549538580290047,-34.73454175488,0.5333050003173412,8.636641000521195
78.47354273400015,40.04834688000001,73.88164732212,0.5420608274392066,0.4563851871175692,-33.83330044211999,3.3334800000375253,12.100326999643585
78.56952477899995,40.06257912000001,73.08552889116,0.5481602134898931,0.47474019239203397,-33.022949771159986,0.728289999642584,7.815924000169616
78.66963516800024,39.954637440000006,72.5572975266,0.5506632523813662,0.4752408001703286,-32.60266008659999,0.5896580005355645,8.697105000464944
78.76979805800056,40.028958720000006,71.76857475492001,0.5577505037085311,0.4766582504357616,-31.739616034920004,0.8531060002496815,8.989498000119056
78.86989552199975,39.92619672,70.98396198156,0.5624678533775265,0.49382017102411463,-31.05776526156,0.8516069992765551,8.936515999266703
78.96997166999972,40.08617280000001,70.20323360676001,0.5710018006370012,0.4955269604760096,-30.11706080676,0.7266229995366302,8.823235999443568
79.06994064999981,40.02943392000001,69.42616643052,0.5765756051079168,0.4966417213701927,-29.39673251051999,0.9290150001106667,8.047927999541571
79.16959264300021,40.104016560000005,68.9100444,0.5819763564105322,0.4977218716307158,-28.80602784,0.9483300000283634,8.054593999986537
79.26927434000027,39.968560800000006,68.138622,0.5865771808534668,0.515492933475266,-28.170061199999992,0.6201950000104262,7.733755000117526
79.3698285520004,40.01615208,67.3703316,0.5939729125513166,0.516972079814836,-27.354179520000002,0.7162900001276284,8.831588000248303
79.46951498999988,39.99975768,66.6049968,0.6005519045381893,0.5182878782122105,-26.605239119999993,0.976237999566365,8.09105799999088
79.56919000200014,39.95986464000001,65.58885333036001,0.6092478006701673,0.5364798627038019,-25.628988690359996,0.7708089997322531,7.8928880002422375
79.6690361840001,40.059918,64.82977294716,0.6179247000086079,0.53821524257149,-24.769854947159992,0.7074380000631209,7.816960999662115
79.77001906900023,39.94746192,64.07313216300001,0.6234666633492324,0.5393236352396149,-24.12567024300001,0.8389579998038244,8.943794000515481
79.8698713800004,40.00781232,63.318792978,0.6318473621867783,0.5578283806290476,-23.310980658,0.8390319999307394,6.968169000174385
79.97085976500057,39.935510640000004,62.5666041918,0.6382879677723338,0.5591165017461588,-22.6310935518,1.5723220003565075,9.825864000049478
80.06969507800022,40.07355624000001,61.816400204400004,0.6482673870929746,0.5611123856102869,-21.742843964399995,0.9048849997270736,8.00920399979077
80.17008704700038,39.98497896,60.81883578072,0.6574440047514938,0.5803787094385283,-20.83385682072,0.9392560004926054,8.048724000218499
80.27399855400017,39.97794600000001,60.07231577268,0.6654970011690707,0.5819893087220437,-20.09436977267999,4.775985999913246,12.874729000031948
80.36951801600026,40.0131108,59.32685536668,0.6744519080388127,0.6004818285853976,-19.31374456668,0.6307319999905303,7.76475600014237
80.47088570400047,39.985430400000006,58.3340112,0.6854565557459901,0.602682758126833,-18.348580799999993,1.7288799999732873,7.862258000386646
80.56965179400049,40.04226432,57.342037042080015,0.6983055779935982,0.6218073221001861,-17.299772722080014,0.825291000182915,7.979704000717902
80.67142948800029,39.90854304,56.598664646159996,0.7051145692128558,0.6231691203440376,-16.690121606159998,2.2715000004609465,10.4003169999487
80.76922459900015,40.05556992,55.608700944960006,0.720311196617341,0.6425975355986983,-15.553131024960003,0.8220870004151948,6.942150000213587
80.87008333500034,39.939621120000005,54.621129599999996,0.7312119213294338,0.6447776805411168,-14.68150847999999,0.9156269998129574,8.05198299985932
80.97078423400035,39.983292000000006,53.8841592,0.7420231213332175,0.664226768699537,-13.900867199999993,1.6244160005953745,9.737233000123524
81.06960667600015,39.96278712,52.911826772759994,0.7552713553366409,0.6668764155002217,-12.949039652759993,0.9888490003504558,8.095817000139505
81.17386418899969,40.11104952000001,51.95559953016001,0.7720255349322975,0.6879062393866369,-11.844550010159999,5.216121999183088,12.314570999478747
81.26939835600024,40.00358304000001,51.0203592,0.7840709800412383,0.7071391875175571,-11.016776159999992,0.8811630004856852,8.016167999812751
81.3728215580004,39.92310792,50.11288355160001,0.7966635541714967,0.7096577023436088,-10.189775631600007,1.813548000427545,11.85817399982625
81.47017236600004,40.02746184000001,49.250702957399994,0.8127287416511041,0.730271910205108,-9.223241117399986,0.9496450002188794,9.075777999896673
81.56993315700038,39.949196400000005,48.26415827052,0.8277197372030247,0.7497614756046913,-8.314961870519994,1.0732580003605108,8.321913000145287
81.66983172799974,40.05001008000001,47.56612169268001,0.8419860323858049,0.7526147346412473,-7.51611161268,1.3178729996070615,8.515489999808779
81.7689739540001,39.99906864000001,46.9368576,0.8521888913159795,0.7725295659761938,-6.937788959999992,0.5967320003037457,7.694588000049407
81.87397564500043,40.03879536,46.23597981828,0.8659661916404362,0.7752850260410851,-6.197184458279999,4.807541000445781,11.951639000471914
81.96938301400041,39.969154800000005,45.737118,0.8738887920310152,0.7950057792390711,-5.767963199999997,0.7315490001928993,7.823313000699272
82.070459734,39.96316728000001,45.18155368188,0.8845018381036149,0.7971283884535911,-5.2183864018799895,1.908846000333142,9.046035999745072
82.16972983200048,40.018504320000005,44.68884653556,0.8954919945887685,0.8168011096806267,-4.670342215559998,0.816235999991477,7.967129999997269
82.26981811000041,39.95912808000001,44.2466028,0.9031004766765962,0.8183228060981922,-4.2874747199999845,1.2743540000883513,8.42702600039047
82.37236572399979,40.04825184000001,43.55190614916,0.919552216677718,0.8385686882140975,-3.503654309159984,3.789949999372766,10.907769999903394
82.46964019700044,39.92605416,43.28707946904,0.9223549994532689,0.8553259504619317,-3.361025309040002,0.7929390003482695,7.90774000051897
82.57029491000048,40.04587584000001,43.0586712,0.9300304613208781,0.8568610428354536,-3.0127953599999913,1.039535000018077,5.1808060006806045
82.6696886589998,39.9726,42.826322138760005,0.9333652296941641,0.8575279965101108,-2.8537221387600056,0.7902540000941372,7.891962000030617
82.77018335100001,40.080375360000005,42.590996657999995,0.9410527694817771,0.8590655044676334,-2.5106212979999896,1.0095540001202608,9.126222999839229
82.8693574099998,40.00828752,42.3568224,0.9445535631114765,0.8761631161964021,-2.3485348799999954,0.7984759995451896,7.907868999609491
82.96939100200052,40.02769944,42.12922288896,0.9501172035738948,0.8772758442888857,-2.101523448960002,0.8170870005415054,7.917481000731641
83.07195395000053,40.007669760000006,41.913595566359994,0.9545272654229242,0.8781578566586916,-1.9059258063599884,3.3255360003749956,10.427133000121103
83.17085341199981,39.973051440000006,41.7139704,0.9582653259014636,0.8789054687543996,-1.7409189599999948,2.323333999811439,9.419319999324216
83.27127123300033,40.04129016000001,41.53226228928,0.964100868888502,0.8800725773518072,-1.4909721292799887,2.6280800002496107,9.72128800003702
83.36963931599985,39.995884800000006,41.33770620588,0.9675400130041775,0.8975660644822814,-1.3418214058799975,0.835864999316982,7.950776999678055
83.46942366300027,40.076763840000005,41.194102256280004,0.9728762527866556,0.898633312438777,-1.117338416279999,0.7228080003187642,7.822423000106937
83.56919391800056,39.925032480000006,41.0660496,0.9722150747122267,0.8985010768238911,-1.1410171199999937,0.7684390002395958,7.8664990005563595
83.67357019199972,39.99792816000001,40.952280427560005,0.976695992076726,0.899397260296791,-0.9543522675599974,4.305847999603429,12.399813999763865
83.76931741699991,39.98260296,40.83255757008,0.9791843895983924,0.8998949398011243,-0.8499546100799975,0.6724739996570861,7.76466299976164
83.86969794099969,40.03924680000001,40.745187270360006,0.9826742612403322,0.9005929141295123,-0.7059404703599981,0.8666989997436758,7.965184999193298
83.97195388399996,39.9699864,40.6640664,0.982931367631251,0.9170606048298601,-0.6940799999999996,2.7195069997105747,10.814286999448086
84.06928761700055,39.96278712,40.5670248,0.9851052010104523,0.9174953715057003,-0.6042376799999971,0.5359350006983732,7.643736000318313
84.17082558499987,40.03523136000001,40.486201523279995,0.988861139195272,0.9182465591426643,-0.4509701632799832,1.8212699997093296,9.922549999828334
84.27290898800038,39.9644028,40.405414476960004,0.9890853321845894,0.9182913977405277,-0.4410116769600023,4.006546000709932,11.098828000285721
84.36961556300048,39.98794896000001,40.30857087732,0.9920458128298368,0.9188834938695772,-0.3206219173199898,0.5487860007633572,8.654233000015665
84.46995210499972,39.8391876,40.2279804,0.9903352642580089,0.9185413841552116,-0.3887927999999974,0.7268829995155102,8.818569999675674
84.56925638800021,40.0026564,40.13154,0.9967884711127457,0.919832025526159,-0.12888360000000176,0.7924749997982872,6.905426999765041
84.67171037200023,39.98371968000001,40.05454949424001,0.9982316661868789,0.9201206645409856,-0.07082981423999968,2.708341000470682,10.806639000293217
84.77266427500035,40.02456312,39.98480493672,1.0009943323055577,0.9206731977647213,0.039758183280000026,4.108623000320222,11.203423000551993
84.86979835700004,39.98652336,39.91210297704001,1.001864606908907,0.9369114795935586,0.07442038295999254,0.7778460003464716,8.868977999554772
84.9714484189999,39.95995968000001,39.860622,1.0024921256873516,0.9370369833492475,0.09933768000001209,2.1659789999830537,10.258704000079888
85.07301848099996,40.004723520000006,39.8076768,1.004949967841379,0.9375285517800529,0.197046720000003,4.016842999590153,12.116160000005038
85.17151819599985,39.936247200000004,39.76982294004,1.0041846869726052,0.9373754956062982,0.16642425996000298,2.9440849993989104,10.037645000011253
85.26924658400003,40.03808256,39.731511714839996,1.007716062941685,0.9380817708001141,0.3065708451600031,0.7055489995764219,7.829369000319275
85.36950482700013,39.944777040000005,39.70050009192,1.006152994232174,0.937769157058212,0.24427694808000666,0.8656990003146348,7.980815000337316
85.4725574869999,40.093562160000005,39.675668473440005,1.0105327446931298,0.9386451071504032,0.41789368655999937,2.1957580001981114,11.701190000167117
85.57130905800022,39.966374880000004,39.662002799999996,1.007674148013524,0.938073387814482,0.3043720800000074,2.7873420003743377,9.880587000225205
85.66995901599967,40.07289096000001,39.6453744,1.010783516777685,0.9386952615673142,0.42751656000000793,0.7718639999438892,7.892590999290405
85.76976701200056,39.981011040000006,39.632886000000006,1.0087837418652783,0.9382953065848328,0.34812503999999933,0.7605680002598092,7.877869000367355
85.86952978499994,39.87425736000001,39.62527202556001,1.0062834984269482,0.9377952578971668,0.24898533444000037,0.6758069994248217,7.790607999595522
85.97124251500009,39.99298608,39.61908841536,1.0094373111445707,0.9384260204406913,0.37389766464000473,0.8741250003367895,9.751046999554092
86.06932618700012,39.95131104000001,39.61619639208,1.008459031366954,0.938230364485168,0.3351146479200082,0.5281570001898217,7.66047700017225
86.16915012699974,40.01028336000001,39.61512960048,1.0099748193052793,0.938533522072833,0.39515375952000653,0.7757349994790275,7.892072999311495
86.26947735300018,39.943517760000006,39.616077600000004,1.0082653351830067,0.9381916252483785,0.32744016000000187,0.7225299996207468,7.813070999873162
86.36944955499985,40.01249304000001,39.619216800000004,1.0099264011700506,0.9385238384457872,0.39327624000000583,0.9266440001738374,8.04596399939328
86.47254093799984,40.042739520000005,39.6233507808,1.0105843834742827,0.9386554349066337,0.4193887392000022,3.6568559999068384,10.75250799931382
86.57350093400055,39.97770840000001,39.62993397516,1.0087755489337427,0.9382936679985256,0.3477744248400114,4.6936510007071774,11.801655000454048
86.67023482400054,39.9644028,39.6366300288,1.0082694409429318,0.9381924464003635,0.3277727712000029,1.043073000801087,9.168872000373085
86.7694571990005,39.99163176000001,39.64594323312,1.0087193921669955,0.9382824366451763,0.3456885268800107,0.7096230001479853,7.810553000126674
86.86961605200031,40.043761200000006,39.654637199999996,1.0098128246146205,0.9385011231347012,0.3891240000000096,0.7208630004242877,7.819109000593016
86.97157661999972,39.980417040000006,39.666042000000004,1.0079255459871697,0.938123667409211,0.3143750400000016,2.521966999665892,9.632194000005256
87.06963714300036,40.066309440000005,39.676235958,1.009831413504369,0.938504840912651,0.39007348200000536,0.6752890003554057,8.824272999845562
87.17107134999969,39.92184864000001,39.68916475572,1.0058626551027752,0.9377110892323322,0.2326838842800072,2.342279000004055,9.446023999771569
87.27001048000056,40.03815384,39.70041484572,1.008507190556887,0.9382399963231546,0.3377389942800022,0.8082350004769978,8.910867000849976
87.36967208399983,39.917809440000006,39.71436844716,1.0051226042562074,0.9375630790630186,0.20344099284000805,0.8570509999117348,7.974092999575078
87.47057826499986,40.04219304000001,39.726280800000005,1.007952222902276,0.9381290027922323,0.31591224000000295,0.6281030000536703,9.321059999820136
87.5707321179998,40.07422152000001,39.7408212,1.008389366649525,0.9382164315416821,0.33340032000000974,2.001680999455857,9.196816999974544
87.67080882200025,40.50149760000001,39.75306595092,1.018827017015594,0.9403039616148959,0.748431649080004,1.5893230001893244,8.709345999704965
87.76952887399966,41.12144352,39.767816350800004,1.0340382574003906,0.9433462096918552,1.3536271691999957,0.7164379994719638,7.826349999959348
87.87000963900027,41.757379920000005,39.78254995092001,1.0496406080433849,0.9646050893621613,1.9748299690799982,0.9132920004049083,8.031704000131867
87.96996217500055,42.46160256,39.79478284884,1.0670143048974505,0.9850869324692192,2.6668197111600023,0.8351070000571781,8.939016000113043
88.06982339299975,43.227791280000005,39.809367648359995,1.0858698299816083,1.0052435119716971,3.4184236316400103,1.0845169999811333,8.200947999284836
88.16935397700036,43.95807864000001,39.82377844764,1.1038148652267075,1.0249577826226992,4.1343001923600085,0.7306409997909213,7.82629400055157
88.27351197000007,44.67534552,39.837939646680006,1.1214271098410866,1.0284802315455752,4.8374058733199945,5.148287999872991,12.266662999536493
88.37115096700018,45.27649728000001,39.85177924548,1.1361223548164485,1.05000865619975,5.424718034520005,2.5451900000916794,7.665772999644105
88.47030930399978,45.885703680000006,39.86524204416,1.1510203206384888,1.0702109890874978,6.020461635840007,1.1295369995423243,9.254094999960216
88.57011913299993,46.4088276,39.87827764272,1.1637620866123888,1.088921208592476,6.530549957280002,0.8119759995679487,7.963666999785346
88.67479357800039,47.01064464000001,39.89084284116,1.178482109971707,1.0918652132643396,7.119801798840008,6.4298269999198965,13.544183000703924
88.7698881639999,47.506515840000006,39.904859961,1.1904944883011566,1.1115910682717032,7.601655879000006,0.7821609997336054,8.893940999769256
88.87015635199987,47.983212720000004,39.9162935628,1.2020958971180122,1.1139113500350741,8.066919157200005,0.9742379997987882,9.095221999814385
88.9740043769998,48.54535056000001,39.9289212,1.2157941938085723,1.1342879187897739,8.616429360000012,5.265974999929313,10.393687999567192
89.06956752499991,49.047185520000006,39.94076523276,1.2279981426037072,1.1530299635525605,9.106420287240006,0.9062740000445046,6.027190000168048
89.17013562600005,49.53590496000001,39.95180756964,1.2398914585692766,1.1554086267456745,9.584097390360007,1.0836840001502424,6.214322999767319
89.26962558000014,50.00041296000001,39.9620448,1.2511975603410568,1.1745664134647509,10.038368160000012,0.9833869999056333,6.149988999823108
89.36996991700016,50.53087872000001,39.97147682592,1.2641734239659776,1.177161586189735,10.559401894080011,1.1956859998463187,5.3185679998932756
89.4694216480002,51.16676760000001,39.98011797648,1.2798053179858304,1.1976903325489543,11.186649623520005,0.9036259998538299,5.04765599998791
89.5766707089997,51.67309320000001,39.9879864,1.2922154339834429,1.216595352835852,11.685106800000014,7.883720999416255,15.11344999926223
89.67358230599984,52.20089784,39.99510481932,1.305182173563998,1.219188700751963,12.205793020680005,1.3161699998818222,11.860007999530353
89.77679378300036,52.74804312000001,40.00150078272,1.3186516027615223,1.239081281153875,12.746542337280012,6.359585000609513,15.266266999788058
89.87058253299983,53.28055224000001,40.00795561512,1.3317489339511257,1.2417007473917956,13.272596624880016,1.2642989995583775,8.41291500000807
89.97398279000026,53.85143376,40.01355,1.3458299441064339,1.2625265867347233,13.837883759999997,5.566886999986309,12.685817000601673
90.06924491599966,54.39465864,40.017204,1.3592818388810974,1.2818776371639982,14.377454640000003,0.7859569996071514,7.949314999677881
90.17450163000012,54.95598864,40.021403990399996,1.3731649357724278,1.284654256542264,14.934584649600005,6.0329690004437,13.16763999966497
90.26991342400015,55.43066592,40.0248804078,1.3849052228322898,1.3047044498002693,15.405785512200005,1.0305910000170115,8.161503000337689
90.37026844699994,55.97362944,40.027683599999996,1.3983729360746724,1.32343814705515,15.945945840000007,1.4544859996021842,8.582657999795629
90.47128209200037,56.47874328,40.02962880492,1.4109234825844366,1.3259482563571028,16.449114475080002,2.686247000383446,9.82860400017671
90.57369301900053,57.011680080000005,40.0313196,1.4241768857402342,1.345593982233729,16.98036048,4.5921670007373905,22.301214999970398
90.66953030200057,57.60798480000001,40.03248719772,1.4390308679916595,1.3485647786840143,17.57549760228001,0.9963490001609898,8.162688000084017
90.77437184300015,58.07693592000001,40.0331904012,1.450719648820673,1.368995752711346,18.04374551880001,5.288512000333867,12.432294999598525
90.87510989099974,58.661360640000005,40.03348200012,1.465307480369161,1.3882580982429091,18.627878639880002,6.23958300002414,23.73897899997246
90.97013362300004,59.124348,40.033353600000005,1.4768772206982927,1.3905720463087354,19.090994399999992,0.8459580003545852,7.990074000190361
91.06946927799981,59.783094000000006,40.032903601440005,1.4933489360449381,1.411127424255976,19.75019039856,1.1269809992882074,17.64676899983897
91.1733004130001,60.30491112000001,40.032070802279996,1.50641497957596,1.4301849353199727,20.27284031772001,4.028231999654963,11.139459000332863
91.27072601800046,60.81294744000001,40.03108319736,1.5191431903099377,1.4327305774667685,20.78186424264001,2.2015360000295914,9.360910999930638
91.36964055499993,61.28741088,40.029901200000005,1.5310407730908913,1.452392616591593,21.25750968,0.8533469999747467,7.980573999702756
91.46975250000014,61.89077232,40.0283892,1.5461719433866203,1.4554188506507388,21.862383120000004,1.3215400003900868,18.205759000011312
91.5701750799999,62.37267264000001,40.0267188,1.558275934424083,1.475990267405408,22.345953840000014,0.9110889996009064,8.03833499958273
91.6720180530001,62.897388480000004,40.0249404,1.571454894158943,1.495083192756115,22.872448080000005,3.3137580003312905,10.437799000101222
91.77146669100057,63.48473568000001,40.023292804200004,1.5861947189247254,1.4980311577092715,23.461442875800003,2.2147770005176426,9.334041000329307
91.86977990300056,64.04302440000001,40.0211856,1.6002280652075436,1.5184705392089262,24.021838800000005,0.9738300004755729,8.154021000336797
91.9699842760001,64.5527952,40.0192776,1.6130424903022238,1.5373849294275859,24.533517600000003,0.8882550000635092,8.028964000004635
92.07472963000055,65.11274712000001,40.0173804,1.6271116817031834,1.5401987677077777,25.09536672000001,5.7519830006640404,12.899210000796302
92.1701815360002,65.65606704000001,40.0155012,1.6407658300178933,1.560312180169801,25.640565840000008,1.1777790004998678,8.295394000015222
92.2717555600002,66.13269264,40.0136688,1.6527525374029188,1.5788002516164248,26.119023840000004,2.5281150001319475,9.637508000196249
92.37206623099974,66.75183072000002,40.01170919616,1.6683074045336288,1.5819112250425666,26.740121523840017,3.5541689994715853,10.666117999790004
92.46973120999974,67.41872640000001,40.0098456036,1.6850534008042715,1.6025396601949078,27.408880796400013,0.9176260000458569,8.047556999372318
92.5690859389997,67.83725880000001,40.00827000348,1.6955809084996525,1.621147909855857,27.828988796520015,0.6676769999103271,6.780813999284874
92.6711827500003,68.44793832,40.00679400312,1.7109078601665,1.6242133001892265,28.441144316880006,2.141202000530029,9.254540000256384
92.76980394900056,69.0170616,40.0052844,1.725198624009782,1.644410364953338,29.011777200000004,1.0034430006271577,8.13248500071495
92.87267880899981,69.54287040000001,40.00378320252,1.7384073413241383,1.6632097602274982,29.539087197480015,1.844566999352537,11.199700999895867
92.96960720199968,70.03052064,40.0026828024,1.750645600094563,1.665657411981583,30.027837837600003,1.24651999976777,7.362563999777194
93.06941249400006,70.59828960000002,40.0015908,1.7648870504420042,1.6855033396736674,30.596698800000013,0.8432539998466382,4.953210000167019
93.17398336400038,71.12763864000001,40.000636798200006,1.7781626577305063,1.6881584611313678,31.12700184180001,4.9105429998235195,10.507263999897987
93.27110222300053,71.74580256,39.99981480156,1.793653368545144,1.7092574426141232,31.745987758440002,2.156720000130008,9.263651000765094
93.37681346299996,72.31513968,39.9990503988,1.8079214121085612,1.728990236513011,32.3160892812,5.790909000097599,15.139858000111417
93.47018013199977,72.69344640000001,39.99847800096,1.817405312228513,1.7308870165370012,32.694968399040015,0.8583290000387933,8.030408999729843
93.57132122300027,73.29951648000001,39.9980124,1.832578972849161,1.7512254077994334,33.30150408000001,2.667358000508102,8.819995000521885
93.66986912399989,73.85210280000001,39.9976140006,1.8464127084903654,1.77026286793762,33.85448879940001,0.6511399997179979,6.808925999393978
93.77612772500015,74.33588016,39.997346400000005,1.858520298236585,1.7726843858868637,34.33853376,7.314675000088755,14.436123999985284
93.86984967700027,74.96019792000001,39.99714480036,1.8741387240052527,1.7929752535105417,34.963053119640016,1.0192939998887596,7.164542999817058
93.96972522899978,75.48633936,39.9970332,1.8872984649271438,1.8118398957938622,35.489306160000005,1.1540179993971833,8.268744999440969
94.06916786700003,75.97788624,39.9969828,1.8995904421070484,1.814298291229843,35.980903440000006,0.7237339996208902,7.83760899957997
94.1694488889998,76.53940632000001,39.9969936,1.9136289863546145,1.8341644302547975,36.54241272000001,0.5888239993510069,7.7224399992701365
94.2717730000004,77.11385184000001,39.997052399880005,1.92798836946873,1.8370363068776208,37.116799440120005,2.82487900039996,9.940069000549556
94.36906832499972,77.58083088000001,39.99716040024,1.93965846834303,1.8575607391707027,37.58367047976001,0.678177999361651,6.793276999815134
94.4700763030005,78.18656832,39.9972996,1.9547961762898616,1.8770078265945345,38.18926872000001,1.4250040003389586,7.735144000434957
94.57250076699984,78.73879824000001,39.997483200000005,1.9685938199231496,1.8797673553211922,38.74131504,3.4140919997298624,10.675284000171814
94.67083992399967,79.14592584,39.99767399964001,1.978763211098534,1.8995665264766608,39.14825184036,0.7705489997533732,8.87962599972525
94.76906428300026,79.85501928,39.99787200036,1.9964816948081954,1.903110223218593,39.857147279639996,0.716974000170012,6.826054999692133
94.87157891600054,80.28034704000001,39.99810120048,2.0071039532005734,1.923908969214989,40.28224583952001,2.6659330005713855,9.778456000276492
94.97245146600017,80.74563912,39.9983112,2.018726208620528,1.942872417096097,40.747327920000004,3.4139999997933046,10.531949999858625
95.06963417800034,80.70078024000001,39.998537999999996,2.017593249033253,1.9426458251786418,40.70224224000002,0.5777870001111296,7.685532999857969
95.17126507400008,80.85120480000002,39.998739599640004,2.0213438125617262,1.9433959378843366,40.852465200360015,0.756475999878603,9.43308000023535
95.27281932000005,80.79824376,39.99895199964,2.0200090182544583,1.943128979022883,40.799291760360006,3.7471349996849312,10.857065999516635
95.36957782199988,80.61503040000001,39.99915359964,2.0154184062716154,1.9422108566263143,40.615876800360006,0.7381979994534049,7.917258999441401
95.46922290699968,80.38883520000002,39.99932280036,2.0097549051324566,1.9410781563984827,40.38951239964002,0.5640649997076252,7.679402999201557
95.56971500700001,80.15042736,39.999489600240004,2.0037862523005563,1.9398844258321026,40.15093775975999,0.7716239997535013,7.889073000114877
95.66944146400056,80.08126200000001,39.9996288,2.0020501290251973,1.9395372011770307,40.081633200000006,0.6665480004812707,7.7837380003984435
95.77354856700003,79.85623104000001,39.99975359976,1.9964180739473143,1.9384107901614542,39.85647744024001,4.750504000185174,11.857489999783866
95.8712540839997,79.91986032000001,39.999871199880005,1.9980029415754659,1.9387277636870845,39.91998912012001,2.594449999378412,9.704694999527419
95.96900662000007,79.81500744,39.99997199988,1.995376582769594,1.9382024919259102,39.81503544012,0.5695460004062625,6.682219999674999
96.06952181199995,79.78571136000001,40.00004880012,1.9946403505327888,1.9380552454785491,39.78566255988001,0.7996240001375554,7.914777000223694
96.16990828000053,79.74976248,40.000117200119995,1.9937382203410334,1.937874819440198,39.749645279880006,0.7378630007224274,7.8488680001100875
96.27113142899998,79.85340360000002,40.0001688,1.9963266655014722,1.9383925084722857,39.853234800000024,2.7543039996089647,8.868292999977712
96.36926286000016,79.91361144,40.000208400000005,1.997829877306339,1.938693150833259,39.91340303999999,0.7339379999393714,7.842867999897862
96.47322638600053,79.99553592000001,40.000243200119996,1.9998762387464692,1.9391024231212852,39.99529271988001,4.441127000063716,11.595169999964128
96.56956258500031,80.12597832000002,40.000258800000005,2.00313649770686,1.9397544749133633,40.12571952000001,0.7879570002842229,7.925444000647985
96.6696334369999,80.01414000000001,40.0002696,2.0003400177082806,1.9391951789136475,40.01387040000001,0.5598059997282689,7.687124999392836
96.7722750160001,80.06479632,40.000273199999995,2.001606237029401,1.9394484227778714,40.064523120000004,3.430963999562664,10.573690999990504
96.86929305800004,80.01055224000001,40.000273199999995,2.000250144291515,1.9391772042302944,40.010279040000015,0.7848830000511953,7.896017000348365
96.97118362499987,79.98306192000001,40.000266,1.9995632509043817,1.9390398255528676,39.98279592000001,2.665005999915593,9.76958499995817
97.0696059689999,79.9503444,40.0002552,1.9987458580014261,1.9388763469722765,39.95008920000001,0.5341759997463669,7.661661999918579
97.16984543400031,80.02654272,40.0002372,2.0006517041353944,1.9392575161990702,40.026305519999994,0.747400999898673,6.909204999828944
97.26957729900005,80.0512056,40.0002228,2.0012689929317093,1.9393809739583332,40.0509828,0.5713059999834513,7.6931619996685185
97.3691994030005,80.07959880000001,40.0002048,2.0019797198638347,1.9395231193447582,40.079394000000015,0.7258820005517919,7.833294000192836
97.46989285700056,80.03205504,40.0001832,2.0007922123716675,1.9392856178463247,40.03187184,0.6658990005234955,7.780404000186536
97.57122289600011,80.00634672000001,40.000165200000005,2.0001504073788174,1.9391572568477549,40.006181520000005,2.834879000147339,8.962459999565908
97.66982809500041,79.99384896000002,40.0001436,1.9998390445778305,1.9390949842875573,39.99370536000002,0.5514540007425239,7.660754999960773
97.76955557099973,80.00822376000002,40.0001256,2.0001993133741567,1.9391670380468227,40.008098160000024,0.7293459993888973,7.834757999262365
97.86977479500001,79.91871984000002,40.000106400119996,1.9979626814132743,1.9387197116546462,39.918613439880026,0.7781049998811795,7.887406000008923
97.96952717899967,79.9914492,40.000086,1.9997819304688496,1.939083561465761,39.9913632,0.6571779995283578,7.79338599932089
98.07108599900039,79.9574724,40.000068,1.9989334118132,1.9389138577346312,39.9574044,2.2239429999899585,9.372986000016681
98.16938928499985,79.99268472000001,40.0000536,1.9998144382486531,1.9390900630217218,39.99263112000001,0.8624399997643195,7.984814999872469
98.27097377300015,80.0229312,40.0000392,2.0005713194401067,1.9392414392600126,40.022892,2.191831999880378,9.337708000202838
98.36989306899977,79.9558092,40.000028400000005,1.9988938107853942,1.93890593752907,39.9557808,0.9062740000445046,8.036204999370966
98.47366587000033,79.83988416000001,40.00001760000001,1.9959962257616606,1.9383264205243234,39.839866560000004,3.704931000356737,11.970102000304905
98.57029079499989,80.02996416,40.0000068,2.00074876387271,1.9392769281465334,40.029957360000004,1.0945730000457843,8.211762999962957
98.6715722959998,79.96645368,39.999999599999995,1.999161361991614,1.938959447770314,39.966454080000005,2.760136999313545,9.866826999314071
98.76962015200024,80.06964336000001,39.999992400000004,2.0017414643308786,1.939475468238167,40.06965096000001,0.6976590002523153,7.816033999915817
98.86963165100042,80.04374496000003,39.9999888,2.0010941843063725,1.9393460122332657,40.04375616000003,0.8183460004147491,7.935592000649194
98.97100728399982,79.92256896,39.9999816,1.998065143109966,1.9387402039939845,39.92258736000001,0.7655129993509036,8.92049699996278
99.0720705220001,80.02803960000001,39.9999816,2.000701910322879,1.9392675574365672,40.028058000000016,3.096847000051639,9.277836000364914
99.17308981499991,80.00050176,39.999978,2.0000136440075043,1.9391299041734922,40.00052376000001,4.708335999566771,10.832138999830931
99.2718341079999,79.99468056000002,39.999978,1.9998681139274632,1.939100798157484,39.99470256000002,3.199402999598533,10.319833999346884
99.36992476100022,80.05035024000001,39.9999744,2.001260036806424,1.939379182733276,40.050375840000015,1.1598520004554302,8.265245000075083
99.47501767599988,80.01207288,39.9999744,2.0003031021939854,1.9391877958107884,40.012098480000006,4.41399699957401,13.644999999996799
99.56977136800015,80.00154720000002,39.9999744,2.0000399600255747,1.9391351673771062,40.00157280000002,0.8219210003517219,7.9630370000813855
99.67053704600039,79.99016616,39.999978,1.9997552538653898,1.9390782261450692,39.99018816,1.5356740004790481,8.664845000566856
99.76991945999998,79.94426184000001,39.999978,1.9986076452342052,1.9388487044188323,39.94428384000001,0.7526419994974276,7.879257999775291
99.86905353800012,80.0285148,39.999978,2.0007139703926837,1.939269969450528,40.0285368,0.5423610000434564,7.661255000130041
99.96981784499985,80.06762376,39.9999816,2.001691514778097,1.9394654783276106,40.067642160000005,0.7384009995803353,7.8622199998790165
100.07249036899975,79.9744608,39.9999816,1.9993624397067224,1.9389996633133357,39.974479200000005,1.748639999277657,10.74652699935541
100.1692756299999,80.06980968000002,39.999985200000005,2.001745982646014,1.939476371901194,40.069824480000015,0.5674160001944983,7.703643999775522
100.27056781700048,79.89198984,39.999985200000005,1.997300485001179,1.938587272372227,39.89200463999999,2.2013320003679837,9.31776300058118
100.36935096199977,79.96597848,39.9999888,1.9991500217620064,1.9389571797243925,39.96598968000001,0.7254739994095871,7.833015999494819
100.47284451799987,80.00556264000001,39.9999888,2.0001396260390956,1.9391551005798104,40.00557384000001,3.9019149999148794,10.997716000019864
100.56965364999996,79.98562799999999,39.999992400000004,1.9996410799318047,1.9390553913583521,39.98563559999999,0.7332340001084958,7.8408680001302855
100.67188253699987,79.97044536000001,39.999992400000004,1.9992615138596879,1.938979478143929,39.97045296000001,3.291461000117124,10.408279999865044
100.76944479299982,80.07137784,39.999996,2.0017846461784643,1.939484104607684,40.071381839999994,0.7028269992588321,7.815090999429231
100.86920756499967,79.97731200000001,39.999996,1.9994329999433,1.9390137753606513,39.97731600000001,0.7385299995803507,7.830719999219582
100.97187955200025,80.02794456000001,39.999996,2.0006988140698816,1.9392669381859675,40.027948560000006,2.883658000428113,9.976922000532795
101.06930945299973,79.97940288,39.999999599999995,1.999485091994851,1.9390241937709616,39.97940328,0.9487369998169015,7.064280999657058
101.16984585000046,79.91135424000002,39.999999599999995,1.9977838759778395,1.9386839505675593,39.91135464000003,1.219241999933729,6.369919000462687
101.26919056000042,80.01606456,39.999999599999995,2.0004016340040165,1.9392075021727946,40.01606496000001,0.5917870003031567,6.69840499995189
101.36957038000037,80.00839008000003,39.999999599999995,2.0002097720020986,1.939169129772411,40.00839048000003,0.7526420004069223,7.855943000322441
101.47126440700049,79.99629624000002,39.999999599999995,1.999907425999075,1.9391086605718062,39.996296640000025,2.3191489999589976,9.414765000656189
101.56973008400018,79.93333224000001,40.0000032,1.9983331461333484,1.938793804598661,39.93332904000001,0.6809930000599707,7.77379299961467
101.67117301400049,79.98577056,40.0000032,1.9996441040284718,1.9390559961776856,39.985767360000004,2.4529290003556525,6.595034000383748
101.76982726799997,80.18148168,40.0000032,2.0045368816370495,1.940034551699401,40.18147848,0.8298650000142516,7.942406999973173
101.8694774100004,80.13914136,40.0000032,2.00347837372173,1.9398228501163373,40.139138159999995,0.8077540005615447,4.920209999909275
101.96951877999982,80.01335592000001,40.0000032,2.000333737973301,1.9391939229666515,40.01335272000001,0.8480509995933971,4.963192000104755
102.06977585700042,80.02763568,40.0000032,2.0006907319447413,1.9392653217609395,40.02763248,0.7903089999672375,7.915388000583334
102.17004137799995,80.00328168,40.0000032,2.000081881993449,1.9391435517706812,40.00327848,0.8749210001042229,8.027852999475726
102.26957890700032,80.03024928,40.0000032,2.0007560719395143,1.9392783897598942,40.030246080000005,0.7985319998624618,7.9387960004169145
102.37021224900036,79.85787048000002,40.0000032,1.9964466022842722,1.9384164958288457,39.857867280000015,0.9198480001941789,9.05518400031724
102.46970998000052,79.97971176,40.0000032,1.9994926340405892,1.9390257021801092,39.97970856,0.7089740001902101,7.842720000553527
102.5698808520001,80.01337968000001,40.0000032,2.000334331973254,1.939194041766642,40.01337648000001,0.7491779997508274,7.852775999708683
102.66899759599983,80.01452016,40.0000032,2.0003628439709726,1.939199744166186,40.01451696,0.5351749996407307,4.633148999346304
102.77186171599988,79.97997312000001,40.0000032,1.9994991680400667,1.9390270089800046,39.97996992000001,3.1691449994468712,10.263092999593937
102.86918846699973,79.95633192,40.0000032,1.9989081380873488,1.938908802989461,39.956328719999995,0.7374189999609371,7.830997999917599
102.96915496600013,80.05443696000002,40.0000032,2.0013607638911393,1.939399328150219,40.054433760000016,0.7610869997733971,6.876798000121198
103.07257363100052,79.95478752000001,39.999999599999995,1.9988697079886977,1.9389011169697308,39.954787920000015,3.221312000277976,10.36639100038883
103.17317308400015,79.94428560000001,39.999999599999995,1.9986071599860722,1.9388486073692057,39.94428600000002,0.8975330001703696,11.245089999647462
103.27002564299983,80.00197488,39.999999599999995,2.0000493920004945,1.9391370537720902,40.00197528000001,0.7636789996467996,7.9242219999287045
103.37195445100042,80.02041264,39.999999599999995,2.0005103360051035,1.939229242573012,40.02041304000001,3.2574610004303395,10.400688000117952
103.47088235800038,79.98691104,39.999999599999995,1.999672795996728,1.9390617345713368,39.98691144,1.6377299998566741,8.764494000388368
103.56994654499977,79.99142544000001,39.999999599999995,1.999785655997857,1.9390843065715626,39.99142584000002,0.7060109992380603,7.846219999919413
103.66994435900051,80.03141352,39.999999599999995,2.0007853580078536,1.939284246973562,40.031413920000006,0.8249020002040197,7.954222000080335
103.76998354399984,80.0061804,39.999999599999995,2.0001545300015455,1.9391580813723004,40.00618080000001,0.689862999934121,7.805201999872224
103.87168318099975,80.0757972,39.999999599999995,2.00189495001895,1.9395061653757812,40.0757976,2.947843999208999,10.053218999928504
103.96965409099994,79.9679268,39.999999599999995,1.9991981899919822,1.9389668133703877,39.967927200000005,0.7815119997758302,7.900423999672057
104.06930352900054,79.96486176000002,39.999999599999995,1.9991215639912163,1.9389514881702345,39.964862160000024,0.7979760002854164,7.902072999968368
104.16996261300028,80.02979784,39.999999599999995,2.00074496600745,1.9392761685734814,40.029798240000005,0.7932910002637072,7.887665999987803
104.27062391900017,79.99422912000001,39.999999599999995,1.9998557479985581,1.9390983249717029,39.99422952000002,2.1789250004076166,9.305689000029815
104.36952378800015,79.91296992000002,39.999999599999995,1.9978242679782434,1.93869202896764,39.91297032000003,0.88605099972483,8.004962999621057
104.46952826899997,80.00530128000001,39.999999599999995,2.0001325520013262,1.9391536857722564,40.00530168000002,0.6072879996281699,7.7507750002041575
104.57047639400025,80.09162136,39.999999599999995,2.0022905540229057,1.9395852861765723,40.09162176000001,1.3063920005151886,9.404837999682059
104.67306291600016,79.97648040000001,39.999999599999995,1.999412029994121,1.9390095813708155,39.97648080000002,4.458053999769618,11.566447000404878
104.7697183979999,80.02516464000001,39.999999599999995,2.000629136006292,1.9392530025732497,40.02516504000002,0.9101629993892857,8.055575999605935
104.87115953100056,79.99672392000001,39.999999599999995,1.9999181179991816,1.9391107989718277,39.99672432000001,2.0450700003493694,9.138908000750234
104.96978087800017,79.9887168,39.999999599999995,1.9997179399971798,1.9390707633714273,39.98871720000001,0.7616230004714453,7.861312999921211
105.06965406000018,79.97277384000002,39.999999599999995,1.9993193659931943,1.93899104857063,39.97277424000002,0.6687329996566405,7.760237999718811
105.1702525870005,79.98821784,149.3124161832,0.5357104243886713,1.6462692602497255,-69.32419834320001,1.117110999985016,8.262209000349685
105.27010473199971,80.00197488,145.13553931139998,0.5512225004266483,1.42725990828511,-65.13356443139998,1.0824619994309614,8.183040999938385
105.37313185400035,80.02449936000001,140.19128192304,0.5708236508168217,1.2559726567914524,-60.16678256304,4.136642000048596,11.237572000027285
105.46955372000048,80.02461816000002,136.2254364,0.5874425531295271,1.1222666360590674,-56.20081823999999,1.0031830006482778,8.095872000012605
105.57512255100028,79.99750800000001,132.25860548784,0.6048567327995537,1.0187846554071647,-52.261097487839976,5.938948999755667,12.056678000590182
105.67512229000022,80.03229264000002,128.8586766384,0.6210857873745254,0.9392448818006369,-48.826383998399976,5.966448999970453,13.08225000047969
105.76988442600032,80.00729712000002,125.44445699784,0.637790612951337,0.878954028030777,-45.43715987783999,1.112074000047869,8.223579000514292
105.87030265399972,79.97039784,122.02107659244,0.6553818411806628,0.8342395906607543,-42.05067875243999,1.063609999619075,9.186056999169523
105.97029187499993,79.98261048,118.60297621884,0.6743727099429637,0.8022662145171962,-38.62036573883999,0.9902390002025641,8.100836000267009
106.06969479000054,79.99748424,115.7599908,0.691063325827424,0.7800256367792417,-35.76250655999999,0.9949430004780879,7.129598000574333
106.16970899199987,79.99460928,112.92112494684,0.7084113740246492,0.7657027842283233,-32.92651566683999,0.7845869995435351,6.97089099958248
106.27270228100042,79.99734168,110.6530092,0.7229567660054201,0.7686118626244776,-30.655667519999994,3.4214080005767755,10.53943100032484
106.36935094700038,80.00401824000001,107.82759520152001,0.7419623714178151,0.7724129837069565,-27.823576961520004,0.763549000112107,0.8110130002023652
106.46926435200021,79.99710408000001,105.09255256644,0.7612062142027187,0.7762617522639372,-25.09544848643999,0.7852720000300906,6.936206000318634
106.56918997899993,80.00078688,103.02222167028,0.7765391347901668,0.7793283363814268,-23.021434790279997,0.8519029997842154,7.963184999425721
106.66929416499988,79.96372128000002,100.5844645674,0.7949907734152886,0.7830186641064512,-20.62074328739999,0.7602899995617918,6.866779000120005
106.76997780400052,79.98185016,98.30977200000001,0.8135696842018918,0.7867344462637719,-18.327921840000016,0.8892730002116878,8.041686000069603
106.87348539699997,80.09226288,96.5968788276,0.8291392418894157,0.7898483578012766,-16.504615947599987,1.214279000123497,12.393813000016962
106.96922990100029,79.95790008,94.5663588,0.8455216114337691,0.7931248317101474,-14.608458720000002,0.6532879997394048,7.747978000224975
107.07009837700025,79.95991968,92.64714746436,0.863058624775894,0.7966322343785723,-12.687227784360005,1.163241000540438,8.298671999909857
107.16968646199985,80.03887416000002,91.18332720000001,0.8777797062004995,0.7995764506634934,-11.144453039999988,0.6957340001463308,7.797313000082795
107.26953393900021,79.94350152000001,89.72053831224,0.8910278852962905,0.8022260864826516,-9.777036792239983,1.1146469996674568,8.216393000111566
107.36951164200036,80.11355184000001,88.40035494252,0.9062582598462613,0.8230325211553736,-8.286803102519983,1.0322210000595078,8.133299999826704
107.46918900499986,80.07950376000001,87.0063516,0.9203868716177729,0.8425033912478535,-6.9268478399999935,0.8417349999945145,6.974001999878965
107.56993162799972,79.97391432,85.86785308104,0.9313603572284795,0.8446980883699948,-5.8939387610399905,1.0324059994673007,8.127613999931782
107.67008772100053,79.98151752,84.4340256,0.947266424307501,0.8652117555574961,-4.452508080000001,0.9573480001563439,8.065668000199366
107.77268589200048,80.06788512000001,82.71519119999999,0.9679949227996226,0.8857683890059215,-2.6473060799999786,3.7112270001671277,10.821435000252677
107.86954380299994,79.96243824000001,81.2915864676,0.9836496212541044,0.9053446354555581,-1.3291482275999869,0.5325639995135134,7.641551000233449
107.97222256799978,79.98353712000002,79.88247759636,1.0012651025191115,0.9088677317085595,0.1010595236400178,3.831580999758444,10.935252999843215
108.07142283099984,80.01337968000001,78.49080000000001,1.0193981929092328,0.9309738239486942,1.5225796800000069,2.4900589996832423,8.593769000071916
108.17156829499982,80.0502552,76.84376400000001,1.0417274093965516,0.9531245410382657,3.206491199999988,2.544799999668612,9.671582999544626
108.27216078499987,80.00972064000001,75.2192532,1.0636867189742323,0.975236976625459,4.790467440000015,3.6853749998044805,10.802027999488928
108.36996654500035,80.04486168,73.88164732212,1.0834200993246497,0.9968736011652972,6.163214357879994,0.977886999862676,8.092373000181396
108.46991900600005,79.89210864,72.29392966188,1.105101203014649,1.0185191215351677,7.5981789781200035,0.8720519999769749,7.9792790002102265
108.57874322200041,79.97964048000001,70.4630484,1.1350579104380618,1.0418268793157466,9.51659208000001,7.090541000252415,17.288837000705826
108.67183175700029,79.96533696,69.16793076036001,1.1561042246160118,1.0646823483757997,10.797406199639994,2.71163700017496,10.803676000250562
108.7714080450005,80.02865736,67.62610951776,1.183398807512102,1.0884256402030603,12.402547842239997,2.1607210001093335,10.251297000650084
108.87016769000002,80.03678328000001,66.09634228008,1.2109109296978655,1.1129226981020215,13.940440999920014,1.1293699999441742,8.229930000197783
108.9696477919997,79.94789712000001,64.3250772,1.2428729291909815,1.1389127443198135,15.622819920000012,0.9286449994760915,8.022593999157834
109.07183256700046,80.02314504000002,62.5666041918,1.279007324653363,1.1669316603865234,17.456540848200014,2.811713000482996,9.906162000334007
109.17385322800055,79.97740704,60.81883578072,1.315010489979708,1.1965474263051603,19.158571259280002,4.856727000515093,11.948083000788756
109.27009661000011,79.85556576000002,59.07854160000001,1.351684784310925,1.2275748979063132,20.77702416000001,0.9922010003720061,8.099964999928488
109.37139590800052,80.05598136,57.342037042080015,1.3961133138896258,1.261282581102976,22.71394431791999,2.166758000385016,10.276408000208903
109.46963589700044,79.99748424,55.361502,1.445002056483222,1.2980264761790252,24.635982240000004,0.9503119999862975,8.044631000302616
109.57033583300017,80.02328760000002,53.39627886095999,1.4986678717514157,1.3381547552935034,26.62700873904003,1.2116130001231795,8.338692000506853
109.66965231999984,79.99232832,51.7195728,1.5466548540400935,1.3798547750428214,28.272755519999997,0.9994229994845227,8.131075999699533
109.77022316200055,79.99351632000001,49.674693600000005,1.6103474530540436,1.425953310645066,30.318822720000007,0.9594230004950077,8.103354000013496
109.8735050840005,80.03550024,47.904051599999995,1.6707459508498026,1.4749118386860132,32.13144864000001,4.615297000782448,10.755397000139055
109.9699839519999,79.98645960000002,46.64561323176,1.7147691724532619,1.522883305439463,33.340846368240015,1.0806469999806723,8.213596999667061
110.07170386800044,79.98389352000001,45.506512643040004,1.757636190393358,1.569833882430242,34.477380876960005,2.6093020005646395,7.721034000496729
110.1698226690005,80.00905536000002,44.59691341332,1.7940491670013934,1.6146769393444724,35.412141946680016,0.8111430006465525,5.92889300060051
110.27150213999994,79.97208480000002,43.43378053356,1.8412416284649216,1.6599898771685624,36.53830426644002,2.5338929999634274,7.665477000045939
110.37284990100034,79.90303824000001,43.01267787792,1.8576624888778945,1.699524399510429,36.89036036208002,4.0429360005873605,11.167626000315067
110.46974358999978,80.00772479999999,42.4969308,1.8826706610068882,1.7361536518097211,37.51079399999999,0.9672749993114849,4.113510999559367
110.5733454250003,79.98788520000001,42.084954,1.9006290276567726,1.7690487269791315,37.902931200000005,4.516017999776523,11.607817999902181
110.67018585400001,80.00848512,41.602752,1.9231536682957897,1.7998697152424632,38.40573312,1.046553999913158,8.180891999472806
110.76990327400017,79.99603488000001,41.278314618,1.9379675653016266,1.827489285254296,38.71772026200001,1.0418869997010916,8.160244000464445
110.87266204000025,79.99724664,40.973965959960005,1.9523920803315395,1.852469844269745,39.023280680039996,3.356406000420975,7.754774000204634
110.97053670800051,79.98760008000002,40.778880344280005,1.9614957400668251,1.8742750234291612,39.20871973572002,1.6336369999407907,8.73879000027955
111.0693042060002,80.04139272,40.583191523400004,1.9722794022704857,1.8938758991974263,39.4582011966,0.7547719997091917,7.907684999736375
111.1762238729998,79.92610920000001,40.405414476960004,1.9781039307386765,1.8950408048910643,39.52069472304001,5.299587000081374,14.437327999985428
111.26979934100018,80.01506664,40.2279804,1.9890401119913044,1.9138406663111125,39.78708624,0.6394550000550225,7.7768299997842405
111.36974506099978,80.00739216,40.039948800000005,1.9981891725096308,1.9156704784147778,39.96744335999999,0.9817199997996795,6.207286000062595
111.47137165999993,79.99033248,39.91210297704001,2.0041623095133714,1.9333688446344968,40.07822950296,0.9206810000250698,9.423559999959252
111.56971807700029,79.97213232000001,39.79966784148,2.0093668278470274,1.934409748301228,40.17246447852001,0.6660850003754604,7.787590000589262
111.6693240880004,80.01896328000001,39.725841599999995,2.0142798756968316,1.9353923578711887,40.29312168000001,0.7922720005808515,7.929963000606222
111.76915932500015,80.01311832,39.6720432,2.0168640651208003,1.9359091957559824,40.341075120000006,0.7502720000047702,6.862446000013733
111.86919754599967,80.01463896000001,39.638646,2.0186017191404573,1.9524477004328775,40.37599296000001,0.8376619998671231,7.954499999868858
111.96985562999998,80.04222432,39.6217956204,2.0201564080248,1.9527586382097462,40.4204286996,0.7255119999172166,7.830016999832878
112.0710345739999,80.04780792,39.6151308,2.020637223795308,1.9528548013638476,40.432677119999994,1.973143000213895,9.112093000112509
112.16987966499983,79.99097400000001,39.618553187159996,2.0190281462858755,1.9525329858619611,40.37242081284001,0.7750309996481519,7.901146999756747
112.27149026400002,80.08622784,39.62993397516,2.0208519118451718,1.9528977389738205,40.456293864840006,3.0494200000248384,9.155445000033069
112.3710309220005,80.04070368000001,39.64594323312,2.018887612519569,1.9525048791086999,40.39476044688001,2.3549460001959233,9.479246999944735
112.46961889799968,80.03887416000002,39.66803283996,2.017717250636438,1.9522708067320738,40.37084132004002,0.7213639992187382,4.8268009995808825
112.57358181299969,79.99755552,39.6913824,2.0154892745685773,1.9518252115185015,40.306173120000004,4.686798999500752,11.788784999225754
112.67143331399984,79.98964344000001,39.719106000000004,2.0138832792460133,1.9515040124539889,40.270537440000005,2.3700940000708215,7.491288999517565
112.76953144799973,80.03143728,39.74570995104,2.0135868092074647,1.951444718446279,40.28572732896001,0.7861229996706243,4.890134999186557
112.87216154599992,80.01501912,39.77519155092,2.0116815532507286,1.9510636672549317,40.239827569080006,3.080698999838205,10.192425999775878
112.97312170799978,79.99551216000002,39.80452195152,2.0097091545887857,1.9506691875225433,40.19099020848002,0.850364999678277,11.123476999273407
113.07007423100004,79.9438104,39.83089564728,2.0070804108433165,1.9501434387734493,40.11291475272,0.773789999584551,7.918239999526122
113.17156173600051,80.05907016,39.858560444880005,2.0085790672423522,1.9504431700532565,40.20050971512,3.081346000726626,10.175795000577637
113.27000630200018,79.97498352,39.8825208,2.0052640082870585,1.9497801582621979,40.09246271999999,0.7419009998557158,8.842051000101492
113.36995187400044,79.96460040000001,39.90873243852,2.003686800205611,1.9494647166459083,40.05586796148001,0.76742000055674,6.894834000377159
113.46951105100015,80.01711000000002,39.9289212,2.0039887779387344,1.949525112192533,40.08818880000002,0.5797690000690636,7.711717999882239
113.56925865700032,80.00580024000001,39.9487356,2.0027117013435594,1.949269696873498,40.057064640000014,0.615251000454009,7.752737999908277
113.66951827100002,79.97315400000001,39.96482037264,2.0010887889477367,1.9489451143943335,40.00833362736001,0.8857550001266645,8.02425999972911
113.77188040100009,79.96930488000001,39.978931223880004,2.0002862115591817,1.9487845989166224,39.990373656120006,3.036420000171347,10.126832000423747
113.87129294599981,80.0282772,39.99214442016,2.0010999250057173,1.9489473416059295,40.03613277984,2.55741199998738,9.663860999353346
113.97137046399985,80.09188272000002,40.002357599999996,2.0021790595662297,1.949163168518032,40.08952512000002,2.080977999867173,10.171979999540781
114.06924592799987,79.99506072000001,40.0115484,1.999299300299011,1.9485872166645883,39.98351232000001,0.7385669996438082,7.833998000023712
114.16985473299974,80.05488840000002,40.018867199999995,2.0004286478153994,1.948813086167866,40.03602120000003,0.6416399992303923,7.759829999486101
114.26969871100027,80.01737136,40.02407639172,1.9992309273263738,1.948573542070061,39.99329496828,0.6640850006078836,7.757256000331836
114.36929790700015,79.95072456,40.028285994120004,1.9973556842215137,1.9481984934490888,39.92243856587999,0.7355119996645954,7.8453309997712495
114.47173976100021,80.01102744000002,40.03113719628,1.998719822714286,1.9484713211476432,39.97989024372002,3.235164000216173,10.338058000343153
114.57282670299992,80.03428848000001,40.03270680204,1.999222507630226,1.9485718581308313,40.00158167796001,3.6988189995099674,10.794267999699514
114.66966339100054,79.99658136,40.03343880048,1.9982440618876047,1.9483761689823071,39.963142559519994,0.5189160001464188,7.623457000590861
114.76914382599989,80.01836928,40.03331159916,1.9987946558405372,1.9484862877728935,39.98505768084,0.5555279994950979,5.702112000108173
114.87137928700031,80.03143728,40.03247999808,1.9991626120549713,1.9485598790157803,39.998957281920006,2.741396000601526,9.870494000097096
114.97322607499973,79.99268472000001,40.03108319736,1.9982643069042767,1.9483802179856415,39.96160152264002,4.339792999417114,10.493967000002158
115.0712843020001,80.00905536000002,40.02958080324,1.998748269517828,1.9484770105083518,39.97947455676002,2.886917999603611,9.999625999626005
115.16944076999971,79.90510536,40.0272912,1.9962656218914956,1.9479804809830852,39.87781415999999,0.8527909994882066,8.010685999579437
115.26976999700037,80.02716048,40.02534359604,1.999412204619217,1.9486097975286296,40.001816883960004,0.8224210005209898,7.933759000479768
115.36979414400048,80.00482608000002,40.02287519592,1.9989774769643696,1.94852285199766,39.981950884080014,0.8368840008188272,7.954759000313061
115.46989149599995,79.98375096000001,40.0203383958,1.998577577454818,1.9484428720957498,39.963412564200006,0.7719750001342618,7.881145999817818
115.56903998100006,79.98508152000001,40.0180104,1.9987270911399435,1.9484727748327748,39.96707112000001,0.5896390002817498,7.705310000346799
115.66993434699998,79.99325496,40.0155012,1.999056679564968,1.9485386925177797,39.97775376,0.7282529995791265,8.824050999464816
115.76950409799974,80.01863064000001,40.0130712,1.9998122673472767,1.9486898100742414,40.00555944000001,0.7113819992810022,7.815793999725429
115.86970330300028,79.87925448000001,40.01094960372,1.996434857736375,1.9480143281520612,39.868304876280014,0.9408670002812869,8.040370999879087
115.96931681499973,79.98786144,40.00878480348,1.9992574589029406,1.9485788483853743,39.979076636520006,0.6789189992559841,7.7803119993404835
116.07212626599994,80.01366480000002,40.00679400312,2.00000191951797,1.94872774050838,40.006870796880015,3.1337539994638064,9.274557999560784
116.17034453300039,79.98246792,40.00514039712,1.99930476748828,1.9485883101024422,39.97732752288,0.7550500004072092,9.216613000717189
116.27018758400027,79.95868416000002,40.00352759748,1.9987908307625593,1.948485522757298,39.95515656252002,1.3862440000593779,8.724031000383548
116.37112335799975,79.95756744,40.002228,1.9988278512886832,1.9484929268625228,39.95533944,2.2581479997825227,19.69635799923708
116.47157217899985,80.06396472,40.001004,2.001548879123134,1.949037132429413,40.06296072,2.573430999291304,9.666805999586359
116.56931223300035,80.08717824000001,39.9999672,2.0021810977885006,1.9491635761624861,40.087211040000014,0.8079939998424379,6.91963100052817
116.66985124100029,79.94754072000002,39.999114000000006,1.9987327899312972,1.9484739145910455,39.948426720000015,0.7422529997711536,7.846182999855955
116.76944017700043,79.98783768000001,39.99847800096,1.9997720332778721,1.9486817632603606,39.989359679040014,0.7727340007477324,7.882739000706351
116.86960645700037,80.02017504000003,39.997932000839995,2.0006078073816296,1.948848918081112,40.02224303916003,0.7750310005576466,7.907535999947868
116.97138392899978,80.07071256,39.99752520048,2.001891671013663,1.9491056908075186,40.073187359520006,2.6748579994091415,9.793936999813013
117.07006420299967,79.87469256000001,39.99726359964001,1.9970039290567598,1.948128142416138,39.87742896036001,0.9476459999859799,8.0808539996724
117.17145615000027,79.99582104000001,39.99708119988001,2.0000414690319954,1.9487356504111852,39.99873984012,3.0774389997532126,9.218743000019458
117.27596490700034,80.01482904000001,39.9969936,2.000521085164761,1.9488315736377384,40.017835440000006,6.938890000128595,14.086785000472446
117.36926657500044,79.95407472000002,39.9969828,1.999002652770099,1.9485278871588059,39.957091920000025,0.768735000747256,6.948428000214335
117.47000206699977,79.99988400000002,39.997036800000004,2.0001452707616583,1.9487564107571178,40.00284720000002,0.6690479995086207,7.812793999619316
117.57444565700007,80.03350440000001,39.99713639976,2.00098086023179,1.9489235286511442,40.03636800024001,3.575114000341273,13.017063999541278
117.67320283899971,80.02331136000002,39.9972996,2.0007178524622202,1.9488709270972302,40.026011760000024,4.460646999177698,11.610503999690991
117.76921838399994,80.02442808000002,39.99745080036,2.0007382090280554,1.9488749984103972,40.02697727964002,0.4959520001648343,7.6106609994894825
117.87720297600026,79.91313624000001,39.99765600036,1.997945485587474,1.948316453722281,39.91548023964001,5.484885999976541,15.024762999928498
117.96997356100019,80.05092048,39.997854,2.001380386057712,1.9490034338163285,40.053066480000005,0.6596780003746971,7.774255999720481
118.07257541699983,80.07855336,39.998080800000004,2.002059892833658,1.9491393351715178,40.08047256,3.299571999377804,10.13357299962081
118.16917876800017,80.01532800000001,39.99829079952,2.0004686800507043,1.948821092614927,40.01703720048001,0.6037690000084694,6.719758000144793
118.26901817100043,80.02098287999999,39.99851999964,2.000598594165989,1.9488470754379839,40.02246288035999,0.67691799995373,6.784443000469764
118.36946662199989,80.02706544000002,39.998739599640004,2.0007396793253025,1.9488752924698467,40.02832584036001,0.675862999742094,7.794570999976713
118.4699469799998,80.07049872,39.99895199964,2.0018149155688043,1.949090339718547,40.071546720360004,0.7191219992819242,7.851830999243248
118.56980807000036,80.00898408,39.99913560036,2.000267827769756,1.9487809221587373,40.009848479640006,0.8144210005411878,7.94037100058631
118.66973943799985,80.00069184,39.99932280036,2.000051156848085,1.948737587974403,40.001369039640004,0.7782539996696869,7.921684999928402
118.77204273300049,80.02433304000002,39.999489600240004,2.0006338540759745,1.948854127419981,40.02484343976001,3.2448490001115715,10.38665000032779
118.87168829999973,79.97241744000002,39.9996288,1.9993289897730253,1.9485931545593913,39.97278864000001,2.800674999889452,8.936496999922383
118.97200193400022,79.96961376000002,39.9997656,1.9992520596170695,1.9485777685282,39.96984816000001,3.5509099998307647,9.714046999761194
119.06980432300043,80.02996416,39.999871199880005,2.0007555464388616,1.9488784658925584,40.03009296012,0.7598090005558333,4.889302000265161
119.16923773800045,79.96557456000001,39.99997199988,1.9991407634045317,1.9485555092856925,39.965602560120004,0.748623000617954,7.854331000089587
119.26981894999972,79.9732728,40.00004880012,1.9993293808121575,1.9485932327672177,39.973223999880005,0.5403789991760277,7.641623999916192
119.36930945899985,79.98391728000001,40.000117200119995,1.9995920731892274,1.9486457712426315,39.98380007988002,0.8771989996603224,7.994018999852415
119.47134943600031,80.0302968,40.0001688,2.000748976839318,1.9488771519726498,40.030128000000005,2.648505999786721,9.758918000443373
119.57986309199987,79.99567848000001,40.000212,1.9998813626287784,1.9487036291305417,39.99546648000001,8.585269999457523,18.35137299985945
119.66966622099972,80.04569328,40.0002408,2.001130285195683,1.9489534136439226,40.045452479999994,0.7651789992451086,7.881109999289038
119.77453779900043,79.94675664,40.000258800000005,1.998655984695779,1.9484585535439418,39.94649784,3.583855000215408,12.29142200008937
119.86974240499967,80.02247976000002,40.0002696,2.000548510303041,1.9488370586653943,40.02221016000002,0.7814759992470499,8.192651999706868
119.9723597430002,80.03352816,40.000273199999995,2.0008245383684033,1.9488922642784667,40.03325496000001,1.2974840001334087,10.563079999883485
120.06952884400016,79.96018104000001,40.000273199999995,1.9989908728923387,1.948525531183254,39.959907840000014,0.7150680003178422,7.857350999984192
120.17341338700044,80.01409248,40.000266,2.000339009745585,1.9487951585539032,40.01382648,4.202457000246795,11.32172100005846
120.27450353299992,79.97063544000001,40.0002516,1.9992533106966761,1.9485780187441213,39.97038384000001,3.055715999835229,12.287032999665826
120.3698671230004,80.03645064000001,40.0002372,2.000899400666554,1.9489072367380968,40.03621344000001,0.7289370005310047,7.82857200010767
120.46912946199973,79.96740408000001,40.0002228,1.999173966601006,1.9485621499249874,39.967181280000005,0.7547719997091917,7.851794999623962
120.56910892300039,79.99437168000001,40.000203600119995,1.999849112762017,1.9486971791571897,39.99416807988002,0.6589360000361921,7.759699999951408
120.6707493189997,80.00615664000001,40.0001832,2.0001447553370206,1.9487563076721903,40.00597344000001,1.703676000033738,8.82225399982417
120.77135295800053,79.9546212,40.00016279988,1.9988573946564003,1.9484988355360662,39.954458400120004,2.6515250001466484,9.758715000316442
120.87234260199966,79.94687544000001,40.0001436,1.9986647107936886,1.9484602987635238,39.94673184000001,3.6665969992100145,10.764804999780608
120.97218806100045,80.00596656000002,40.000122000000005,2.0001430635636566,1.9487559693175174,40.005844560000014,3.3288499998889165,10.433892000037304
121.06994887600013,80.00632296,40.000104,2.000152873602529,1.9487579313252918,40.006218960000005,0.7600500002808985,7.88738800019928
121.16920760300036,79.99045128000002,40.000086,1.999756982522488,1.9486787531092837,39.99036528000001,0.562508999792044,7.670476999919629
121.26914354499968,79.98365592,40.000068,1.9995879987004024,1.9486449563448667,39.983587920000005,0.6511399997179979,6.8138699998598895
121.36951051300002,79.99876728000001,40.0000536,1.9999665020448874,1.9487206570137636,39.99871368000001,0.5146559997228906,7.627717000104894
121.4697567940002,79.97008896000003,40.0000392,1.999250264734741,1.9485774095517343,39.97004976000002,0.6062510001356713,7.737181999800669
121.56938650899974,79.98676848,40.0000248,1.9996679722058572,1.9486609510459576,39.98674368,0.7291789997907472,7.86368399985804
121.67283687899999,79.91919504000002,40.000014,1.9979791767072885,1.9483231919462438,39.91918104000002,3.6274849999244907,10.745434999989811
121.76976740100054,80.02606752000003,40.0000068,2.0006513478892716,1.9488576261826405,40.026060720000025,0.7332340001084958,7.8266090004035505
121.87137901900041,80.04871080000001,39.999999599999995,2.0012177900121784,1.9489709146072218,40.048711200000014,2.4476510006934404,9.54695200016431
121.9696632490004,80.01630216000001,39.999992400000004,2.0004079340775074,1.9488089434202875,40.016309760000006,0.8789220000835485,8.002815000509145
122.06991252999978,80.00910288000001,39.999985200000005,2.0002283120844755,1.9487730190216812,40.00911768000001,0.7649199997104006,7.86110999979428
122.16999097400003,79.98572304000001,39.9999816,1.9996439958362384,1.9486561557720339,39.98574144000001,0.741548999940278,7.843497999601823
122.27171677899969,79.97949792000001,39.999978,1.9994885477187017,1.9486250661485265,39.979519920000016,2.768266999737534,9.864993999144644
122.36949200100025,80.04334104,39.999978,2.0010846265965445,1.948944281924095,40.04336304,0.8642729999337462,6.975614000111818
122.46998078599972,79.95229272000002,39.9999744,1.9988085972375027,1.9484890760522866,39.95231832000002,0.7138080000004265,7.824479999726464
122.56917652999982,80.02956024000001,39.9999744,2.0007402864737838,1.9488754138995428,40.02958584000001,0.7444749999194755,7.8375899993261555
122.67412870299995,79.9818264,39.9999744,1.9995469397100416,1.9486367445467945,39.981852,4.915247000099043,12.08988300004421
122.77142741700027,79.90189776000001,39.9999744,1.9975487224311828,1.9482371010910227,39.90192336000001,2.7987310004391475,9.918106000441185
122.87649677599984,80.093142,39.999978,2.0023296512813085,1.9491932868610478,40.093164,8.108854000056454,14.232361999347631
122.96997759399983,80.05189464,39.999978,2.001298466714157,1.9489870499476174,40.05191664,0.8456989999103826,7.967221999933827
123.07171158399979,79.98455880000002,39.999978,1.9996150697882888,1.9486503705624438,39.98458080000002,0.7413639996229904,9.049053999660828
123.16988342400055,80.04381624000001,39.9999816,2.0010963265043107,1.9489466219056482,40.043834640000014,0.763809000090987,7.877369000198087
123.26915622599972,80.00206992000001,39.9999816,2.0000526680242277,1.9487378902096317,40.00208832000001,0.6063989994800068,7.717163000052096
123.36910683499991,80.01152640000002,39.999985200000005,2.0002889001068933,1.9487851366261648,40.01154120000002,0.7125120000637253,6.835925999439496
123.4697246579999,79.95181752,39.999985200000005,1.9987961775545857,1.9484865921157033,39.95183232,0.8333460000358173,7.960684999488876
123.56991982700038,80.06883552000001,39.9999888,2.001721448482006,1.9490716463011872,40.06884672000001,0.751270999899134,7.8729240003667655
123.66912414600029,80.0690256,39.9999888,2.0017262004833363,1.9490725967014533,40.069036800000006,0.6443990005209344,7.748144000288448
123.7721552869998,79.96916232000001,39.999992400000004,1.9992294378535933,1.9485732441755048,39.969169920000006,3.0689569994137855,10.176368999964325
123.87243903099989,79.92085824000002,39.999992400000004,1.998021835624149,1.9483317237296158,39.92086584000001,3.5740019993681926,10.72265599941602
123.97444637799981,80.02830096000001,39.999996,2.0007077240707725,1.9488689014189406,40.02830496000001,2.697340999475273,12.251477999598137
124.06998284099973,80.00781984000001,39.999996,2.0001956960195697,1.9487664958087,40.00782384000001,0.8385699993596063,7.963388999996823
124.16985759700037,80.02761192000001,39.999996,2.00069049806905,1.948865456218596,40.02761592000001,1.3928560001659207,7.51475200013374
124.26935580999998,80.00342424,39.999999599999995,2.0000856260008564,1.9487444818049573,40.003424640000006,0.5790099994555931,7.691996000176005
124.3690744329997,79.98474888000001,39.999999599999995,1.999618741996188,1.9486511050040236,39.98474928000002,0.6165839995446731,6.731053999828873
124.46924960199976,80.06584176000003,39.999999599999995,2.0016460640164615,1.9490565694080784,40.06584216000003,0.662677999571315,7.77668199953041
124.56987155499974,80.02062648,39.999999599999995,2.0005156820051573,1.9488304930058176,40.02062688000001,0.8342539995283005,7.9397219997190405
124.66967521700008,80.04296088000001,39.999999599999995,2.0010740420107407,1.9489421650069343,40.042961280000014,1.1160730000483454,8.216743999582832
124.77165482300006,80.032554,40.0000032,2.0008136899349047,1.948890094591767,40.0325508,2.5828569996519946,9.68097300028603
124.86917029899996,80.02882368,40.0000032,2.0007204319423653,1.9488714429932592,40.02882048,0.8233460002884385,7.941183999719215
124.9699214960001,79.97008896000003,40.0000032,1.9992520640598355,1.9485777694167532,39.970085760000025,0.7138820001273416,7.851553999898897
125.07272526199995,80.00508744,40.0000032,2.000127025989838,1.9487527618027536,40.005084239999995,3.5037789994021296,10.617820999868854
125.16937167000015,79.9609176,40.0000032,1.9990227800781775,1.9485319126204217,39.9609144,0.671474000228045,7.136709000405972
125.271464036,80.05733568000002,40.0000032,2.001433231885342,1.9490140029818546,40.05733248000002,2.777507999780937,9.902142999635544
125.3693946860003,80.05545864000001,40.0000032,2.001386305889096,1.9490046177826053,40.05545544000001,0.809791000392579,7.951852000587678
125.47024892100035,79.91430048000002,40.0000032,1.9978573521714122,1.9482988270390686,39.91429728000002,1.6878050000741496,7.844591000321088
125.5694272210003,80.02188576,40.0000032,2.0005469839562413,1.9488367533960345,40.02188256,0.838884000586404,7.954000000609085
125.67285360900041,79.94932272000001,40.0000032,1.9987329081013676,1.9484739382250598,39.94931952000001,3.517408999869076,10.673599000256218
125.76922351200028,80.05457952000002,40.0000032,2.001364327890854,1.949000222182957,40.05457632000002,0.602232000346703,7.719551999798568
125.86944219999987,79.99054632000002,40.0000032,1.9997634980189205,1.9486800562085702,39.99054312000002,0.6136960000731051,7.748607999928936
125.97110818800047,79.97122944,40.0000032,1.9992805760575538,1.9485834718162969,39.97122624,2.6299870005459525,8.758235000641434
126.07636325400017,80.02150560000001,40.0000032,2.0005374799570017,1.9488348525961865,40.02150240000001,4.81239300006564,14.168656000038027
126.17153198899996,79.9724412,39.999999599999995,1.9993110499931108,1.9485895666034083,39.97244160000001,2.7499150000949157,9.862975000032748
126.2731833480002,80.09176392,39.999999599999995,2.0022941180229417,1.9491861802093744,40.09176432000001,4.757169999720645,11.858767000376247
126.36908385400056,80.01739512000002,39.999999599999995,2.00043489800435,1.948814336205656,40.01739552000002,0.5719160008084145,7.684273000450048
126.47187786199993,79.99066512,39.999999599999995,1.9997666479976668,1.9486806862043196,39.99066552000001,3.3339989995511132,10.456836999765073
126.57199967700035,79.93088496000001,39.999999599999995,1.998272143982722,1.9483817854013306,39.93088536000002,0.9813860006033792,10.02520000020013
126.675217729,80.08420824000001,39.999999599999995,2.002105226021053,1.9491484018089966,40.084208640000014,6.123858999671938,13.238863999504247
126.76939217000017,79.96913856000002,39.999999599999995,1.9992284839922856,1.9485730534032433,39.96913896000002,0.879293000252801,7.0017260004533455
126.8739252610003,80.03604672000002,39.999999599999995,2.0009011880090126,1.9489075942065885,40.03604712000002,1.5346549998866976,12.300440999752027
126.97575064100056,80.04272328,39.999999599999995,2.0010681020106813,1.9489409770069224,40.04272368000001,4.012639000393392,13.92257800034713
127.07328010000037,79.95381336000001,39.999999599999995,1.998845353988454,1.948496427402477,39.95381376000002,4.433387000062794,11.562207000679336
127.17015612199975,79.96376880000001,39.999999599999995,1.9990942399909428,1.9485462046029747,39.963769200000016,0.8302729993374669,7.954018999953405
127.27254480800002,80.00442216,39.999999599999995,2.000110574001106,1.9487494714050073,40.00442256000001,3.2416639996881713,11.361462999957439
127.37094728000011,80.02221840000001,39.999999599999995,2.000555480005555,1.948838452605897,40.02221880000002,2.0201620000079856,9.123630000431149
127.47020971199981,80.05619520000002,39.999999599999995,2.00140490001405,1.949008336607596,40.056195600000024,1.7929559999174671,8.920071999455104
127.56954584800042,79.99230456000001,39.999999599999995,1.9998076339980768,1.9486888834044014,39.99230496000001,0.8377550002478529,4.949007000504935
127.67048121399966,80.02124424,39.999999599999995,2.0005311260053116,1.9488335818058484,40.021244640000006,1.1888719991475227,9.241946999281936
127.76972542200019,80.03039184000001,39.999999599999995,2.000759816007599,1.948879319806306,40.03039224000001,0.6167319997985032,7.736421999652521
127.87037458000032,79.98006816,39.999999599999995,1.9995017239950175,1.9486277014037896,39.98006856000001,1.2041310001222882,8.320710000589315
127.97473231599997,79.99016616,39.999999599999995,1.999754173997542,1.9486781914042945,39.990166560000006,5.637276999550522,12.766058999659435
128.0697145109998,80.04079872000003,39.999999599999995,2.0010199880102006,1.9489313542068263,40.04079912000003,0.7814749997123727,5.042377999416203
128.16905218400007,79.99009488000002,39.999999599999995,1.9997523919975246,1.948677835004291,39.99009528000002,0.5713049995392794,5.709500000193657
128.27213645600023,80.06824152,149.9212426914,0.5340686888836267,1.6555410943815114,-69.85300117140001,3.3876850002343417,8.475194000311603
128.37002995700004,80.00323416,147.6485316,0.5418491690573644,1.4328027093166822,-67.64529744000001,0.826532000246516,6.925519999640528
128.46986976800054,79.91465688000001,143.51957662680002,0.556820600772851,1.2576062876079162,-63.60491974680001,0.8970510007202392,6.9907619999867165
128.56946872400022,80.01494784000002,139.0741735608,0.5753400922064034,1.1211530485276135,-59.05922572079999,1.0192210002060165,6.112377999670571
128.66951311200046,79.9752924,135.08788374036,0.5920241711219131,1.0153272730464735,-55.11259134036001,0.9305890007453854,6.025691000104416
128.7702486600001,80.03595168000001,131.6929289166,0.6077467661964302,0.9338111716764649,-51.6569772366,1.056776999575959,7.1545609998793225
128.86976733600022,79.99862472000001,128.29045856759998,0.6235742362542604,0.8717637845920241,-48.291833847599975,1.0036270005002734,6.10885900005087
128.97402329299985,79.91807832000002,124.87418820936,0.639988771626783,0.8254087819989759,-44.95610988935998,5.014415000005101,11.106606999419455
129.07296429300004,80.00012160000001,121.45086060228,0.6587036205694714,0.792067749713075,-41.45073900227999,4.30707000032271,9.395115999723203
129.16950068000006,80.0281584,119.1721104,0.6715342887810435,0.7679610575266689,-39.143952,0.9239410001100623,6.031208999957016
129.2693212310005,80.08373304000001,116.32827416652,0.6884287901096413,0.7520546040432634,-36.24454112651999,0.9098660002564429,6.028950000654731
129.37141483800042,79.96305600000002,113.48854624908,0.7045914203932121,0.7552871300999775,-33.52549024907998,2.1972210006424575,8.004148000509304
129.469456842,79.98192144000001,111.21980693688,0.7191337913883606,0.7581956042990072,-31.237885496879997,0.7378079999398324,5.826056999467255
129.5698347919997,80.00256888000001,108.3896203248,0.7381017540264885,0.7619891968266328,-28.387051444799994,0.575305999518605,6.685497999569634
129.66999155200028,80.02195704,106.16814247644001,0.7537285213194518,0.7651145502852255,-26.146185436440007,0.6942150002942071,6.775591000405257
129.77153683600045,80.02678032000001,103.52979776772,0.7729830642531392,0.768965458871963,-23.503017447719984,2.2779260007155244,8.405730000049516
129.8691428330003,80.13215592000002,101.05852320000001,0.7929282299268747,0.7729544920067101,-20.926367279999994,0.7517720005125739,5.89013300032093
129.969741934,79.98676848,99.20090335536,0.8063108880517889,0.7756310236316929,-19.214134875360003,0.5697870001313277,6.6772019999916665
130.06941688999996,80.04450528000001,97.0172352,0.8250544876380894,0.779379743548953,-16.972729919999992,0.7937909995234804,5.903170000237878
130.16986306299987,79.95048696000002,95.3645667192,0.8383668034209543,0.7820422067055259,-15.414079759199979,0.7268449999173754,6.827018999501888
130.27175688900024,80.02421424,93.4022304,0.8567698426182337,0.7857228145449819,-13.378016159999987,2.48791100057133,8.58708400028263
130.37247997400027,80.03207880000001,91.54380003408001,0.8742490345627513,0.7892186529338854,-11.51172123408,3.10673600051814,9.00318399999378
130.47342585800016,80.06230152,90.229986,0.887313686605249,0.8088376596681581,-10.167684479999991,4.666224000175134,10.749379000117187
130.56956070100023,79.95238776,88.93996612884001,0.8989478098538912,0.8111644843178866,-8.987578368840019,1.083813999684935,6.200212000294414
130.66971786900012,79.96978008000002,87.56936560116,0.9132163917257006,0.8315748657994495,-7.59958552115998,1.1308330003885203,6.266139000217663
130.77413123600036,80.00359056,86.153598,0.9286157794593791,0.8509830485314355,-6.150007439999996,5.65446200016595,21.36712500032445
130.86953158600045,79.89712200000001,84.72106294092,0.9430609015814172,0.8538720729558431,-4.8239409409199965,0.7378079999398324,16.25726400015992
130.9722534069997,80.00477855999999,83.28733227324,0.9605875992945606,0.8752151782235866,-3.2825537132400058,3.4676859995670384,8.579064999139518
131.07185795500027,80.01480528000002,81.8595684,0.9774642945710915,0.8956650014930877,-1.8447631199999819,3.256071000578231,8.572454000386642
131.16903557499973,79.99201944000002,80.44411162860001,0.9943800462277805,0.9154080104400264,-0.4520921885999911,0.5479719993672916,5.656943999383657
131.27028329800032,79.98686352000001,78.76773554364,1.0154775044368842,0.9196275020818471,1.2191279763600136,0.9709050000310526,7.083485999828554
131.3696966389998,79.90969104000003,77.39014492224,1.0325564207211606,0.9422132858097099,2.5195461177600293,1.0071279994008364,6.110878000072262
131.4729855430005,79.98904944,75.75834779604001,1.0558446925921625,0.9649395671662004,4.230701643959989,1.8737340005827718,9.466191000683466
131.56899223599976,80.02171944000001,74.415006,1.07534385524339,0.9870204247816384,5.606713440000007,0.6681039994873572,5.781242000011844
131.66908742099986,80.03602296,72.82114560000001,1.0990766802767793,1.0094316758806667,7.2148773599999885,0.7222340000225813,5.829982999784988
131.76954533499975,80.01720504,71.245044,1.1231266141122742,1.0321706635269883,8.77216104,0.9340889992017765,6.046042999514611
131.87442702499993,80.02837224000002,69.684786,1.148433924156702,1.0554233156529311,10.343586240000022,5.910152000069502,11.020754000128363
131.97252054799992,80.03124720000001,68.138622,1.1745357456744578,1.0792458016572366,11.892625200000012,3.8080249996710336,8.91525599945453
132.0702832699999,80.09235792000003,66.6049968,1.2024977369265488,1.103896188711099,13.487361120000031,0.9815160001380718,7.095709000168426
132.17348915399998,79.97686056,64.82977294716,1.2336440021961168,1.1298457514081026,15.14708761284001,4.821726999580278,9.935494999808725
132.2772667700001,80.04631104,63.067842216360006,1.2692096039276848,1.1577185219120192,16.97846882364,5.094694000035815,13.871596000171849
132.36939606600026,80.00157096000001,61.56674539092,1.2994282944798772,1.1860604764255909,18.43482556908001,0.9437740000066697,6.060487000468129
132.46999768600017,79.93416384000001,59.82372,1.3361617070954466,1.216080722559562,20.11044384000001,0.9241260004273499,16.393378000429948
132.5694532130001,79.99653384000001,57.83792895972001,1.3831154620994794,1.2494876704675457,22.158604880280002,1.0735360001490335,16.588028999649396
132.66964428899973,79.94563992,56.1034692,1.4249678506512038,1.2845837065042773,23.842170720000006,0.9710709991850308,6.064024999432149
132.76939026499986,80.03369448000001,54.129274907040006,1.4785657967421044,1.3233801245518428,25.904419572960002,0.844920999952592,5.9393739993538475
132.8698499379998,79.98724368,52.19287323912,1.5325319093574516,1.3652104815129646,27.79437044088001,1.0735169998952188,6.1841379992984
132.97029048100012,79.97291640000002,50.3362908,1.5887725362552938,1.4099228924614307,29.636625600000016,1.1497960003907792,7.26176599982864
133.0697928239997,79.98783768000001,48.64577069988,1.6442917139392206,1.4567966567569888,31.34206698012001,1.1214629994356073,6.281435999881069
133.16986226800054,80.07829200000002,47.0884374594,1.7005935282741993,1.5055560310604308,32.98985454060002,0.8790510000835638,6.9803730002604425
133.26945051999974,80.01929592,45.737118,1.7495482754291602,1.5543544799341769,34.28217792,1.0307759994248045,6.132673999672988
133.36941653600024,80.02925136,44.87924234376,1.7832130664551482,1.6001261972383711,35.150009016240006,0.8975700002338272,15.376082999864593
133.46987502400043,79.99867224,43.8472512,1.824485459193392,1.6449980496293755,36.15142104,1.0211830003754585,7.130357000278309
133.56975500200042,79.95737736000001,43.14981149136,1.853017999302502,1.686602039564001,36.80756586864001,1.022127000396722,6.123766000200703
133.66952368300008,80.03039184000001,42.685211742119996,1.8748973842158392,1.7242611084943686,37.34518009788001,0.7330680000450229,5.838076999680197
133.76988046499991,80.05279752000001,42.21909,1.8961279724409033,1.7586344812836756,37.83370752000001,1.4935609997337451,5.614664999484376
133.86963134899997,80.01751392,41.7917524068,1.9146723770066225,1.7898420604282652,38.2257615132,0.9175149998554843,6.005653999636706
133.9733710569999,80.01399744000001,41.36840217792,1.934181482182233,1.818709944779059,38.645595262080015,4.088048000085109,10.21377799952461
134.06946854699981,79.94979792000002,41.0660496,1.9468587482541788,1.8443397054740829,38.883748320000024,1.0526830001253984,6.153173999337014
134.1713083350005,79.9861032,40.85133081912,1.9579803545240542,1.867067835284077,39.13477238088,2.8832320003857603,7.978166000611964
134.2696050100003,80.01651600000001,40.6640664,1.9677450654566118,1.8872032813185842,39.35244960000001,0.9563120001985226,6.051358000149776
134.36946548800006,80.00311536,40.4700408,1.9768479047345067,1.9051322060017688,39.533074559999996,0.7007699996393058,5.795778999527101
134.46956439600035,79.9765992,40.29244592256,1.984903059836846,1.9067432370222366,39.68415327744,0.5790089999209158,6.679146000351466
134.56936291000056,80.00280648,40.1156948844,1.994301898808965,1.9086230048166604,39.887111595600004,1.041646000885521,6.130063000455266
134.66964591400028,79.93898712000002,39.946938957,2.0011292281005204,1.9271242494734326,39.99204816300002,1.0704249998525484,6.243212999834213
134.7690725880002,79.98094728000001,39.8331072,2.0079012887048893,1.9284786615943064,40.14784008000001,0.6511769997814554,5.743296999753511
134.86965857799987,79.99719912,39.743434799999996,2.0128405992730154,1.9294665237079316,40.25376432000001,0.923478000004252,6.023264999384992
134.96916679100013,80.05008888,39.68739488232,2.017015455848447,1.946976310136035,40.362693997680005,0.6842330003564712,5.782575000012002
135.06918501200016,79.98588936,39.6478476504,2.0174081091434237,1.94705484079503,40.3380417096,0.7488820001526619,5.841242999849783
135.16973131600025,79.91845848000001,39.62527202556001,2.0168557689256787,1.946944372751481,40.293186454440004,0.7293630005733576,6.833258999904501
135.27176142200005,79.99527456,39.61619639208,2.0192568152754946,1.9474245820214442,40.37907816792,2.498243999980332,8.593139000367955
135.369433328,79.97001768000001,39.61645800804,2.018605945634272,1.9472944080931998,40.353559671960014,0.8365510002477095,5.935356000009051
135.4692118969997,79.95086712000001,39.6243288,2.0177216760830032,1.947117554182946,40.32653832000001,0.6533069999932195,5.747704999521375
135.57144574700033,80.01753768,39.639585600000004,2.0186269979573144,1.9472986185578083,40.37795208,2.774119000605424,7.877684000050067
135.67145496800003,79.97163336000001,39.658328362439995,2.0165154877213722,1.9468763165106198,40.31330499756002,2.8871209997305414,7.9821669996817946
135.772343611,80.01492408,39.68261515692,2.016372251767956,1.9468476693199366,40.33230892308,1.6372860000046785,9.086537000257522
135.8719951410003,80.02844352000001,39.7096703532,2.0153389038030864,1.9466409997269627,40.31877316680001,2.832230999956664,7.966815000145289
