elapsed_time_s,target_speed_kmh,reference_speed_kmh,raw_factor,applied_factor,speed_difference_kmh,processing_time_ms,can_to_control_latency_ms
3.893363772000157,19.947339360000008,127.72198440000001,0.15617780645757023,0.2,-107.77464504,3.546725000887818,8.649956000226666
3.990326850999736,19.979938080000004,126.58404058848001,0.15783931360631817,0.20000000000000004,-106.60410250848,0.569935999919835,5.651573999784887
4.091469719999623,19.972429920000007,126.0144576,0.15849316261311278,0.20000000000000004,-106.04202767999999,1.0141279999515973,7.12309800019284
4.190637112999866,20.020306320000007,125.44445699784,0.15959498569430397,0.20000000000000004,-105.42415067784,0.6705480000164243,5.781853999906161
4.2906898530000035,19.94128056,124.30363679999999,0.1604239511679356,0.20000000000000004,-104.36235624,0.7222340000225813,5.855131999851437
4.39089642899944,20.02871736,123.73291738512,0.16187056591949908,0.20000000000000004,-103.70420002512,0.604731999374053,5.6909069999164785
4.49105554200014,19.96439904,123.16219981416002,0.16209842849611625,0.20000000000000004,-103.19780077416002,0.6458630004999577,5.73637100023916
4.590664422999907,20.044280160000007,122.591538,0.16350459817218385,0.20000000000000004,-102.54725783999999,0.9220700003425009,6.040524000127334
4.690508418999343,20.042854560000006,122.02107659244,0.16425731619255188,0.20000000000000004,-101.97822203243999,0.622601999566541,5.7331299994984875
4.790479991999746,20.023014960000005,120.88081799999999,0.16564261634960153,0.20000000000000004,-100.85780304,0.711790000423207,5.845020999913686
4.8913000229995305,19.988634240000007,120.31102140588001,0.1661413393920625,0.20000000000000004,-100.32238716588,1.2120390001655323,6.298622000031173
4.990921292999701,19.976659200000004,119.7414689886,0.16683158615585286,0.20000000000000004,-99.7648097886,0.8578289998695254,5.9406889995443635
5.090697806999742,20.013867360000003,119.1721104,0.16794086546612003,0.20000000000000004,-99.15824303999999,0.9614050004529417,5.945781999798783
5.1906528969993815,20.01631464,118.60297621884,0.16876738913420644,0.20000000000000004,-98.58666157884,0.9240149993274827,5.610516999695392
5.290886603999752,19.97981928,117.46526400000002,0.17009129847952326,0.20000000000000004,-97.48544472000002,0.6859369996163878,5.843261999871174
5.390356334999524,19.960953840000002,116.89667342964,0.17075724444814488,0.20000000000000004,-96.93571958964,0.587009999435395,5.673388999639428
5.490385649000018,20.005052400000004,116.32827416652,0.17197067989991363,0.20000000000000004,-96.32322176651999,0.5969170006210334,5.682130000423058
5.590841506999823,19.9688184,115.7599908,0.17250190037160923,0.20000000000000004,-95.7911724,0.9071080003195675,6.0258210005486035
5.690360663999854,20.021161680000006,115.19188143912001,0.17380705506213454,0.20000000000000004,-95.17071975912,0.6276579997575027,5.723166999814566
5.790642611999829,19.989465840000005,114.0561612,0.17525985119688567,0.20000000000000004,-94.06669536,0.6379360002028989,5.771111999820278
5.891147415999512,19.970053920000005,113.48854624908,0.17596536901768528,0.20000000000000004,-93.51849232908,1.094444000045769,6.181767999805743
5.9901726949992735,20.000181600000005,112.92112494684,0.17711638641056324,0.20000000000000004,-92.92094334683999,0.6124550000095041,3.7002089993620757
6.090664628000013,20.021898240000006,112.3538328,0.178203962793515,0.20000000000000004,-92.33193456000001,0.9134230003837729,6.0319130006973865
6.1906223480000335,19.996665120000003,111.78672425928,0.17888228904193848,0.20000000000000004,-91.79005913928,0.6223059999683755,5.722519000300963
6.290958907999993,19.957627440000003,110.6530092,0.18036226564726812,0.20000000000000004,-90.69538176,0.6680670003333944,5.773853000391682
6.391146427999956,20.009186640000003,110.08638186876,0.1817589632826161,0.20000000000000004,-90.07719522875999,0.6514360002256581,5.75963099981891
6.490282579999985,20.039718240000003,109.51999852356,0.18297770736080723,0.20000000000000004,-89.48028028356,0.5968800005575758,3.705449999870325
6.59051171200008,20.031521040000005,108.95409000000001,0.18385285986051558,0.20000000000000004,-88.92256896,0.5836580003233394,5.681019000803644
6.690093778000119,19.979177760000006,108.3896203248,0.1843274079208919,0.20000000000000004,-88.41044256480001,0.5765280002378859,4.67341000057786
6.79074747300001,20.021731920000008,107.2690236,0.1866497078845417,0.20000000000000004,-87.24729167999999,0.9972570005629677,6.149507999907655
6.890917343999718,20.0524536,106.7157381744,0.1879053075304536,0.20000000000000004,-86.6632845744,0.6071389998396626,5.726018999666849
6.9905530969999745,20.01926088,106.16814247644001,0.1885618455125794,0.20000000000000004,-86.14888159644,0.6786970006942283,4.801838000275893
7.090769894999539,20.013938640000003,105.6267,0.18947802629448807,0.20000000000000004,-85.61276136,0.9146259999397444,6.028764999427949
7.1910253979995105,19.932584400000003,105.09255256644,0.18966695463409294,0.20000000000000004,-85.15996816644,1.0347939996790956,6.30262100003165
7.291039933999855,20.040431040000005,104.04380160000001,0.19261532865788714,0.20000000000000004,-84.00337056000001,1.0187570005655289,5.198325000492332
7.390932819999762,20.017859040000005,103.52979776772,0.19335359936578045,0.20000000000000004,-83.51193872772,0.6508440001198323,5.7487789999868255
7.491187341999648,19.996094880000005,103.02222167028,0.19409496859810496,0.20000000000000004,-83.02612679028,0.7311230001505464,5.826890999742318
7.590099545000157,19.941066720000002,102.5212176,0.19450672930751461,0.20000000000000004,-82.58015087999999,0.5021930001021246,4.594723000082013
7.690806167000119,19.991960640000002,102.02755057092,0.19594668820460864,0.20000000000000004,-82.03558993092,1.2419280001267907,6.332159000521642
7.797878557999866,20.01284568,101.05852320000001,0.19803223960035068,0.20000000000000004,-81.04567752000001,4.424515999744472,13.040712000474741
7.890588197999932,20.024606880000004,100.5844645674,0.1990825021152431,0.20000000000000004,-80.5598576874,0.6207140004335088,5.723186000068381
7.99064530799933,20.018761920000003,100.11682407456,0.19995402476102747,0.20000000000000004,-80.09806215456,0.5812869994770153,5.675091999364668
8.090499304999867,19.949002560000004,99.6554196,0.20017980597615187,0.2000359611952304,-79.70641703999999,0.6225100005394779,5.724686000576185
8.190471987999445,20.0437812,99.20090335536,0.20205240599673432,0.2004104811993469,-79.15712215536,0.818124000034004,5.9190769998167525
8.2912114439996,20.00044296,98.30977200000001,0.2034430815280499,0.20068861630561002,-78.30932904000001,1.0215350002908963,6.168507999973372
8.390921066999908,19.98309816,97.8735417174,0.20417262734497935,0.2008345254689959,-77.8904435574,0.6127130000095349,5.701443999896583
8.490740748999997,19.979462880000007,97.4428009488,0.20503785487958157,0.20100757097591634,-77.4633380688,0.7014930006334907,5.786335000266263
8.591017362999992,19.945319760000004,97.0172352,0.20558532428679233,0.2011170648573585,-77.07191544,1.1326479998388095,6.240991000595386
8.690737078999518,19.996498800000005,96.5968788276,0.20700978171032308,0.20140195634206465,-76.60038002759998,1.0710729993661516,5.160157999853254
8.790467295999406,20.017003680000002,95.77031400000001,0.20901052574600518,0.20180210514920108,-75.75331032000001,0.8223099994211225,4.955987999892386
8.89037779299997,20.04684624,95.3645667192,0.21021273340472185,0.2020425466809444,-75.3177204792,0.6291580002653063,4.737891999866406
8.99066120399948,19.958316480000004,94.96329557112,0.21016874319671017,0.20203374863934206,-75.00497909111999,0.6503249996967497,5.734981999921729
9.090768131000004,20.008782720000003,94.5663588,0.21158457377339565,0.20231691475467917,-74.55757608,1.008943000670115,6.120914999883098
9.191346675999739,19.994835600000002,94.174192188,0.21231756955328374,0.20246351391065678,-74.179356588,0.7915679998404812,6.330529000479146
9.29073238699948,20.014508880000005,93.4022304,0.21428298654418435,0.2028565973088369,-73.38772151999999,1.1026479996871785,6.277194999711355
9.390512381999542,20.003151600000006,93.02273843976,0.21503507567618768,0.20300701513523756,-73.01958683976,0.6175469998197514,5.705962999854819
9.490908351000144,19.962807120000008,92.64714746436,0.21547136276029877,0.20309427255205978,-72.68434034436,0.6253999999898952,5.710575000193785
9.591308596999625,20.020282560000002,92.2753512,0.2169624097838167,0.20339248195676338,-72.25506864,0.9661269996286137,6.074765999983356
9.690794919999462,19.984523760000002,91.90774187532001,0.21744113555864053,0.20348822711172815,-71.92321811532001,0.5739719999837689,5.667147000167461
9.790549896999437,20.013178320000005,91.18332720000001,0.219482869670937,0.20389657393418742,-71.17014888,0.6949559992790455,5.816187999698741
9.890604174000146,19.963234800000002,90.82626727716,0.21979582997814268,0.20395916599562858,-70.86303247716,0.6408810004359111,5.729482000788266
9.990933196999322,20.016338400000006,90.49275072252001,0.22119272803825535,0.2042385456076511,-70.47641232252,0.6069359997127322,5.687944999408501
10.090567041999748,19.994645520000006,90.229986,0.22159646040508094,0.20431929208101623,-70.23534047999999,0.9218490004059277,6.043080000381451
10.191033936999702,20.014271280000003,89.97537570984001,0.2224416527533452,0.20448833055066906,-69.96110442984,0.5861760000698268,5.6731849999778206
10.290812894999362,20.012132880000003,89.463996,0.22368923561160853,0.20473784712232174,-69.45186311999998,0.7979019992490066,5.928281999331375
10.390565667999908,19.989679680000002,89.20390877064,0.2240897283032431,0.20481794566064865,-69.21422909064,0.5902140001126099,5.701890000636922
10.490314143999967,20.024036640000006,88.93996612884001,0.22514104189103054,0.20502820837820615,-68.91592948884,0.6112689998190035,5.695315000593837
10.590929744999812,19.983858480000002,88.67209319999999,0.22536806969162654,0.20507361393832535,-68.68823472,0.610973000220838,5.711814999813214
10.69074996299969,20.00809368,88.40035494252,0.2263349925801739,0.2052669985160348,-68.39226126252,0.6868259997645509,5.800687000373728
10.791118430999632,19.95183,87.848676,0.22711588732424381,0.20542317746484878,-67.896846,0.948367000091821,5.177416999686102
10.890929296999275,19.956843360000004,87.56936560116,0.22789754411256855,0.20557950882251375,-67.61252224116,0.5599719997917418,5.6510359991079895
10.99045704799937,20.023751520000005,87.28852283424,0.22939730069696448,0.20587946013939293,-67.26477131424,0.8970709995992365,4.000713999630534
11.090451082999607,20.015079120000003,87.0063516,0.2300415860673786,0.20600831721347576,-66.99127247999999,0.9436629998162971,6.059413000002678
11.190160762999767,19.974473280000005,86.72295272472,0.23032510601206002,0.20606502120241205,-66.74847944472,0.6225659999472555,5.726981999941927
11.291780435999499,19.975328640000008,86.153598,0.23185716097428696,0.20637143219485743,-66.17826936,0.6266399996093241,7.2542110001450055
11.390416282999468,20.028646080000005,85.86785308104,0.23324964304275145,0.20664992860855033,-65.83920700104,0.8725699999558856,4.999673999918741
11.491131496999515,19.979938080000004,85.58162373024,0.23346060999004106,0.20669212199800824,-65.60168565024,0.7062889999360777,5.795815999590559
11.590907417999915,20.010921120000003,85.29498720000001,0.23460840756184556,0.20692168151236914,-65.28406608,0.8802550000837073,6.006820000038715
11.690628560999357,19.952756640000004,85.00807466063999,0.23471601632731048,0.20694320326546212,-65.05531802063999,0.5299349995766534,5.614091999632365
11.794218061999345,20.013724800000006,84.4340256,0.23703388127925534,0.2074067762558511,-64.42030079999999,3.9825269996072166,9.228353999787942
11.890221162999296,20.042545680000003,84.14709986268001,0.23818462802292076,0.2076369256045842,-64.10455418268,0.6364179998854524,5.720537999877706
11.99071892899974,19.98133992,83.86035093324,0.23826921420716274,0.20765384284143257,-63.87901101324,0.7077890004438814,5.7908170001610415
12.090742243000022,19.99573848,83.57374440000001,0.2392586167289161,0.20785172334578325,-63.57800592000001,0.7044000003588735,5.81828000031237
12.190514348999386,19.957698720000007,83.28733227324,0.23962466050089065,0.20792493210017815,-63.32963355323999,0.7106779994501267,4.823281999961182
12.290732536999712,20.080846800000003,82.71519119999999,0.2427709651476935,0.20855419302953873,-62.63434439999999,0.8238290001827409,5.954522999672918
12.390907111999695,19.963519920000003,82.42958789064,0.24218876292922595,0.20843775258584524,-62.46606797063999,0.776494000092498,5.873465999684413
12.490717366999888,20.042545680000003,82.1443748994,0.24399170003479323,0.20879834000695868,-62.1018292194,0.6158610003694776,5.701351999960025
12.59080221899967,19.943585280000004,81.8595684,0.24363169351867733,0.2087263387037355,-61.91598311999999,1.1428509997131187,5.2977149998696405
12.69147702600003,20.010279600000004,81.5753019186,0.24529825975964245,0.20905965195192852,-61.5650223186,0.8087910000540433,6.995596000706428
12.790713919000154,19.99573848,81.008424,0.246835298017895,0.20936705960357904,-61.012685520000005,0.6987700007812236,5.818520000502758
12.890419949999341,20.023704000000006,80.72594195508,0.24804546735598584,0.20960909347119722,-60.702237955079994,0.5969349995211815,5.681351000021095
12.990997496000091,19.959053040000004,80.44411162860001,0.24811080184648385,0.20962216036929682,-60.48505858860001,0.6493810005849809,5.731668000407808
13.091310963000069,19.93465152,80.16292080000001,0.2486767113904861,0.20973534227809726,-60.228269280000006,0.9887200003504404,6.0855810006614774
13.19026783299978,20.053213920000005,79.88247759636,0.2510339504156011,0.21020679008312027,-59.82926367636,0.6683069996142876,4.770317999827967
13.291410776999328,19.970885520000003,79.3236456,0.2517645951461414,0.2103529190292283,-59.35276008,0.8852179998939391,6.029727999703027
13.390407610999318,20.01358224,79.04533843908,0.25319117654767725,0.2106382353095355,-59.03175619907999,0.5718059992432245,4.7133729995039175
13.490579741999682,19.989655920000004,78.76773554364,0.25377974600939307,0.21075594920187865,-58.77807962364,0.5476939995787689,5.62901699959184
13.590681427999698,20.006573040000003,78.49080000000001,0.2548906755951016,0.21097813511902036,-58.48422696,0.5895840004086494,5.675888999576273
13.690222178000113,20.030499360000004,78.21462648168,0.2560965929395788,0.2112193185879158,-58.18412712167999,0.6725470002493239,4.773077000209014
13.791118061999441,19.99569096,77.664276,0.2574631734157929,0.2114926346831586,-57.668585039999996,0.7876609997765627,5.918077999922389
13.890756517999762,19.98281304,77.39014492224,0.25820875590914466,0.21164175118182896,-57.40733188224,0.6599549997190479,5.744056000366982
13.990648792999309,19.952352720000004,77.11665906204,0.25872947509238475,0.211745895018477,-57.16430634203999,0.7211039992398582,5.8059829998455825
14.091523231999417,20.065901760000003,76.84376400000001,0.26112596150287487,0.21222519230057502,-56.777862240000005,1.0377579992564279,7.137208999665745
14.191037314999448,20.002011120000006,76.57151215932001,0.26122000932125294,0.21224400186425063,-56.56950103932,0.5788979997305432,5.673332999322156
14.290956793999612,20.025343440000004,76.0287708,0.263391650677588,0.21267833013551762,-56.00342736,0.6397139995897305,5.759444999966945
14.390646361999643,19.946626560000002,75.75834779604001,0.26329278739949813,0.21265855747989965,-55.811721236040015,0.603806000071927,5.689147999873967
14.49030946699986,20.016148320000003,75.48852418956,0.26515485015626017,0.21303097003125207,-55.47237586956,0.645177000478725,5.728353000449715
14.59138240899938,19.997520480000006,75.2192532,0.2658564081569479,0.2131712816313896,-55.22173271999999,1.114628999857814,6.225323999387911
14.69144194599994,19.989703440000003,74.95062063156,0.26670497551000655,0.21334099510200133,-54.96091719156,1.5366360003099544,6.629497000176343
14.79117312499966,19.977443280000003,74.415006,0.2684598759556641,0.21369197519113287,-54.43756272,0.7719380000708043,5.916670000260638
14.890614040999935,19.973617920000006,74.14805826504,0.26937479399129927,0.21387495879825988,-54.17444034504,0.6640290002906113,5.753279000600742
14.990501518999736,19.997710560000005,73.88164732212,0.2706722343752172,0.21413444687504346,-53.88393676212,0.7359190003626281,5.824335000397696
15.09108052800002,20.020638960000003,73.6157304,0.27196142524451544,0.21439228504890312,-53.595091440000004,1.2605390002136119,6.369771000208857
15.191310363999946,19.986020640000003,73.35037389672,0.27247333010382535,0.2144946660207651,-53.364353256719994,0.8261250004579779,5.947079000179656
15.290306252999471,19.934128800000007,72.82114560000001,0.27374093933507143,0.21474818786701433,-52.8870168,0.617732000137039,5.740148999393568
15.39049449599952,20.052501120000006,72.5572975266,0.2763678059074433,0.2152735611814887,-52.50479640659999,0.7337899996855413,5.81787200007966
15.49031704799927,20.063121840000004,72.29392966188,0.2775215282090154,0.21550430564180312,-52.23080782187999,0.659047999761242,5.74488999973255
15.59142213799987,19.981577520000002,72.0309996,0.2774024743646623,0.2154804948729325,-52.04942208,0.9865709998848615,6.089487999815901
15.690942704000008,20.006097840000006,71.76857475492001,0.2787584664780947,0.21575169329561897,-51.76247691492,0.5758800007242826,5.665463000696036
15.7905815109998,19.921607280000007,71.245044,0.2796209555292016,0.21592419110584035,-51.32343671999999,0.6988630002524587,5.824613000186218
15.890269319999788,20.022896160000002,70.98396198156,0.28207633951457217,0.21641526790291446,-50.96106582156,0.6405290005204733,5.731389999709791
15.99019648400008,19.995429600000005,70.72330840811999,0.2827275766655772,0.21654551533311547,-50.72787880811998,0.6581590005225735,3.748116000679147
16.091324463999626,20.022753600000005,70.4630484,0.2841596277006943,0.2168319255401389,-50.440294800000004,0.9508109997113934,6.060116999833554
16.193149566999637,19.950594480000003,70.20323360676001,0.2841834122877058,0.2168366824575412,-50.25263912676,0.7064559995342279,8.660640999551106
16.290720599999986,19.95306552,69.684786,0.28633316775917195,0.21726663355183443,-49.73172048000001,0.7355300003837328,5.849965000379598
16.390259331999914,20.013202080000003,69.42616643052,0.2882659825388562,0.21765319650777126,-49.41296435052,0.6226020004760358,5.713556000046083
16.490881044999696,19.997615520000004,69.16793076036001,0.2891168681810645,0.21782337363621293,-49.170315240360004,0.6669550002698088,5.750741999690945
16.591227197999615,19.99238832,68.9100444,0.29012299286807597,0.21802459857361522,-48.91765608,0.9403309995832387,6.05339499998081
16.691755204999936,19.939118400000005,68.65255165284,0.2904352120927346,0.21808704241854696,-48.71343325284,2.2750369998902897,7.365860999925644
16.79087048600013,20.03240016,68.138622,0.29399479431797143,0.21879895886359432,-48.106221839999996,0.6855120000182069,5.806910000501375
16.890503496999372,19.989750960000002,67.88219487408,0.2944770863269898,0.218895417265398,-47.89244391408,0.6136949996289331,5.695092999303597
16.991016225999374,20.013202080000003,67.62610951776,0.2959389830749339,0.2191877966149868,-47.61290743776,0.5770649995611166,6.6604779995032
17.090741183999853,19.951568640000005,67.3703316,0.2961476983438212,0.21922953966876427,-47.418762959999995,0.9487570005148882,5.053083000348124
17.191681345999314,20.029715280000005,67.11490889388001,0.2984391338692028,0.21968782677384058,-47.08519361388001,0.8189209993361146,6.386696999470587
17.29301003299952,19.955607840000006,66.6049968,0.29961127240831886,0.2199222544816638,-46.64938895999999,0.657806999697641,8.492193999700248
17.390522898999734,19.99749672,66.35051611272,0.3013917282275111,0.22027834564550225,-46.35301939272,0.7875130004322273,5.878113999642665
17.490834383999754,19.978322400000007,66.09634228008,0.30226063517014073,0.23667480355042997,-46.118019880079984,0.609732000157237,5.6955190002554446
17.590732863000085,19.989869760000005,65.84244120000001,0.30360158881836846,0.2369429942800755,-45.852571440000006,0.5741580007452285,5.667241000082868
17.690620712000054,20.071010160000004,65.3355578628,0.30719887939347956,0.23766245239509773,-45.2645477028,0.6929380006113206,5.811521000396169
17.790174461999413,20.01505536,65.0825172,0.30753351623590863,0.23772937976358355,-45.06746183999999,0.5718049997085473,5.6558879996373435
17.890496651999456,20.052192240000004,64.82977294716,0.30930529798930034,0.23808373611426187,-44.77758070715999,0.8315879995279829,5.928392999521748
17.99091061999934,19.94479704,64.3250772,0.3100625433839355,0.23823518519318893,-44.38028016,0.7035299995550304,5.826446999890322
18.090621391999775,20.0170512,64.07313216300001,0.3124094378448249,0.23870456408536678,-44.056080963000014,0.6838810004410334,5.766946000221651
18.19131754999944,20.008758960000005,63.821447030879995,0.3135115214532627,0.23892498080705435,-43.812688070879986,0.8872359994711587,5.987281999296101
18.29065555699981,20.007642240000003,63.318792978,0.3159826853767036,0.2394192135917425,-43.311150737999995,0.6364179998854524,4.9718769996616174
18.390364513999884,19.978821360000005,63.067842216360006,0.31678301742845155,0.2395792800020921,-43.08902085636,0.53174900040176,5.616980000013427
18.490907947999403,19.953326880000006,62.817102,0.31764163332463197,0.2397510031813282,-42.86377511999999,0.9337189994766959,6.037931999344437
18.59076914799971,20.046751200000003,62.316336202920006,0.3216933539661572,0.24056134730963324,-42.26958500292,0.9740719997353153,6.111063000389549
18.690111191000142,19.998019440000004,62.0662572,0.32220437226557946,0.2568899523008225,-42.06823776,0.5934720002187532,5.676259000210848
18.790917925999565,19.971170640000004,61.816400204400004,0.3230723654881878,0.25706355094534417,-41.8452295644,0.8282729995698901,5.937855999945896
18.89053399199929,19.948289760000005,61.3172556,0.3253291355720755,0.2575149049621217,-41.36896584,0.6993629995122319,5.808630999126763
18.9915338589999,20.025723600000003,61.06795901532,0.32792521516850087,0.25803412088140676,-41.04223541531999,1.0201270006291452,6.273064999732014
19.090663102999315,20.00735712,60.5698452,0.33031877585184916,0.2585128330180764,-40.56248808,0.6040099997335346,5.7140929993693135
19.190777363000052,20.005812720000005,60.321011824440006,0.33165578817254415,0.2587802354822154,-40.31519910444,0.5893240004297695,5.678685000020778
19.291979584999353,20.011016160000004,59.82372,0.3344996961071629,0.25934901706913915,-39.81270384,0.6385469996530446,6.966168999497313
19.390580616999614,19.96485048,59.575234631040004,0.33511996391866283,0.25947307063143915,-39.61038415104001,0.5809169997519348,5.663554999955522
19.490985862999878,20.046347280000003,59.32685536668,0.3378966769113254,0.26002841322997167,-39.28050808668,0.5705280000256607,5.656666000504629
19.590345739999975,20.000466720000006,58.83030103571999,0.3399687978454559,0.2604428374167978,-38.829834315719985,0.5986390006000875,5.6825000001481385
19.690741207999963,20.007333360000004,58.582136562840006,0.34152618074177776,0.26075431399606214,-38.57480320284,1.1571300001378404,5.275084999993851
19.790429349999613,19.97794224,58.08593863908,0.3439376673265794,0.2773909846621656,-38.107996399079994,0.6588249998458195,5.757537999670603
19.89416041000004,20.03399208,57.83792895972001,0.3463815603416963,0.277879763265189,-37.80393687972001,1.2503349998951307,9.116167000684072
19.990728407999995,19.9787976,57.342037042080015,0.34841450758609627,0.278286352714069,-37.363239442080015,0.6819549998908769,5.7875200000125915
20.091523660999883,20.012085360000004,56.8463904,0.3520379257009079,0.2790110363370313,-36.83430503999999,1.2005380003756727,6.340732999888132
20.190317158999278,19.978821360000005,56.598664646159996,0.3529910375960697,0.27920165871606367,-36.61984328615999,0.6959379998079385,5.797279999569582
20.29027195299932,19.961619120000005,56.1034692,0.35580008517548156,0.27976346823194603,-36.14185008,0.7119749998309999,4.821800999707193
20.390952499999912,20.021256720000004,55.85601705192,0.358444045542839,0.28029226030541754,-35.834760331919995,0.6366590005200123,5.737520000366203
20.490834514999733,19.976302800000003,55.361502,0.36083382997809565,0.28077021719246886,-35.3851992,1.1305919997539604,6.251787000110198
20.591479838999476,19.994502960000002,55.11448426104,0.3627812766114181,0.29717242907625874,-35.11998130104,1.1215919994356227,6.245582999326871
20.690384023999286,19.975590000000004,54.621129599999996,0.3657117702670141,0.29775852780737794,-34.64553959999999,0.8076429994616774,4.9143389996970654
20.79097771799934,20.028004560000003,54.129274907040006,0.3700031931777305,0.2986168123895212,-34.10127034704,0.5823429992233287,5.670777999512211
20.891412426999523,20.006644320000003,53.639823519000004,0.37298117345433396,0.29921240844484187,-33.633179199,1.045571999384265,6.147803000203567
20.990327185999377,20.053499040000005,53.39627886095999,0.37555986049548234,0.2997281458530716,-33.34277982095998,0.5515459997695871,4.639778999262489
21.090102069999375,19.966584960000006,52.911826772759994,0.3773558045113494,0.300087334656245,-32.94524181275999,0.5799539994768566,5.671295999491122
21.190724338999644,19.994811840000004,52.431354000000006,0.3813521931934087,0.30088661239265685,-32.43654216,1.065499000105774,5.2351599997564335
21.29046075899987,20.033944560000002,52.19287323912,0.3838444468886608,0.3174781792918577,-32.158928679119995,0.6146579999040114,5.705999999918276
21.39010104799945,19.971598320000002,51.7195728,0.38615164895561555,0.3179396197052486,-31.74797448,0.5426749994512647,5.6268689995704335
21.491074710999783,20.017407600000006,51.25197464352,0.3905685144666107,0.31882299280744764,-31.234567043519995,0.6632699996771407,5.745444999774918
21.59067072200014,19.933558560000005,50.790500615160006,0.3924662745704502,0.31920254482821553,-30.85694205516,0.7633090008312138,5.867744000170205
21.692866755999603,19.994455440000003,50.3362908,0.39721749700317616,0.3201527893147607,-30.341835359999997,2.6356170001236023,7.101318999957584
21.790856351999537,19.95969456,50.11288355160001,0.3982946728548955,0.3203682244851046,-30.153188991600008,0.7731240002613049,5.8735769998747855
21.89065416199992,20.085575040000005,49.674693600000005,0.40434220292805195,0.32157773049973587,-29.58911856,0.7155299999794806,5.797409000479092
21.990886128000056,20.013273360000003,49.250702957399994,0.4063550803997809,0.3385332004797449,-29.23742959739999,0.7892540006650961,5.887502999939898
22.09032872899934,19.998518400000002,48.843424394639996,0.4094413659128005,0.3391504575823488,-28.844905994639994,0.6012320000081672,4.694150999966951
22.19098264599961,20.03981328,48.452410799999996,0.4135978571369663,0.339981755827182,-28.412597519999995,0.587990999520116,5.677795999872615
22.290562877999946,19.968462000000006,48.08098079244,0.41530895732351075,0.34032397586449087,-28.112518792439996,0.5727130001105252,5.668518000675249
22.39088143799927,19.991247840000007,47.73311541108001,0.4188129701536212,0.34102477843051293,-27.74186757108,0.5603609997706371,5.674740999893402
22.490931493000062,19.953493200000004,47.402834399999996,0.4209346013283966,0.341449104665468,-27.449341199999992,0.5849720000696834,5.7125740004266845
22.59163952200015,20.007048240000007,47.0884374594,0.4248823983010741,0.34223866406000353,-27.08138921939999,1.3168920004318352,5.5224970001290785
22.69279202100006,19.978892640000005,46.78942267872,0.4269959212188886,0.3591901154917806,-26.810530038719996,2.2557400006917305,7.464287999937369
22.791303439999865,19.996237440000005,46.505340000000004,0.4299772335822081,0.35978637796444446,-26.50910256,0.9488300001976313,5.10586099971988
22.89073818899942,20.003935680000005,46.23597981828,0.4326486809324886,0.3603206674345006,-26.232044138279996,1.041775999510719,5.199343999265693
22.990590258999873,19.986923520000005,45.980150301,0.4346859109672227,0.3607281134414474,-25.993226780999997,0.5778610002380447,5.6957590004458325
23.091004653999335,20.066139360000005,45.737118,0.4387276732215616,0.3615364658923152,-25.670978639999998,0.6076579993532505,5.7163889996445505
23.19058690499969,20.00191608,45.506512643040004,0.43953963769753285,0.3616988587875094,-25.504596563040003,0.5833429995618644,5.695629999536322
23.29101081799945,20.024488080000005,45.287192655720006,0.44216669008894305,0.3622242692657915,-25.26270457572,0.9449780000068131,6.084413999815297
23.390546568999525,19.92904416,45.0783612,0.4420977965809458,0.362210490564192,-25.149317040000003,0.923570999475487,5.062305000137712
23.491055279999273,20.042521920000006,44.87924234376,0.4465877959008529,0.36310849042817345,-24.836720423759992,1.324854999438685,5.477829999108508
23.590270839999903,19.99856592,44.68884653556,0.44750687185641846,0.37998816671382246,-24.690280615560003,0.7623460005561356,4.8502270001336
23.69008741000016,20.016029520000004,44.5069872,0.44972780184051653,0.3804323527106421,-24.490957679999994,0.5708620001314557,5.658407000737498
23.79080658699968,19.912364640000003,44.2466028,0.450031491231232,0.38049309058878517,-24.334238159999995,0.8738659998925868,5.974820000119507
23.89143052199961,19.990606320000005,44.00340175728001,0.45429683891865746,0.38134616012627026,-24.012795437280005,1.062461999936204,5.227955999544065
23.990773564999472,20.041333920000007,43.66973996280001,0.45892954565500466,0.3822727014735397,-23.628406042800002,0.5781569998362102,5.676185000083933
24.090595542999836,20.012893200000008,43.4890224,0.46018264140147713,0.38252332062283423,-23.476129199999995,0.6463810004788684,5.762482999671192
24.19405713499964,20.029430160000004,43.38262898712,0.4616924014896977,0.38282527264047833,-23.353198827119996,0.6289550001383759,8.731087000342086
24.29026360899934,19.95518016,43.28707946904,0.46099622346368835,0.3826860370352764,-23.33189930904,0.6149909995656344,5.717759999242844
24.392626979999477,20.09467512,43.14981149136,0.46569554826499326,0.3836259019955374,-23.055136371359996,2.255721999972593,7.468400000107067
24.490890357999888,19.986424560000007,43.0586712,0.4641672397916452,0.399734169554759,-23.072246639999992,1.0910920000242186,5.2577340002244455
24.591029413999422,19.990986480000004,42.96641252832,0.46527008664788,0.39995473892600597,-22.975426048319996,0.6439919998229016,5.768111999714165
24.69140351199985,19.974829680000003,42.826322138760005,0.466414781434658,0.40018367788336157,-22.851492458760003,1.0361100003137835,6.13797100049851
24.792264413999874,20.016884880000003,42.73230025872,0.4684251668833422,0.4005857549730984,-22.71541537872,1.6265829999611015,6.944151000425336
24.890726738999547,20.033208000000002,42.6381012,0.46984287377224954,0.40086929635087987,-22.6048932,0.6183799996506423,5.728463999730593
24.990958630999557,19.993932720000004,42.54392974068,0.469959706164192,0.4008926628292684,-22.549997020679996,0.8455699999103672,5.985820000205422
25.093379539000125,20.030808240000002,42.403340131920004,0.4723875095141713,0.4013782234992642,-22.37253189192,2.3487230000682757,8.068687000559294
25.19080644099995,19.924434720000004,42.31059147756,0.4709089148651396,0.4010825045694579,-22.38615675756,0.9271270000681398,5.046397000114666
25.29022518900001,20.070725040000003,42.21909,0.47539454403209547,0.40197963040284906,-22.14836496,0.5831940006828518,4.682039000726945
25.391066497999418,20.014176240000005,42.084954,0.47556607142780777,0.4020139358819915,-22.07077776,1.2595389998750761,6.362733000059961
25.49114621999979,20.008307520000006,41.998097656080006,0.4764098527473049,0.4021826921458909,-21.98979013608,1.0970180001095287,5.271715000162658
25.591140292999626,19.97539992,41.913595566359994,0.4765852141788649,0.4022177644322029,-21.938195646359993,1.1641299997791066,6.320491999758815
25.690452058999654,19.988753040000006,41.7917524068,0.4782942061254078,0.4025595628215115,-21.802999366799995,0.757791000069119,5.858448000253702
25.791341108999404,20.03648688,41.7139704,0.4803303710451883,0.4029667958054676,-21.67748352,1.054313999702572,6.216600999323418
25.89103913999952,19.96332984,41.63912953272,0.4794367717104372,0.4027880759385174,-21.67579969272,0.6494549998024013,5.758463999882224
25.99083365399929,20.017740240000002,41.56716049344,0.4815758402154783,0.4032158896395256,-21.549420253439997,0.6130469992058352,4.747410999698332
26.091469125999538,19.984428720000004,41.46461093628,0.4819634929340279,0.40329342018323555,-21.48018221628,1.5311360002669971,5.888484999559296
26.191483681000136,20.038387680000007,41.3997516,0.48402193021853795,0.40370510764013756,-21.361363919999995,1.0681480007406208,6.20163900020998
26.29095413399955,20.01885696,41.33770620588,0.4842759503949558,0.41981927619110126,-21.318849245880003,0.614196000242373,5.722705000152928
26.391687940999873,19.989347040000002,41.2496057664,0.4845948626321755,0.4198830586385452,-21.2602587264,1.000645999738481,6.306047000180115
26.491141505000087,20.011301280000005,41.194102256280004,0.4857807352009789,0.42012023315230584,-21.18280097628,1.3438180003504385,6.446142000640975
26.592606545999843,19.993980240000003,41.11550109288,0.486288132420752,0.4202217125962605,-21.12152085288,2.845269000317785,7.942963000459713
26.691000518999317,20.028503520000005,41.0660496,0.487714394617592,0.42050696503562845,-21.037546079999995,0.7098449996192358,5.842169999596081
26.790514231999623,19.973427840000003,40.9961556,0.4872024595398892,0.4204045780200879,-21.02272776,0.7560869998997077,5.838391999532178
26.890387579999697,20.016837360000004,40.952280427560005,0.48878443766782526,0.4207209736456751,-20.93544306756,0.6107319995862781,4.757744000016828
26.99071941799957,19.906400880000003,40.91043679056,0.4865849020852636,0.4202810665291628,-21.004035910559995,0.5639539995172527,5.645092000122531
27.09139001999938,20.07184176,40.85133081912,0.4913387485189492,0.42123183581589996,-20.77948905912,1.1306659998808755,6.307603000095696
27.19073106399992,20.029073760000003,40.8142152,0.49073769180302657,0.4211116244727154,-20.785141439999997,0.8429400004388299,5.98328300020512
27.29424769399975,20.005337520000005,40.761813599999996,0.4907862470574667,0.4211213355236034,-20.75647607999999,4.0613250002934365,9.167260000140232
27.390668356999413,19.927048320000004,40.728879924480005,0.4892608968611213,0.4208162654843344,-20.80183160448,0.6706409994876594,2.7931380000154604
27.49106504700012,20.000656800000005,40.696452875880006,0.49145946112306027,0.4212559783367221,-20.69579607588,0.710141000126896,5.797983000775275
27.591118731999813,19.99086768,40.64788407636,0.49180586232842294,0.4213252585777947,-20.65701639636,1.0777580000649323,5.2541969998856075
27.69110100799935,20.030475600000003,40.6155312,0.4931728087308631,0.4215986478582827,-20.585055599999997,0.7020299999567214,3.8129139993543504
27.7945740819996,20.005788960000004,40.5670248,0.4931539608495027,0.42159487828201064,-20.561235839999995,4.006195000329171,9.540877000290493
27.890728759000012,19.960882560000005,40.5346923234,0.492439473839966,0.42145198088010327,-20.573809763399996,0.7016780000412837,4.862690000663861
27.99121724699944,20.046656160000005,40.486201523279995,0.49514786287058726,0.4219936586862275,-20.43954536327999,1.089998999304953,3.1960520000211545
28.09036943599949,19.960740000000005,40.45388247684,0.4934196368278769,0.42164801347768543,-20.493142476839996,0.7038449994070106,4.837542000132089
28.190707643999303,20.019427200000003,40.4215668,0.4952659875618676,0.4220172836244836,-20.402139599999998,0.8925329993871856,5.03643399952125
28.290330711000024,19.987327440000005,40.373118000000005,0.4950652421742607,0.42197713454696223,-20.38579056,0.754235000385961,3.9174710000224877
28.390806605999387,19.9935288,40.3408383228,0.4956151044759021,0.4220871070072905,-20.347309522800003,0.7163999998738291,5.817149999529647
28.4910713499994,20.035869120000005,40.29244592256,0.49726117790188046,0.42241632169248616,-20.256576802559994,0.8094939994407468,5.897596000068006
28.590844641999865,19.998423360000004,40.26020487768,0.4967292993356574,0.42230994597924154,-20.26178151768,1.0854620004465687,6.229360999896016
28.691056810999726,19.949739120000004,40.211876077919996,0.49611560229974544,0.42218720657205916,-20.262136957919992,0.7109560001481441,5.795502000182751
28.791188162999788,19.93890456,40.1796792,0.49624349813126434,0.42221278573836296,-20.24077464,0.8349760000783135,5.973023000478861
28.891093456999442,20.029525200000002,40.14753032052,0.4988980652133069,0.42274369915477145,-20.118005120519996,0.8395139993808698,5.956189999778871
28.99183193099998,19.974140640000005,40.10003791056,0.4981077744751954,0.4225856410071492,-20.125897270559992,1.3214110003900714,6.508884000140824
29.090738633999536,20.015649360000005,40.06943609868,0.49952410886709175,0.42286890788552844,-20.053786738679996,0.8338839998032199,5.95407799937675
29.191061083000022,19.976968080000006,40.025682916920005,0.4991037410021346,0.422784834312537,-20.04871483692,0.93046000074537,6.02167300075962
29.290505664999728,20.00400696,39.998088,0.5001240799310207,0.42298890209831425,-19.99408104,0.5981209997116821,4.71039199965162
29.390516218999437,20.05936776,39.9592116,0.5019960844272513,0.42336330299756036,-19.899843840000003,0.7778640001561143,5.878725000002305
29.490516199999547,19.978251120000003,39.93499223496,0.500269312748497,0.4230179486618095,-19.956741114959996,0.5863059996045195,4.7328179998658015
29.590484808999463,20.008568880000006,39.91210297704001,0.5013158262171806,0.42322725135554623,-19.90353409704,0.6012690000716248,5.706944999474217
29.691579399999682,19.971859680000005,39.88025379684,0.5007957015956233,0.42312322643123473,-19.908394116839997,1.5417470003740164,6.705423999846971
29.79420607099928,20.017882800000006,39.860622,0.5021969501629956,0.4234034761447092,-19.842739199999993,0.7831609991626465,9.230908999597887
29.89056101099959,19.996926480000003,39.8331072,0.5020177406597094,0.423367634244052,-19.836180719999998,0.8535139995728969,5.9452079995026
29.990253577999283,20.02515336,39.8159341668,0.5029432004812213,0.4235527262083544,-19.790780806799997,0.5568979995587142,4.664852999667346
30.090568785999494,19.93534056,39.79966784148,0.5008921340600484,0.42314251292411975,-19.86432728148,0.8304389994009398,4.95204399976501
30.192355832999965,20.01256056,39.7769554548,0.5031194653080223,0.42358797917371455,-19.764394894800002,1.6930279998632614,7.546401000581682
30.290767397999844,20.025224640000005,39.7629,0.5036157986464771,0.4236872458414055,-19.737675359999997,0.7500860001528054,5.861317999915627
30.393853742999454,19.98939456,39.743434799999996,0.5029609207304852,0.42355627025820713,-19.754040239999995,2.8979359994991682,8.53115700010676
30.49098630699973,20.032067520000002,39.731511714839996,0.5041858881125302,0.42380126373461613,-19.699444194839995,1.1556669996934943,6.266714000048523
30.59109047399943,19.951378560000002,39.715129302840005,0.5023621705437401,0.4395134450964409,-19.763750742840003,1.3017249993936275,5.410161999861884
30.691087898999285,20.028194640000006,39.705194304,0.5044225318897965,0.4399255173656522,-19.676999663999997,0.645454999357753,5.796094999823254
30.79039451599965,20.00412576,39.69160551396,0.5039888283925505,0.439838776666203,-19.687479753959998,0.7959209997352445,0.8081249998213025
30.890795002999766,20.014390080000002,39.6833328,0.5043525497435034,0.4399115209363936,-19.66894272,0.633233000371547,5.73396399977355
30.991250211999613,19.956154320000003,39.6720432,0.5030281455228907,0.43964664009227106,-19.715888879999994,1.326392000009946,4.55996300024708
31.09054951500002,19.991295360000006,39.66522006528,0.5040006163358943,0.43984113425487176,-19.673924705279997,0.86923700018815,5.032007999943744
31.19295707099991,20.03465736,39.6559692576,0.5052116424101876,0.44008333946973044,-19.6213118976,3.1193650002023787,7.290378000107012
31.290953351999633,20.02004496,39.65043474684,0.5049136305269775,0.4400237370930884,-19.63038978684,0.6285839999691234,5.754500999501033
31.39220746399951,20.006240400000003,39.6430247538,0.5046597862864209,0.4399729682449771,-19.636784353799996,0.6477699998868047,6.311047000053804
31.49183093800002,19.981102320000005,39.636623960280005,0.5041070687559852,0.4398624247388899,-19.65552164028,0.6221399999049027,6.569273000422982
31.590531433999786,20.049150960000006,39.632886000000006,0.5058715875497939,0.44021532849765166,-19.58373504,0.6281389996729558,4.7727999999551685
31.69117353599995,20.04197544,39.6280296,0.5057525100869512,0.44019151300508313,-19.586054159999996,0.7888460004323861,5.931337000220083
31.791005994999978,20.030570640000008,39.62527202556001,0.5054998897440862,0.44014098893651016,-19.59470138556,0.8625509999546921,6.000246000439802
31.89019329599978,19.971336960000002,39.6217956204,0.5040492649888234,0.4398508639854576,-19.650458660399998,0.626158999693871,5.7154819996867445
31.990712840000015,20.002486320000003,39.6199055826,0.5048595150813423,0.44001291400396136,-19.617419262599995,0.976811999862548,5.096027000035974
32.09150027799933,20.038506480000006,39.617699987520005,0.5057968152192668,0.44020037403154627,-19.57919350752,1.9126979996144655,7.05904099959298
32.19020743999954,19.974996,39.6166212,0.5042074612864764,0.4398825032449882,-19.641625199999996,0.676251000186312,5.765944999438943
32.290900414000134,20.003555520000003,39.6155556,0.5049419405340866,0.4400293990945102,-19.612000079999998,0.7944390008560731,5.949801000497246
32.39058803699936,19.946769120000006,39.61520760204,0.5035129266613471,0.4397435963199623,-19.668438482039996,0.9366629992655362,5.047248999289877
32.490911281999615,20.03432472,39.61519079796,0.5057232924151832,0.44018566947072957,-19.580866077959996,1.076536000255146,1.0951659996862873
32.590849167999295,19.999112400000005,39.61576199412001,0.504827154478775,0.4400064418834479,-19.616649594120002,0.5696939997505979,5.653017999975418
32.69058727399988,20.024155440000005,39.61645800804,0.5054504225475227,0.4401310954971974,-19.592302568039994,0.6478810000771773,4.759096000270802
32.790654755000105,19.99942128,39.617942411520005,0.5048071672239247,0.4400024444324778,-19.618521131520005,0.7639380000910023,5.847298000844603
32.89114678099941,20.013606000000003,39.619216800000004,0.5051489558975836,0.4400708021672096,-19.6056108,0.636787999610533,5.782057000033092
32.990931090999766,20.0280996,39.6215388,0.5054851529390878,0.44013804157551045,-19.593439200000002,1.2779469998349668,5.386253999859036
33.09265069199955,19.9823616,39.6233507808,0.5043077177027316,0.43990255452823923,-19.640989180800002,2.448798999466817,7.566493999547674
33.1934915009997,20.019949920000002,39.626432377920004,0.5052170664537339,0.4400844242784397,-19.606482457920002,2.6407289997223415,8.145652000166592
33.29052124699956,19.949715360000006,39.62872202364,0.5034155617761092,0.4397241233429148,-19.679006663639996,0.792252999417542,5.88474399955885
33.3917888219994,20.035987920000004,39.6324888264,0.5055445295843654,0.44014991690456595,-19.596500906399996,1.3508359998013475,6.529679999403015
33.491055327999675,19.97102808,39.635208,0.5038709038691055,0.439815191761514,-19.66417992,0.6327139999484643,5.720760000258451
33.59097747299984,20.006121600000004,39.639585600000004,0.5047005738627096,0.43998112576023485,-19.633464,1.0931839997283532,5.285141000058502
33.69072828299977,19.996166160000005,39.644298,0.5043894625148869,0.4399189034906703,-19.648131839999994,0.7555680003861198,5.8593920002749655
33.790632983999785,20.017573920000004,39.64761716616,0.5048871874470525,0.4400184484771034,-19.63004324616,0.8459210002911277,4.974766000486852
33.893865775999984,20.027054160000006,39.65283596412,0.5050598191292434,0.44005297481354155,-19.625781804119995,3.415592000237666,7.526826000685105
33.990959856999325,20.025794880000003,39.65646843684,0.5049818016925701,0.4400373713262069,-19.630673556839998,0.579916999413399,5.681351000021095
34.090570478999325,20.018999520000005,39.66213243852,0.5047383559376522,0.43998868217522336,-19.643132918519992,0.8833100000629202,4.969765999703668
34.1911428759995,19.956962160000007,39.666042000000004,0.5031246162649655,0.439665934240686,-19.709079839999998,0.7950499993967242,5.888003000109165
34.29179625599954,20.058940080000003,39.672090000000004,0.505618435529865,0.4401646980936659,-19.61314992,1.7820470002334332,6.889575000059267
34.390491844999815,19.970339040000006,39.676235958,0.5033325001177019,0.4397075110112333,-19.705896917999993,0.8533290001651039,4.944080999848666
34.491356912999436,19.990796400000008,39.68261515692,0.5037671111379346,0.43979443321527983,-19.691818756919993,1.3999669999975595,6.6214779999427265
34.59046548999959,19.956201840000002,39.6869628438,0.5028402379527919,0.4396090585782513,-19.7307610038,0.6835109998064581,5.786574999547156
34.691003238999656,19.984404960000003,39.69361924488,0.5034664346607233,0.43973429791983754,-19.709214284879994,1.0404429995105602,5.252418999589281
34.79163209999933,20.04910344,39.698136,0.505038912658267,0.4400487935193463,-19.64903256,1.1453519991846406,6.28345499990246
34.891195573000005,19.975376160000007,39.7050156,0.5030945299515259,0.4396599169779981,-19.729639439999996,0.7505310004489729,5.9252450000713
34.99081069499971,20.037104640000003,39.712014,0.5045602733721841,0.4399530656621297,-19.67490936,0.8800510004220996,5.99535699984699
35.090426353999646,19.956819600000003,39.7167323526,0.5024788903282865,0.4395367890533502,-19.759912752599995,0.6774739995307755,4.799725999873772
35.19078176599942,20.046941280000006,39.72388315212,0.5046571404721829,0.43997243908212946,-19.676941872119997,0.8035869996092515,5.907558999751927
35.29091243399944,20.006074080000005,39.72869044812,0.5035674182647697,0.43975449464064686,-19.722616368119994,0.9249409995391034,6.082154999603517
35.39160835099938,20.023799040000004,39.7359540486,0.5039214363774788,0.43982529826318867,-19.712155008599996,1.2457240000003367,3.3524619993841043
35.49031479199948,19.967036400000005,39.7408212,0.5024313991780323,0.43952729082329933,-19.773784799999994,0.7396599994535791,4.872968000199762
35.592362249999496,20.040977520000006,39.748158000000004,0.5041988994810779,0.43988079088390847,-19.707180479999998,2.1290899994710344,7.4436400000195135
35.69041532799929,20.026341360000004,39.75306595092,0.5037684737253967,0.43979470573277224,-19.72672459092,0.7021589999567368,5.82355699953041
35.7914600109998,19.995144480000004,39.76043875092,0.5028904385401769,0.4396190986957283,-19.76529427092,1.130962999923213,5.378402999667742
35.89085299999988,20.02474944,39.7653564492,0.5035727383855215,0.4397555586647972,-19.740607009199998,0.63356600003317,5.718723000427417
35.99183206999987,19.997615520000004,39.772736449199996,0.502797074210423,0.4396004258297775,-19.775120929199993,1.7331019998891861,4.096104000382184
36.091068185999575,20.078352000000002,39.78009964908,0.5047335772690644,0.4399877264415058,-19.701747649079998,0.6825849995948374,5.778816000201914
36.191087332999814,19.985521680000005,39.7850004,0.5023381042871625,0.4395086318451254,-19.799478719999996,0.6418620005206321,5.770186000518152
36.29063967699949,20.003603040000005,39.792340800000005,0.5026998321244777,0.43958097741258845,-19.78873776,1.009627999337681,6.116026000199781
36.390828955999496,19.948099680000002,39.79722115116,0.5012435316584549,0.4392897173193839,-19.84912147116,0.7016589997874689,5.804278999676171
36.491847341999346,20.001274560000006,39.80452195152,0.502487495876991,0.4395385101630911,-19.803247391519996,2.007124999181542,6.133691999821167
36.591086272999746,20.02463064,39.809367648359995,0.5030130299199803,0.43964361697168897,-19.784737008359993,0.6567509999513277,5.767519999608339
36.69381998300014,20.003151600000006,39.816600048,0.5023822118384207,0.43951745335537706,-19.813448447999992,3.396629000235407,8.524898000359826
36.790871692999644,19.967939280000003,39.821392800000005,0.5014374906545208,0.43932850911859705,-19.853453520000002,0.6098619996919297,5.709166999622539
36.89146894199985,19.969079760000003,39.8285316,0.5013762485785442,0.43931626070340174,-19.859451839999995,1.2498530004450004,6.403882000086014
36.99359716099934,20.062290240000006,39.833249952959996,0.5036568761949384,0.4397723862266806,-19.77095971295999,3.681114999380952,8.82266200005688
37.09105367399934,20.030404320000006,39.84026875344,0.5027678011903594,0.4395945712257648,-19.809864433439994,0.5985279995002202,5.75931599996693
37.19016839899996,20.043828720000008,39.8449032462,0.5030462389668767,0.4396502587810682,-19.80107452619999,0.6548070005010231,4.753355000502779
37.29070670300007,20.000680560000003,39.85177924548,0.5018767276813239,0.43941635652395766,-19.85109868548,0.6152320002001943,5.740427000091586
37.39080436999939,19.98530784,39.858560444880005,0.5014056608400967,0.4393221431557123,-19.873252604880005,1.1388329994588275,5.2480109998214175
37.49080401699939,20.02360896,39.8630268,0.5023103002303879,0.4395030710337705,-19.83941784,0.7148449994929251,5.823112999678415
37.59066458799953,20.004553440000006,39.869636400000005,0.5017490814137449,0.4393908272704419,-19.86508296,0.6501589996332768,5.740204999710841
37.690968257999884,20.010921120000003,39.87398395692,0.501854069601369,0.4394118249079667,-19.863062836919998,0.9086810005101142,5.034212000282423
37.79387648899956,19.956320640000005,39.88040635764,0.5004041448583916,0.4391218399593712,-19.924085717639993,4.0732879997449345,9.151649000159523
37.8909608670001,20.035251360000004,39.88462204188001,0.5023302299057117,0.43950705696883524,-19.849370681880004,0.6110840004112106,3.510539000671997
37.99187530600011,19.995999840000007,39.89084284116,0.5012679205506236,0.43929459509781765,-19.894843001159995,1.4192260005074786,6.999150999945414
38.090842491999865,20.016124560000005,39.894919200000004,0.5017211454836085,0.4393852400844146,-19.87879464,0.9080330000870163,6.041913000444765
38.19125066400011,19.98530784,39.9009276,0.5008732639087818,0.43921566376944926,-19.915619760000002,1.0315540002920898,6.215045000317332
38.29071791399929,19.988349120000006,39.904859961,0.500900119422424,0.4392210348721777,-19.916510840999994,0.8348659994226182,5.94304199967155
38.39097975000004,20.0696796,39.91064636196,0.502865311124828,0.4396140732126585,-19.840966761959997,0.7143080001696944,3.841044000182592
38.49080818999937,19.980698400000005,39.9162935628,0.5005649727614244,0.4391540055399778,-19.935595162799995,1.1113880000266363,6.200377999448392
38.590692131999276,20.032685280000003,39.919980036599995,0.5018210245003468,0.43940521588776227,-19.887294756599992,0.6197699995027506,5.742722999457328
38.69123121299981,19.94451192,39.923604000000005,0.4995669208621546,0.4389543951601238,-19.979092080000004,0.8349019999513985,5.944467000517761
38.79083383499983,20.044541520000003,39.9289212,0.5020055868676964,0.4394421283612322,-19.884379679999995,0.8159760000125971,5.953726000370807
38.89182577599968,19.999635120000008,39.9340944,0.500816042544338,0.4392042194965605,-19.93445927999999,1.353761999780545,6.545754000399029
38.990675274999376,20.005218720000002,39.93746276664,0.5009136117858363,0.43922373334486015,-19.93224404664,0.7667529998798273,4.968043999724614
39.09212707499955,19.990487520000002,39.9423923676,0.5004829789868984,0.4391376067850726,-19.951904847599998,1.817862999814679,7.034799999928509
39.19089935000011,19.999041120000005,39.94559643168,0.5006569661365524,0.43917240421500336,-19.946555311679997,1.20563000018592,6.294750000051863
39.29088668199984,20.051289360000006,39.95027883072,0.5019061179763644,0.4394222345829658,-19.898989470719997,1.2471870004446828,5.443107000246528
39.39082510599928,19.974734640000005,39.9533184,0.49995182978343056,0.439031376944379,-19.978583759999996,0.7964019996506977,5.922114999521
39.49054935999993,20.03584536,39.9577572,0.5014256746121877,0.4393261459101304,-19.921911840000003,0.6006210005580215,4.769819000102871
39.59139153900014,19.943466480000005,39.9620448,0.4990602102523043,0.43885305303815375,-20.018578319999996,1.0908330004895106,6.201194000823307
39.690711285999896,20.07516816,39.96482037264,0.5023209906316382,0.4395052091140205,-19.889652212639998,0.6281770001805853,5.752445999860356
39.79038502000003,19.985616720000003,39.96753002676,0.500046330274069,0.4390502770425067,-19.98191330676,0.6661780007561902,5.757872000685893
39.89075670999955,20.012132880000003,39.97147682592,0.5006603325455037,0.43917307749679363,-19.959343945919997,0.6883819996801321,5.803631000162568
39.99085563599965,19.906353360000004,39.97527482484001,0.4979666418110654,0.438634339349906,-20.068921464840002,1.0413500003778609,6.147432999568991
40.090634391000094,20.00474352,39.97773,0.5003971841322656,0.43912044781414605,-19.97298648,0.8061430007728632,4.941451000377128
40.19087928299996,20.014390080000002,39.98011797648,0.5006085797889419,0.4391627269454813,-19.96572789648,1.203483000608685,6.2985840004330385
40.29084405899994,19.971241920000004,39.98358357732,0.4994860423498495,0.4389382194576628,-20.012341657319993,0.673307999932149,5.795224000394228
40.391052171999945,20.041191360000003,39.9869099784,0.5011937999416757,0.43927977097602805,-19.945718618399997,1.4740430005986127,5.659018000187643
40.49081351899986,19.97064792,39.98904962112,0.49940291427812805,0.4389215938433185,-20.018401701120002,0.6710480001856922,5.772483000328066
40.591531658999884,20.098999440000004,39.99214442016,0.5025736861929343,0.43955574822627974,-19.89314498016,1.013406000311079,5.1957330006189295
40.691035316000125,20.001607200000006,39.99510481932,0.5001013821656006,0.439061287420813,-19.993497619319992,0.8959220003816881,6.014393999976164
40.790907386999606,20.001678480000006,39.997008,0.5000793679367218,0.4390568845750373,-19.995329519999995,0.9489779995419667,5.091619999802788
40.89026319000004,19.949596560000007,39.9997476,0.4987430610687155,0.438789623201436,-20.050151039999992,0.7033080000837799,5.784983000012289
40.99034104199927,19.98649584,40.00150078272,0.49964364958611357,0.43896974090491564,-20.01500494272,0.6096389997765073,3.7177639997025835
41.09114614699956,20.063169360000003,40.00402558368,0.5015287603501822,0.43934676305772935,-19.940856223679994,0.6497519998447387,5.765150000115682
41.19068811899979,19.96991136,40.00563961596,0.4991774047785285,0.4388764919433986,-20.03572825596,0.715733000106411,5.833445999996911
41.29053878299965,20.036914560000007,40.00795561512,0.5008232550734875,0.4392056620023904,-19.97104105511999,0.6309919999694102,5.722593999962555
41.39084393399935,19.94667408,40.009435200000006,0.4985492542019188,0.43875086182807665,-20.062761120000005,0.8475129998259945,5.966392999653181
41.492655314999865,20.077758000000006,40.0115484,0.5017990755888868,0.43940082610547027,-19.933790399999996,1.3266149999253685,7.665255000574689
41.59088159899966,20.006501760000003,40.012893586800004,0.5000013737221949,0.43904128573213186,-20.0063918268,1.3000019998798962,5.408940000052098
41.69055085199943,20.002795200000005,40.01481598752,0.49988472285461877,0.43901795555861667,-20.012020787519997,0.7857159998820862,4.925931999423483
41.79069457500009,19.965183120000006,40.016036412,0.49892955200362754,0.4388269213884184,-20.050853291999992,0.6088610007282114,5.707796000024246
41.89092442999936,20.020425120000006,40.017771611280004,0.5002883547457888,0.43909868193685064,-19.99734649128,0.5762689997936832,5.716519000088738
41.991060263999316,20.006026560000006,40.019398810560006,0.4999082233769332,0.4390226556630795,-20.01337225056,0.8803470000202651,5.982411999866599
42.090438770999754,19.978132320000004,40.020426,0.4991983923409512,0.43888068945588316,-20.042293679999997,0.8405689995925059,4.967840000063006
42.19098426099936,20.093439600000004,40.0218768,0.5020614025777023,0.43945329150323337,-19.928437199999998,0.7115680000424618,5.80370599982416
42.290191005999986,19.974402000000005,40.02278999112,0.4990757017297344,0.4388561513336398,-20.048387991119995,0.5611579999822425,5.654796000271745
42.393925120999484,20.045135520000006,40.02407639172,0.5008269353630069,0.43920639806029427,-19.978940871719995,3.9433609999832697,9.028276999742957
42.490456247999646,20.049246000000004,40.0248804078,0.5009195729187697,0.4392249255714468,-19.975634407799994,0.7606970002598246,4.874616000051901
42.591688989999966,19.966822560000004,40.0260060072,0.49884623902790376,0.4388102587932737,-20.0591834472,1.7137690001618466,6.924706000063452
42.69130209299965,19.963163520000002,40.026708,0.4987460752455586,0.4387902260368046,-20.063544479999997,0.7581789996038424,6.106969999564171
42.791541743999915,20.032827840000007,40.027683599999996,0.5004743227259848,0.43913587553288985,-19.99485575999999,1.1193700001967954,6.3118620000750525
42.893591368999296,20.050148880000002,40.028285994120004,0.5008995109844395,0.4392209131845808,-19.978137114120003,3.2718309994379524,8.396100000027218
42.99216910399991,19.979439120000002,40.02911879472,0.4991226317636393,0.4388655373404208,-20.049679674719997,2.466670000103477,5.612721000034071
43.09069581899985,19.989299520000003,40.0298699952,0.499359591285131,0.43891292924471914,-20.0405704752,0.7075670000631362,5.796372000077099
43.19087080200006,19.963900080000002,40.03032600432,0.49871939783466995,0.4387848905546269,-20.06642592432,0.584824000725348,5.727000000661064
43.29165707299944,20.051835840000003,40.030946403840005,0.5009083631876491,0.4392226836252227,-19.979110563840003,1.1589259993343148,6.2701569995624595
43.39049272000011,19.990796400000008,40.0313196,0.49937890131406026,0.438916791250505,-20.040523199999996,0.5661950008288841,5.6683890006752335
43.49163060799947,20.036225520000006,40.031816400000004,0.5005075293061148,0.43914251684891586,-19.995590879999998,0.7116789993233397,6.72768399999768
43.5908988909996,19.9651356,40.032106797240004,0.4987280759696736,0.4387866261816276,-20.066971197240004,0.6820669996159268,5.808983999486372
43.692230429999654,20.034277200000002,40.03248719772,0.5004504741624205,0.439131105820177,-19.99820999772,1.7561579998073285,7.315027000004193
43.79090981399986,19.996997760000003,40.03270680204,0.4995165043144419,0.4389443118505813,-20.03570904204,0.8732730002520839,6.014560000039637
43.89288573399972,19.968865920000006,40.032978001560004,0.4988104037431804,0.438803091736329,-20.064112081559998,2.506781000192859,7.731550999778847
43.99096722000013,19.996855200000006,40.0331268,0.49950770270585027,0.43894255152886297,-20.036271599999992,0.7766970002194284,5.910337000386789
44.091529524999714,19.976611680000005,40.03329960000001,0.49899987959023995,0.4388409869057409,-20.05668792,1.350632999674417,5.597813999884238
44.19141463300002,20.044398960000006,40.0334148,0.500691711165244,0.4391793532207417,-19.989015839999997,0.9710160002214252,6.069895000109682
44.290540653999415,20.004886080000006,40.03345799964001,0.49970417444778054,0.43898184587724903,-20.02857191964,0.9323479998784023,5.095711999274499
44.391468445999635,20.006097840000006,40.0334832,0.4997341285556688,0.4389878366988267,-20.027385359999993,1.0890550001931842,6.200879000061832
44.49046365100003,19.972429920000007,40.033473599880004,0.4988932541706766,0.43881966182182824,-20.061043679879997,0.6297509999058093,5.762187000073027
44.59099237999999,20.00961432,40.03341599952,0.4998228060338372,0.43900557219446035,-20.023801679520002,0.7297890006157104,5.815724000058253
44.69052214899966,20.024084160000005,40.033353600000005,0.5001850297148226,0.4390780169306574,-20.00926944,0.567619999856106,5.6675919995541335
44.79070753999986,19.948788720000003,40.0332204,0.4983058699919131,0.43870218498607555,-20.084431679999994,0.8265129999927012,5.97437499982334
44.890841540999645,20.030808240000002,40.03310640132,0.500356081269265,0.4391122272415459,-20.002298161319995,0.6928259999767761,5.825483999615244
44.99314265099929,19.931040000000003,40.032903601440005,0.4978664600107366,0.4386143029898402,-20.10186360144,1.7889549999381416,8.256189999883645
45.090402883000024,20.0364156,40.032746398440004,0.5005006501572618,0.43914114101914525,-19.996330798440002,0.8305870005642646,4.9260240002695355
45.19054256999971,20.005408800000005,40.03247999808,0.49972943971893535,0.43898689893147996,-20.027071198079994,0.9461079998800415,4.134030999921379
45.29053527199994,20.009471760000004,40.0322808,0.49983341843465495,0.4390076946746239,-20.02280904,1.0029790000771754,5.1000829998884
45.39094096299959,19.974306960000007,40.0319604,0.49895900076879585,0.43883281114145206,-20.057653439999996,0.7357719996434753,5.8792809995793505
45.490921071999765,19.966798800000003,40.031604,0.4987758871715458,0.4387961884220021,-20.0648052,0.7106780003596214,5.82879800003866
45.59129683699939,20.00883024,40.03134840252,0.4998290349555258,0.43900681797879804,-20.02251816252,0.5822319999424508,6.279583999457827
45.69090062499981,19.984452480000005,40.03094520288,0.49922509645268726,0.43888603027823037,-20.046492722879993,0.9490709999226965,6.058820999896852
45.79118218399981,20.061720000000005,40.03066079712,0.5011588517530379,0.4392727813383005,-19.968940797119995,0.6562700000358745,5.807687000014994
45.89259372400011,19.961381520000007,40.030213196880005,0.49865788677727596,0.4387725883431481,-20.06883167688,2.2200360008355347,7.34093400023994
45.99082674999954,20.045088,40.029901200000005,0.5007528722054402,0.43919158542878095,-19.984813200000005,0.8472729996356065,5.9925229998043505
46.09798008799953,19.98395352,40.0294188,0.49923166808507347,0.4388873446047076,-20.045465280000002,4.789911999978358,12.913044000015361
46.190424555999925,19.998019440000004,40.02908280336,0.4995872510554099,0.4389584611987749,-20.031063363359994,0.8744770002522273,4.991415000404231
46.292742721999275,19.960478640000005,40.0285656036,0.49865585586221567,0.438772182160136,-20.068086963599995,2.5065219997486565,8.271763999800896
46.390578851999635,20.016599760000002,40.028209196400006,0.500062335084434,0.4390534780045797,-20.011609436400004,0.7827529998394311,5.880206000256294
46.490343920999294,19.976207760000005,40.02766319628,0.49906005409420223,0.43885302180653335,-20.051455436279998,0.673306999487977,4.834633999962534
46.590681073999804,19.973879280000002,40.027101596280005,0.49900888356743556,0.43884278770118,-20.053222316280003,0.9968499998649349,5.096527999739919
46.6907985379994,20.00752344,40.0267188,0.49985419839110073,0.4390118506659131,-20.019195359999998,0.7430499999827589,4.900506000012683
46.79091507500016,19.997472960000007,40.0261356,0.49961038357147836,0.43896308770198855,-20.028662639999997,1.1369810008545755,5.253863000689307
46.89033032399948,20.076166080000004,40.02574320396,0.5015813442288248,0.43935727983345785,-19.949577123959994,0.5551569993258454,5.653184999573568
46.99073568099993,19.989964800000003,40.025140804079996,0.4994352149277713,0.4389280539732472,-20.035176004079993,0.9361450001961202,6.041728000127478
47.091058388999954,20.044612800000007,40.02473639592,0.5008056168495664,0.4392021343576062,-19.980123595919995,0.6191580005179276,5.709723000109079
47.19475828099985,19.934746560000004,40.024120795920005,0.49806831889314407,0.4386546747663217,-20.08937423592,5.086508000204049,10.172424999836949
47.29084382699966,19.993148640000005,40.0237092,0.4995326280253906,0.438947536592771,-20.030560559999994,0.580230999730702,5.663924999680603
47.39107440399948,20.022967440000006,40.023082800000005,0.5002854862544472,0.43909810823858236,-20.00011536,1.360354999633273,5.53612699968653
47.49106979199951,19.999611360000003,40.022666404199995,0.4997071199109621,0.4389824349698853,-20.023055044199992,0.6573999999091029,5.749741999352409
47.59107355000015,19.98939456,40.022032804199995,0.4994597515272206,0.438932961293137,-20.032638244199994,0.985294000201975,5.190159000449057
47.690672726999765,19.992198240000004,40.02161039568,0.4995350772331239,0.4389480264343177,-20.029412155679996,0.9113289997912943,6.008522999763954
47.79069330099992,20.078542080000005,40.0209755958,0.501700465345656,0.4393811040568241,-19.942433515799998,0.9606829999029287,5.088527999760117
47.89098534099958,19.947767040000002,40.0203383958,0.4984407388742483,0.4387291587625426,-20.0725713558,1.1099619996457477,6.219674999556446
47.9903680339994,19.984808880000003,40.0199148,0.499371599861577,0.4389153309600083,-20.03510592,0.7659570001123939,4.868301999522373
48.09109569299926,19.953374400000005,40.0192776,0.49859406757507296,0.4387598245027075,-20.065903199999997,0.8212919992729439,5.9233009997115005
48.190845020999404,20.00305656,40.01885640432,0.49984078400203086,0.43900916778809906,-20.015799844319996,0.7009929995547282,5.80642800014175
48.29100066999945,20.022634800000006,40.01822280432,0.5003379309947404,0.43910859718664097,-19.99558800431999,0.6841779995738761,5.776612999397912
48.39386795599967,19.985664240000002,40.0178003958,0.4994193594432932,0.43892488287635156,-20.0321361558,0.8309579998240224,8.795642999757547
48.49171434599975,19.995263280000007,40.01717039580001,0.4996670949552846,0.4389744299787498,-20.0219071158,1.4324120002129348,6.630830000176502
48.5908054599995,19.964422800000005,40.0167504,0.49890164994506914,0.4388213409767067,-20.052327599999995,1.0122389994648984,6.110858999818447
48.69135905999974,20.032328880000005,40.016124,0.5006064275490552,0.43916229649750393,-19.983795119999993,1.1718519999703858,5.319920000147249
48.791065979999985,20.003626800000003,40.015708804080006,0.49989435143931354,0.43901988127555563,-20.012082004080003,0.915219000489742,6.014190999849234
48.8910656829994,19.990273680000005,40.015089604079996,0.49956838477157295,0.4389546879420075,-20.02481592407999,0.7270309997693403,4.848245999710343
48.99183430499943,19.963306080000006,40.01447760408001,0.49890207933051917,0.43882142685379677,-20.05117152408,1.4501159994324553,6.545309999637539
49.094030246999864,20.03363568,40.014073195920005,0.5006647431744766,0.4391739596225882,-19.980437515920006,0.5890840002393816,8.2700789998853
49.19153131599978,19.950927120000003,40.013470796040004,0.4986052627550239,0.4387620635386977,-20.06254367604,1.036239000313799,6.16984099997353
49.29059268899982,19.981434960000005,40.0130712,0.4993726889926911,0.4389155487862311,-20.031636239999994,1.040017000377702,5.203900000196882
49.391107565999846,19.97585136,40.0124808,0.4992405109757654,0.43888911318284596,-20.03662944,0.8024759999898379,5.903744000534061
49.490753688999575,19.95959952,40.012093203839996,0.4988391739046649,0.4388088457686259,-20.052493683839995,0.8975700002338272,5.984948999866901
49.591335529999924,20.088402480000003,40.01170919616,0.5020630931189495,0.4394536296114828,-19.923306716159995,1.6707300001144176,5.760556000495853
49.69054249799956,19.951853760000006,40.011139196280006,0.49865747791192633,0.43877250657007816,-20.05928543628,0.9869979994618916,5.105897999783338
49.79531424099969,20.019427200000003,40.01057759628,0.5003533666022686,0.4391116843081466,-19.99115039628,4.764002999763761,9.996828999646823
49.89087068599929,19.936290960000008,40.0102092,0.4982800979705952,0.438697030581812,-20.07391823999999,0.7490119996873545,5.886187999749382
49.99344150399975,20.043543600000007,40.009665600000005,0.5009675362045516,0.4392345182286032,-19.966122,3.47551899994869,8.074557000327331
50.09096807399965,20.00122704,40.009132799999996,0.4999165350567159,0.4390243179990361,-20.007905759999996,1.0007379996750387,6.121043999883113
50.19054128799962,19.989085680000006,40.00878480348,0.499617415979636,0.4389644941836201,-20.01969912347999,0.8567539998693974,4.997414000172284
50.29097449799974,20.02021128,40.00844039652,0.5003996927043772,0.43912094952856834,-19.98822911652,0.7368830001723836,5.826816999615403
50.39087449499948,19.97613648,40.007931596640006,0.4993044049714797,0.43890189198198887,-20.031795116640005,0.6827329998486675,5.789928000012878
50.49151492999954,20.038482720000005,40.00743719676,0.5008689414782814,0.43921479928334917,-19.968954476759997,1.0821839996424387,6.177266999657149
50.59116712699961,19.98939456,40.0071132,0.49964601194969505,0.4389702133776319,-20.01771864,0.7406969998555724,5.837521000103152
50.691632819000006,19.997805600000003,40.006638,0.49986218786992304,0.4390134485616775,-20.0088324,1.416578999851481,6.699424000544241
50.791180883999914,19.965040560000002,40.006327203,0.4990470746962961,0.4388504259269521,-20.041286642999996,0.8622550003565266,5.975838000267686
50.8913383299996,20.029002480000003,40.005873603,0.5006515462893941,0.4391713202455717,-19.976871122999995,1.4249309997467208,6.686238999463967
50.99073204099932,20.040526080000003,40.005575997120005,0.500943320537185,0.4392296750951299,-19.96504991712,0.9980159993574489,5.140471999766305
51.09123938199991,19.983312000000005,40.00514039712,0.49951860689979277,0.43894473236765147,-20.021828397119997,0.9848680001596222,6.142619000456762
51.191151045999504,20.003341680000002,40.00471799724,0.5000245641371618,0.43904592381512525,-20.00137631724,1.034942999467603,6.17860100010148
51.290568239000095,19.977728400000004,40.004445600000004,0.49938770805012733,0.4389185525977184,-20.0267172,0.8194400006686919,4.942840000694559
51.39139706599963,20.066780880000007,40.0040424,0.5016188284012019,0.4393647766679333,-19.937261519999996,1.2608910001290496,6.374085999595991
51.494287518999954,19.967559120000004,40.00378320252,0.49914176914002895,0.4388693648156987,-20.036224082519993,0.8571810003559222,9.106296000027214
51.59129624699926,20.011966560000005,40.003402802400004,0.5002566071404152,0.43909233241577594,-19.9914362424,0.9509229994364432,6.055913999261975
51.69051297399983,19.953326880000006,40.00315679748,0.498793807224158,0.4387997724325245,-20.049829917479997,0.7327710000026855,4.842320000534528
51.79081664399928,19.984951440000007,40.002799197600005,0.4995888248040157,0.438958775948496,-20.0178477576,0.9108299991567037,6.012393999299093
51.89067615899967,20.012536800000003,40.0025664,0.5002813219503838,0.43909727537776966,-19.990029599999996,0.5587679997915984,5.645758000355272
51.99174095299986,20.028574800000005,40.002228,0.5006864817629659,0.43917830734028607,-19.973653199999998,2.0426259998203022,7.221173000289127
52.09097945799931,20.024084160000005,40.00201200216,0.5005769249536438,0.43915639597842165,-19.977927842159996,0.5678049992638989,5.66072199944756
52.1913935929997,19.940163840000004,40.00169520216,0.4984829702648022,0.43873760504065334,-20.061531362159997,0.814994999927876,5.370531999687955
52.29095891799989,20.051645760000007,40.00148879796,0.5012724866636115,0.4392955083204152,-19.949843037959994,0.6188429997564526,5.732556000111799
52.390237015999446,19.969388640000002,40.001193597960004,0.49921981930605214,0.4388849748489033,-20.031804957960002,0.7459749995177845,3.8462659995275317
52.49237129099947,19.982100240000005,40.000910398200006,0.49954113646621345,0.43894923828093557,-20.0188101582,2.41498400009732,7.535308000115037
52.59075096699962,19.937170080000005,40.0007268,0.49842019570504414,0.4387250501287017,-20.063556719999998,0.6113250001362758,4.7297809996962314
52.690988487999675,20.022611040000005,40.000464,0.5005594695101537,0.43915290488972364,-19.977852959999996,0.8123830002659815,5.919317999541818
52.791195304999746,20.023133760000004,40.00029240168001,0.5005746847780301,0.43915594794329893,-19.977158641680003,0.7230119999803719,5.843206000463397
52.890963781999744,19.987256160000005,40.00004760168,0.49968080935885034,0.43897717285946297,-20.012791441679997,1.1839830003737006,6.267251000281249
52.99105413399957,20.01256056,39.99988919844,0.50031539989317,0.4391040909663269,-19.98732863844,0.9474970001974725,6.083858999772929
53.093051294999896,19.981031040000005,39.999664798560005,0.49952996207906536,0.438947003403506,-20.01863375856,3.4270930000275257,4.573240999889094
53.19087957299962,20.042569440000005,39.9995172,0.501070283918327,0.4392550677713583,-19.956947759999995,0.7488829996873392,5.849651000062295
53.291845161999845,19.964446560000006,39.999312,0.4991197488596805,0.438864960759629,-20.034865439999997,1.2618540004041279,5.4595150004388415
53.391011443000025,19.98095976,39.9991776012,0.4995342644094902,0.43894786386959095,-20.018217841200002,0.7136230005926336,5.808945999888238
53.490900717999466,19.949881680000004,39.998986801200004,0.4987596755676194,0.4387929461012168,-20.0491051212,0.5568239994317992,5.68748199930269
53.5909900329998,20.00106072,39.998806801200004,0.5000414342209816,0.43904929783188923,-19.997746081200003,1.1886860002050526,6.286824999733653
53.69094256799963,20.019165840000003,39.998692798920004,0.5004955022065255,0.439140111428998,-19.97952695892,0.5658419995597797,5.684369999471528
53.7909466229994,19.988776800000004,39.99853079892,0.4997377753819828,0.4389885660640895,-20.009753998919997,0.9329419999630773,6.043302999387379
53.890641412999685,19.975970160000003,39.9984264,0.4994189011395709,0.43892479121560707,-20.022456239999997,0.5787879999843426,5.676499999935913
53.99097802799952,19.990606320000005,39.9982788,0.4997866638201443,0.43899834375172175,-20.007672479999997,1.0835180000867695,6.184081999890623
54.09055883499968,20.041452720000006,39.99818640096,0.5010590360046672,0.4392528181886263,-19.956733680959996,0.755400999878475,5.842929000209551
54.191693963000034,19.976611680000005,39.99805440084,0.4994395847309132,0.43892892793387556,-20.021442720839993,1.710416000605619,6.804555000599066
54.2902085679998,20.043068400000003,39.99797039916,0.5011021359329004,0.439261438174273,-19.95490199916,0.6456780001826701,4.733707000013965
54.391453272000035,19.990986480000004,39.99785399928,0.49980147635820316,0.43900130625933353,-20.006867519279993,1.4878580004733521,6.671052999990934
54.49048725499961,20.025913680000006,39.997782,0.5006756044622676,0.4391761318801464,-19.971868319999995,0.9668120001151692,5.0660079996305285
54.59102996599995,20.016552240000003,39.9976776,0.500442861712551,0.43912958333020313,-19.98112536,1.1676670001179446,5.361680000532942
54.690698237000106,19.995714720000006,39.9976140006,0.4999226883808632,0.43902554866386556,-20.001899280599996,0.9234400004061172,6.015968000610883
54.79076899699976,19.97171712,39.99752520048,0.49932382115882323,0.43890577521945756,-20.025808080479997,0.8530699997209013,4.980044000149064
54.89059934499983,19.988111520000004,39.9974448006,0.49973471104584566,0.438987953196862,-20.009333280599996,1.059907000126259,5.174159000489453
54.992649894999886,20.031687360000003,39.99739439952,0.5008248077339857,0.43920597253449006,-19.965707039519994,0.7250859998748638,7.954536999932316
55.09104514599949,19.93930848,39.997324799640005,0.4985160527580951,0.4387442215393119,-20.058016319640004,0.6679369998892071,5.751889999373816
55.190968291999525,19.943894160000003,39.9972816,0.498631240979137,0.43876725918352033,-20.053387439999998,0.5451019997053663,5.699500999980955
55.292611038999894,19.95743736,39.997224,0.4989705625570414,0.4388351234991012,-20.039786640000003,2.4281129999508266,7.536752000305569
55.39083376799954,20.070891360000005,39.99719160036,0.5018075159011753,0.43940251416792797,-19.926300240359993,0.6511399997179979,5.751574999521836
55.49217160399985,19.991556720000002,39.99714480036,0.4998245954751267,0.43900593008271827,-20.005588080359995,1.81058500038489,6.7101650001859525
55.590838913999505,19.980033120000005,39.99711599964001,0.4995368446109923,0.4389483799098914,-20.017082879640004,0.7590859995616484,5.896224999560218
55.69105569399926,19.9802232,39.99708119988001,0.4995420315835432,0.43894941730440157,-20.016857999880006,1.2459269992177724,5.510551999577729
55.79109710099965,19.958387760000008,39.9970584,0.4989963901945351,0.43884028902659994,-20.038670639999992,0.731160000214004,5.849836000379582
55.89089313399927,20.043828720000008,39.9970332,0.5011328870262309,0.4392675883929391,-19.95320447999999,0.7872169999245671,5.941707999227219
55.99392412599991,19.9847376,39.9970116,0.4996557692825231,0.43897216484419754,-20.012274,3.57413199981238,8.705363999979454
56.09161729100015,20.003626800000003,39.99700320012,0.5001281395987185,0.4390666389074366,-19.993376400119995,1.704582999991544,5.9274850000292645
56.1906085519995,19.90321704,39.99699,0.4976178717448489,0.4385645853366627,-20.093772959999995,1.0103869999511517,5.228733999501856
56.29042928799936,20.058322320000006,39.99698399988,0.5014958707901622,0.43934018514572537,-19.938661679879996,0.8738099995753146,4.991173999769671
56.39111427999978,20.025343440000004,39.9969792,0.5006713967038792,0.43917529032846875,-19.971635759999995,1.1625930001173401,6.264620999900217
56.49092451599972,20.019617280000006,39.9969792,0.5005282318920726,0.4391466573661074,-19.977361919999993,0.662991999888618,5.777241999567195
56.593730689999575,19.979011440000008,39.9969828,0.4995129642628946,0.4389436038402718,-20.01797135999999,3.984304999903543,9.113889000218478
56.691539689999445,19.909941120000006,39.99699,0.49778598639547644,0.4385982082667882,-20.08704887999999,1.0888689994317247,6.229230999451829
56.791171942999426,20.063905920000003,39.99699839988,0.5016352907137202,0.4393680691304369,-19.933092479879996,0.913440999283921,6.087396000111767
56.890303889999814,20.0044584,39.997008,0.500148871135561,0.4390707852148051,-19.9925496,0.7532159997936105,4.852357000345364
56.99077611899975,20.01890448,39.997024800119995,0.5005098399203918,0.43914297897177124,-19.978120320119995,0.7326420000026701,5.865613999958441
57.09101338099936,19.952138880000003,39.99704640012,0.4988403063667257,0.43880907226103805,-20.044907520119995,1.0747769993031397,6.181859999742301
57.19014505099949,20.013392160000006,39.99706200000001,0.5003715562908096,0.4391153222458548,-19.98366984,0.6266399996093241,4.749726000227383
57.29101656399962,20.056849200000006,39.9970872,0.5014577461530749,0.4393325602183079,-19.940237999999997,0.6483070001195301,5.729815999984567
57.39098800699958,20.006501760000003,39.99710639988,0.5001987283775114,0.4390807566631952,-19.99060463988,0.7021419996817713,5.818353999529791
57.49060953599928,20.006311680000007,39.99713639976,0.5001936008628871,0.4390797311602703,-19.990824719759996,0.8448839998891344,5.939670999396185
57.59374334499989,19.994194080000007,39.99716040024,0.4998903392121815,0.4390190788301292,-20.00296632023999,3.2714050003050943,8.3954330002598
57.69059558899971,20.05228728,39.99719280024,0.5013423662042522,0.4393094842285433,-19.94490552024,1.0013490000346792,1.0120529996129335
57.791166818999955,19.962759600000002,39.9972204,0.4991036727142169,0.4388617455305363,-20.0344608,0.8097899999484071,5.928262999987055
57.89200973900006,20.04610968,39.9972564,0.5011871184244527,0.43927843467258343,-19.951146719999997,1.3495960001819185,6.921056999999564
57.99070506899989,19.947838320000006,39.997285199640004,0.49872980679647594,0.4387869723469881,-20.049446879639998,0.9431449998373864,6.043375999979617
58.0930862919995,20.039338080000004,39.997328399640004,0.501016914924257,0.43924439397254433,-19.95799031964,1.1979459995927755,7.285859999683453
58.19068797399996,20.000538000000006,39.99735840024,0.5000464730660811,0.43905030560090913,-19.996820400239997,0.9367560005557607,6.033562000084203
58.29095660599978,19.96292592,39.99740400036,0.49910553994505047,0.438862118976703,-20.03447808036,0.9132369996223133,5.040377999648626
58.39092247499957,20.017621440000003,39.99745080036,0.50047243110353,0.4391354972083989,-19.979829360359997,0.9901829998852918,6.106859000283293
58.49065974699988,20.002795200000005,39.997483200000005,0.5001013463767141,0.4390612802630357,-19.994688,0.5545829999391572,5.659350999849266
58.59084948999953,20.073006000000007,39.997533600000004,0.5018560944467837,0.43941222987704964,-19.924527599999998,0.864050999553001,5.949114999566518
58.69267057399975,19.977728400000004,39.99756599964,0.49947360297323623,0.43893573158234017,-20.01983759964,0.677584999721148,7.4480470002527
58.79080033899936,20.003032800000007,39.99761999964,0.5001055762862902,0.43906212624495095,-19.994587199639994,0.5967509996480658,5.679371000042011
58.891281196999444,19.959718320000004,39.99765600036,0.4990222006964697,0.43884545112698686,-20.03793768036,0.8871069994711434,6.023672000083025
58.994303153000146,20.020472640000005,39.99771000036,0.5005404719375136,0.43914910537519564,-19.977237360359997,2.6696360000642017,9.827346000747639
59.090948929999286,19.9847376,39.99774600000001,0.49964659508563297,0.4389703300048195,-20.013008400000007,0.5496379999385681,5.637276999550522
59.190733610999814,19.976421600000002,39.9978,0.49943800909050007,0.43892861280579293,-20.021378399999996,0.747142000363965,4.941932999827259
59.29040849299963,19.970172720000008,39.99783599964,0.4992813291243993,0.4388972768125728,-20.027663279639995,0.601583999923605,5.6853890000638785
59.391968257999906,20.000134080000006,39.99789359964001,0.500029683567637,0.4390469477012203,-19.997759519640002,0.8793110000624438,7.0955230003164615
59.49107542699949,20.01415248,39.99794759964001,0.5003794864759544,0.4391169082828838,-19.983795119640007,1.011422999908973,6.104672999754257
59.59093821999977,19.97397432,39.997987200359994,0.49937448651966737,0.4389159082916264,-20.024012880359994,0.5675089996657334,5.686055000296619
59.69088847799958,20.007285840000005,39.99804480036,0.5002065960939154,0.43908233020647597,-19.990758960359994,1.0099239998453413,6.127321999883861
59.79118418500002,19.962403200000004,39.998080800000004,0.49908402605157,0.4388578161980069,-20.0356776,0.7711050002399134,5.902392000280088
59.890603933999955,19.992174480000003,39.9981384,0.49982762397762,0.4390065357832169,-20.00596392,0.9468120006204117,6.035690999851795
59.99115334899943,19.964565360000005,39.998177999640006,0.49913686968890664,0.43886838492547425,-20.03361263964,0.717326999620127,5.836391999764601
60.09348799700001,19.992198240000004,39.99821400036,0.4998272732832537,0.43900646564434365,-20.006015760359997,3.8748410006519407,5.005711000194424
60.190548300000046,19.993671360000004,39.99827160036,0.4998633830922848,0.4390136876061499,-20.004600240359995,0.8805330007817247,4.975507000381185
60.291508481000164,19.948456080000003,39.99832920036,0.4987322340409274,0.4387874577958784,-20.049873120359994,1.237206000041624,6.43982700057677
60.39101350799956,20.031758640000007,39.9983688,0.5008143892107921,0.43920388882985134,-19.966610159999995,0.9154219997071777,6.026041999575682
60.49214309999934,19.964898000000005,39.9984228,0.49914213117423234,0.43886943722253935,-20.033524799999995,0.6392509994839202,6.392177999259729
60.59039060699979,20.04316344,39.998480400000005,0.501098122717682,0.4392606355312293,-19.955316960000005,0.8306800000354997,5.912855999667954
60.690541385999495,19.921274640000007,39.99851999964,0.4980502938653556,0.438651069760764,-20.077245359639996,0.654269999358803,5.751482000050601
60.79034973399939,20.03289912,39.99857399964,0.5008403329623776,0.4392090775801684,-19.96567487964,0.7789759993102052,5.871688999832259
60.890857314999266,20.01177648,39.998612400480006,0.5003117678092215,0.4391033645495372,-19.986835920480004,0.6936969994058018,5.839002999891818
60.99102268699971,19.975590000000004,39.99866760036,0.49940638522219716,0.43892228803213235,-20.023077600359997,1.472635000027367,5.589850999967894
61.09048549199997,20.000395440000002,39.998703600000006,0.5000260918456367,0.43904622935682025,-19.998308160000004,0.8568849998482619,4.953026000293903
61.19395787999929,19.9479096,39.9987576,0.49871323003292484,0.4387836569942779,-20.050848,3.7972469999658642,8.893274000001838
61.29159015499954,20.06640072,39.99879359964,0.5016751485269947,0.43937604069309183,-19.932392879640002,1.1709079999491223,6.316639999567997
61.39166106299945,19.9812924,39.99884759964,0.49954670194497897,0.4389503513766887,-20.01755519964,1.1308889997962979,6.304269999418466
61.49091367899928,20.01080232,39.998883600359996,0.5002840209225214,0.4390978151721972,-19.988081280359996,0.9564049996697577,6.060820999664429
61.59147127899996,19.920728160000003,39.99893520024,0.49803146159451955,0.43864730330659685,-20.078207040239995,0.9660519999670214,5.140398000548885
61.69107303100009,20.058821280000004,39.998988000359994,0.5014832195209407,0.43933765489188104,-19.94016672035999,0.977201000750938,6.10574800066388
61.790236423999886,19.983977280000005,39.9990204,0.49961166748973695,0.4389633444856403,-20.015043119999994,0.6285110002863803,4.744929000480624
61.891219715999796,20.02332384,39.999070800000005,0.5005947248154574,0.4391599559507844,-19.975746960000006,0.8869960001902655,5.989207999846258
61.99067020599978,19.941945840000006,39.999103199640004,0.4985598237157349,0.4387529757308399,-20.057157359639998,0.6916590000400902,5.787039000097138
62.09098991399969,19.984096080000004,39.99915359964,0.4996129738150225,0.4389636057506974,-20.01505751964,0.8013099995878292,5.907892999857722
62.191328232999695,20.0119428,39.99918360024,0.5003087812992244,0.4391027672475378,-19.987240800240002,0.843365999571688,6.000708999636117
62.29056721899997,19.996902720000005,39.99923040024,0.49993218669227246,0.4390274483261474,-20.002327680239997,0.7433820001097047,5.423125000561413
62.394655174000036,20.00519496,39.999261600000004,0.5001391065679072,0.43906883230127436,-19.994066640000003,1.2150940001447452,9.780308000699733
62.49223113300013,19.959409440000005,39.999308400000004,0.4989938636039018,0.43883978370847326,-20.03989896,1.186482000775868,7.684440000048198
62.59111698400011,20.046466080000002,39.99933719964,0.501169956390688,0.4392750022658305,-19.95287111964,0.8251799999925424,5.9673560008377535
62.690356895999685,19.99749672,39.99938039964001,0.4999451621550612,0.43903004341870516,-20.00188367964001,0.6278060000113328,5.724630000258912
62.79046641599962,19.9995876,39.99940920036,0.4999970749522971,0.43904042597815235,-19.999821600359997,0.6255480002437253,4.751929999656568
62.8903735240001,19.968390720000002,39.999450000239996,0.4992166322256979,0.4388843374328325,-20.031059280239994,0.6683070005237823,3.7918030002401792
62.99106295999991,19.977870960000004,39.999489600240004,0.4994531470191593,0.43893164039152477,-20.02161864024,1.2241310005265404,6.313066000075196
63.09065909999936,20.067493680000005,39.9995172,0.5016933974393072,0.43937969047555436,-19.932023519999994,0.9116259998336318,5.053414999565575
63.19092515899956,20.002296240000007,39.9995568,0.5000629466974496,0.4390536003271828,-19.997260559999994,1.302742999541806,5.413402999693062
63.29126184799952,20.014936560000006,39.99958079976,0.500378657971338,0.4391167425819605,-19.98464423975999,0.8271059996332042,5.927522000092722
63.39244540399977,19.925266320000002,39.99961679976,0.4981364301499897,0.43866829701769083,-20.074350479759996,1.9718100002137362,7.114838000234158
63.49126143899957,20.03993208,39.99964080024,0.501002801002147,0.4392415711881223,-19.959708720240002,0.8916070000850596,6.039338999471511
63.592237267999735,20.019498480000003,39.99967680024,0.5004915059683653,0.439139312181366,-19.98017832024,1.9905319995814352,7.15991299966845
63.69085807800002,19.955940480000006,39.9997008,0.4989022437887837,0.4388214597454496,-20.043760319999993,0.7029560001683421,5.810483999994176
63.79137306699977,20.067897600000006,39.9997332,0.5017007863442451,0.43938116825654194,-19.931835599999996,0.884404000316863,6.2760099999650265
63.891020430000026,20.008117440000003,39.99975359976,0.5002060172720677,0.43908221444210643,-19.991636159759995,0.9093300004678895,6.009802000335185
63.99094327900002,20.062836720000004,39.999784799880004,0.5015736164675614,0.43935573428120517,-19.93694807988,0.6141390003904235,4.764096000144491
64.09093883399964,20.00526624,39.999814799759996,0.5001339716232895,0.4390678053123508,-19.994548559759995,0.8067170001595514,5.912337000154366
64.19146587799969,20.03325552,39.99983280012,0.5008334814824502,0.43920770728418296,-19.966577280119996,1.6541559998586308,5.785835000096995
64.29840208299993,19.918375920000006,39.99986160012,0.49796112094398476,0.4386332351764899,-20.081485680119993,8.408563000557479,13.532943000427622
64.39061675099947,20.040312240000006,39.9998808,0.5010092990077112,0.43924287078923513,-19.959568559999994,0.9257559995603515,5.08261999948445
64.49121051899965,19.993956480000005,39.999905999999996,0.4998500866477038,0.43901102831723365,-20.00594951999999,1.0338319998481893,6.173859999762499
64.59069186099987,19.987897680000007,39.99992279976,0.4996984064209227,0.43898069227187747,-20.012025119759993,1.0445910002090386,3.203588999895146
64.69309814000007,19.99975392,39.99994679988,0.4999945129942023,0.4390399135865334,-20.00019287988,2.757305000159249,7.852758000808535
64.79049398499956,19.977015600000005,39.99996240012,0.4994258594588098,0.43892618287945484,-20.022946800119993,0.6492140000773361,5.7357599998795195
64.8917112629997,20.033421840000003,39.99998640024,0.5008357162811387,0.4392081542439206,-19.966564560239995,1.32837399996788,6.527309999910358
64.99104604700005,20.031354720000007,39.999999599999995,0.500783873007839,0.4391977855892607,-19.96864487999999,0.9345520002170815,6.0387650000848225
65.09118838199993,20.025604800000004,40.0000212,0.5006398546608771,0.4391689819198683,-19.974416399999996,0.9651090003899299,6.074544000512105
65.19040864499948,19.999041120000005,40.00003439976,0.4999755980239857,0.43903613059249,-20.000993279759992,0.8842729994285037,4.976303000148619
65.29075548299988,19.967107680000005,40.000054799880004,0.49917700812899646,0.4388764126134922,-20.03294711988,0.6363620004776749,5.761112000072899
65.39127752799959,20.027434320000005,40.00007279988,0.500684946754899,0.4391780003386727,-19.972638479879997,0.9542939997118083,6.060580999474041
65.49059983000006,19.940544,40.00008480012,0.49851254315191296,0.4387435196180755,-20.05954080012,0.5776020007033367,5.682074000105786
65.59068032999949,19.987161120000007,40.0001004,0.4996777738087879,0.4389765657494505,-20.012939279999994,1.0812769996846328,6.168803999571537
65.69078479400014,19.988349120000006,40.0001112,0.49970733881359825,0.4389824787504126,-20.011762079999993,0.787124000453332,5.895615000554244
65.79138785799933,20.04287832,40.0001256,0.5010703846389922,0.43925508791549134,-19.957247279999997,1.2133529999118764,6.347936999191006
65.890961479,19.9739268,40.00013759988,0.49934645224970237,0.4389103014376334,-20.026210799879998,0.9006990003399551,6.004708000546088
65.99289295400013,19.960858800000004,40.0001508,0.4990195886961507,0.43884492872692304,-20.039291999999996,2.398798000285751,7.59923500027071
66.09077999300007,20.001203280000006,40.000160400119995,0.5000280768859118,0.43904662636487524,-19.99895712011999,0.9660530004111934,5.189602999962517
66.19121066499974,20.046822480000007,40.00017120012,0.5011684169976719,0.43927469438722727,-19.953348720119994,0.6783999997423962,4.851337999753014
66.29041348400006,20.00236752,40.000179599999996,0.5000569427443271,0.43905239953655834,-19.997812079999996,0.6942330001038499,5.794742000034603
66.39087550899967,20.004957360000006,40.0001904,0.5001215534214059,0.4390653216719741,-19.995233039999995,0.6984559995544259,5.837798999891675
66.49115366099977,19.99312488,40.0002012,0.4998256078771924,0.43900613256313137,-20.00707632,0.9774239997568657,6.083340000259341
66.59392875999947,19.995192000000003,40.00020599988,0.49987722563378767,0.43901645611445045,-20.00501399988,4.301439999835566,8.419228999628103
66.69132138299938,20.011966560000005,40.000215600000004,0.5002964674020408,0.43910030446810105,-19.98824904,1.0478129997864016,6.149284999992233
66.79132752999976,20.004553440000006,40.00022160012,0.5001110653831976,0.4390632240643324,-19.995668160119994,1.025757000206795,6.147506999695906
66.89105541399931,19.98910944,40.00022880012,0.49972487757220113,0.43898598650213316,-20.01111936012,1.3893379991714028,5.496367999512586
66.99060120099966,19.9823616,40.0002336,0.4995561225922441,0.4389522355061417,-20.017872,0.8249760003309348,4.932247000397183
67.09315105599944,20.0686104,40.0002408,0.501712239692317,0.4393834589261563,-19.9316304,1.916678999805299,8.118297999317292
67.19137148899972,19.999967760000004,40.0002444,0.4999961390235907,0.43904023879241105,-20.000276639999996,1.1694080003508134,5.305067999870516
67.29148373099997,19.99528704,40.00024919988,0.4998790617549449,0.43901682333868186,-20.00496215988,1.765418000104546,6.9627250004487
67.39066980899952,20.00117952,40.000254000119995,0.5000263128314135,0.43904627355397563,-19.999074480119994,0.6351029996949364,5.733242000133032
67.49121009400005,19.997615520000004,40.000258800000005,0.4999371534066175,0.4390284416690164,-20.00264328,1.0997400004271185,5.289216000164743
67.59098223699948,20.08695312,40.0002624,0.5021705337612986,0.4394751177399526,-19.913309279999996,0.6286759999056812,5.743240999436239
67.69061422999948,19.981078560000004,40.0002624,0.4995236871246126,0.4389457484126154,-20.019183839999993,0.7044189997031935,5.842020999807573
67.79113860799953,19.99885104,40.000266,0.49996795121312443,0.4390346012303178,-20.00141496,1.5279139997801394,5.653795999933209
67.89174465399992,19.963092240000005,40.0002696,0.4990739422416294,0.43885579943601877,-20.037177359999998,1.3629670002046623,6.536513999890303
67.9907006909998,19.996284960000004,40.0002696,0.49990375464869374,0.43902176191743164,-20.00398464,0.5673980003848555,5.673259000104736
68.09303602399996,19.990938960000005,40.000273199999995,0.4997700605704865,0.4389950231017902,-20.00933423999999,0.6390469998223125,7.210228000076313
68.19298759599951,19.976706720000003,40.000273199999995,0.4994142570006248,0.4389238623878179,-20.023566479999992,2.5747270001375,7.891072999882454
68.29094400599934,20.036011680000005,40.000273199999995,0.5008968708743721,0.43922038516256734,-19.96426151999999,0.4981929996574763,5.57597899933171
68.39091791200008,19.970838000000004,40.000273199999995,0.49926754000270196,0.4388945189882333,-20.02943519999999,1.1582600000110688,6.32080700052029
68.49082283499956,20.04967368,40.000273199999995,0.5012384185416014,0.43928869469601317,-19.950599519999994,0.6650289997196523,5.745370999648003
68.5908185749995,19.987778880000004,40.000273199999995,0.49969105911006645,0.4389792228097062,-20.01249431999999,0.9373670000059064,5.131083999913244
68.69278873499934,20.004719760000004,40.000273199999995,0.5001145782174309,0.4390639266311791,-19.99555343999999,3.2017369994719047,8.285578999675636
68.79071727399969,19.986543360000006,40.000273199999995,0.4996601713210301,0.43897304525189895,-20.01372983999999,0.9572369999659713,5.099490000247897
68.89229335399978,20.026887840000008,40.000273199999995,0.5006687764322573,0.43917476627414437,-19.973385359999988,2.180294000027061,7.355896999797551
68.99088795999978,20.00821248,40.0002696,0.5002019406389201,0.43908139911547694,-19.992057120000002,0.5523420004465152,5.662962999849697
69.0906593439995,19.9909152,40.0002696,0.4997695115534921,0.43899491329839135,-20.009354400000003,1.024960999529867,6.114802999945823
69.19054476699966,19.996926480000003,40.0002696,0.4999197925405983,0.4390249694958126,-20.00334312,0.746345999687037,4.850911999710661
69.2910254769995,19.974687120000006,40.000266,0.49936385723034954,0.43891378243376283,-20.025578879999998,0.7103079997250461,5.851224999787519
69.39099086399983,20.059106400000005,40.000266,0.5014743251957375,0.43933587602684043,-19.9411596,0.5635460001940373,5.6627209996804595
69.4918120429993,19.99414656,40.0002624,0.4998503849814746,0.4390110879839878,-20.006115839999996,1.2672429993472178,6.502123999780451
69.59097791699969,19.996546320000004,40.000258800000005,0.4999104235795595,0.4390230957036048,-20.00371248,0.8318090003740508,5.910226000196417
69.69149581399961,20.030808240000002,40.0002552,0.5007670111064693,0.4391944132089868,-19.969446959999996,1.3774669996564626,6.482087999756914
69.790972582,20.026792800000003,40.0002552,0.5006666257469278,0.43917433613707846,-19.973462399999995,0.6267510007091914,5.721408000681549
69.89152316299987,20.020757760000006,40.0002516,0.5005157957556449,0.4391441701388219,-19.979493839999993,1.5197470002021873,6.650626000009652
69.9913846039999,19.975970160000003,40.000248,0.49939615774382207,0.43892024253645734,-20.024277839999996,1.290631999836478,6.415437000214297
70.09058879399981,19.9835496,40.0002444,0.49958568753144916,0.43895814849398274,-20.0166948,0.8079019999058801,4.929024999910325
70.19094763199973,20.028907440000005,40.0002408,0.5007196716675767,0.4391849453212082,-19.971333359999996,1.2713539999822387,6.379956000273523
70.29028345299957,19.98910944,40.0002372,0.4997247726320983,0.43898596551411256,-20.01112776,0.5871570001545479,4.7104839995881775
70.39063373599947,19.994788080000003,40.0002336,0.4998667827779886,0.43901436754329065,-20.00544552,0.5833619998156792,5.672499999491265
70.49031526599993,19.99930248,40.00023,0.4999796871167991,0.43903694841105273,-20.00092752,0.5675649999830057,5.6486100002075545
70.59469587300009,19.947386880000007,40.0002264,0.4986818494607322,0.43877738087983936,-20.052839519999996,4.087418000381149,9.719584000777104
70.69046980299936,20.052477360000005,40.0002228,0.5013091417080807,0.439302839329309,-19.94774544,0.5743239998992067,4.692112999691744
70.79147563300012,20.010731040000007,40.000219200000004,0.5002655345448708,0.4390941178966671,-19.989488159999997,1.184185000056459,6.359233000694076
70.89061858100013,19.948907520000006,40.000215600000004,0.49871999989920063,0.43878501096753303,-20.05130808,0.9855160005827202,5.09986100041715
70.99085967700012,19.97801352,40.000212,0.4994476909272381,0.43893054917314056,-20.022198479999997,0.6043990006219246,4.738059000374051
71.0907905819995,19.979961840000005,40.0002048,0.4994964885779786,0.43894030870328865,-20.020242959999994,1.0560549999354407,5.17863999994006
71.19049389099928,20.009923200000003,40.000203600119995,0.5002455337487326,0.43909011773743944,-19.990280400119993,0.9606089997760137,5.124324999997043
71.29095376699934,20.013677280000007,40.00019760000001,0.5003394603230661,0.4391089030523061,-19.98652032,0.8693839999978081,5.967318999864801
71.39089683899965,20.03567904,40.000194,0.5008895466856986,0.4392189203248326,-19.96451496,0.5894719997741049,5.688258999725804
71.49098824700013,19.967915520000002,40.0001904,0.4991955118293637,0.43888011335356564,-20.03227488,0.6358250002449495,5.713204000130645
71.59066723999968,20.033445600000004,40.0001868,0.500833801106149,0.4392077712089227,-19.966741199999998,0.78160500015656,5.871725000361039
71.69081044499944,20.046988800000005,40.000179599999996,0.501172469735611,0.4392755049348151,-19.95319079999999,0.8306239997182274,5.907687999751943
71.7913730829996,19.963496160000002,40.000176,0.4990852080250847,0.4388580525927098,-20.03667984,0.8713110000826418,6.357547999868984
71.8919944069994,20.016029520000004,40.000172400000004,0.5003985812821147,0.4391207272441158,-19.98414288,1.546099999359285,6.734313999913866
71.99082977499984,19.999635120000008,40.0001688,0.49998876804739906,0.4390387645971727,-20.00053367999999,0.8198460000130581,5.920429000070726
72.09384363799927,20.015554320000007,40.00016279988,0.5003868214271381,0.43911837527312053,-19.984608479879995,3.0204379991118913,5.511681999450957
72.19062965899957,19.987351200000003,40.0001616,0.4996817612856845,0.43897736324482983,-20.012810399999996,0.8606439996583504,5.956467999567394
72.29104027499943,19.953374400000005,40.00015440000001,0.49883243450680287,0.4388074978890535,-20.046780000000002,0.5812499994135578,5.701518000023498
72.3907643069997,19.959148080000002,40.0001508,0.49897682085738543,0.43883637515917,-20.041002719999998,0.8539399996152497,5.942818999756128
72.49065613699986,20.066852160000003,40.00014600012,0.501669472904919,0.4393749055686767,-19.933293840119994,0.8044020005399943,4.918968999845674
72.59121884900014,20.015316720000005,40.00014,0.5003811666659168,0.4391172443208763,-19.984823279999997,0.8446810006716987,5.922208000811224
72.69039424199946,20.015554320000007,40.000136399999995,0.500387151679813,0.4391184413236555,-19.98458207999999,0.7074559998727636,4.827189999559778
72.79075426500003,19.98944208,40.0001328,0.4997343928818156,0.43898788956405604,-20.010690720000003,0.659530000120867,2.749212000708212
72.89042133199928,19.980413280000004,40.0001292,0.49950871858683904,0.4389427547050607,-20.01971592,0.6319179992715362,5.712647999644105
72.99221273100011,20.026246320000006,40.0001256,0.5006545859446003,0.439171928176613,-19.97387927999999,1.9905330000256072,7.189618000666087
73.09118517599927,19.965254400000003,40.00012080012,0.49912985262634774,0.43886698151296244,-20.03486640012,0.7461789991793921,5.885336999199353
73.19065662899993,19.96254576,40.0001148,0.4990622116914525,0.4388534533259834,-20.037569039999997,0.9367930006192182,6.138155999906303
73.29100207800002,19.972239840000004,40.0001112,0.49930460793319004,0.4389019325743309,-20.027871359999995,0.6071400002838345,5.731557000217435
73.39050625399977,20.027101680000005,40.0001076,0.5006761951810351,0.43917625002389993,-19.973005919999995,0.6507520001832745,4.801727000085521
73.4910665389998,20.021019120000002,40.000104,0.5005241766371408,0.43914584631512105,-19.97908488,1.2904280001748702,5.411051000010048
73.59055401099977,19.97057664,40.0001004,0.49926316284946126,0.43889364355758514,-20.02952376,0.5575830000452697,5.673851000210561
73.69122066899945,20.029335120000002,40.0000932,0.5007322112939477,0.43918745324648245,-19.97075808,1.17976000001363,6.288898999628145
73.79171899099947,20.018714400000004,40.00009200012,0.5004667089250682,0.4391343527727065,-19.981377600119995,1.382282000122359,6.488309999440389
73.89154406099988,20.034990000000008,40.000086,0.5008736731216029,0.4392157456120135,-19.965095999999996,1.5058580002005328,6.622349000281247
73.99041889299951,20.035964160000002,40.00008359988001,0.5008980571245633,0.43922062241260557,-19.964119439880005,0.7693090001339442,4.8691719994167215
74.09541636199992,19.974497040000003,40.000078800000004,0.49936144225795875,0.43891329943928464,-20.02558176,5.662888000188104,10.774157000014384
74.1903679269999,19.976326560000004,40.0000752,0.49940722511441693,0.4389224560105763,-20.023748639999994,0.7995320002009976,4.891913000392378
74.2911587539993,20.022801120000004,40.000071600000005,0.5005691319812537,0.4391548373839437,-19.97727048,1.22627999917313,6.412252999325574
74.39132645900008,20.01545928,40.000068,0.5003856313444268,0.4391181372565783,-19.984608719999997,0.8223650002037175,5.951097000433947
74.49081813399971,19.97278632,40.0000644,0.49931885409664495,0.4389047818070219,-20.02727808,1.0307570000804844,5.281955999635102
74.59102819199961,19.972572480000004,40.00006080000001,0.49931355304339936,0.4389037215963728,-20.027488320000003,1.0295539996150183,6.147248000161198
74.69115061899993,20.043258480000006,40.000058399880004,0.5010807304236369,0.4392571570724203,-19.956799919879998,0.9717190005176235,6.090284000492829
74.79104768999969,20.04525432,40.0000536,0.5011306864848801,0.43926714828466895,-19.95479928,1.081665999663528,6.20174899995618
74.89029988099992,19.999611360000003,40.0000536,0.4999896140139173,0.43903893379047637,-20.000442239999998,0.5744170002799365,5.678147999788052
74.99245672899997,19.974782160000004,40.00005,0.49936892978883785,0.4389147969454605,-20.025267839999998,2.0801079999728245,7.175579000431753
75.09094138899945,20.022896160000002,40.0000464,0.5005718233366849,0.4391553756550299,-19.97715024,1.2906510000902927,5.422588999863365
75.19021726499977,20.040573600000002,40.000042799999996,0.5010138039152299,0.43924377177073887,-19.959469199999994,0.7055670002955594,4.799356000148691
75.29116003799936,19.98043704,40.0000392,0.4995104364797723,0.43894309828364736,-20.01960216,0.8393660000365344,5.976894000013999
75.39466829799949,19.971265680000002,40.000035600000004,0.4992811976397341,0.4388972505156397,-20.028769920000002,2.5373560001753503,9.5148029995471
75.49044781999964,19.9786788,40.000035600000004,0.4994665254747923,0.4389343160826514,-20.021356800000003,0.8969769996838295,5.016821999561216
75.591130367,20.026578960000002,40.000032,0.5006640734687413,0.43917382568144114,-19.973453039999995,1.0942030003207037,6.3076579999687965
75.6905734309994,20.063216880000002,40.000028400000005,0.5015800658781532,0.43935702416332356,-19.936811520000003,0.8505509995302418,4.959857999892847
75.79142712900011,20.00735712,40.0000248,0.500183617886157,0.43907773456492427,-19.992667679999997,0.9370340003442834,6.094877000577981
75.89385164899977,19.978179840000003,40.000023600119995,0.499454201320523,0.4389318512517975,-20.021843760119992,3.4370929997749045,8.560250999835262
75.99109197300004,20.000751840000003,40.0000212,0.5000185309901787,0.43904471718572863,-19.999269359999996,0.6401589998858981,5.797890999929223
76.09123282600012,20.04095376,40.00001760000001,0.5010236235496056,0.43924573569761405,-19.959063840000006,0.8856260001266492,6.038709000677045
76.19062559299982,20.02757688,40.00001760000001,0.5006892016967512,0.43917885132704315,-19.972440720000005,0.9522749996904167,5.057157000010193
76.29013725000004,19.977395760000004,40.000014,0.4994347191978484,0.4389279548272626,-20.022618239999996,0.6055100002413383,5.692463000741554
76.39101418900009,19.98685224,40.00001280012,0.4996711461037343,0.43897524020843975,-20.013160560119996,0.8729400005904608,5.984023000564775
76.49315868599933,20.013653520000002,40.0000104,0.500341207911286,0.4391092525699501,-19.98635688,3.178551999553747,8.348116999513877
76.59102420599993,20.00531376,40.000007999880005,0.5001327439749516,0.4390675597826832,-19.994694239880005,0.868570000420732,5.970561000140151
76.69151182299993,19.972928880000005,40.0000068,0.4993231371150668,0.4389056384107063,-20.027077919999996,1.7141019998234697,6.9619830001101946
76.79181938300007,19.999944000000003,40.0000032,0.4999985600001152,0.43904072298771596,-20.0000592,1.728825000100187,6.845722999969439
76.8909481820001,19.987422480000003,40.0000032,0.4996855220251583,0.4389781153927246,-20.01258072,0.6126580001364346,4.752225000629551
76.99121968500003,20.022064560000004,39.999999599999995,0.5005516190055164,0.4391513347887962,-19.97793503999999,1.1733520004781894,6.268379000175628
77.09033568799987,19.97516232,39.999999599999995,0.49937906299379065,0.438916823586451,-20.024837279999996,0.6322139997791965,4.748909999761963
77.19108721799967,19.954134720000006,39.999996,0.4988534178853419,0.43881169456476127,-20.045861279999997,0.9949049999704584,6.093766000049072
77.29139061099977,19.995524640000003,39.999996,0.49988816598881664,0.4390186441854562,-20.00447136,1.009608999993361,6.148933999611472
77.39143327700003,19.99001232,39.999996,0.4997503579750358,0.4389910825827001,-20.00998368,1.1811310005214182,6.32586200026708
77.4912667539993,20.016599760000002,39.999992400000004,0.5004150890788669,0.4391240288034663,-19.98339264,0.982015999397845,6.094209999901068
77.59472910600016,19.966394880000003,39.999992400000004,0.4991599668403937,0.43887300435577165,-20.03359752,1.150074000179302,9.401449000506545
77.69120004700017,19.990416240000002,39.999992400000004,0.4997605009544952,0.43899311117859197,-20.00957616,0.6922330003362731,5.8415210005478
77.7921014679996,19.973950560000006,39.9999888,0.49934890381769326,0.43891079175123154,-20.02603823999999,1.5195619998848997,6.779720999475103
77.8909227260001,20.06050824,39.9999888,0.5015128464235971,0.4393435802724123,-19.939480559999996,0.855051000144158,5.969875000118918
77.99085374199967,20.017692720000003,39.9999888,0.5004424581238884,0.4391295026124706,-19.982296079999994,0.6722329999320209,4.801189999852795
78.09088868599974,19.968224400000004,39.999985200000005,0.49920579470614407,0.4388821699289217,-20.0317608,0.8379959999729181,5.944153000200458
78.19074564499988,20.041595280000003,39.999985200000005,0.501040067384825,0.4392490244646579,-19.958389920000002,0.6406960001186235,5.781446000582946
78.2906472529994,20.028289680000004,39.999985200000005,0.5007074272617481,0.43918249644004254,-19.97169552,0.7355119996645954,5.8340209998277714
78.39115700099956,20.014936560000006,39.99998400012,0.5003736141479447,0.43911573381728186,-19.985047440119995,0.5813059997308301,5.529441999897244
78.49118237099992,19.974734640000005,39.9999816,0.49936859570955416,0.43891473012960375,-20.025246959999993,1.254853999853367,6.370419000631955
78.59111573900009,20.00236752,39.9999816,0.5000594180273323,0.4390528945931594,-19.997614079999998,0.9037930003614747,6.003041999974812
78.69090471599975,19.962664560000004,39.9999816,0.49906684357074815,0.43885437970184255,-20.037317039999994,0.9465160001127515,6.037228000423056
78.79086213999926,20.029715280000005,39.9999816,0.5007431123418318,0.43918963345605927,-19.970266319999993,0.8872549997249735,6.014449999383942
78.89196848999927,20.033065440000005,39.9999816,0.5008268663803587,0.4392063842637646,-19.966916159999993,1.4757829994778149,6.693182999697456
78.9910186219995,20.020258800000008,39.999978,0.5005067452787101,0.43914236004343493,-19.97971919999999,0.5965660002402728,5.685962999450567
79.0909788049994,20.009448000000003,39.999978,0.5002364751300614,0.4390883060137052,-19.990529999999996,0.7324009993681102,4.949821000082011
79.19120651100002,19.999445040000005,39.999978,0.4999864009925207,0.439038291186197,-20.000532959999994,0.9126630002356251,6.008709000525414
79.2905817589999,19.9507608,39.999978,0.4987692943231119,0.4387948698523153,-20.049217199999998,0.9218850000252132,5.083398000351735
79.39148925399968,20.007974880000003,39.999978,0.500199647109806,0.4390809404096541,-19.992003119999996,1.1310740001135855,6.255657000110659
79.4902009540001,20.004149520000006,39.999978,0.5001040130572073,0.4390618135991344,-19.995828479999993,0.6029360001775785,4.706762000751041
79.59036728899991,19.999682640000007,39.999978,0.4999923409957877,0.43903947918685043,-20.000295359999992,0.6133060005595325,5.713518999982625
79.69079522099946,20.012346720000004,39.999978,0.5003089431699188,0.43910279962167664,-19.987631279999995,0.6581219995496213,5.75338999988162
79.79060060499978,20.011705200000005,39.9999744,0.5002929501874882,0.4390996010251905,-19.988269199999994,0.9914789998219931,6.088617000386876
79.89131793099932,19.965943440000004,39.9999744,0.4991489054552996,0.43887079207875285,-20.034030959999996,1.0938519999399432,6.237545999283611
79.99257507899983,19.99193688,39.9999744,0.49979874187119483,0.4390007593619319,-20.00803752,1.1841479999930016,7.227932000205328
80.09130268699937,20.028408480000007,39.9999744,0.500710532454741,0.4391831174786411,-19.971565919999993,0.8878479993654764,5.979300999570114
80.1911184419996,20.02463064,39.9999744,0.5006160863942953,0.439164228266552,-19.975343759999998,1.2588170002345578,6.46267899992381
80.29134844500004,19.98043704,39.9999744,0.4995112456871973,0.43894326012513235,-20.019537359999998,0.9768120007720427,6.075358000089182
80.39086332499937,20.024298,39.9999744,0.5006077703889731,0.4391625650654875,-19.975676399999998,0.7038449994070106,5.84139199963829
80.49108958599936,19.954990080000005,39.9999744,0.49887507128004577,0.43881602524370206,-20.044984319999994,0.8823099997243844,5.9779299999718205
80.59086134100016,20.050956720000006,39.9999744,0.501274238815513,0.4392958587507955,-19.949017679999994,0.9509050005362951,5.184400000871392
80.69187405999946,20.01595824,39.9999744,0.5003992762555368,0.43912086623880026,-19.98401616,1.5303959999073413,6.660182999439712
80.79118662099972,19.956677040000006,39.9999744,0.4989172453070372,0.43882446004910036,-20.043297359999993,1.2045379999108263,5.332957000064198
80.89123426900005,19.996950240000004,39.9999744,0.4999240759514087,0.43902582617797464,-20.003024159999995,1.1008330002368893,6.222786000762426
80.99075887099934,19.995548400000004,39.9999744,0.49988902992897927,0.43901881697348877,-20.004425999999995,0.7950499993967242,5.900021999877936
81.09453130199927,20.032709040000004,39.9999744,0.5008180465235499,0.43920462029240287,-19.967265359999995,4.1121229996861075,9.260224999707134
81.19039827100005,19.993718880000003,39.9999744,0.4998432918997069,0.4390096693676343,-20.006255519999996,0.786143000368611,4.885469000328158
81.29189155299991,19.968699600000008,39.9999744,0.4992178094993983,0.43888457288757254,-20.03127479999999,1.973291000467725,7.163856999795826
81.39060012299979,19.988634240000007,39.9999744,0.4997161758183527,0.43898424615136344,-20.011340159999992,0.8205499998439336,5.921132999901602
81.49077251400013,20.063430720000007,39.999978,0.5015860438723243,0.4393582197621578,-19.936547279999992,0.7169010004872689,4.9028580006051925
81.5906289730001,19.969982640000005,39.999978,0.49924984058741245,0.4388909791051754,-20.029995359999994,1.027646000693494,5.1232129999334575
81.69072415899973,19.971835920000004,39.999978,0.49929617261289505,0.4389002455102719,-20.028142079999995,0.8550700003979728,4.988544000298134
81.79014081500009,19.986139440000006,39.999978,0.4996537608095686,0.4389717631496066,-20.013838559999993,0.5997140006002155,5.68694499997946
81.89028440899983,20.001535920000002,39.999978,0.5000386730212703,0.43904874559194695,-19.998442079999997,0.6783819999327534,4.780670999934955
81.9910810679994,19.993101120000006,39.999978,0.4998278029052918,0.4390065715687513,-20.006876879999993,1.348650999716483,5.4374399996959255
82.0903495550001,20.003151600000006,39.999978,0.500079065043486,0.4390568239963901,-19.996826399999993,0.5907500008106581,5.687963000127638
82.19036223999956,19.945747440000005,39.999978,0.4986439602541783,0.4387698030385286,-20.054230559999993,0.6403810002666432,5.7203340002160985
82.29076481899938,19.979201520000004,39.999978,0.4994803127141721,0.43893707353052736,-20.020776479999995,0.8457730000372976,5.953985999440192
82.39210533999994,20.035869120000005,39.999978,0.5008970034933521,0.43922041168636333,-19.964108879999994,1.8491970004106406,7.075282000187144
82.49058212799991,20.001298320000004,39.999978,0.5000327330180032,0.43904755759129355,-19.998679679999995,0.9008289998746477,5.01295200047025
82.59093168899926,19.979320320000003,39.999978,0.4994832827158056,0.43893766753085406,-20.020657679999996,0.8286439997391426,4.994803999579744
82.69066381299945,19.956368160000004,39.999978,0.4989094784002132,0.43882290666773555,-20.043609839999995,0.6242879999263096,5.7250939998994
82.79069295999943,20.0044584,39.9999816,0.5001116900513775,0.4390633489979684,-19.995523199999997,0.7241229995997855,4.848857000069984
82.89190234899979,19.998185760000002,39.9999816,0.4999548739792421,0.4390319857835413,-20.001795839999996,1.8954200004372979,7.009762000052433
82.990531251,19.934105040000002,39.9999816,0.4983528552423135,0.4387115820361556,-20.065876559999996,0.7934380000733654,5.911502999879303
83.09107409199987,19.994906880000002,39.9999816,0.49987290194153494,0.4390155913759999,-20.005074719999996,0.7650120005564531,5.873279999832448
83.19097866399989,19.98571176,39.9999816,0.499643023835791,0.4389696157548511,-20.014269839999997,0.6256770002437406,5.723779000618379
83.29036509699927,20.03325552,39.9999816,0.5008316183825445,0.4392073346642018,-19.966726079999997,0.7966429993757629,5.890021999221062
83.39129146300002,19.99676016,39.9999816,0.49991923396284765,0.43902485778026246,-20.003221439999997,1.0898700002144324,6.200620000527124
83.49224951399992,19.98939456,39.9999816,0.49973509387814324,0.4389880297633216,-20.010587039999997,1.7555840004206402,6.938872000318952
83.59115940299944,19.976801760000008,39.9999816,0.49942027373332615,0.43892506573435813,-20.02317983999999,0.9334229998785304,6.050598999536305
83.69171165099942,19.991509200000003,39.999985200000005,0.4997879149215285,0.4389985939719986,-20.008476,1.3072249994365848,5.721962999814423
83.79108569499931,20.001821040000003,39.999985200000005,0.5000457110169131,0.43905015319107554,-19.99816416,0.8957919999375008,6.004115999530768
83.8904525909993,19.959718320000004,39.999985200000005,0.4989931426274628,0.4388396395131855,-20.04026688,0.6537699991895352,4.80100400000083
83.99150923699926,19.98796896,39.999985200000005,0.4996994088887812,0.43898089276544916,-20.012016240000005,1.4002269999764394,5.581738999353547
84.0914587719999,19.97958168,39.999985200000005,0.49948972681119885,0.4389389563499327,-20.020403520000006,0.7173450003392645,6.100896000134526
84.19154421699932,20.045919600000005,39.999985200000005,0.5011481754248249,0.43927064607265787,-19.9540656,1.2232609997226973,6.322788999568729
84.29118546900008,20.025604800000004,39.999985200000005,0.5006403052369129,0.4391690720350755,-19.9743804,1.2352800004009623,5.339309000191861
84.39083051699981,19.951568640000005,39.999985200000005,0.49878940055207827,0.43879889109810855,-20.04841656,1.146685000094294,5.284640999889234
84.49085505399944,20.014817760000007,39.999985200000005,0.5003706291371329,0.4391151368151195,-19.985167439999998,0.830828999824007,5.918541000028199
84.59250248699936,20.001488400000003,39.9999888,0.5000373500104581,0.43904848098978455,-19.998500399999994,2.321334000043862,7.471695999811345
84.69153095099955,20.00384064,39.9999888,0.5000961560269237,0.43906024219307765,-19.996148159999997,1.3247070000943495,6.437381999603531
84.79195780899954,19.986424560000007,39.9999888,0.4996607539050113,0.43897316176869516,-20.01356423999999,1.6700639998816769,6.894834999911836
84.89056671099934,19.97506728,39.9999888,0.4993768218255102,0.43891637535279493,-20.024921519999996,0.8171239996954682,4.939709999234765
84.99100253199958,19.997615520000004,39.9999888,0.499940527983348,0.4390291165843625,-20.002373279999993,0.6800479995945352,4.842819999794301
85.0908030089995,20.040383520000002,39.9999888,0.501009728282724,0.43924295664423774,-19.959605279999995,0.8245139997598017,5.938485999649856
85.19098106599995,20.004957360000006,39.9999888,0.5001240740347409,0.4390658257946411,-19.99503143999999,1.3090580005155061,5.481273999976111
85.29080226599945,19.964422800000005,39.9999888,0.49911070975099886,0.4388631529378927,-20.035565999999992,0.6664369993814034,5.749167999965721
85.3904684629997,20.001844800000008,39.9999888,0.500046260012953,0.4390502629902835,-19.99814399999999,0.652362999971956,4.770374000145239
85.49059764899994,20.012132880000003,39.999992400000004,0.5003034170576492,0.43910169439922275,-19.98785952,0.9124039997914224,5.019119000280625
85.5906582409998,20.0008944,39.999992400000004,0.5000224550042665,0.4390455019885462,-19.999098000000004,0.8928480001486605,5.0014520002150675
85.69056651599931,19.972477440000006,39.999992400000004,0.49931203086928594,0.4389034171615501,-20.027514959999998,0.8383099993807264,5.92468899958476
85.79015843399975,20.014865280000006,39.999992400000004,0.5003717270706283,0.43911535640181854,-19.985127119999998,0.6332510001811897,5.7216300001528
85.8919225539994,19.98169632,39.999992400000004,0.49954250291307556,0.43894951157030804,-20.018296080000002,1.4378010000655195,6.624495999858482
85.99056349399962,20.016457200000005,39.999992400000004,0.5004115250781899,0.4391233160033309,-19.9835352,0.9322739997514873,5.045507999966503
86.09438303699972,20.003983200000004,39.999992400000004,0.5000996750189383,0.43906094599148054,-19.9960092,4.424183999617526,8.629195999674266
86.19059054799982,19.972382400000008,39.999992400000004,0.49930965486883455,0.43890294196145985,-20.027609999999996,0.9027930000229389,5.024230000344687
86.29103584999939,19.98015192,39.999992400000004,0.49950389290573965,0.43894178956884083,-20.019840480000003,0.9986830000343616,5.165380000107689
86.39171658199939,20.021826960000006,39.999992400000004,0.5005457691036962,0.43915016480843216,-19.978165439999998,1.6678969996064552,6.787350999729824
86.49031940999976,20.009352960000005,39.999992400000004,0.5002339190444447,0.43908779479658183,-19.99063944,0.5970279999019112,5.702667000150541
86.59100716099965,20.047345200000006,39.999996,0.5011836801183681,0.4392777470113665,-19.952650799999997,0.9376449997944292,6.021987000167428
86.69124286699935,19.953421920000004,39.999996,0.49883559788355986,0.4388081305644049,-20.04657408,0.823920999209804,5.9520599997995305
86.79020795999986,19.98100728,39.999996,0.4995252319525232,0.43894605737819753,-20.018988720000003,0.6116579997978988,5.697518000488344
86.89054944599957,20.018643120000004,39.999996,0.5004661280466128,0.43913423659701545,-19.98135288,0.9151260001090122,5.044026000177837
86.99150903499958,20.004220800000006,39.999996,0.5001055700105571,0.43906212498980435,-19.995775199999997,1.5576919995510252,6.763999000213516
87.09093009799926,19.973546640000002,39.999996,0.49933871593387164,0.43890875417446723,-20.02644936,0.8781809992797207,6.011097999362391
87.19110937799996,20.021256720000004,39.999996,0.5005314680531469,0.4391473045983223,-19.97873928,1.0489800006325822,6.251806000364013
87.29106515399963,19.993362480000002,39.999996,0.4998341119834112,0.43900783338437516,-20.00663352,0.9370709994982462,6.042469000021811
87.39233708099982,20.007879840000005,39.999996,0.5001970460197047,0.43908042019163385,-19.99211616,0.7926429998406093,6.59390400051052
87.49134021099962,19.977158160000002,39.999996,0.4994290039429004,0.438926811776273,-20.02283784,0.8471250002912711,5.95963399973698
87.59079957199992,20.017074960000006,39.999996,0.5004269240426925,0.4391263957962314,-19.982921039999997,0.6641410000156611,5.782502000329259
87.6911436499995,20.007951120000005,39.999996,0.5001988280198829,0.4390807765916695,-19.992044879999998,1.4811350001764367,5.606054000054428
87.79096696099987,20.04316344,39.999996,0.5010791361079135,0.43925683820927564,-19.956832560000002,0.8825699997032643,6.009968000398658
87.89037350599938,19.980056880000003,39.999999599999995,0.4995014269950144,0.43894129638669577,-20.019942719999992,0.8065689999057213,5.892782000046282
87.99120136999954,19.999920240000005,39.999999599999995,0.4999980109999803,0.43904061318768894,-20.00007935999999,0.9512750002613757,6.051246999959403
88.09102532899942,20.007143280000005,39.999999599999995,0.5001785870017861,0.4390767283880501,-19.99285631999999,1.3518929999918328,6.444530999942799
88.19117158900008,20.000347920000003,39.999999599999995,0.5000087030000872,0.43904275158771033,-19.999651679999992,1.2788540007022675,5.437069999970845
88.29131481199965,19.999801440000006,39.999999599999995,0.4999950409999506,0.43904001918768304,-20.00019815999999,1.0507939996386995,6.203377999554505
88.39117043899932,19.979035200000002,39.999999599999995,0.499475884994759,0.4389361879866447,-20.020964399999993,0.7939389997773105,5.896281999412167
88.49036079500002,20.000371680000008,39.999999599999995,0.5000092970000932,0.43904287038771156,-19.999627919999988,0.6046950002200902,3.7488210000446998
88.59095454399994,20.00673936,39.999999599999995,0.500168489001685,0.4390747087880299,-19.993260239999994,0.9444229999644449,6.04739500067808
88.69019002999994,20.02650768,39.999999599999995,0.500662697006627,0.4391735503890183,-19.973491919999994,0.5758799998147879,4.721706000054837
88.79124715699982,20.001654720000005,39.999999599999995,0.500041373000414,0.4390492855877757,-19.99834487999999,0.8463470003334805,4.947414000525896
88.89019036099944,20.008473840000008,39.999999599999995,0.5002118510021187,0.43908338118811663,-19.991525759999988,0.6280289999267552,4.762632999700145
88.99143191699932,19.973023920000003,39.999999599999995,0.4993256029932562,0.4389061315863442,-20.026975679999993,1.5876549996391986,5.73303799956193
89.09144965699943,20.017074960000006,39.999999599999995,0.500426879004269,0.4391263867885467,-19.98292463999999,1.0897769998337026,6.222619999789458
89.19038563899994,20.015982000000005,39.999999599999995,0.5003995550039957,0.43912092198849206,-19.98401759999999,0.8178660000339733,4.9167840006703045
89.29033661799986,20.00662056,39.999999599999995,0.5001655190016553,0.43907411478802394,-19.993379039999994,0.7626420001543011,4.869635000432027
89.39173432499956,19.961785440000007,39.999999599999995,0.49904464099044665,0.43884993918578225,-20.03821415999999,1.358299999992596,6.603959999665676
89.49055054499968,20.0133684,39.999999599999995,0.5003342150033422,0.43910785398836133,-19.986631199999994,0.9297189999415423,5.039063000367605
89.59052296899972,20.010374640000002,39.999999599999995,0.5002593710025938,0.43909288518821166,-19.989624959999993,0.9620520004318678,3.1195689998639864
89.69034770599956,20.034894960000003,39.999999599999995,0.500872379008724,0.43921548678943767,-19.965104639999993,0.5895280000913772,5.686092999894754
89.79061209799966,19.976659200000004,39.999999599999995,0.499416484994165,0.43892430798652593,-20.02334039999999,0.8971260003818315,5.252271000244946
89.8915280379997,19.986662160000005,39.999999599999995,0.4996665589966658,0.4389743227870261,-20.01333743999999,1.5942849995553843,6.732943000315572
89.9910977519994,20.025628560000005,39.999999599999995,0.5006407190064074,0.4391691547889744,-19.97437103999999,0.6195289997776854,5.766704999587091
90.09186946699992,19.984595040000002,40.0000032,0.49961483603081314,0.4389639781938555,-20.01540816,1.136963000135438,6.802407000577659
90.19066718700014,20.010327120000003,40.0000032,0.500258137979349,0.43909263858356273,-19.98967608,0.9746640007506358,5.1084540000374545
90.29101878399979,19.991818080000005,40.0000032,0.4997954120163671,0.43900009339096635,-20.008185119999997,0.992719999885594,6.082857999899716
90.39055605299927,19.995667200000007,40.0000032,0.4998916400086689,0.4390193389894267,-20.004335999999995,1.015460999951756,5.164194999451865
90.49210302099982,20.020401360000005,40.0000032,0.5005099939592006,0.439143009779533,-19.979601839999997,1.78980600048817,6.935483000233944
90.59084949999942,20.009590560000003,40.0000032,0.5002397239808222,0.4390889557838573,-19.99041264,1.0178319998885854,5.134712999279145
90.69139361899943,19.954895040000004,40.0000032,0.4988723360902132,0.4388154782057355,-20.045108159999998,1.3043549997746595,6.442141999286832
90.79145359999984,19.98939456,40.0000032,0.49973482402121405,0.4389879757919357,-20.01060864,1.0896840003624675,6.203470999935234
90.89065532599943,20.000205360000006,40.0000032,0.5000050939995926,0.4390420297876114,-19.999797839999996,0.8289569996122736,3.9604160001545097
90.99056897199989,20.0424744,40.0000032,0.5010618199150544,0.43925337497070377,-19.957528800000002,0.8829770004012971,5.967134000457008
91.09093736599971,19.998043200000005,40.0000032,0.4999510400039169,0.4390312189884763,-20.001959999999997,0.8569029996579047,6.017931999849679
91.1911660349997,20.00015784,40.0000032,0.5000039059996875,0.4390417921876304,-19.999845360000002,1.0503690000405186,6.159378000120341
91.29077148999932,20.03097456,40.0000032,0.5007743239380541,0.4391958757753037,-19.96902864,0.8892359992387355,4.99843299985514
91.39093654699991,20.001892320000007,40.0000032,0.5000472679962187,0.43905046458693664,-19.998110879999995,0.9609039998395019,6.086653999773262
91.49068480099959,20.030618160000007,40.0000032,0.5007654139387671,0.4391940937754463,-19.969385039999995,0.8010680003280868,5.897650999941106
91.59167315000013,19.974402000000005,40.0000032,0.4993600100511993,0.4389130129979328,-20.025601199999997,1.659250000557222,6.764092000594246
91.69045060999997,19.994407920000004,40.0000032,0.49986015801118744,0.4390130425899304,-20.005595279999998,0.7811790001142072,4.8764500006655
91.79177157499998,19.981648800000002,40.0000032,0.4995411800367056,0.438949246995034,-20.0183544,1.3077250005153473,6.475050000517513
91.89118474899988,19.996189920000003,40.0000032,0.4999047080076234,0.4390219525892176,-20.00381328,0.9145700005319668,5.031878000409051
91.9906092199999,19.969531200000006,40.0000032,0.4992382400609409,0.4388886589998811,-20.030471999999996,0.6298059997789096,4.78031800048484
92.09104063299947,20.027149200000004,40.0000032,0.5006786899457049,0.4391767489768339,-19.972853999999998,1.097165999453864,6.202451999342884
92.19123715399928,19.978773840000006,40.0000032,0.49946930604245565,0.43893487219618404,-20.021229359999996,0.6526769993797643,5.895965999116015
92.29051219599933,20.023300080000006,40.0000032,0.5005824619534032,0.43915750337837356,-19.976703119999996,0.7928639997771825,5.887817999791878
92.39049245399929,20.00084688,40.0000032,0.5000211319983094,0.4390452373873548,-19.99915632,0.6218249991434277,5.71587099966564
92.4912964289997,19.961096400000006,40.0000032,0.4990273700778105,0.438846485003255,-20.038906799999996,0.8720879995962605,5.9575779996521305
92.59106936899934,19.986353280000003,40.0000032,0.4996587920272967,0.4389727693931522,-20.01364992,0.8340139993379125,5.937966999226774
92.69056034099958,20.007784800000007,40.0000032,0.5001945799844337,0.43907992698457965,-19.992218399999995,1.0226469994449872,6.105951999415993
92.79047122700013,20.002723920000005,40.0000032,0.5000680579945554,0.439054622586604,-19.997279279999997,0.802439000835875,4.897395000625693
92.89350245999958,19.935815760000004,40.0000032,0.49839535412837177,0.43872008181336725,-20.064187439999998,3.189995999491657,8.424136999565235
92.99103677099993,20.01964104,40.0000032,0.5004909859607211,0.4391392081798371,-19.980362160000002,0.8012540001800517,5.892207000215421
93.09059403999981,19.994764320000005,40.0000032,0.49986906801047465,0.43901482458978786,-20.005238879999997,0.9818680000535096,2.1897209999224287
93.19129323600009,20.026792800000003,40.0000032,0.5006697799464176,0.43917496697697644,-19.9732104,1.2420950006344356,6.354863000524347
93.29107843499969,19.96808184,40.0000032,0.49920200606383947,0.4388814122004608,-20.031921360000002,0.9833129997787182,5.125824999595352
93.3908979859998,19.975827600000006,40.0000032,0.4993956500483481,0.43892014099736254,-20.024175599999996,1.160871000138286,5.28621600005863
93.49048284799937,20.009305440000006,40.0000032,0.5002325959813925,0.4390875301839714,-19.990697759999996,0.594082999668899,4.719169000054535
93.59071770299943,20.035370160000003,40.0000032,0.500884213929263,0.4392178537735455,-19.96463304,0.7825499997125007,5.864392000148655
93.6905140129993,19.995073200000004,40.0000032,0.49987679000985685,0.4390163689896643,-20.004929999999998,0.6284909995883936,5.724185999497422
93.79071064499931,19.97352288,40.0000032,0.49933803205295746,0.4389086173982844,-20.02648032,0.7558089992016903,5.839335999553441
93.89022496899997,19.968580800000005,40.0000032,0.4992144800628417,0.43888390700026125,-20.031422399999997,0.6263619998208014,4.73687300018355
93.99396502899981,19.967440320000005,40.0000032,0.49918596806512266,0.43887820460071747,-20.032562879999997,3.5433359998933156,5.666259000463469
94.0903621540001,20.046965040000003,40.0000032,0.5011740859060732,0.43927582816890753,-19.95303816,0.6633250004597357,5.744427000536234
94.19103558999996,19.988824320000003,40.0000032,0.4997205680223546,0.4389851245921638,-20.01117888,0.913496000066516,6.088840000302298
94.29073958399931,20.001132000000002,40.0000032,0.5000282599977393,0.43904666298724077,-19.9988712,0.8754589998716256,5.967615999907139
94.3908214359999,20.011824,40.0000032,0.5002955599763552,0.43910012298296397,-19.9881792,0.5981390004308196,5.738242000006721
94.49058130100002,20.013059520000006,40.0000032,0.5003264479738843,0.43910630058246974,-19.986943679999996,1.0408870002720505,5.148158000338299
94.59052148399951,20.018785680000008,40.0000032,0.5004696019624321,0.43913493138017934,-19.981217519999994,0.7158449998314609,4.853800999626401
94.69121654999981,19.975471200000005,40.0000032,0.4993867400490609,0.4389183589975051,-20.024531999999997,1.0939809999399586,6.2220090003393125
94.79077120799957,20.000989440000005,40.0000032,0.5000246959980245,0.4390459501872978,-19.999013759999997,0.8401619998039678,4.975969999577501
94.89125808500012,19.98423864,40.0000032,0.4996059260315259,0.4389621961939981,-20.01576456,1.4513010000882787,5.573405000177445
94.99121628699959,20.011610160000004,40.0000032,0.500290213976783,0.4390990537830495,-19.98839304,0.8879959996193065,5.986319999465195
95.09396038599971,19.960478640000005,40.0000032,0.49901192607904604,0.4388433962035021,-20.039524559999997,4.428164999808359,9.515636000287486
95.19119950699951,19.9776096,40.0000032,0.499440200044784,0.4389290509966497,-20.0223936,0.9896089995891089,6.09715500013408
95.29183473800003,19.990440000000003,40.0000032,0.49976096001912323,0.43899320299151756,-20.0095632,1.3303730002007796,6.517662000078417
95.39147045299978,20.006929440000004,40.0000032,0.5001731959861444,0.4390756501849218,-19.993073759999998,0.9579039997333894,6.091618000027665
95.49099283299984,20.034134640000005,40.0000032,0.500853325931734,0.4392116761740397,-19.965868559999997,1.0512019998714095,5.222659000537533
95.59009716899982,19.973047680000004,40.0000032,0.4993261520539079,0.4389062413984745,-20.026955519999998,0.5474899999171612,5.633777000184637
95.69097594199957,19.995096960000005,40.0000032,0.49987738400980936,0.4390164877896548,-20.004906239999997,0.6396779999704449,5.746593999901961
95.7909843110001,20.003127840000005,40.0000032,0.5000781559937476,0.4390566421864424,-19.996875359999997,0.6931230000191135,5.781113000011828
95.89135905700005,19.984903920000008,40.0000032,0.4996225580301955,0.438965522593732,-20.015099279999994,1.107611000406905,6.229046000044036
95.99143296399961,20.009400480000004,40.0000032,0.5002349719812023,0.43908800538393333,-19.99060272,1.1086479998994037,6.209285999830172
96.0912237929997,19.9700064,40.0000032,0.49925012005999037,0.43889103499969095,-20.029996800000003,0.8141429998431704,5.95128199984174
96.1920587679997,20.003317920000008,40.0000032,0.5000829079933675,0.4390575925863664,-19.996685279999994,2.3523899999418063,7.438880000336212
96.29096504500012,20.033849520000004,40.0000032,0.5008461979323042,0.43921025057415375,-19.966153679999998,0.9351260005132644,6.065932000637986
96.39142512599938,19.998993600000006,40.0000032,0.4999748000020161,0.4390359709880961,-20.001009599999996,1.5440069992109784,1.5671549999751733
96.49066175999997,20.022017040000005,40.0000032,0.5005503859559692,0.43915108817888676,-19.977986159999997,0.8350320003955858,4.95202500042069
96.59073966799951,20.005028640000003,40.0000032,0.500125675989946,0.43906614618568207,-19.99497456,0.9318120000898489,5.085267999675125
96.69062344199938,20.009067840000004,39.999999599999995,0.5002267010022672,0.4390863511881463,-19.99093175999999,0.7601970000905567,4.870170999311085
96.79092564999974,20.017455120000005,39.999999599999995,0.500436383004364,0.4391282875885657,-19.98254447999999,0.902458999917144,5.049211999903491
96.89101650199973,20.000561760000004,39.999999599999995,0.5000140490001407,0.43904382078772103,-19.99943783999999,1.0599990000628168,6.170896999719844
96.99045597299937,19.955322720000005,39.999999599999995,0.49888307298883094,0.4388176255854591,-20.04467687999999,0.7579009998153197,5.867298999874038
97.09076277299937,20.0032704,39.999999599999995,0.5000817650008178,0.43905736398785644,-19.996729199999994,0.6182689994602697,5.926225999246526
97.19187404900003,20.011230000000005,39.999999599999995,0.5002807550028078,0.43909716198825444,-19.98876959999999,1.6083780001281411,6.713720000334433
97.2905384149999,20.01652848,39.999999599999995,0.5004132170041322,0.43912365438851936,-19.983471119999994,0.7449189997714711,5.827871999827039
97.39284309999948,19.991580480000007,39.999999599999995,0.4997895169978954,0.438998914387272,-20.00841911999999,1.9547909996617818,8.04379799956223
97.49444843999936,20.013891120000004,39.999999599999995,0.500347283003473,0.4391104675883875,-19.98610847999999,4.243383999892103,9.406319999470725
97.59119323699997,20.003888160000006,39.999999599999995,0.5000972090009723,0.43906045278788736,-19.99611143999999,0.9589970004526549,6.117488000199955
97.69135131299936,20.02220712,39.999999599999995,0.5005551830055519,0.4391520475888033,-19.977792479999994,1.1014069996235776,6.278731999373122
97.79143888699946,20.047891680000003,39.999999599999995,0.5011972970119731,0.43928047039008755,-19.952107919999992,1.000145999569213,6.118728999354062
97.89300033699965,19.96922232,39.999999599999995,0.49923056299230567,0.43888712358615406,-20.030777279999995,2.1325529996829573,7.0619110001644
97.99071537300006,19.992863520000004,39.999999599999995,0.4998215929982161,0.4390053295873361,-20.00713607999999,1.1198330003026058,5.214696000621188
98.09085830000004,20.01189528,39.999999599999995,0.500297387002974,0.4391004883882877,-19.988104319999994,0.7299380004042177,5.849817000125768
98.19169033099934,20.043995040000006,39.999999599999995,0.501099881010999,0.4392609871898927,-19.95600455999999,1.2864099999205791,6.3841779992799275
98.29047410600015,19.972596240000005,39.999999599999995,0.4993149109931493,0.4389039931863228,-20.02740335999999,0.911848000214377,5.036730000028911
98.3910599109995,19.98027072,39.999999599999995,0.4995067729950678,0.43894236558670646,-20.019728879999995,1.1688889999277308,6.266768999921624
98.49081468399982,20.041951680000004,39.999999599999995,0.5010487970104881,0.43925077038979055,-19.95804791999999,0.8011059999262216,5.901245000131894
98.59385462099999,19.983121920000002,39.999999599999995,0.4995780529957806,0.438956621586849,-20.016877679999993,3.76330200015218,8.958072000496031
98.69120398399991,19.989846,39.999999599999995,0.4997461549974616,0.4389902419871852,-20.010153599999995,1.0239430002911831,5.1432509999358444
98.7918123999998,19.90592568,39.999999599999995,0.4976481469764815,0.4385706403829892,-20.094073919999996,1.31363299988152,6.5083839999715565
98.8903660420001,20.001607200000006,39.999999599999995,0.500040185000402,0.43904904798777333,-19.99839239999999,0.8141990001604427,4.931673000101
98.99178423000012,20.0007756,39.999999599999995,0.500019395000194,0.4390448899877317,-19.999223999999995,0.6161390001580003,6.170007000037003
99.09038707699983,20.045468160000006,39.999999599999995,0.5011367090113673,0.43926835278996634,-19.95453143999999,0.6725109997205436,5.763760999798251
99.19074672999977,19.968319440000002,39.999999599999995,0.49920799099208,0.4388826091861089,-20.031680159999993,0.5748800003857468,4.709466000349494
99.29067885699988,19.988871840000005,39.999999599999995,0.4997218009972182,0.43898537118713654,-20.01112775999999,0.9307370000897208,6.03607999983069
99.39102836199982,20.005408800000005,39.999999599999995,0.5001352250013524,0.4390680559879634,-19.99459079999999,0.6310290000328678,5.747686999711732
99.49092346999987,19.950879600000004,39.999999599999995,0.4987719949877201,0.4387954099852369,-20.04911999999999,1.127092999922752,5.259086000478419
99.5905654069993,20.026650240000006,39.999999599999995,0.5006662610066628,0.43917426318902547,-19.97334935999999,0.8082169997578603,4.909023999971396
99.69059722099973,19.955869200000002,39.999999599999995,0.49889673498896747,0.4388203579854864,-20.044130399999993,0.7679749996896135,5.853075999766588
99.79033254899969,20.021826960000006,39.999999599999995,0.500545679005457,0.4391501467887843,-19.97817263999999,0.5713239997930941,5.661518000124488
99.89240263699958,20.066852160000003,39.999999599999995,0.5016713090167132,0.43937527279103555,-19.933147439999992,1.3720409997404204,7.829053000023123
99.99074479399951,20.03125968,39.999999599999995,0.500781497007815,0.4391973103892559,-19.968739919999994,0.8214580002459115,5.938356000115164
100.0916059000001,19.968889680000004,39.999999599999995,0.4992222469922226,0.4388854603861374,-20.03110991999999,1.2276130000827834,5.449422000310733
100.19110233499941,19.991390400000004,39.999999599999995,0.4997847649978478,0.4389979639872625,-20.00860919999999,1.0114609995071078,6.135081999673275
100.29086049599937,19.977158160000002,39.999999599999995,0.4994289589942897,0.43892680278655083,-20.022841439999993,1.031386999784445,5.233973999565933
100.39167998999983,20.047083840000003,39.999999599999995,0.5011771010117712,0.4392764311900471,-19.952915759999993,1.343855000413896,6.515625000247383
100.49070832500001,20.016718560000005,39.999999599999995,0.5004179690041799,0.4391246047885289,-19.98328103999999,0.6152140003905515,5.729501000132586
100.59037624399934,19.979985600000003,39.999999599999995,0.49949964499499655,0.4389409399866922,-20.020013999999993,0.7928459999675397,4.889709000053699
100.69138314799966,20.041310160000002,39.999999599999995,0.5010327590103277,0.43924756278975846,-19.958689439999993,1.2551130002975697,6.3923259995135595
100.79056539299927,20.016409680000006,39.999999599999995,0.5004102470041026,0.43912306038851345,-19.98358991999999,0.7038259991531959,5.8050019997608615
100.89086226699965,20.038839120000006,39.999999599999995,0.50097098300971,0.4392352075896349,-19.96116047999999,1.0912400002780487,5.207232999964617
100.99281018599959,19.986424560000007,39.999999599999995,0.4996606189966064,0.43897313478701416,-20.01357503999999,2.8876579999632668,8.073037999565713
101.09080609699959,19.985070240000006,39.999999599999995,0.4996267609962678,0.4389663631869465,-20.01492935999999,1.0166649999518995,5.135397999765701
101.19116621299963,20.01857184,39.999999599999995,0.5004643010046431,0.4391338711886215,-19.981427759999995,0.8119949998217635,5.940912000369281
101.29129630599982,19.99528704,39.999999599999995,0.49988218099882187,0.4390174471874573,-20.004712559999994,0.8395129998461925,5.955763000201841
101.39143319599953,19.98792144,39.999999599999995,0.4996980409969805,0.438980619187089,-20.012078159999994,1.8453630000294652,6.050283000149648
101.49117654299971,19.956629520000007,39.999999599999995,0.49891574298915764,0.43882415958552445,-20.04337007999999,1.0741289997895365,6.174582000312512
101.59071507099998,19.98191016,39.999999599999995,0.4995477589954777,0.43895056278678846,-20.018089439999994,0.797254000644898,4.927543000121659
101.69274641799984,20.04836688,39.999999599999995,0.5012091770120918,0.4392828463901113,-19.951632719999996,0.7144749997678446,7.870110000112618
101.79134391199932,20.029287600000004,39.999999599999995,0.5007321950073221,0.4391874499891573,-19.970711999999992,0.8396799994443427,5.981874999633874
101.89153387699935,19.954562400000004,39.999999599999995,0.49886406498864083,0.43881382398542107,-20.04543719999999,1.5527099994869786,2.6660989997253637
101.99055760099964,19.99136664,39.999999599999995,0.4997841709978417,0.43899784518726126,-20.008632959999996,0.8190879998437595,4.938914000376826
102.09270233799998,20.007927360000004,39.999999599999995,0.500198189001982,0.4390806487880893,-19.99207223999999,1.723805999972683,8.00274100038223
102.19157452199943,20.00372184,39.999999599999995,0.5000930510009306,0.439059621187879,-19.996277759999995,1.1007209996023448,6.227359999684268
102.29095295599927,20.000799360000002,39.999999599999995,0.5000199890002,0.4390450087877329,-19.999200239999993,1.3499669994416763,6.514013999549206
102.39061298599972,19.960454880000004,39.999999599999995,0.49901137699011394,0.4388432863857157,-20.03954471999999,0.6185100000948296,5.702499999642896
102.49061385499954,19.996831440000005,39.999999599999995,0.4999207909992081,0.43902516918753454,-20.00316815999999,0.6839549996584537,4.847393999625638
102.59073778199945,20.017573920000004,39.999999599999995,0.5004393530043937,0.43912888158857166,-19.98242567999999,0.9499600000708597,6.047838999620581
102.69060324099974,20.029691520000004,39.999999599999995,0.5007422930074231,0.43918946958917754,-19.97030807999999,1.0199050002484,5.151991000275302
102.7915580709996,19.977063120000004,39.999999599999995,0.499426582994266,0.4389263275865461,-20.02293647999999,1.14233400017838,6.243027999516926
102.89087470599952,19.997924400000006,39.999999599999995,0.49994811499948133,0.4390306339875892,-20.00207519999999,0.7623820001754211,5.8793549997062655
102.99067121999997,20.02503456,39.999999599999995,0.5006258690062588,0.43916618478894465,-19.974965039999994,0.580564999836497,5.664999000146054
103.09172869899976,19.997663040000003,39.999999599999995,0.49994158099941594,0.4390293271875761,-20.002336559999993,1.2371680004434893,6.3668250004411675
103.19104063199939,20.089804320000002,39.999999599999995,0.5022451130224512,0.43949003359218314,-19.910195279999993,0.7292159998542047,1.8381969994152314
103.29086660899975,19.931301360000006,39.999999599999995,0.4982825389828256,0.438697518784258,-20.06869823999999,0.967812000453705,6.068747000426811
103.39169154699994,19.989252000000004,39.999999599999995,0.4997313049973132,0.43898727198715554,-20.01074759999999,1.2649280006371555,6.440345000555681
103.49098470099943,20.02021128,39.999999599999995,0.5005052870050529,0.4391420683887035,-19.979788319999994,0.8450320001429645,5.934818999776326
103.59144824499981,19.996380000000002,39.999999599999995,0.49990950499909514,0.4390229119875119,-20.003619599999993,1.0619810000207508,6.2342319997696904
103.6912075729997,20.018049120000008,39.999999599999995,0.5004512330045126,0.4391312575885954,-19.981950479999988,0.8526439996785484,5.960522999885143
103.79130092499963,19.972596240000005,39.999999599999995,0.4993149109931493,0.4389039931863228,-20.02740335999999,0.9612559997549397,6.110506999903009
103.89056105999953,20.025652320000003,39.999999599999995,0.5006413130064132,0.43916927358897556,-19.974347279999993,1.0093499995491584,5.140546999427897
103.99085308199938,20.001250800000005,39.999999599999995,0.500031275000313,0.4390472659877555,-19.99874879999999,0.7563089993709582,1.8707339995671646
104.09085061799942,20.035085040000006,39.999999599999995,0.5008771310087715,0.4392164371894472,-19.96491455999999,0.5995470000925707,5.680240999936359
104.19076661500003,19.944298080000003,39.999999599999995,0.4986074569860747,0.4387625023849079,-20.055701519999992,0.6387690000337898,5.732501000238699
104.29020130899971,20.036035440000003,39.999999599999995,0.500900891009009,0.4392211891894947,-19.963964159999993,0.6167139999888605,5.702667000150541
104.39099613500002,20.01840552,39.999999599999995,0.5004601430046015,0.4391330395886132,-19.981594079999994,0.7187520004663384,5.809242999930575
104.49251230699974,20.015435520000004,39.999999599999995,0.500385893003859,0.4391181895884647,-19.98456407999999,1.3159480004105717,7.317155999771785
104.59047725399978,19.983454560000002,39.999999599999995,0.4995863689958638,0.43895828478686566,-20.016545039999993,0.6442510002671042,5.738982000366377
104.69096516799982,19.99017864,39.999999599999995,0.4997544709975448,0.4389919051872019,-20.009820959999995,1.1975190000157454,6.364658999700623
104.79097129699949,20.06661456,39.999999599999995,0.5016653690166538,0.4393740847910237,-19.933385039999994,0.6712519998472999,5.776742999842099
104.89087540499986,20.01448512,39.999999599999995,0.5003621330036214,0.4391134375884172,-19.985514479999996,0.6375470002240036,5.793965000520984
104.99079314299979,20.041832880000005,39.999999599999995,0.5010458270104584,0.4392501763897846,-19.95816671999999,1.1510929998621577,5.263936999654106
105.09018933599964,19.966394880000003,39.999999599999995,0.4991598769915989,0.4388729863860127,-20.033604719999992,0.5574349997914396,4.65218699991965
105.19078377000005,20.006929440000004,39.999999599999995,0.5001732410017325,0.4390756591880394,-19.99307015999999,0.6744180000168853,5.777057000159402
105.29071297199971,20.016124560000005,39.999999599999995,0.5004031190040313,0.4391216347884992,-19.98387503999999,0.6200289999469533,5.72266800008947
105.39146129799974,19.977514560000003,39.999999599999995,0.4994378689943788,0.43892858478656865,-20.022485039999992,1.0623879998092889,6.154081999738992
105.4913822769995,19.995096960000005,39.999999599999995,0.49987742899877446,0.4390164967874478,-20.00490263999999,0.9292380000260891,6.039320999661868
105.5955058239997,19.999254960000002,39.999999599999995,0.4999813789998139,0.4390372867876557,-20.000744639999994,5.150547000084771,10.25898199986841
105.692664702,20.012322960000006,39.999999599999995,0.5003080790030809,0.4391026267883091,-19.98767663999999,3.1601990003764513,8.249225999861665
105.79144970000016,20.006264160000008,39.999999599999995,0.5001566090015663,0.43907233278800617,-19.993735439999988,1.0938880004687235,6.243842000003497
105.89084285599984,20.028170880000005,39.999999599999995,0.5007042770070429,0.4391818663891015,-19.97182871999999,0.7144940000216593,5.818521000037435
105.99069981499997,19.943466480000005,39.999999599999995,0.49858666698586684,0.4387583443848663,-20.05653311999999,0.5394529998739017,4.6465020004688995
106.09041786499984,20.000656800000005,39.999999599999995,0.5000164250001644,0.43904429598772576,-19.99934279999999,0.6387880002876045,5.758316000537889
106.19049180899947,20.009590560000003,39.999999599999995,0.5002397690023979,0.4390889647881725,-19.990409039999992,0.5867689997103298,5.699667000044428
106.2918326629997,19.997472960000007,149.9212426914,0.13338652082255673,0.37904101098769294,-129.9237697314,1.4499489998343051,6.636588999754167
106.39074108899968,19.959884640000002,149.77327606344002,0.13326733022482276,0.3432328087901544,-129.81339142344,1.1667600001601386,5.290363999847614
106.49142852499972,19.989228240000003,149.5071828,0.1337007885884664,0.31458624703212357,-129.51795456000002,1.0123689999090857,6.128932999672543
106.59078399499958,20.01517416,149.07445612200002,0.13426293598965017,0.29166899762569887,-129.059281962,0.8143839995682356,5.899818999751005
106.69039443099973,19.980532080000007,148.45440614004,0.13459036076808642,0.2733351981005591,-128.47387406003998,0.5769720000898815,5.661832999976468
106.7901559819993,19.991794320000004,147.6485316,0.13540124038727658,0.2733351981005591,-127.65673728000002,0.5789349997940008,4.671853999752784
106.89188363799985,19.956962160000007,146.68720736724003,0.13605114255148767,0.2733351981005591,-126.73024520724003,0.7379369999398477,6.77725800051121
106.99064943199937,20.005028640000003,146.1742992,0.13685735966914764,0.2733351981005591,-126.16927056,0.6496769992736517,5.754759999945236
107.09091767599966,19.978512480000003,145.13553931139998,0.13765417191949447,0.2733351981005591,-125.15702683139997,0.5780089995823801,5.6607589995110175
107.19097397199948,20.039908320000006,144.06729953688,0.13910102004008176,0.2733351981005591,-124.02739121687999,0.6250289998206426,5.7112039994535735
107.29084796899951,19.977633360000006,142.9670376,0.13973593980379156,0.2733351981005591,-122.98940424,0.8893300000636373,6.062321000172233
107.39034410800014,19.950784560000006,142.41242850228002,0.14009159712967464,0.2733351981005591,-122.46164394228002,0.6813080008214456,5.770817000666284
107.49418152099952,20.025557280000005,141.30223560000002,0.14172144690398658,0.2733351981005591,-121.27667832000002,0.7517530002587591,9.080629999516532
107.59078637199946,19.983454560000002,140.19128192304,0.14254420307655224,0.2733351981005591,-120.20782736304001,0.568620999729319,5.657277999489452
107.69086013099968,20.002082400000003,139.0741735608,0.14382312609073716,0.2733351981005591,-119.0720911608,0.9435339998162817,6.123952000052668
107.79084409200004,19.97057664,138.508752573,0.1441827773986677,0.2733351981005591,-118.538175933,0.6092690000514267,5.694926000614942
107.89097866700013,20.01726504,137.36769656796,0.14572032246385416,0.2733351981005591,-117.35043152796,0.6806590008636704,5.774686000222573
107.99058975299977,20.010184560000003,136.2254364,0.14689022174422633,0.2733351981005591,-116.21525184000001,0.6578630000149133,5.748038000092492
108.09175551099997,20.042070480000007,135.08788374036,0.1483631982755835,0.2733351981005591,-115.04581326036,1.0587950000626734,6.425845000194386
108.19047474799936,19.974544560000002,134.5212756,0.14848613701370522,0.2733351981005591,-114.54673104,0.6172879993755487,5.710647999876528
108.29059119299927,20.014675200000003,133.38977811192,0.15004654392038042,0.2733351981005591,-113.37510291192001,0.5926569992880104,5.678665999766963
108.39022600099997,20.00158344,132.25860548784,0.1512308659706757,0.2733351981005591,-112.25702204783998,0.5773610000687768,5.668185000104131
108.49327367899969,20.00842632,131.1269868,0.1525881651693685,0.2733351981005591,-111.11856048,3.684338000311982,7.843739000236383
108.59044692799944,20.002937760000002,130.56065467055998,0.153208007500214,0.2733351981005591,-110.55771691055998,0.6918999997651554,5.788890000076208
108.69102643699989,19.979676720000004,129.4265952,0.15437072024591128,0.2733351981005591,-109.44691848000001,0.614196000242373,5.69607499983249
108.7907127819999,20.019427200000003,128.29045856759998,0.15604767044659976,0.2733351981005591,-108.27103136759999,0.6754739997631987,5.782815999737068
108.89101995300007,20.01852432,127.1531826216,0.15743628202822016,0.2733351981005591,-107.1346583016,0.9078670000235434,6.073766000554315
108.99085530100001,20.02094784,126.58404058848001,0.1581632862004094,0.2733351981005591,-106.56309274848,0.6693260002066381,5.75379800011433
109.09087257699957,19.963424880000005,125.44445699784,0.15914154644827191,0.2733351981005591,-105.48103211784,0.6090839997341391,5.693258999599493
109.19058092299929,20.018334240000005,124.30363679999999,0.16104383391620933,0.2733351981005591,-104.28530255999999,0.6239169997570571,5.7077219998973305
109.29058033000001,20.017027440000007,123.16219981416002,0.16252573817456806,0.2733351981005591,-103.14517237416001,0.8093470005405834,5.957431000751967
109.39071633099957,20.029002480000003,122.591538,0.1633799755412156,0.2733351981005591,-102.56253552,0.6374550002874457,5.720889999793144
109.49022961799983,20.027719440000006,121.45086060228,0.16490389068205602,0.2733351981005591,-101.42314116227999,0.6047510005373624,5.685555999662029
109.59094042400011,19.981387440000006,120.31102140588001,0.1660811055089542,0.2733351981005591,-100.32963396588,0.6246210004974273,5.706554999960645
109.69103529499989,20.03693832,119.1721104,0.1681344590839771,0.2733351981005591,-99.13517207999999,0.7962529998621903,5.948097000327834
109.79058004599938,20.034704880000007,118.60297621884,0.16892244628864134,0.2733351981005591,-98.56827133883999,0.6623629997193348,5.764464000094449
109.89111364600012,20.013653520000002,117.46526400000002,0.17037933460908067,0.2733351981005591,-97.45161048000001,0.6620480007768492,5.747649000113597
109.99091291900004,19.96435152,116.32827416652,0.17162080038617014,0.2733351981005591,-96.36392264652,0.5912320002607885,5.67879600021115
110.09122477499932,19.991461680000004,115.19188143912001,0.17354922439187417,0.2733351981005591,-95.20041975912001,0.9492189992670319,6.103802999859909
110.19048057700002,20.007547200000005,114.62396095692,0.17454943131410014,0.2733351981005591,-94.61641375692,0.6538260004163021,5.751631000748603
110.29047094599991,20.000609280000003,113.48854624908,0.17623460640779984,0.2733351981005591,-93.48793696908,0.5839169998580473,5.665333000251849
110.39054592699995,19.98796896,112.3538328,0.17790197683402928,0.2733351981005591,-92.36586384,0.7550119998995797,4.864412000642915
110.4941361329993,19.931301360000006,111.21980693688,0.17920640134999977,0.2733351981005591,-91.28850557688,0.6536219998451998,9.044591999554541
110.59110128599968,20.033944560000002,110.6530092,0.1810519632935568,0.2733351981005591,-90.61906464,0.6246960001590196,5.747352999605937
110.69098359700001,20.014271280000003,109.51999852356,0.18274535746724394,0.2733351981005591,-89.50572724356,0.6522510002469062,5.73348200032342
110.79034734499965,20.01652848,108.3896203248,0.18467200475486983,0.2733351981005591,-88.3730918448,0.5563790000451263,5.644369999572518
110.8920053339998,19.981031040000005,107.2690236,0.18627027980144684,0.2733351981005591,-87.28799255999999,0.6406219999917084,7.161876000282064
110.99085288799961,19.96706016,106.7157381744,0.1871051121566424,0.2733351981005591,-86.7486780144,0.612621000072977,5.703445000108331
111.0907625889995,20.033160480000003,105.6267,0.18966000528275523,0.2733351981005591,-85.59353952,0.5542130002140766,5.639313999381557
111.19033226600004,19.98763632,104.56496367119999,0.19115041614560552,0.2733351981005591,-84.57732735119998,0.6902889999764739,5.793983000330627
111.29103920199941,20.014984080000005,103.52979776772,0.19332582996931694,0.2733351981005591,-83.51481368772,0.9762559993760078,6.16937799986772
111.39051045199994,20.010707280000002,103.02222167028,0.19423680595865775,0.2733351981005591,-83.01151439028,0.7565500000055181,4.854950000662939
111.49405328600005,20.03693832,102.02755057092,0.19638752677956528,0.2733351981005591,-81.99061225092,0.6261210000957362,8.943646000261651
111.59050248599942,19.996570080000005,101.05852320000001,0.1978711883650404,0.2733351981005591,-81.06195312,0.5921389993090997,5.68379600008484
111.69091645499975,20.031639840000004,100.11682407456,0.20008265369146988,0.27335172883885306,-80.08518423455999,1.2317800001255819,5.4151069998624735
111.79067763500007,19.994384160000003,99.6554196,0.20063519114418543,0.2734622363293962,-79.66103544,0.5571390001932741,5.657389000589319
111.89018851499986,19.991841840000003,98.7524092962,0.2024440920730963,0.2738240165151784,-78.7605674562,0.6340850004562526,5.716501000279095
111.9903843309994,20.010992400000003,97.8735417174,0.20445763021205188,0.2742267241429695,-77.8625493174,0.5871019993719528,5.682203000105801
112.09260994099986,20.012798160000003,97.0172352,0.20628085431154405,0.27459136896286795,-77.00443704,1.584730000104173,7.280859999809763
112.19091441199998,20.008735200000004,96.5968788276,0.20713645661067714,0.27476248942269454,-76.58814362759999,0.5841580004926072,5.685519000508066
112.29395346000001,19.91614248,95.77031400000001,0.2079573685014753,0.27492667180085417,-75.85417152000001,2.7992120003546006,8.813643000394222
112.3904292899997,19.958934240000005,94.96329557112,0.21017524844693644,0.2753702477899464,-75.00436133112,0.5888429996048217,5.674611000358709
112.49143891699987,20.019854880000004,94.174192188,0.21258323979073113,0.27585184605870533,-74.15433730800001,0.9666089999882388,6.1774900004820665
112.59076327499952,20.029026240000004,93.78619850916,0.21356048713333647,0.2760472955272264,-73.75717226916,0.6868629998280085,5.780020000202057
112.69127917100013,19.983906,93.02273843976,0.214828184325505,0.2763008349656601,-73.03883243976,0.8435880008619279,5.927911000071617
112.79028996899979,19.981530000000003,92.2753512,0.2165424432434997,0.27664368674925904,-72.2938212,0.6579560003956431,5.747260999669379
112.89120144499975,20.028669840000003,91.54380003408001,0.21878783524983353,0.27709276515052583,-71.51513019408,1.0251459998471546,5.276382000374724
112.99064697199992,20.009305440000006,91.18332720000001,0.21944039611662694,0.2772232773238845,-71.17402176,0.6847519998700591,5.7801680004558875
113.09072610199928,20.008164960000002,90.49275072252001,0.22110240654913335,0.2775556794103858,-70.48458576252001,0.7114379995982745,5.7942239991461975
113.19061667299957,19.968652080000002,89.97537570984001,0.22193463403138824,0.2777221249068368,-70.00672362984001,0.8315509994645254,5.93380000009347
113.29079426699991,20.007761040000002,89.463996,0.2236403685791098,0.2780632718163811,-69.45623495999999,0.9731270001793746,5.147398000190151
113.39027960899966,19.95886296,89.20390877064,0.22374426451780252,0.2780840510041196,-69.24504581064,0.5994719995214837,5.6895179995990475
113.49404516999948,20.034491040000002,88.67209319999999,0.22593907865479376,0.2785230138315179,-68.63760215999999,0.6192509999891627,9.073666999938723
113.59063116800007,19.960407360000005,88.12578072492,0.22649906980461673,0.27863501206148245,-68.16537336492,0.6764740001017344,5.763371000284678
113.69165925800007,20.00236752,87.56936560116,0.228417408104816,0.27901867972152233,-67.56699808116,1.2741320006171009,6.4130860000659595
113.79326948699963,20.0364156,87.28852283424,0.22954238368827648,0.27924367483821444,-67.25210723424,0.8722740003577201,8.340209999914805
113.89089500199952,20.021304240000003,86.72295272472,0.23086511253315545,0.2795082206071902,-66.70164848472,0.5816200000481331,5.6675919995541335
113.99042214199926,19.992412080000005,86.153598,0.2320554514740058,0.27974628839536025,-66.16118592,0.6223619993761531,5.711296999834303
114.09321492699928,19.980365760000005,85.58162373024,0.23346560732453134,0.28002831956546537,-65.60125797024,2.867768999749387,8.018685999559239
114.1909379259996,20.0376036,85.29498720000001,0.2349212334485232,0.28031944479026377,-65.25738360000001,0.6358999999065418,5.7238159997723415
114.29166684399934,19.938524400000002,84.72106294092,0.2353431804072628,0.28040383418201165,-64.78253854092,1.7478249992564088,6.854167999335914
114.39064845499979,20.04090624,84.14709986268001,0.2381651449985185,0.2809682271002628,-64.10619362268001,0.7396600003630738,5.842575999849942
114.49249248399974,19.960407360000005,83.57374440000001,0.23883586290528827,0.28110237068161675,-63.613337040000005,2.067051999802061,7.241154999974242
114.59103707099985,20.01329712,83.28733227324,0.24029220979659377,0.2813936400598779,-63.27403515323999,0.6269739997151191,5.726426999899559
114.69067580399951,20.044731600000006,82.71519119999999,0.24233434402071488,0.2818020669047021,-62.67045959999999,0.6428070000765729,5.7277599998997175
114.79015490599977,20.036962080000006,82.1443748994,0.24392372702986334,0.2821199435065318,-62.1074128194,0.5821949998789933,4.681594999965455
114.89105588199982,19.996926480000003,81.5753019186,0.24513456903848121,0.28236211190825533,-61.578375438600006,0.763234999794804,5.8945030004906585
114.99089489699963,19.988871840000005,81.2915864676,0.24589102893159645,0.2825134038868784,-61.3027146276,0.5387499995777034,5.623869999908493
115.09028449699963,20.003603040000005,80.72594195508,0.24779646487285364,0.2828944910751299,-60.72233891508,0.7045860002108384,5.789539000033983
115.19088935699983,20.021945760000005,80.16292080000001,0.24976567171190203,0.2832883324429395,-60.14097504,0.6278060000113328,5.713778000426828
115.2940130549996,20.002272480000002,79.60272798672001,0.25127621861573574,0.28359044182370624,-59.60045550672001,4.441535000296426,8.620028999757778
115.39106583899957,19.97941536,79.3236456,0.25187212726894637,0.28370962355434837,-59.34423024,0.6326579996311921,5.732093000005989
115.49072079599955,20.00151216,78.76773554364,0.2539302675385213,0.2841212516082634,-58.766223383639996,0.5749909996666247,5.659018999722321
115.59008433999952,20.019569760000007,78.21462648168,0.25595685437031573,0.28452656897462225,-58.19505672167999,0.5649360000461456,4.658631999518548
115.69122061599955,19.971693360000007,77.664276,0.2571541819304413,0.2847660344866474,-57.69258264,0.9445890000279178,6.084155000280589
115.79151723099949,19.98751752,77.39014492224,0.2582695450445666,0.28498910710947245,-57.40262740224,0.8862739996402524,7.067466999615135
115.89098331399964,19.958292720000003,76.84376400000001,0.25972560011505946,0.285280318123571,-56.885471280000004,0.5730840002797777,5.654517999573727
115.99080338399926,20.019973680000007,76.29985502604,0.2623854746928089,0.28581229303912087,-56.27988134604,0.5975659996693139,5.680888999449962
116.0913467800001,19.969650000000005,75.75834779604001,0.263596693710417,0.2860545368426425,-55.78869779604001,0.8584030001657084,6.044895000741235
116.19010014699961,20.011800240000003,75.48852418956,0.26509725093774744,0.2863546482881086,-55.47672394956,0.5851759997312911,5.673036000189313
116.29344731199944,19.96627608,74.95062063156,0.2663924049161596,0.28661367908379104,-54.98434455156,3.6880419993394753,8.778716999586322
116.39028518499981,20.038601520000004,74.415006,0.26928172954793556,0.28719154401014624,-54.376404480000005,0.5691389997082297,5.653184000038891
116.49215627000012,20.264345280000004,73.88164732212,0.2742811782694632,0.2881914337544518,-53.61730204212,0.6700110006931936,7.0641150005030795
116.59030625699961,20.627706960000005,73.6157304,0.2802078692681151,0.2893767719541821,-52.98802344,0.7189930001914036,4.815522999706445
116.69428789499943,21.241427760000004,73.08552889116,0.29063794272643273,0.2914627866458457,-51.84410113115999,0.8623839994470472,9.516580999843427
116.79045288699945,21.81834432000001,72.5572975266,0.30070502986968684,0.2934762040744965,-50.73895320659999,0.8597360001658672,4.954024999278772
116.89146369799982,22.678741440000003,72.0309996,0.31484696264023526,0.29630459062860615,-49.35225816,1.5167649999057176,5.931466999754775
116.9907018139993,23.460944400000006,71.76857475492001,0.32689717581986216,0.2987146332645315,-48.30763035492001,0.7516409996242146,5.848835999131552
117.09432520599967,24.068012400000004,71.245044,0.33782016332251835,0.30089923076506275,-47.17703159999999,0.8894590000636526,9.019684000122652
117.19086794399936,24.794712000000008,70.72330840811999,0.3505875581628367,0.30345270973312644,-45.92859640811999,0.5558789998758584,5.6443319999743835
117.29055232700011,25.416725040000003,70.20323360676001,0.36204493346233235,0.30574418479302556,-44.786508566760006,0.9228110002368339,5.10054599999421
117.39078605199938,26.0448444,69.94382558364,0.37236802795201895,0.3078088036909629,-43.898981183640004,0.5826209999213461,5.672315000083472
117.49083153299944,26.62675056000001,69.42616643052,0.38352615345177393,0.31004042879091387,-42.799415870519994,0.5862689995410619,5.670333000125538
117.59100821999982,27.147260880000005,68.9100444,0.39395216062290045,0.3121256302251392,-41.76278352,0.7536610000897781,5.8483550001255935
117.69058454500009,27.660619440000005,68.39542353851999,0.40442207985482637,0.33058492015107666,-40.73480409851999,0.9225150006386684,5.081674999928509
117.79278100600004,27.986274,67.88219487408,0.4122770934545345,0.33215592287101825,-39.89592087408,1.4003200003571692,7.856924999941839
117.89052324499971,28.318201200000004,67.62610951776,0.4187465669981069,0.34947405169643597,-39.307908317759995,0.6528989997605095,5.742723000366823
117.99096375099998,29.228850719999997,67.11490889388001,0.43550458760535216,0.35282565581788505,-37.886058173880016,0.731234000340919,5.81478000003699
118.09327641699929,29.843070480000005,66.35051611272,0.4497790255210813,0.3722163297585243,-36.50744563271999,3.263607999542728,8.440395999969041
118.19125651299964,29.79163008,65.84244120000001,0.45246849200967953,0.37275422305624395,-36.050811120000006,1.0508499999559717,5.273677999866777
118.29147590399953,30.888653040000005,65.3355578628,0.47276940842632686,0.3768144063395734,-34.44690482279999,1.041182999870216,6.185840999933134
118.39199654099957,31.15709352,64.82977294716,0.4805985290954949,0.39757123089075774,-33.67267942715999,1.4718390002599335,6.641701000262401
118.49118443399948,31.894366320000003,64.3250772,0.4958309839385627,0.4172231815003188,-32.43071087999999,0.9711269995023031,6.0949139997319435
118.59189468499972,32.19046344,63.569988,0.5063783155032214,0.4193326478132505,-31.37952456,1.5116349995878409,6.681126999865228
118.69173758899979,32.956794720000005,63.067842216360006,0.5225610003738308,0.4399783183253666,-30.11104749636,1.5949700000419398,6.71840599989082
118.79295168199951,33.50562696000001,62.316336202920006,0.5376700396970707,0.45951666259970747,-28.810709242919998,3.1029949996081996,8.215170999392285
118.89179492099993,33.948038159999996,61.56674539092,0.5514021887050526,0.46226309240130387,-27.618707230920002,1.3638560003528255,6.482458000391489
118.99126481799976,34.41886632000001,61.06795901532,0.5636157958278156,0.48253363308660624,-26.649092695319993,1.4386900002136827,6.564866000189795
119.09336455499943,34.98007752,60.321011824440006,0.5798987195673544,0.5020066503827558,-25.340934304440005,3.5600209994299803,8.786976000010327
119.19259219000014,35.479251360000006,59.575234631040004,0.5955369136140093,0.5051342891920869,-24.095983271039998,2.370372000768839,7.604235000144399
119.29334783000013,36.0154908,58.83030103571999,0.6121928694217029,0.5265460052380102,-22.81481023571999,2.709488000618876,8.134965000863303
119.39205856699937,36.6589116,58.08593863908,0.6311150763661074,0.5474598194636298,-21.427027039079995,1.8203809995611664,7.002742999247857
119.4920692149999,37.25963568000001,57.342037042080015,0.6497787243354698,0.5679236004379978,-20.082401362080006,2.050386000519211,4.188994999822171
119.5942328229994,37.69335072,56.35103055192,0.6689025977132854,0.5881193998930554,-18.65767983192,3.9445459997295984,9.082648000003246
119.69147766599963,38.1813336,55.608700944960006,0.6866071846884332,0.607816956852131,-17.427367344960004,1.2074090000169235,6.332326000119792
119.79161599999952,38.84473656000001,54.621129599999996,0.7111668477833899,0.6127288894711223,-15.776393039999988,1.6242490000877297,6.7640179995578364
119.89122439999937,39.332220480000004,53.8841592,0.7299403213106089,0.6361711758390196,-14.551938719999995,1.409337999575655,5.5179049995786045
119.99302057600016,39.869647920000006,52.911826772759994,0.7535110834715246,0.6596391573655207,-13.042178852759989,3.093143000114651,8.21031900068192
120.09156266199989,40.34254320000001,51.95559953016001,0.776481140913047,0.683007554075026,-11.61305633016,1.5189320001809392,6.627886000387662
120.19285949699952,40.70504952,51.0203592,0.7978197362436446,0.7059699905087498,-10.315309679999999,2.6523209999140818,7.7985159996387665
120.29146347299957,40.99836672,50.11288355160001,0.8181202879252595,0.7284000499920518,-9.114516831600007,1.2735579994114232,5.417513999418588
120.3917176799996,40.96833408,49.250702957399994,0.8318324738519177,0.749086534764025,-8.282368877399996,1.7528250000395929,6.869611999718472
120.49098166600015,40.72671864000001,48.26415827052,0.8438294606056789,0.7680351199323558,-7.537439630519991,1.4270040001065354,5.598720000307367
120.59150306299944,40.53913344000001,47.56612169268001,0.852269051950868,0.7697230382013937,-7.026988252679999,1.5572849997624871,6.690145999527886
120.6937970250001,40.364758800000004,46.78942267872,0.8626898236630315,0.7883163952937212,-6.424663878719997,3.578984000341734,8.72178999998141
120.79160883999975,40.06160496000001,46.106276400000006,0.8688969938157922,0.7895578293242733,-6.044671439999995,1.3824670004396467,6.519495000247844
120.89182119399993,39.98916072000001,45.620395287120004,0.8765632228375307,0.7910910751286211,-5.631234567119996,1.5702480004620156,6.680979000520892
120.99183030399945,39.915385920000006,45.0783612,0.8854666597773302,0.809966192058363,-5.162975279999998,1.3872629997422337,6.556550999448518
121.09427280599994,39.84237144000001,44.59691341332,0.8933885417303358,0.8115505684489641,-4.754541973319995,4.384720000416564,8.540714000446314
121.1912260879999,39.86135568000001,44.2466028,0.9008907612676653,0.8294186070127044,-4.385247119999988,1.1963530005232315,6.316269000308239
121.29136949699932,39.790337040000004,43.55190614916,0.9136302072226856,0.8319664962037085,-3.7615691091599928,1.6968800000540796,5.807057999845711
121.39443071200003,39.958914240000006,43.28707946904,0.9231141192738498,0.8501960208177368,-3.328165229039996,4.168178999861993,8.341136000126426
121.49138575399957,39.81649680000001,43.0586712,0.9247033336226133,0.8505138636874896,-3.242174399999989,1.4722460000484716,5.641165999804798
121.59178312899985,40.00999824,42.826322138760005,0.9342384832945744,0.8524208936218818,-2.816323898760004,1.5795070003150613,5.757890000495536
121.69387786599964,39.9370788,42.590996657999995,0.9376882893980951,0.8694743727771246,-2.6539178579999927,3.563002000191773,7.731421999778831
121.79093048399955,39.974976000000005,42.3568224,0.9437671131817482,0.8706901375338552,-2.3818463999999935,1.4046529995539458,5.537330999686674
121.89127578399984,40.05663912000001,42.12922288896,0.9508041300827527,0.8720975409140561,-2.072583768959994,1.2153899997429107,6.316824999885284
121.99258945299971,40.00044672,41.87231001792,0.9552959151974443,0.8729958979369944,-1.871863297920001,2.3491129995818483,7.512899999710498
122.09175801199945,40.09120992000001,41.67620084988,0.9619689199697158,0.8907905023435387,-1.5849909298799858,1.5365439994639019,6.705719999445137
122.19081977299993,39.971673360000004,41.4980532,0.9632180374186807,0.8910403258333317,-1.526379839999997,1.1469070004750392,5.361550000088755
122.29408752899963,40.028008320000005,41.33770620588,0.9683171127261603,0.8920601408948277,-1.3096978858799986,4.194438999547856,8.351968999704695
122.390925273,39.960529920000006,41.194102256280004,0.9700546372243871,0.8924076457944731,-1.2335723362799982,1.0839440001291223,5.212789000324847
122.49195410299944,39.96518688000001,41.042219527440004,0.9737579336634095,0.8931483050822775,-1.0770326474399923,1.8327520001548692,6.979205999414262
122.59231636699951,39.95123976,40.9310892,0.9760609976633604,0.9097308435984941,-0.9798494400000024,2.0559039994623163,7.228192000184208
122.6927954849998,39.995148240000006,40.83255757008,0.9794916267823105,0.9104169694222841,-0.8374093300799927,2.359076000175264,7.469529000445618
122.79148207299932,40.02872112000001,40.728879924480005,0.9828092791704992,0.9110804998999218,-0.7001588044799973,1.3285949999044533,6.489049999800045
122.89087358100005,40.00488984000001,40.64788407636,0.9841813602117129,0.9113549161081645,-0.6429942363599892,1.249150000148802,5.4047920002631145
122.99089482099953,40.00719456000001,40.5670248,0.9861998694072337,0.9117586179472688,-0.5598302399999895,1.1444450001363293,5.242844999884255
123.09220043299956,39.99723912,40.4700408,0.9883172423191627,0.9121820925296545,-0.47280167999999634,2.0268289999876288,6.208527000126196
123.19140677099949,40.050390240000006,40.38926672304,0.9916097391575895,0.9128405918973399,-0.3388764830399964,1.3631329993586405,5.513181999958761
123.29115730299964,39.945584880000006,40.30857087732,0.9909948184860051,0.912717607763023,-0.3629859973199956,1.0923509998974623,6.193268000060925
123.39151723299983,40.02385032,40.211876077919996,0.995324123710228,0.9135834688078677,-0.18802575791999487,1.6199330002564238,5.757982000432094
123.49094346399943,39.99115656000001,40.13154,0.996501917444484,0.9301671585351909,-0.1403834399999937,1.2358539997876505,5.370717000005243
123.59149787899969,40.00557888,40.039948800000005,0.9991416092919678,0.9306950969046878,-0.03436992000000316,1.2881689999630908,6.45443899975362
123.69150776700008,39.99997152000001,39.971845455120004,1.0007036468934511,0.9310075044249844,0.028126064880005686,1.289947000259417,6.461068000135128
123.7913058919994,39.97103184,39.90115821492,1.0017511678408841,0.931217008614471,0.06987362507999961,1.170444999843312,6.3241589996323455
123.89158135799971,39.97117440000001,39.85123061376,1.0030097887666884,0.9314687327996318,0.11994378624000746,1.2676870001087082,6.434160000026168
123.99169130300015,40.00534128,39.79966784148,1.0051677174628488,0.9319003185388639,0.20567343852000164,1.3106320002407301,6.4618830001563765
124.09121170199978,40.05309888000001,39.7629,1.0072982322717912,0.9323264215006524,0.2901988800000055,1.3422439997157198,5.517960999895877
124.19176146900008,39.94924392000001,39.725841599999995,1.005623601942772,0.9319914954348486,0.22340232000001237,1.3036880000072415,6.460217000494595
124.29131575700012,40.033972080000005,39.70050009192,1.0083996923793883,0.9325467135221719,0.33347198808000655,1.3480410007105093,5.493794000358321
124.39110891899963,39.88637496000001,39.675668473440005,1.0053107230367413,0.9319289196536424,0.21070648656000657,1.5385990000140737,5.655684999510413
124.49133821799933,40.02002496000001,39.6589259394,1.0091051134655482,0.9326877977394038,0.3610990206000082,1.2614649995157379,4.415016999701038
124.59165129599933,39.953687040000005,39.6430247538,1.0078364930054997,0.9324340736473942,0.3106622862000066,1.9103829999949085,6.065228999432293
124.69172533299934,40.00037544000001,39.632886000000006,1.0092723361099671,0.9327212422682876,0.36748944000000705,1.523746999737341,5.687981999471958
124.79158505099986,40.06642824000001,39.62527202556001,1.0111332034302611,0.9330934157323464,0.4411562144399994,1.6529710001123021,6.764851000298222
124.89322844699927,39.93456024,39.61908841536,1.0079626219900026,0.9324592994442947,0.31547182464000656,2.8051569997842307,7.962165999742865
124.9905327359993,40.02275736000001,39.61619639208,1.0102624937511995,0.932919273796534,0.40656096792000795,0.7364199991570786,4.835375999391545
125.09132833999956,39.95430480000001,39.61512960048,1.0085617591799043,0.9325791268822751,0.33917519952000674,1.763362000019697,5.949227000201063
125.193034033,40.008501360000004,39.616077600000004,1.0099056692073927,0.9328479088877727,0.3924237599999998,3.210108000530454,8.300041999973473
125.29155921199981,39.957298560000005,39.619216800000004,1.0085332772151114,0.9325734304893165,0.33808176000000145,1.2907250002172077,6.43938299981528
125.39314086600007,40.005460080000006,39.6233507808,1.0096435382588884,0.9327954826980719,0.38210929920000325,3.2026260005295626,8.30883900016488
125.49151222699948,39.96551952000001,39.62993397516,1.0084679814266244,0.9325603713316191,0.3355855448400078,1.1941120001210948,6.354288999318669
125.59112640500007,39.98222280000001,39.6366300288,1.0087190250772808,0.9326105800617503,0.3455927712000104,1.180890000796353,6.287750999945274
125.69112273700011,40.01821920000001,39.64594323312,1.0093900141230343,0.932744777870901,0.37227596688001086,1.411375000316184,5.556813000112015
125.79398922699966,39.96100512000001,39.654637199999996,1.0077259039959143,0.9324119558454771,0.3063679200000138,4.102308000256016,8.263523999630706
125.89118369799962,40.00272768,39.666042000000004,1.0084880079540075,0.9325643766370957,0.3366856799999951,1.427782000064326,5.577238999649126
125.9917249099999,39.92862024000001,39.676235958,1.006361094390788,0.9321389939244518,0.2523842820000084,1.2871690005340497,5.471700000271085
126.09194750499955,40.02575112000001,39.68916475572,1.0084805605346356,0.9325628871532213,0.3365863642800093,1.3921529998697224,6.596884999453323
126.19120993599972,39.980131920000005,39.70041484572,1.0070456965088908,0.9322759143480723,0.2797170742800077,1.0731470001701382,6.222230999810563
126.29119397199975,40.03962696,39.71436844716,1.0081899454922154,0.9325047641447373,0.3252585128400014,1.3208179998400738,5.475738000313868
126.39178670199999,40.01909832,39.726280800000005,1.0073708767622664,0.9323409503987474,0.2928175199999927,1.7730660001689103,5.955837000328756
126.49133274899941,39.97523736,39.7408212,1.0058986239569705,0.9320464998376883,0.2344161600000021,1.059257999258989,6.25067599958129
126.59186099699946,39.99479184,39.75306595092,1.0060806854338842,0.932082912133071,0.24172588907999426,1.6636009995636414,4.8471529999005725
126.69380208299935,39.98224656000001,39.767816350800004,1.0053920538987726,0.9319451858260487,0.21443020920000322,3.7330049999582116,7.911757999863767
126.79125802199997,40.05079416000001,39.78009964908,1.0068047720671376,0.9322277294597217,0.2706945109200092,1.1607220003497787,6.310028000370949
126.89246328099944,39.95634816000001,39.79478284884,1.0040599621255308,0.9316787674714003,0.16156531116001105,2.5759119998838287,6.729627999447985
126.99132944699977,40.07583720000001,39.806946,1.006754881421951,0.9322177513306844,0.2688912000000059,1.3962450002509286,5.544609000025957
127.09139077999953,39.961290240000004,39.821392800000005,1.0035131227253307,0.9315693995913603,0.1398974399999986,1.3310029999047401,5.502404000253591
127.19172967299983,39.98217528,39.833249952959996,1.0037387189650826,0.9316145188393107,0.14892532704000416,1.2596679998750915,6.408752000425011
127.29100027099958,40.011447600000004,39.84720595416,1.004121785754036,0.9316911321971014,0.16424164584000067,1.1228140001549036,5.266770000162069
127.3913020709997,39.9992112,39.858560444880005,1.0035287464863287,0.93157252434356,0.14065075511999225,1.2913170003230334,6.437992999963171
127.49113838199992,40.03356816,39.869636400000005,1.0041116943820434,0.9316891139227028,0.16393175999999698,1.0949620000246796,6.203988999914145
127.5916195740001,39.921207120000005,39.8825208,1.0009700068908383,0.9310607764244618,0.038686320000003604,1.903901000332553,6.043839000085427
127.69101080400014,40.00802616000001,39.89288875932,1.0028861635309152,0.9314440077524773,0.11513740068000544,1.2332240003161132,5.349050000404532
127.79199289299959,39.94145064000001,39.904859961,1.0009169479365614,0.9310501646336065,0.03659067900001389,1.6100820002975524,6.7576470000858535
127.89109869200001,40.020927840000006,39.91442643756,1.0026682433381977,0.9314004237139337,0.10650140244000283,1.2299280006118352,6.336455000564456
127.99120471100014,39.99438792,39.92539323564,1.0017280902896257,0.9312123931042193,0.06899468435999978,1.4197270002114237,5.558071999985259
128.09039952999956,39.988638,39.9340944,1.0013658404132986,0.9311399431289539,0.05454360000000236,0.8388099995499942,4.964654999639606
128.19144019399937,39.994411680000006,39.9440016,1.0012620187758055,0.9311191788014552,0.05041008000000602,1.3269479995869915,5.498812000041653
128.29135676499936,39.99122784000001,39.95180756964,1.000986695540403,0.9310641141543747,0.039420270360004395,1.0625719996824046,6.169451999994635
128.39128654099932,40.051008,39.96062997156,1.0022616767679668,0.9313191103998876,0.09037802843999998,1.0289059991919203,5.150805999619479
128.49077304999992,39.987782640000006,39.96753002676,1.0005067266660324,0.9309681203795006,0.020252613240003825,1.0799070005305111,5.203863000133424
128.59100129299986,40.064978880000005,39.97527482484001,1.0022439884541896,0.9313155727371321,0.08970405515999857,1.118017999942822,5.273382000268612
128.69228818299962,39.89340792000001,39.9812904,0.9978019098653207,0.9304271570193583,-0.08788247999999044,2.3279639999600477,6.4641239996490185
128.7916127819999,40.08538872,39.9879864,1.002435789565038,0.9313539329593018,0.09740232000000049,1.4146150006126845,6.569885000317299
128.89180852499976,39.97485720000001,39.993146380080006,0.999542692142644,0.930775313474823,-0.01828918007999647,1.3918380000177422,5.551479000132531
128.9917410600001,40.0233276,39.998847582,1.0006120180825164,0.9309891786627975,0.024480017999998438,1.536248000775231,6.674387000202842
129.09125097600008,40.00674312,40.0031976168,1.000088630494841,0.9308845011452624,0.0035455032000015763,1.6035070002544671,5.78261200007546
129.1940916879994,39.95323560000001,40.00795561512,0.998632271650009,0.930593229376296,-0.054720015119983145,3.6023550001118565,8.764679999330838
129.29088885700003,40.08919032000001,40.0115484,1.0019404877617784,0.9312548725986498,0.07764192000000492,1.0016830001404742,5.218807000346715
129.3926516069996,39.96311976,40.015432800000006,0.9986926783908231,0.9306053107244587,-0.05231304000000847,2.38581699977658,7.55047500024375
129.49192025999946,40.08009024000001,40.01832478908,1.0015434291976377,0.9311754608858217,0.06176545092001362,1.8883819993789075,6.0972840001340955
129.5939492919997,39.970057680000004,40.021403990399996,0.998717028757604,0.930610180797815,-0.05134631039999249,3.5746690000451053,8.747513000344043
129.69369474999985,40.03066944000001,40.0236576084,1.0001751921743038,0.930901813481155,0.00701183160001051,3.904340999724809,8.064520000516495
129.791033298,39.955825440000005,40.0260060072,0.998246625776567,0.9305161002016076,-0.07018056719999777,1.3489110006048577,5.490348999956041
129.89096986999994,40.02620256,40.027683599999996,0.9999629996076017,0.9308593749678145,-0.0014810399999944934,1.08140700012882,5.2512339998429525
129.99111881499994,39.985572960000006,40.0293792,0.9989056477798188,0.930647904602258,-0.043806239999995,1.209834000292176,4.369478000626259
130.0912420199993,39.975997680000006,40.0305407958,0.9986374624295429,0.9305942675322028,-0.05454311579999427,1.2942249995830934,5.44892199923197
130.19121862999964,40.073081040000005,40.03165799676,1.0010347571225593,0.931073726470806,0.04142304324000179,1.2124459999540704,5.351310000150988
130.29132627799936,39.96483048,40.03236720252,0.998312947066599,0.930529364459614,-0.06753672251999632,1.2794649992429186,6.425085999580915
130.390832047,39.99186936000001,40.0328928,0.9989752566669379,0.9306618263796818,-0.041023439999989364,1.0534990005908185,6.156100000225706
130.49109216099987,39.927836160000005,40.03329960000001,0.9973656071057405,0.9303398964674423,-0.10546344000000119,1.3598370005638571,5.507941999894683
130.59064004099946,40.08360672000001,40.03345799964001,1.0012526702130118,0.9311173090888966,0.050148720360006394,1.093128999855253,5.190935999962676
130.69127777299946,39.92165856000001,40.033459200239996,0.997207320014971,0.9303082390492884,-0.11180064023998426,1.2469459998101229,5.431810999652953
130.79145157099993,40.02596496,40.03331159916,0.9998164868489133,0.9308300724160768,-0.007346639159997892,1.1055740005758707,6.194952999976522
130.89155608999954,40.011067440000005,40.03297559856,0.999452747185728,0.9307573244834397,-0.021908158559995172,1.2638170001082472,5.675944999893545
130.99099789399952,40.04846568,40.0325724,1.000397008711836,0.9309461767886613,0.01589328000000023,1.1319999994157115,6.221730999641295
131.09330159699948,40.06208016000001,40.0319604,1.0007523928306046,0.931017253612415,0.030119760000005158,3.057623999666248,8.21142999939184
131.19083649999993,39.95858160000001,40.03134840252,0.9981822545224229,0.9305032259507787,-0.07276680251999323,1.1533520000739372,5.279549000078987
131.2915573629998,40.061296080000005,40.030515603,1.0007689253195056,0.9310205601101953,0.030780477000007522,1.265632000468031,6.410549000065657
131.39110565099963,39.940500240000006,40.029742796760004,0.9977705938003874,0.9304208938063716,-0.08924255675999859,1.3454110003294772,5.491238000104204
131.49222803799967,40.00049424,40.02874079652,0.9992943431155233,0.9307256436693988,-0.028246556519995636,2.2407589995054877,6.384936999893398
131.59161063800002,39.93745896000001,40.0278456,0.9977419059495924,0.9304151562362126,-0.0903866399999913,1.1391670004741172,6.281880000642559
131.69364535499972,39.9644028,40.0267188,0.9984431399358172,0.9305554030334576,-0.0623159999999956,3.9654530000916566,8.14848499976506
131.79193795599986,39.985359120000005,40.02574320396,0.9989910472429154,0.9306649844948772,-0.04038408395999227,1.7472509998697205,6.928816999788978
131.89229034899927,39.99322368,40.02453240408,0.9992177616526806,0.9307103273768302,-0.03130872407999874,1.9563099995139055,7.0937449991106405
131.99089208399982,40.03542144000001,40.02350159592,1.0002978211202096,0.9309263392703361,0.011919844080004793,1.1024989998986712,5.2780860005441355
132.0914313509993,39.97440576,40.022242795800004,0.9988047387537956,0.9306277227970533,-0.04783703580000065,1.357391999590618,5.552052999519219
132.1909118599997,40.023161280000004,40.0211856,1.0000493658538692,0.9308766482170681,0.0019756800000010344,1.2326870000833878,5.382217000260425
132.29163618599978,40.01006952,40.0199148,0.9997539904807593,0.9308175731424461,-0.0098452800000004,1.33687400011695,6.4712720004536095
132.39116456600004,40.08094560000001,40.01885640432,1.0015514984999248,0.9311770747462791,0.06208919568000937,1.054944000316027,6.179194000651478
132.49280498000007,39.97901520000001,40.0175904042,0.9990360438044781,0.9306739838071898,-0.0385752041999865,2.656599000147253,7.80577500063373
132.59361856599935,39.97480968,40.0165403958,0.9989571633282827,0.9306582077119507,-0.041730715799999984,3.8890629994057235,8.042445999308256
132.69149884499984,40.03653816,40.01529719592,1.000530821100141,0.9309729392663224,0.021240964080000424,1.630137000574905,5.787613000393321
132.79093738999927,40.07386512000001,40.0142736,1.0014892565736844,0.931164626361031,0.059591520000005005,0.8218649991249549,4.983191999599512
132.89382971399937,40.021759440000004,40.0130712,1.0002171350446103,0.9309102020552162,0.00868824000000501,3.4287589996893075,8.553490999474889
132.99164093699983,39.94311384000001,40.012093203839996,0.9982760371098665,0.9305219824682675,-0.06897936383998626,1.2729660002150922,6.405179000466887
133.0910334069995,39.967919280000004,40.01094960372,0.9989245363045322,0.9306516823072006,-0.04303032371999649,0.7715499996265862,5.913188999329577
133.1922889819998,39.94399296000001,40.010029196400005,0.9983495079177314,0.9305366766298404,-0.06603623639999512,1.2152609997428954,6.18071200005943
133.29092049500014,40.09634208,40.00895879652,1.0021840929158996,0.9313035936294741,0.08738328348000124,0.5303970001477865,5.673907000527834
133.39338081200003,39.89604528000001,40.0080996,0.997199209132143,0.9303066168727228,-0.11205431999999149,2.7199330006624223,7.3104150005747215
133.4911532189999,40.023874080000006,40.00727520324,1.000414896457599,0.930949754337814,0.01659887676000693,0.6986779999351711,5.829464999806078
133.592092029,40.011210000000005,40.006327203,1.000122050619024,0.930891185170099,0.004882797000007599,2.5009110004248214,2.5516710002193577
133.69246660799945,39.97640160000001,40.005575997120005,0.9992707417305504,0.9307209233924043,-0.02917439711999492,2.6272089999110904,6.76190600006521
133.7909084339999,40.02221088,40.00471799724,1.0004372704929756,0.9309542291448893,0.017492882760002715,0.9507009999651928,5.089361000500503
133.89072541099995,40.00208616,40.0040424,0.9999510989419408,0.9308569948346823,-0.0019562400000054936,0.7525490000261925,4.886691000137944
133.9922018970001,40.03820136000001,40.0032792,1.0008729824329003,0.9310413715328743,0.03492216000000781,2.475133000189089,6.619608000619337
134.09094817200003,39.93855192,40.0026828024,0.9983968354643415,0.9305461421391625,-0.06413088240000064,0.8056990000113728,4.965970000739617
134.19105759800004,39.94332768000001,40.00201200216,0.9985329657379028,0.9305733681938747,-0.05868432215999064,0.8146240006681182,5.972282000584528
134.29107643099996,40.02330384000001,40.00148879796,1.000545355752887,0.9309758461968716,0.021815042040010724,0.7395500006168731,5.898651999814319
134.39227889299946,40.06901808,40.000910398200006,1.0017026532926876,0.9312073057048317,0.06810768179999371,0.8499019995724666,6.229285999324929
134.49103446499976,39.90764016,40.000464,0.9976794309186013,0.9304026612300145,-0.09282384000000121,0.7953280000947416,5.933874999755062
134.5917111969993,39.97385928000001,39.9999672,0.9993473014647876,0.9307362353392516,-0.02610791999998696,1.8955309997181757,1.910512999529601
134.69069297499937,40.04392752000001,39.99958920144,1.0011084693479404,0.9310884689158823,0.04433831856000836,0.8684399999765446,5.113619999974617
134.792688988,39.98464632,39.9991776012,0.9996367105007788,0.93079411714645,-0.014531281200000024,0.9683680000307504,6.951150000531925
134.89090249499986,40.02698664000001,39.9988667988,1.0007030159464632,0.9310073782355868,0.028119841200009432,0.8719960005691973,6.013783000526018
134.9938854309994,40.02354144000001,39.99853079892,1.0006252889938818,0.9309918328450706,0.02501064108000861,3.5903179996239487,8.741364999877987
135.09401870999955,40.04390376,39.9982788,1.0011406730831627,0.9310949096629267,0.04562495999999783,3.5529099995983415,8.69982699987304
135.19077371099957,39.931875360000014,39.9980124,0.9983464918371797,0.9305360734137301,-0.06613703999998677,0.9562380000716075,0.9729789999255445
135.29306248800003,40.05001008000001,39.99781800072,1.0013048731628076,0.9311277496788557,0.05219207928000458,3.060976000597293,7.218450999971537
135.39095665599962,39.99091896,39.9976140006,0.9998326140004277,0.9308332978463797,-0.006695040600000368,0.9151630001724698,6.035413000063272
135.49186607699994,40.03371072000001,39.99746999952,1.000906075321275,0.9310479901105492,0.03624072048000926,1.6216560006796499,5.917892000070424
135.591707777,40.05431064000001,39.997324799640005,1.001424741295711,0.9311517233054364,0.056985840360006534,1.7184170001200982,5.887633000384085
135.69135112200001,39.96889344000001,39.997224,0.999291686843067,0.9307251124149076,-0.028330559999993454,1.5094130003490136,5.677481000020634
135.79263234599966,40.01140008,39.99714480036,1.0003564074313593,0.930938056532566,0.014255279640003948,2.982844999678491,7.124820000171894
135.8910899299999,39.99063384000001,39.997070400240005,0.999839074207796,0.9308345898878534,-0.006436560239997391,1.3890780001020175,5.53879400013102
135.99143437899966,40.101664320000005,39.99702719988,1.002616122433227,0.9313899995329395,0.10463712012000315,1.241908999872976,6.357158999890089
136.09242565299974,39.9745008,39.9969936,0.999437637732852,0.9307543025928646,-0.022492800000001978,2.006366000387061,7.1946910002225195
136.1909784619993,40.04088624000001,39.9969828,1.0010976687971578,0.9310863088057257,0.04390344000001534,1.162555999144388,6.270620999202947
136.2915512849995,39.99856968000001,39.9969828,1.000039674992685,0.9308747100448311,0.0015868800000120586,1.31363299988152,6.473624000136624
136.39133113199932,40.05074664000001,39.99699839988,1.0013438068422698,0.9311355364147481,0.053748240120008006,1.1746119998861104,6.277823999880638
136.49151283799984,40.00557888,39.99703079988,1.0002137178672779,0.9309095186197498,0.008548080120000634,1.2604650000866968,6.385493000379938
136.59190510200006,39.96014976000001,39.997070400240005,0.9990769163873618,0.9306821583237666,-0.03692064023999819,1.8185300004915916,6.998021000072185
136.6919885469997,40.03456608,39.99712560012,1.000936079263653,0.9310539908990247,0.03744047987999721,2.305334000084258,6.468995000432187
136.79113514299934,39.94145064000001,39.9971808,0.998606647796537,0.9305881046056016,-0.05573015999998887,1.3954299993201857,5.539701999623503
136.8913946089997,39.866178960000006,39.9972564,0.9967228392195423,0.9302113428902026,-0.13107743999999144,1.3274659995659022,6.4457349999429425
136.99110956599998,39.942044640000006,39.997328399640004,0.9986178136927641,0.930590337784847,-0.05528375963999821,1.1677410002448596,5.316419999871869
137.0913853839993,40.044474,39.997418399640004,1.0011764659381222,0.9311020682339186,0.047055600359996674,1.3035029996899539,5.476162999912049
137.19201383699965,39.98521656,39.99750120036,0.9996928648042671,0.9308053480071476,-0.012284640360000765,2.3719089995211107,6.537088000186486
137.29274156999963,39.93071112,39.99760200036,0.9983276277322977,0.9305323005927537,-0.06689088035999902,2.569356000094558,6.75901700014947
137.39417222199972,39.94986168,39.997692,0.9988041730007821,0.9306276096464505,-0.04783032000000276,4.025195000394888,8.19785600015166
137.49153880799986,40.084866000000005,39.9978,1.002176769722335,0.9313021289907611,0.0870660000000072,1.2414279999575228,6.409771000107867
137.59117376299946,40.0457808,39.99789359964001,1.00119724305583,0.9311062236574602,0.04788720035999461,1.2372419996609096,5.408514000009745
137.69113594699957,39.891079440000006,39.998005199640005,0.9973267226926367,0.9303321195848215,-0.10692575963999928,1.1755929999708314,5.296622999594547
137.79232290899927,40.012611840000005,39.99810120048,1.0003627832093147,0.9309393316881571,0.014510639520004531,2.7007659991795663,6.862981999802287
137.89193632800016,39.91916376,39.99821400036,0.9980236557472469,0.9304715061957436,-0.0790502403599973,1.722639000035997,6.901150000885536
137.99163748799947,40.04639856000001,39.9983112,1.0012022347583516,0.9311072219979645,0.0480873600000038,1.3111319995005033,6.481215999883716
138.09070454599987,40.00355928,39.9984228,1.0001284170634848,0.9308924584589912,0.005136479999997334,0.972941999862087,3.168737000123656
138.1912697759999,39.99253464000001,39.99851999964,0.9998503604723363,0.9308368471407614,-0.0059853596399932485,1.3237620005384088,5.475736999869696
138.29166641099982,40.02655896000001,39.99863159964001,1.0006982078946984,0.9310064166252339,0.027927360360003206,1.271576000362984,6.422530000236293
138.3911246609996,39.927836160000005,39.99872160036,0.9982278073517391,0.930512336516642,-0.07088544035999433,1.0318140002709697,6.2219539995567175
138.4914255349995,40.02957648,39.998811599999996,1.0007691448512936,0.931020604016553,0.030764880000006656,1.3822450000589015,6.494309999652614
138.5908935059997,39.95943696,39.9989196,0.9990129073386271,0.9306693565140196,-0.03948264000000279,1.0988690000885981,5.23610300024302
138.69088096799987,40.1073192,39.99900479976,1.0027079273792494,0.931408360522144,0.10831440023999761,1.1311300004308578,5.24797399975796
138.79297050100013,39.966446160000004,39.999103199640004,0.9991835557043115,0.9307034861871565,-0.03265703964000011,3.416000000470376,7.5842530004592845
138.89149651299977,40.02957648,39.99918360024,1.0007598375022788,0.93101874254675,0.030392879760000824,1.267706000362523,6.370123000124295
138.99329472599948,39.98120112,39.99927720024,0.9995480898279859,0.9307763930118913,-0.01807608024000018,3.257405000113067,7.40243600012036
139.09155223299967,40.03950816000001,39.999351600000004,1.00100393027371,0.9310675611010362,0.04015656000000689,1.1990559996775119,6.316213999525644
139.1915970479995,40.00282272,39.999438000000005,1.0000846191888995,0.9308836988840741,0.0033847199999925692,1.121147999583627,6.279713999902015
139.2913405979998,39.950883360000006,39.99950519976,0.9987844389695029,0.9306236628401947,-0.048621839759995567,1.0933880002994556,6.223786999726144
139.3913519859998,40.013419680000005,39.99958079976,1.000345975631827,0.9309359701726596,0.013838880240008677,1.4333569997688755,5.5707210003674845
139.4913755409998,39.922917840000004,39.99964080024,0.9980819087695523,0.9304831568002047,-0.07672296023999792,1.4184310002747225,5.580979999649571
139.59147094799937,40.05402552,39.999709200240005,1.0013579178660548,0.9311383586195051,0.054316319759998066,1.845066999521805,5.993207999381411
139.69107445899954,39.9563244,39.9997656,0.9989139636358269,0.9306495677734595,-0.04344120000000373,1.1949079998885281,5.349660999854677
139.791256128,40.070728800000005,39.9998232,1.0017726478351034,0.9312213046133149,0.07090560000000323,1.3040399999226793,5.489441999998235
139.89143351799976,39.96231192,39.999871199880005,0.9990610149794652,0.9306789780421872,-0.03755927988000707,1.1734629997590673,6.331714000225475
139.99194421099946,40.02788952000001,39.99992279976,1.0006991693554013,0.9310066089173744,0.027966720240009124,2.3317239993048133,6.5039399996749125
140.09316371099976,40.02636888,39.99996240012,1.0006601626175509,0.9309988075698044,0.02640647988000211,3.584113999750116,7.792905000314931
140.1910507679995,39.97566504000001,40.00000800024,0.9993914261157186,0.9307450602694379,-0.024342960239991385,1.2621689993466134,5.381494999710412
140.29124871399927,40.02872112000001,40.000042799999996,1.000716957232856,0.9310101664928654,0.02867832000001158,1.1264809991189395,6.273879999753262
140.39379723599995,39.95734608000001,40.000078800000004,0.9989316841045824,0.9306531118672107,-0.042732719999996505,3.7314500004868023,7.876591000240296
140.49127067500012,40.02510960000001,40.000105199880004,1.000625108358967,0.9309917967180876,0.025004400120003822,1.2968170003659907,5.462478000481497
140.59183235,39.94636896000001,40.00013759988,0.9986557886270834,0.9305979327717109,-0.05376863987999059,1.6595269999015727,6.805852000070445
140.69082931399953,40.03209504,40.000160400119995,1.000798362795563,0.9310264476054068,0.031934639880006443,1.1070919999838225,5.253178000202752
140.791818273,40.00111200000001,40.0001832,1.0000232198936532,0.9308714190250248,0.0009288000000111651,1.465431000724493,6.620219000069483
140.89102053699935,39.9734316,40.0002012,0.9993307633662603,0.9307329277195462,-0.026769600000001503,1.3641339992318535,5.518960999324918
140.99213870199947,40.02883992,40.000219200000004,1.0007155140789827,0.9310098778620908,0.028620719999999267,2.121960999829753,6.277009999394068
141.09128039000007,39.990586320000006,40.000231199880005,0.9997588793966764,0.9308185509256295,-0.009644879879999735,1.2291490002098726,5.459218000396504
141.19357488999958,39.93429888,40.000243200119996,0.9983514020204808,0.9305370554503903,-0.06594432011999629,3.375240999957896,8.490602000165381
141.29118997899968,39.97214856000001,40.000254000119995,0.9992973684587128,0.9307262487380368,-0.028105440119986724,1.426152999556507,5.583979999755684
141.3928121709996,39.9983796,40.000258800000005,0.9999530203039585,0.9308573791070859,-0.0018792000000047437,2.868286999728298,7.975296000040544
141.49118142099996,39.95247528,40.000266,0.9988052399451544,0.9306278230353251,-0.04779072000000184,1.214927000546595,5.367421000300965
141.59080563599946,40.02698664000001,40.0002696,1.0006679214982093,0.9310003593459361,0.026717040000008296,1.2735390000671032,5.379217000154313
141.69225397299942,39.96535320000001,40.000273199999995,0.9991270059625497,0.9306921762388041,-0.03491999999998541,1.9341050001457916,7.029169999441365
141.79129969699989,40.04556696000001,40.000273199999995,1.0011323362661437,0.931093242299523,0.04529376000001406,1.461005000237492,5.579220000072382
141.8918495199996,39.98295936000001,40.000273199999995,0.9995671569563184,0.9307802064375579,-0.017313839999985703,1.4322639999591047,6.594458999643393
141.99362325099992,39.9205656,40.000273199999995,0.9980073236099799,0.9304682397682902,-0.07970759999999188,3.354462000061176,8.450600000287523
142.09441363299993,40.056211440000006,40.0002696,1.0013985365738636,0.9311464823610669,0.055941840000002685,3.565947000424785,9.155575000477256
142.19293532999927,39.9129624,40.000266,0.9978174245141268,0.9304302599491195,-0.08730360000000559,3.1303469995691557,7.259617999807233
142.29192586799945,40.029053760000004,40.00026120012,1.0007198092966432,0.9310107369056229,0.028792559880002955,1.3297249997776817,6.681367999590293
142.3924770979993,39.984836400000006,40.0002552,0.9996145324592831,0.9307896815381508,-0.015418799999991961,2.6401539998914814,6.788072999370343
142.49067728999944,40.04972496000001,40.000248,1.001236916331119,0.931114158312518,0.049476960000014,0.7365490000665886,4.875820000052045
142.59246909600006,39.934821600000014,40.0002408,0.9983645298455307,0.9305396810154003,-0.06541919999998669,2.1616470003209542,7.282266999936837
142.69067156499932,40.008406320000006,40.0002336,1.00020431680679,0.9309076384076522,0.008172720000004574,1.0380909998275456,1.102609999179549
142.79225995999968,40.01082984,40.0002264,1.0002650844996217,0.9309197919462185,0.010603439999997022,2.650727999935043,5.803908999951091
142.89106488400012,39.966446160000004,40.00021800012,0.9991557085983908,0.9306979167659724,-0.033771840119996455,0.7657350006411434,3.8802300005045254
142.99118253300003,40.03725096,40.000208400000005,1.0009260591752316,0.9310519868813405,0.03704255999999617,1.1584080002648989,5.309846000272955
143.0942823229998,39.97312272000001,40.00019879988,0.9993231013671844,0.930731395319731,-0.027076079879989834,4.559926000183623,9.657341999627533
143.19079965399942,40.05426312,40.0001904,1.001351811565377,0.9311371373593695,0.05407272000000063,0.863309999658668,5.9711710000556195
143.29472864299987,39.94644024000001,40.000179599999996,0.9986565220322164,0.9305980794527374,-0.05373935999998736,3.0192530002750573,8.960257000580896
143.39361873500002,40.06771128,40.000172400000004,1.0016884647227169,0.9312044679908376,0.06753887999999364,3.131292000034591,7.2732480002741795
143.49296711199986,39.97293264,40.0001616,0.999319278750114,0.930730630796317,-0.027228959999995084,1.1115550005342811,7.214451000436384
143.59377460499945,40.008501360000004,40.00015440000001,1.0002086731945214,0.9309085096851984,0.008346959999997239,3.247793999435089,8.439618999545928
143.6955394659999,39.98067840000001,40.0001436,0.9995133717469956,0.9307694493956933,-0.019465199999991967,5.338291000043682,10.505949000616965
143.7909413339994,39.96991512,40.0001328,0.9992445605080591,0.930715687147906,-0.030217679999999802,1.246778999302478,5.435235999357246
143.89101301999926,40.04929728,40.0001256,1.0012292881400353,0.9311126326743012,0.049171680000000606,0.7038639996608254,5.835835999278061
143.99185955099983,39.95637192000001,40.0001148,0.9989064311385429,0.9306480612740028,-0.04374287999998927,1.3819860005241935,6.5549589999136515
144.09243859599974,40.06949328,40.000106400119996,1.0017346673827798,0.9312137085228501,0.0693868798800068,2.821361000314937,2.8841399998782435
144.19129929799965,39.97031904,40.0000968,0.9992555578015501,0.9307178866066042,-0.029777760000001763,0.7645120003871853,5.939243999819155
144.29408319399954,40.05191088,40.0000896,1.0012955290980148,0.9311258808658971,0.05182127999999864,3.6330399998405483,7.805978999385843
144.39046418999988,39.957536160000004,40.000082400000004,0.9989363461911268,0.9306540442845195,-0.04254624000000007,0.8692920000612503,5.0311380000493955
144.49183135899966,40.042098,40.00007400012,1.0010505980533906,0.9310768946569723,0.042023999880001384,1.6055260002758587,6.747331999577
144.59089787999983,40.000826880000005,40.0000644,1.0000190619693103,0.9308705874401563,0.000762480000005894,0.7271969998328132,5.865559000085341
144.6937328139993,39.92398704,40.0000572,0.9980982487195044,0.930486424790195,-0.07607016000000044,3.0051049998292,8.086168999398069
144.7906428919996,39.99110904,40.00005,0.9997764762794046,0.9308220703021751,-0.008940960000003884,0.5968249997749808,5.756093999480072
144.89170312999977,39.92622048,40.000042799999996,0.998154443974745,0.9304976638412432,-0.07382231999999789,1.7950660003407393,6.988428999648022
144.99110691499936,40.004082000000004,40.0000392,1.0001010699009516,0.9308869890264845,0.004042800000000568,0.8559389998481493,5.986800999380648
145.09055286799958,39.98882808,40.000032,0.9997199022240782,0.9308107554911098,-0.011203919999999812,0.7468080002581701,2.8564539998114924
145.19308157499927,40.06863792000001,40.0000248,1.0017153269364976,0.9312098404335937,0.06861312000000908,2.8041379991918802,6.932464999408694
145.29162551299942,39.97858752,40.0000212,0.999464158283996,0.9307596067030934,-0.021433680000001232,1.529006000055233,6.701219999740715
145.39061445799962,40.0323564,40.00001519988,1.000808529695761,0.9310284809854463,0.032341200119994085,0.8112539999274304,4.937894999784476
145.49147284099945,39.96818064,40.0000104,0.9992042562068933,0.9307076262876728,-0.03182976000000082,1.2396309994073818,6.414288999621931
145.5938338420001,40.001064480000004,40.0000068,1.000026441995505,0.9308720634453952,0.0010576800000023923,3.5836330007441575,7.702978000452276
145.69314710699928,39.96117144000001,40.0000032,0.9990292060776637,0.9306726162618268,-0.038831759999993665,2.4086869998427574,7.052280999232607
145.79237125999953,40.00484232,39.999999599999995,1.000121068001211,0.9308909886465364,0.004842720000006295,2.6479139996808954,6.783443999665906
145.89212143999976,39.99151296,39.999996,0.9997879239787923,0.9308243598420527,-0.008483040000001552,1.9638100002339343,7.090615999914007
145.99137568599963,39.942852480000006,39.999992400000004,0.9985715017285854,0.9305810753920113,-0.057139919999997346,1.1705010001605842,4.291348000151629
146.0921764199993,40.05499968,39.9999888,1.0013752723850764,0.9311418295233095,0.05501088000000465,1.0077019996970193,2.861786999346805
146.19221477099927,39.94660656000001,39.9999888,0.9986654436263246,0.9305998637715591,-0.05338223999998348,1.810528999158123,5.950874999143707
146.2920323039998,40.026915360000004,39.999985200000005,1.0006732542491041,0.931001425896115,0.026930159999999148,0.8093650003502262,5.961930000012217
146.39089035799952,39.98875680000001,39.99998400012,0.9997193198847291,0.93081063902324,-0.011227200119989789,0.7873639997342252,5.914725999900838
146.49204689499948,40.043761200000006,39.9999816,1.0010944905034658,0.9310856731469873,0.04377960000000769,2.3075199997038,2.3409089999404387
146.5911387669994,40.04751528000001,39.9999816,1.001188342546638,0.9311044435556217,0.04753368000001501,0.7812719995854422,1.868307999757235
146.69159397699968,39.96456912000001,39.999978,0.9991147775131278,0.9306897305489197,-0.03540887999999143,1.7918989997269819,1.8330670000068494
146.7909737809996,40.087669680000005,39.999978,1.0021922932057614,0.9313052336874464,0.08769168000000604,0.8263839999926859,1.9234199999118573
146.89086329600013,39.98440872,39.999978,0.9996107677859223,0.9307889286034786,-0.015569280000001129,1.1049430004277383,1.1172399999850313
146.99077190499975,39.998094480000006,39.999978,0.9999529119741017,0.9308573574411145,-0.0018835199999927,0.7106780003596214,1.8176590001530712
147.09042154599956,39.907212480000005,39.9999744,0.9976809505158085,0.9304029651494559,-0.09276191999999384,0.7796789996064035,0.814254000033543
147.19074868000007,40.04941608000001,39.9999744,1.0012360427910676,0.9311139836045077,0.04944168000000815,0.6714549999742303,1.7576400005054893
147.29261198699987,39.99999528000001,39.9999744,1.0000005220003343,0.930866879446361,2.0880000008105526e-05,2.854823999768996,2.8678059998128447
147.39018401999965,40.05483336,39.9999744,1.001371474877744,0.931141070021843,0.05485896000000423,0.6914739997228025,0.7260669999595848
147.49250468599985,39.9788964,39.9999744,0.9994730496627519,0.9307613849788445,-0.02107799999999571,2.468392000082531,3.5649279998324346
147.59041413299929,40.0042008,39.9999744,1.0001056600676224,0.9308879070598186,0.004226400000000297,0.8318469999721856,0.8712549997653696
147.69104258599964,40.02720048,39.9999744,1.0006806524356175,0.9310029055334177,0.027226079999998376,1.436356999874988,1.4743390001967782
147.79042198199932,40.01379984000001,39.9999744,1.0003456362212075,0.9309359022905357,0.013825440000012179,0.7126040000002831,0.7471599992641131
147.8915817039997,40.03817760000001,39.999978,1.000954990525245,0.9310577731513432,0.03819960000001288,1.1604080000324757,2.282944999933534
147.99107549099972,39.99329496000001,39.999978,0.9998329239081084,0.9308333598279158,-0.006683039999991536,0.9584050003468292,2.046349000011105
148.09091661599996,40.04188416000001,39.999978,1.0010476545762104,0.9310763059615362,0.04190616000001057,0.7674750004298403,1.8692339999688556
148.19043057,39.93498792000001,39.999978,0.9983752471063863,0.9305418244675714,-0.06499007999998696,0.7042699999146862,0.7163630007198662
148.29117967399998,40.042739520000005,39.999978,1.0010690385879715,0.9310805827638885,0.042761520000006215,1.1386850001144921,2.245166000648169
148.392434804,40.03219008,39.999978,1.0008053024429164,0.9310278355348774,0.03221208000000075,2.6001530004577944,2.613061000374728
148.49181640400002,40.009879440000006,39.9999816,1.0002474461138253,0.9309162642690593,0.009897840000007818,2.0313660006650025,2.0430700005817926
148.59059719800007,40.05060408,39.9999816,1.001265562582159,0.931119887562726,0.050622480000001246,0.7972720004545408,0.8095130006040563
148.69203129400012,39.9505032,39.9999816,0.9987630394309982,0.9306193829324938,-0.049478399999998146,1.6664710001350613,2.8438790004656767
148.79082390299936,40.055546160000006,39.9999816,1.0013891146389928,0.9311445979740928,0.055564560000007646,0.6649919996561948,1.7607509998924797
148.8908846989998,40.02529968,39.999985200000005,1.000632862234159,0.930993347493126,0.025314479999998696,0.6336030000966275,1.738879999720666
148.9916762849998,40.01270688,39.999985200000005,1.0003180421176756,0.9309303834698293,0.012721679999998514,1.3834669998686877,2.480428999660944
149.0906026550001,39.99833208000001,39.999985200000005,0.9999586719847088,0.9308585094432359,-0.00165311999999318,0.8257170002252678,0.8778480005275924
149.19128701699992,39.99379392,39.999985200000005,0.9998452179427305,0.9308358186348402,-0.006191280000003019,1.4827840004727477,1.583156000378949
149.29130325699953,39.97754208000001,39.9999888,0.9994388318428733,0.9307545414148688,-0.0224467199999836,0.8574960002079024,1.9597729997258284
149.39064183699975,39.907283760000006,39.9999888,0.9976823733510648,0.9304032497165071,-0.09270503999999136,0.878550999914296,0.9320700000898796
149.49312433999967,39.994506720000004,39.9999888,0.9998629479616256,0.9308393646386193,-0.005482079999993061,3.444648999902711,3.4911129996544332
149.59019486499983,39.930045840000005,39.9999888,0.9982514255103994,0.9305170601483741,-0.06994295999999167,0.755400999878475,0.8068650004133815
149.69292912999936,40.05012888000001,39.999992400000004,1.0012534122381485,0.9311174574939238,0.050136480000006145,2.0484589995248825,3.9642120000280556
149.79338771099992,39.950028,39.999992400000004,0.998750889762669,0.930616952998828,-0.04996440000000035,3.268109000600816,4.370812000161095
149.89298233199952,40.047372720000006,39.999992400000004,1.0011845082250566,0.9311036766913054,0.04738032000000203,3.3820919998106547,3.431110999372322
149.99111481899945,40.00707576,39.999992400000004,1.000177084033646,0.9309021918530234,0.007083359999995764,0.8939399995142594,1.9927909997932147
150.09276834499997,40.04739648,39.999992400000004,1.0011851022251694,0.931103795491328,0.04740407999999974,0.981015999968804,3.7463019998540403
150.193939752,40.00360680000001,39.999996,1.000090270009027,0.9308848290480995,0.003610800000004133,4.279847999896447,4.31816299987986
150.2937364139998,39.96955872,39.999996,0.9992390679239068,0.9307145886310755,-0.03043728000000101,3.9749349998601247,4.0206020003097365
150.39308162399993,39.90576312000001,39.999996,0.9976441777644179,0.9303956105991777,-0.09423287999999275,3.3095720000346773,3.323109000120894
150.49260570800016,39.924486,39.999996,0.9981122498112249,0.9304892250085391,-0.0755100000000013,2.7350810005373205,2.7492670005813125
150.59193413999947,40.04794296000001,39.999996,1.0011986741198675,0.9311065098702677,0.047946960000004424,2.2615359994233586,2.3000559995125514
150.69089375199928,39.95584920000001,39.999996,0.9988963298896332,0.9306460410242208,-0.044146799999992936,0.7724389997747494,1.863715999206761
150.7922596620001,39.97611648,39.999999599999995,0.9994029219940294,0.9307473594451,-0.023883119999993596,2.432095000585832,2.4500590006937273
150.89018342300005,39.89333664000001,39.999999599999995,0.9973334259733346,0.9303334602409611,-0.1066629599999871,0.7411599999613827,0.7930130004751845
150.99341314100002,40.00935672,39.999999599999995,1.0002339280023393,0.930913560646762,0.009357120000004215,3.4905380007330677,3.5103529999105376
151.09357701299996,40.031976240000006,39.999999599999995,1.0007994160079945,0.9310266582478931,0.03197664000001055,3.430759000366379,4.577741000503011
151.19187518799936,40.05193464000001,39.999999599999995,1.001298376012984,0.931126450248891,0.05193504000001781,0.7951239995236392,0.8137360000546323
151.29093631999967,40.03368696000001,39.999999599999995,1.0008421840084223,0.9310352118479787,0.03368736000001604,0.8005319996300386,1.8964569999297964
151.3936684370001,39.916051200000005,39.999999599999995,0.9979012899790132,0.9304470330420969,-0.08394839999998993,0.7903650002845097,0.8024759999898379
151.49085450099938,40.087836,39.999999599999995,1.0021959100219593,0.9313059570506861,0.08783640000000759,0.7632899996679043,1.8681599995034048
151.59278517999974,39.94154568000001,39.999999599999995,0.9985386519853869,0.9305745054433716,-0.05845391999998384,2.977660000397009,2.9984570001033717
151.69074429299963,40.04594712,39.999999599999995,1.001148688011487,0.9310965126485916,0.04594752000000568,0.8542909999960102,0.8791809996182565
151.79258741499962,39.96079128000001,39.999999599999995,0.9990197919901983,0.9306707334443338,-0.039208319999985974,2.9939380001451354,3.0453649997070897
151.89316781199977,40.00120704000001,40.0000032,1.0000300959975925,0.9308727942458127,0.001203840000009393,3.077827999732108,4.186938999737322
151.99387496999952,40.022115840000005,40.0000032,1.0005528159557748,0.9309773382374491,0.022112640000003125,4.014786999505304,4.02795399986644
152.09124333399996,39.94463448,40.0000032,0.9986157821107373,0.9305899314684416,-0.055368720000004146,0.8108470001388923,1.90645700058667
152.1940302109997,40.03195248,40.0000032,1.0007987319361014,0.9310265214335145,0.03194927999999919,2.635005999763962,2.649246999681054
152.292694836,39.936223440000006,40.0000032,0.9984055061275596,0.9305478762718061,-0.06377975999999563,3.0043080005270895,3.041605000362324
152.39134840599945,40.06134360000001,40.0000032,1.0015335098773193,0.931173477021758,0.06134040000000596,0.7514939998145564,0.7653459997527534
152.49191493199942,39.97922904,40.0000032,0.9994806460415483,0.9307629042546038,-0.020774160000001984,1.867715000116732,2.964565999718616
152.5910935289994,40.10767560000001,40.0000032,1.0026918097846553,0.9314051370032252,0.10767240000000555,0.8797370001047966,1.982402999601618
152.6904501099998,40.05119808000001,40.0000032,1.0012798718976106,0.9311227494258163,0.05119488000001127,0.7643270000698976,0.8032349996938137
152.79345752799964,40.09187520000001,40.0000032,1.0022967998162562,0.9313261350095454,0.09187200000000928,3.352628999891749,4.447035000339383
152.89111498900002,40.06184256000001,40.0000032,1.0015459838763214,0.9311759718215584,0.06183936000000756,1.0072020004372462,2.1050900004411233
152.99134821400003,39.94247232000001,40.0000032,0.9985617281150619,0.9305791206693066,-0.05753087999999451,1.5920080004434567,1.6334900001311325
153.09336885599987,40.09743504000001,40.0000032,1.0024357958051364,0.9313539342073215,0.09743184000000582,3.111531999820727,4.215476000354101
153.191728754,39.948008400000006,40.0000032,0.9987001301039897,0.9306068010670921,-0.05199479999999568,0.8387719999518595,0.8813470003588009
153.29172454999934,39.9849552,40.0000032,0.999623800030096,0.9307915350523134,-0.015048000000000172,1.9556249999368447,1.9693469994308543
153.39335598199978,39.94522848000001,40.0000032,0.9986306321095497,0.9305929014682042,-0.054774719999990396,3.6202990004312596,3.632984999967448
153.49119568700007,40.0394844,40.0000032,1.0009870299210375,0.9310641810305017,0.03948119999999733,1.2606690006577992,1.2785210001311498
153.59143841199966,39.98728368000001,40.0000032,0.9996820120254393,0.9308031774513821,-0.012719519999990325,1.3922269999966375,1.4201530002537766
153.69400884100014,40.02491952000001,40.0000032,1.0006229079501676,0.9309913566363277,0.024916320000009762,3.771376000258897,4.8688200004107784
153.79466094300005,39.98310192000001,40.0000032,0.9995774680338028,0.9307822686530547,-0.016901279999991914,1.3966149999760091,1.4137820007817936
153.8927073549994,39.94544232,40.0000032,0.9986359781091216,0.9305939706681186,-0.05456088000000392,2.5980979999076226,3.6934310001015547
153.9924180529997,40.042145520000005,40.0000032,1.0010535579157154,0.9310774866294372,0.04214232000000351,2.125054000316595,3.2228860000032
154.0902698129994,39.95009928,40.0000032,0.9987524020998079,0.9306172554662557,-0.049903919999998436,0.8141250000335276,0.8528109992766986
154.19393875999958,40.11765480000001,40.0000032,1.002941289764697,0.9314550329992336,0.11765160000000918,4.147585999817238,4.160382000009122
154.29256795899983,40.01360976,40.0000032,1.000340163972787,0.9309348078408516,0.01360655999999949,2.45272499978455,3.5435580002740608
154.39274616399962,40.09023576000001,40.0000032,1.0022558138195352,0.9313179378102012,0.09023256000001112,2.989288999742712,3.00180799968075
154.49280849699971,40.00453344,40.0000032,1.0001132559909396,0.9308894262444821,0.004530240000001129,2.783433999866247,3.890562999913527
154.59391264399983,40.02090408,40.0000032,1.0005225219581981,0.9309712794379338,0.020900879999999233,4.1519200003676815,4.219976000058523
154.69192135100002,40.00201488000001,40.0000032,1.0000502919959768,0.9308768334454895,0.002011680000009619,1.5175250000538654,2.6257839999743737
154.79075958999965,39.990823920000004,40.0000032,0.9997705180183586,0.9308208786499659,-0.009179279999997902,1.2866690003647818,1.3741699995080126
154.8910921679999,40.0828464,39.999999599999995,1.0020711700207119,0.9312810090504365,0.08284680000000577,1.2201859999549924,1.2414640004863031
154.99256570999933,39.94622640000001,39.999999599999995,0.998655669986557,0.9305979090436056,-0.05377319999998775,2.5738009999258793,2.602023999315861
155.0909384409997,40.039341840000006,39.999999599999995,1.000983556009836,0.9310634862482614,0.03934224000001052,1.0863320003409171,1.1394809998819255
155.19224957299957,39.9552552,39.999999599999995,0.9988813899888142,0.930643053044057,-0.04474439999999191,2.1368870002334006,2.154480000172043
155.29184334299953,40.06984968000001,39.999999599999995,1.001746252017463,0.9312160254497868,0.06985008000001613,1.5283769998859498,2.6185429996985476
155.39119823799956,40.00688568,39.999999599999995,1.0001721520017217,0.9309012054466386,0.006886080000008121,1.1979639994024183,1.2161309996372438
155.4915338719993,40.01510664000001,39.999999599999995,1.0003776760037772,0.9309423102470497,0.015107040000017946,1.1935379998249118,2.2810549999121577
155.59127314499983,40.036847040000005,39.999999599999995,1.0009211860092122,0.9310510122481366,0.03684744000000961,1.2801319999198313,1.298948000112432
155.69361612600005,39.97400184,39.999999599999995,0.9993500559935007,0.9307367862449943,-0.02599775999999565,3.446760000770155,3.5468910000417964
155.7904817029994,40.089618,39.999999599999995,1.0022404600224049,0.9313148670507752,0.0896184000000062,0.7257889992615674,0.7618449999426957
155.89163285099949,39.96117144000001,39.999999599999995,0.9990292959902933,0.9306726342443529,-0.03882815999998712,1.5016359993751394,1.6092669993668096
155.9902174559993,40.04399880000001,39.999999599999995,1.001099980011,0.9310867710484942,0.043999200000016,0.7120299997041002,0.7509379993280163
156.09089446599955,39.97899144,39.999999599999995,0.9994747959947481,0.9307617342452438,-0.021008159999993836,0.6877149999127141,1.7882329993881285
156.1910329299999,40.04799048,39.999999599999995,1.0011997720119978,0.9311067294486938,0.04799088000000751,0.6632519998674979,1.7534730004626908
156.29244204399947,39.970794240000004,39.999999599999995,0.9992698659926988,0.930720748244834,-0.029205359999991742,0.974181999481516,1.0070529997392441
156.39256984099939,40.05217224000001,39.999999599999995,1.0013043160130435,0.9311276382489029,0.0521726400000162,2.805896999234392,2.842378999957873
156.49304312599998,40.07274840000001,39.999999599999995,1.0018187200181876,0.9312305190499317,0.0727488000000136,2.876769000067725,3.984953999861318
156.59274086000005,40.00061304,39.999999599999995,1.0000153360001534,0.9308698422463249,0.0006134400000021856,2.9999369999131886,3.0377900002349634
156.6910988689997,40.031691120000005,39.999999599999995,1.0007922880079232,0.9310252326478788,0.03169152000000963,1.4362450001499383,1.5311910001400975
156.7901877609993,39.94570368000001,39.999999599999995,0.9986426019864263,0.9305952954435794,-0.05429591999998706,0.6879189995743218,0.7222529993669013
156.89170422899952,40.041646560000004,39.999999599999995,1.001041174010412,0.9310750098483765,0.04164696000000845,1.8462150001141708,1.8612899993968313
156.99049848599952,39.956134320000004,39.999999599999995,0.9989033679890339,0.930647448644101,-0.04386527999999146,0.6959559996175813,0.7397899998977664
157.09253577699928,39.96801432,39.999999599999995,0.9992003679920038,0.930706848644695,-0.031985279999993566,2.441761999762093,2.4596139992354438
157.1903024989997,39.94090416000001,39.999999599999995,0.9985226139852265,0.9305712978433395,-0.0590954399999859,0.7285310002771439,0.7663650003451039
157.29261175699958,40.00638672,39.999999599999995,1.0001596780015969,0.9308987106466136,0.006387120000006519,2.428021000014269,3.528131000166468
157.3909838589998,40.02399288,39.999999599999995,1.0005998320059986,0.9309867414474939,0.023993280000006223,0.8557540004403563,1.9606799996836344
157.49147979200006,40.03306920000001,39.999999599999995,1.0008267400082678,0.9310321230479477,0.03306960000001169,1.2992060001124628,1.3121320007485338
157.59040742199977,40.01199408000001,39.999999599999995,1.000299862002999,0.930926747446894,0.011994480000012686,0.7330119997277507,0.7657349997316487
157.69063955399997,39.961931760000006,39.999999599999995,0.9990483039904833,0.9306764358443909,-0.03806783999998942,0.7644390007044422,0.7779759998811642
157.79042712299997,40.03677576,39.999999599999995,1.000919404009194,0.931050655848133,0.03677616000000228,0.8649950004837592,0.9058109999386943
157.89106428099967,39.95782128000001,39.999999599999995,0.9989455419894558,0.9306558834441854,-0.04217831999998367,1.2519279998741695,1.3267439999253838
157.99308364599983,40.023969120000004,39.999999599999995,1.0005992380059925,0.9309866226474927,0.023969520000008515,2.9027509999650647,4.0028989997153985
158.0940784939994,40.00194360000001,39.999999599999995,1.0000486000004865,0.9308764950463915,0.001944000000015933,1.18568600009894,1.1991490000582417
158.19023618899973,39.98806776,39.999999599999995,0.9997017039970172,0.9308071158456976,-0.011931839999995475,0.7231589997900301,0.75795599968842
158.2957593889996,39.99621744000001,39.999999599999995,0.9999054459990548,0.9308478642461051,-0.003782159999985879,6.00024499999563,6.0360609995768755
158.39083291899988,39.96506808,39.999999599999995,0.9991267119912672,0.9306921174445476,-0.034931519999993554,0.634214000456268,1.723047000268707
158.491690543,39.961218960000004,39.999999599999995,0.999030483990305,0.9306728718443552,-0.038780639999991706,1.574655000695202,1.6054890002124012
158.59043429899975,39.97091304000001,39.999999599999995,0.9992728359927288,0.9307213422448399,-0.029086559999981887,0.6518250002045534,0.662917999761703
158.69043574199986,40.06640448,39.999999599999995,1.0016601220166015,0.9311987994496145,0.06640488000000744,0.8354210003744811,0.8842550005283556
158.79275581599995,39.947295600000004,39.999999599999995,0.9986823999868242,0.930603255043659,-0.052703999999991424,2.626246000545507,3.7165230005484773
158.89090056199984,40.05801720000001,39.999999599999995,1.0014504400145048,0.9311568630491951,0.05801760000001366,1.1174620003657765,1.1667589997159666
158.99036999700002,39.8713824,39.999999599999995,0.9967845699678458,0.9302236890398633,-0.12861719999999366,0.6208620006873389,0.6314360007309006
159.0906943709997,40.09579560000001,39.999999599999995,1.0023949000239494,0.9313457550510841,0.0957960000000142,0.9481449997110758,0.9611080004106043
159.19035629099926,40.062032640000005,39.999999599999995,1.0015508260155086,0.9311769402493959,0.062033040000009976,0.6152699997983291,0.6289179991654237
159.29331494899998,39.94971912000001,39.999999599999995,0.9987429879874303,0.9306153726437802,-0.05028047999998364,0.8174760005204007,0.8319210000991006
159.39319887199963,40.054001760000006,149.77327606344002,0.26743089830681266,0.7843529547076566,-109.71927430344002,2.8829359998781,4.009065999525774
159.49150863900013,39.88188432000001,148.7905164,0.2680404993876344,0.6810904636436522,-108.90863207999999,1.5772660008224193,1.594285000464879
159.59143645199947,40.062626640000005,147.18177722304003,0.27219828022112336,0.5993120269591464,-107.11915058304002,1.481135999711114,1.4950799995858688
159.69088534899947,39.97492848000001,145.13553931139998,0.27543170108205256,0.5345359617837278,-105.16061083139996,1.1142590001327335,1.124536999668635
159.79091275599967,40.060702080000006,143.51957662680002,0.27913057592255536,0.48345488461149333,-103.45887454680002,1.3339289998839376,1.4201530002537766
159.89056460099982,39.98274552,141.85740270276,0.281851667648093,0.4431342412188133,-101.87465718275999,1.062369999999646,1.1044439997931477
159.9921467919994,40.02848352,140.19128192304,0.28552762319396013,0.41161291761384267,-100.16279840304,2.1476459996847552,2.1712580000894377
160.09168413499992,40.009903200000004,139.0741735608,0.2876875136166716,0.38682783681440847,-99.06427036080001,1.5125620002436335,2.6383949998489697
160.19137785099974,39.97723320000001,137.36769656796,0.2910235390037428,0.3676669772522753,-97.39046336796,1.020091000100365,2.1476829997482128
160.29122869899948,40.00431960000001,136.2254364,0.29366262760601447,0.36819479497272967,-96.2211168,0.9116069995798171,2.011902999583981
160.39088687799995,39.96323856000001,134.5212756,0.2970774576865521,0.3688777609888372,-94.55803703999999,1.018183000269346,1.0301279999112012
160.49158740599978,40.05364536000001,133.38977811192,0.30027522293644726,0.3695173140388162,-93.33613275191999,1.0452570004417794,2.233295000223734
160.59069959499993,39.922323840000004,132.25860548784,0.30185048218787175,0.3698323658891011,-92.33628164783998,0.9897019999698387,1.0226280001006671
160.6905597949999,40.06402848,131.1269868,0.30553610250426344,0.3705694899523795,-91.06295832,0.6017880004947074,1.6888239997570054
160.79070568499992,39.99153672000001,129.4265952,0.30899010097733,0.37126028964699276,-89.43505848,0.6588070000361768,0.7125120000637253
160.89122156199937,40.038391440000005,128.29045856759998,0.3120917322070574,0.37188061589293825,-88.25206712759999,0.8720879995962605,0.9103659995162161
160.99379306599985,40.022258400000005,126.58404058848001,0.31617144004836184,0.3726965574611991,-86.56178218848001,1.4164300000629737,1.4284310000221012
161.09215777899954,39.97737576000001,125.44445699784,0.3186858687641206,0.3731994432043509,-85.46708123784,2.5584489994798787,2.6430429998072213
161.1927208799998,40.01883696,124.30363679999999,0.32194421651869165,0.3738511127552651,-84.28479983999999,0.6629370000155177,0.7025490003798041
161.29050106499926,39.979038960000004,123.16219981416002,0.32460478150215366,0.3743832257519575,-83.18316085416001,0.5764539992014761,1.6576759999225033
161.39234011200006,40.064479920000004,121.45086060228,0.32988222332323164,0.37543871411617313,-81.38638068227999,1.55769200046052,1.6070629999376251
161.49007731499933,39.943541520000004,120.31102140588001,0.33200234735973927,0.37586273892347466,-80.36747988588002,0.5603609997706371,0.5862879997948767
161.5914859099994,40.05690048,119.1721104,0.3361264673886316,0.3766875629292531,-79.11520991999998,1.0327569998480612,2.1432569992612116
161.69447330999992,39.94556112000001,117.46526400000002,0.34006275353026916,0.3774748201575806,-77.51970288000001,4.620020000402292,4.634613000234822
161.79131296099968,40.04110008,116.32827416652,0.3442078064588366,0.3783038307432941,-76.28717408652,0.9107189998758258,2.0079959995200625
161.89112288199976,39.99472056,115.19188143912001,0.3472008622511959,0.378902441901766,-75.19716087912002,0.9732380003697472,2.0692930002041976
161.99387053699957,40.00287024000001,113.48854624908,0.3524837665309709,0.379959022757721,-73.48567600908,3.805246999945666,4.89063500026532
162.09024777299965,39.95601552000001,112.3538328,0.35562663528466654,0.3805875965084601,-72.39781728,0.639658000181953,0.6781960000807885
162.19091950499933,39.91322376000001,111.21980693688,0.3588679468096159,0.38123585881344996,-71.30658317688,0.8725139996386133,1.9702539993886603
162.29112221099967,40.00527,109.51999852356,0.36527821894915424,0.38251791324135764,-69.51472852356,0.7908830002634204,1.8734750001385692
162.39064366499952,39.97124568000001,108.3896203248,0.3687737401443265,0.38321701748039205,-68.4183746448,0.671474000228045,0.6860849998702179
162.49097668800005,40.01315832000001,107.2690236,0.37301689693015916,0.3840656488375586,-67.25586528,0.7048639999993611,1.7952329999388894
162.59037971399994,39.95480376000001,105.6267,0.3782642434157274,0.38511511813467225,-65.67189624,0.7017340003585559,0.7130860003599082
162.6905893639996,40.0286736,104.56496367119999,0.38281152878193914,0.3860245752079146,-64.5362900712,1.0339979999116622,1.1249999997744453
162.79041774899997,40.04848944000001,103.52979776772,0.38683055799889626,0.386828381051306,-63.48130832771999,0.8628470004623523,0.9535899998809327
162.89163102699968,40.01565312,102.02755057092,0.3922043888742077,0.3879031472263683,-62.011897450919996,1.899715999570617,1.9109570002910914
162.99070288099938,39.99845088000001,101.05852320000001,0.39579492766622976,0.38862125498477273,-61.06007232,0.6429360000765882,1.7398059999322868
163.09165595099967,39.92334552,100.11682407456,0.3987675986432399,0.38921578918017474,-60.19347855456,2.0310520003476995,2.041421999820159
163.19094593799946,39.95696592,98.7524092962,0.4046176311521905,0.39038579568196485,-58.7954433762,0.6475659993157024,1.7321579998679226
163.2906951369996,40.01434632,97.8735417174,0.4088372160428954,0.39122971266010587,-57.8591953974,0.9868309998637415,1.056183999935456
163.39104732599935,40.23396000000001,97.0172352,0.41470940619012825,0.3924041506895524,-56.78327519999999,0.8892729993021931,1.98164299945347
163.49088772999949,40.8658572,96.18123585348,0.42488388548317246,0.39443904654816125,-55.31537865348,0.6073429995012702,1.6911389993765624
163.59089452499938,41.48335584000001,94.96329557112,0.436835680464904,0.3968294055445076,-53.47993973111999,0.7456229996023467,0.7648269993296708
163.69114536100005,42.20413920000001,94.174192188,0.4481497342259953,0.39909221629672587,-51.970052988,0.7970500000737957,1.8961969999509165
163.7908451329995,42.938323200000006,93.4022304,0.45971410978211513,0.4014050914079498,-50.46390719999999,0.6404360001397436,1.7279909998251242
163.89159918099995,43.65829872000001,92.2753512,0.47313066980773527,0.40408840341307384,-48.61705247999999,1.1890929999935906,1.2140939998062095
163.99073733299974,44.46699408,91.54380003408001,0.48574555637242267,0.40661138072601133,-47.07680595408001,0.5773060001956765,1.6621570002826047
164.090768776,45.06047136,90.82626727716,0.4961171774514983,0.40868570494182643,-45.76579591716,0.7242340006996528,1.807214000109525
164.19102966799983,45.60968376,89.97537570984001,0.5069129570193278,0.42833115535732674,-44.365691949840006,1.3369289999900502,1.4126710002528853
164.29118257699974,46.17483912000001,89.463996,0.5161276176396146,0.4301740874813841,-43.289156879999986,1.0571279999567196,1.076388000001316
164.39235928000016,46.83132792000001,88.67209319999999,0.5281405482824444,0.4497673796415962,-41.840765279999985,2.316630000677833,2.37992700022005
164.49113116699937,47.34166896000001,88.12578072492,0.537205668654154,0.4515804037159381,-40.78411176492,1.1883899996973923,1.262539999515866
164.59106116400017,47.78852328000001,87.28852283424,0.5474777408107813,0.4707598711349068,-39.49999955423999,0.9435890005988767,0.9733120004966622
164.69211188400004,48.40500024000001,86.43866369616,0.5599924636751455,0.4732628157077796,-38.03366345616,1.7098980006267084,2.848398000423913
164.79111838500012,48.76368120000001,85.58162373024,0.5697914934835423,0.4925685512629322,-36.81794253023999,1.0375170004408574,2.1313680008461233
164.89190428499933,49.43613672000001,84.72106294092,0.5835164834331005,0.4953135492528438,-35.28492622092,1.6129699997691205,2.7248769993093447
164.99075524699947,49.84749360000001,84.14709986268001,0.5923851645671251,0.5147278723157,-34.29960626268,0.8884399994713021,0.9020520001286059
165.09059896599956,50.44275288000001,83.28733227324,0.6056473596070159,0.5173803113236782,-32.84457939323999,1.042924999637762,1.0730550002335804
165.19241269799932,50.96437992000001,82.1443748994,0.6204244658555709,0.5379891422300568,-31.179994979399993,1.3057989999651909,1.3206699995862436
165.2914200689993,51.50237760000001,81.2915864676,0.6335511439492827,0.557101542573902,-29.78920886759999,1.0071639999296167,2.105552999637439
165.39426646599986,51.96683808000001,80.44411162860001,0.6459992786038105,0.5595911695048075,-28.477273548600003,4.018473000542144,5.118193999805953
165.4911889699997,52.56955800000001,79.60272798672001,0.660398950256706,0.5797527256551872,-27.033169986720004,1.4196889997037943,1.4364669996211887
165.59050279099938,53.11979208,78.49080000000001,0.6767645645094712,0.599155093426044,-25.371007920000004,0.7491970000046422,0.7611969995195977
165.69116874599968,53.6463612,77.664276,0.6907469426483805,0.601951569053826,-24.0179148,0.8961450002971105,1.977365999664471
165.79162199199982,54.2370348,76.57151215932001,0.7083187111043421,0.6232249974639292,-22.334477359320005,1.514987000518886,1.5323580000767834
165.891121742,54.73490184000001,75.75834779604001,0.7224933414250235,0.6430786662561481,-21.02344595604,1.6325080005117343,1.6873230006240192
165.9943378859998,55.289080080000005,74.68255015488,0.7403212660164796,0.6466442511744394,-19.39347007488,4.189086999758729,5.281048999677296
166.09355285399943,55.905485760000005,73.6157304,0.7594230941706448,0.6692000197736805,-17.71024464,3.842451999844343,3.8913409998713178
166.19193273400015,56.45187072000001,72.5572975266,0.7780316059773915,0.6909663370144228,-16.105426806599986,2.4337990007552435,2.556746000664134
166.29176830399956,56.89577880000001,71.50660123428,0.7956716976883021,0.7119074091491987,-14.610822434279989,1.6974909995042253,1.7276389999096864
166.39120640500005,57.427741440000005,70.4630484,0.8150050664001645,0.7325269405993919,-13.03530696,1.4258760002121562,1.4759499999854597
166.49359975700008,58.01589648000001,69.42616643052,0.8356488549322523,0.753151323465964,-11.41026995051999,3.4551860007923096,4.551091999928758
166.5929724309999,58.57808184,68.138622,0.8596898516673849,0.7744590291062483,-9.560540159999995,2.8761399998984416,2.909806999923603
166.69239853099953,59.1072408,67.11490889388001,0.8806871941591773,0.7957046621168342,-8.007668093880014,2.4067049998848233,3.496964000078151
166.79153070099983,59.582084400000014,65.84244120000001,0.9049191268442823,0.8175475550623239,-6.260356799999997,1.2402419997670222,2.358927000386757
166.89281186900007,60.20074728,64.57730664636,0.9322275952088397,0.8404835630916272,-4.376559366359999,2.410261000477476,3.5315570003149332
166.99229393399946,60.70229712000001,63.318792978,0.958677420479113,0.8641223345691245,-2.616495857999986,1.8436969994581887,2.9808270001012716
167.09206778099997,61.25452704000001,62.0662572,0.9869215545351108,0.8886821785623218,-0.8117301599999891,2.2585370006709127,2.3228340005516657
167.1922849499997,61.82605008,60.81883578072,1.016560894110362,0.9142579216719299,1.007214299280001,1.8495120002626209,2.985660000376811
167.29173779099983,62.32028184,59.32685536668,1.0504565167801092,0.9414976406935658,2.9934264733199996,1.6245080005319323,1.6415629997936776
167.39173728999958,62.853765120000006,58.08593863908,1.0820822834687263,0.969614569248598,4.767826480920007,1.9688470001710812,2.035958999840659
167.49154072999954,63.315421920000006,56.598664646159996,1.118673423053908,0.99942634000966,6.71675727384001,1.9342899995535845,2.023162000114098
167.59434260799935,63.96480648,55.11448426104,1.160580695576176,1.0316572111229632,8.850322218960002,3.839637000055518,4.966728999534098
167.69296191800004,64.48453272,53.639823519000004,1.2021764519258467,1.06576105928354,10.844709201,3.2869610004127026,3.3861110005091177
167.79137683499994,64.96773984000001,52.19287323912,1.2447626621809527,1.1015613798630226,12.77486660088001,1.6966200000751996,1.7803250002543791
167.89325069799997,65.53363176,50.790500615160006,1.2902733969202,1.1393037832744581,14.74313114484,2.806100999805494,2.8479540005719173
167.99444888299968,66.09854952,49.250702957399994,1.3420833724378058,1.1798597011071277,16.84784656260001,4.4586470003196155,4.476666000300611
168.09234092099996,66.61188432000002,47.904051599999995,1.3905271494822793,1.221993190782158,18.70783272000002,1.8742709999060025,2.9918629998064716
168.19139818299936,67.15957608000001,46.78942267872,1.4353580838377051,1.2646661693932675,20.370153401280007,1.8442900000081863,1.895438999781618
168.29346258499936,67.74214752000002,45.737118,1.4811197224976007,1.3079568800141343,22.005029520000015,3.1863289996181265,4.302643999835709
168.39197161599986,68.20242624000001,44.97775120332,1.516359186827591,1.349637341376826,23.22467503668001,1.8531599998823367,1.9350880002093618
168.49285112899997,68.82496200000001,44.2466028,1.555485792007517,1.3908070315029641,24.578359200000016,2.445058999910543,3.5547060006138054
168.591939594,69.41841552,43.334020800000005,1.6019380209463505,1.4330332293916415,26.08439471999999,1.6644160004943842,2.78080400039471
168.6916216619993,69.94909512000001,42.96641252832,1.6279947755446234,1.4720255386222378,26.98268259168001,1.591489000020374,1.6113409992613015
168.79186533099983,70.45047864,42.54392974068,1.6559466666436338,1.508809764226517,27.90654889932,1.452264000363357,2.558060000410478
168.8917560689997,71.03069784,42.12922288896,1.6860196549842759,1.5442517423780688,28.90147495104,1.430596999853151,2.5423560000490397
168.99119592899933,71.46151416000001,41.7139704,1.713131439533265,1.5780276818091081,29.747543760000006,1.3920409992351779,1.4475979996859678
169.0911476679994,72.00787536000001,41.3997516,1.7393310968561466,1.610288364818516,30.608123760000012,1.111925999794039,1.1304999998174026
169.1929990489998,72.49025088,41.14107,1.7619923565429876,1.6406291631634105,31.349180880000006,3.1781079997017514,3.236386000025959
169.29190351099987,73.13079672,40.91043679056,1.787582887329983,1.6700199079967253,32.22035992944001,2.012384000408929,2.067440999780956
169.39377576300012,73.65912408000001,40.728879924480005,1.808523195741687,1.6977205655457177,32.93024415552001,4.196346000753692,4.251588000443007
169.49430715899962,74.16283608,40.5670248,1.8281556620341555,1.7238075848434053,33.59581128000001,4.293107000194141,4.314625999541022
169.59098291899954,74.71656288000001,40.38926672304,1.8499113487836125,1.7490283376314468,34.32729615696001,1.472727999498602,1.5288029999283026
169.69430193399967,75.30165288,40.211876077919996,1.8726222256849019,1.773747115242138,35.08977680208001,4.259272999661334,4.345921999629354
169.79236895699978,75.80560248,40.05454949424001,1.8925591084453748,1.7975095138827855,35.75105298576,2.006273000006331,3.1389949999720557
169.89199228300004,76.34162808,39.9233664,1.9122041792547837,1.8204484469571853,36.41826168000001,1.5789330000188784,2.691210000193678
169.99197965199983,76.94080776,39.8159341668,1.9324124717926647,1.8428412519242814,37.1248735932,1.4802460000282736,2.623931000016455
170.0914496609994,77.40015984,39.73737468024,1.9477924866155885,1.8638314988625428,37.66278515976,1.9217169992771233,1.9744399996852735
170.1937058630001,78.02336088,39.67943032296,1.9663427686574615,1.8843337528215267,38.34393055704,3.5278350005683023,3.551206000338425
170.29333396699985,78.42718584,39.6453744,1.9782178129713919,1.9031105648514999,38.781811440000006,3.710375000082422,3.766857999835338
170.39112511499934,79.11152136000001,39.6240228,1.9965545083423486,1.9067779039256911,39.48749856000001,1.3491330000761081,1.4012259998708032
170.4918367549999,79.548444,39.61584240624,2.007995770587731,1.9270214772580994,39.932601593760005,1.5233390004141256,1.5737660005470389
170.59161752799992,80.11564272000001,39.61645800804,2.0222818179187265,1.946073545390225,40.49918471196001,1.254335000339779,2.3558339998999145
170.691582767,80.57722824000001,39.625357221,2.0334763871175148,1.9483124592299825,40.95187101900001,1.673583000410872,1.7755469998519402
170.79201812500014,80.91545184,39.64112283096,2.041199796106796,1.9668899266053455,41.27432900904,2.5365040000906447,2.6251170002069557
170.89417419599977,80.95601016,39.66213243852,2.0411411384773466,1.9668781950794556,41.29387772148001,4.061454999828129,4.151807999733137
170.9905844879995,80.80898328,39.68478,2.0362714189167734,1.9659042511673408,41.12420328,1.0654799998519593,1.2085569996997947
171.093461552,80.7170796,39.712014,2.032560715757201,1.9651621105354264,41.0050656,3.765505000046687,3.8175800000317395
171.1926319260001,80.48444544,39.7408212,2.0252335761999807,1.9636966826239823,40.74362424,2.488836000338779,2.6740800003608456
171.29327336200004,80.25204888,39.767816350800004,2.0180149740202062,1.9622529621880274,40.4842325292,3.262535000430944,3.280832000200462
171.39372321999963,80.12372112,39.79722115116,2.0132993913235717,1.9613098456487006,40.32649996884,3.7077090000821045,3.789931999563123
171.4915053679997,79.95243528000002,39.82615915248,2.0075356745773796,1.9601571022994622,40.126276127520015,1.6227859996433835,1.738881000164838
171.59135691899974,79.84917432000002,39.85177924548,2.0036539354527445,1.9593807544745352,39.997395074520014,1.3847259997419314,1.4023559997440316
171.6922038949997,79.87428864,39.87827764272,2.002952317941482,1.9592404309722826,39.99601099728,2.4766139995335834,2.551393000430835
171.79226089499934,79.77974760000002,39.9009276,1.9994459376929377,1.9585391549225737,39.87882000000002,1.913067999339546,3.021289999196597
171.8911932840001,79.8150312,39.923604000000005,1.9991940406983297,1.9584887755236522,39.8914272,1.2900770007036044,1.3486890002241125
171.991021928,79.97320152000002,39.9440016,2.0021329440363336,1.9590765561912529,40.02919992000002,1.4833949999228935,1.5558960003545508
172.0916291959993,79.9237332,39.96062997156,2.000061892339579,1.9586623458519021,39.96310322844,1.3265399993542815,2.441446999910113
172.19248602300013,79.97800104000001,39.976509575520005,2.0006249142115022,1.9587749502262866,40.001491464480004,2.0812560005651903,3.1971260004866053
172.29224286999943,79.99494192,39.990098379239996,2.0003687203112173,1.9587237114462297,40.00484354076001,1.963679999789747,3.0738279992874595
172.3915152089994,79.99689024,40.00150078272,1.9998472225961421,1.9586194119032148,39.99538945728,1.5931369998725131,1.669637999839324
172.49163217299974,80.03488248,40.01015281428,2.000364328811931,1.9587228331463724,40.024729665719995,1.4027830002305564,2.5099670001509367
172.59222123699965,79.99016616,40.017771611280004,1.9988660772268685,1.95842318282936,39.97239454872,2.132738999534922,2.1556100000452716
172.69322808499965,80.04849696000002,40.0232304,2.0000508744541525,1.9586601422748167,40.02526656000002,3.142681000099401,3.175570000166772
172.79045585399945,80.01421128000001,40.027683599999996,1.9989718135975278,1.9584443301034917,39.986527680000016,0.9150340001724544,0.9822020001593046
172.89134332999947,80.01257184,40.0307472,1.9987778754227201,1.9584055424685303,39.981824640000006,1.2532430000646855,1.2712990001091384
172.9913028459996,80.02934640000002,40.0326012,1.9991043299979223,1.9584708333835708,39.99674520000002,1.292928000111715,1.3134279997757403
173.0929209830001,80.00168976000002,40.033381199400004,1.9983745405246718,1.9583248754889206,39.968308560600015,3.316702000120131,3.361499000675394
173.1912960290001,79.92204624000001,40.033387200599996,1.9963848134939277,1.9579269300827717,39.88865903940002,1.2894840001536068,1.370892000522872
173.29082092799945,80.01304704,40.0326624018,1.9986941222376045,1.958388791831507,39.9803846382,1.07836999995925,1.1551669995242264
173.39214118899963,80.00187984000002,40.03134840252,1.9984807665125723,1.9583461206865007,39.97053143748001,2.2062770003685728,2.2785190003560274
173.49438507600007,79.95222144,40.02958080324,1.9973284714869823,1.9581156616813826,39.92264063676,3.584910000427044,3.688449000037508
173.59078594199946,80.04286584,40.02766319628,1.9996887014738058,1.9585877076787475,40.01520264372,0.9859599995252211,1.0517020000406774
173.69466844899944,79.98268175999999,40.02534359604,1.9983009407048102,1.9583101555249482,39.95733816395999,4.739373999655072,4.798838000169781
173.7909563129997,80.06063832000001,40.02287519592,2.000371985472986,1.9587243644785834,40.03776312408001,1.1916679995920276,1.2546130001283018
173.89126542799931,80.03656944000002,40.020552,1.999886694216512,1.9586273062272888,40.01601744000002,1.2332979995335336,1.3086699991617934
173.991768676,80.01701496,40.01822280432,1.9995144549837955,1.9585528583807452,39.99879215568,1.2505390004662331,2.390391000517411
174.09160163499928,79.97175216000002,40.015708804080006,1.998508949361559,1.958351757256298,39.956043355920016,1.2687619991993415,2.384427999459149
174.19352427600006,80.03531016000001,40.01326920396,2.0002192210797696,1.9586938115999402,40.02204095604001,3.5989110001537483,3.660930000478402
174.29098265899938,79.90888320000002,40.01094960372,1.9971753730276505,1.9580850419895164,39.89793359628002,1.0191649998887442,1.0378500001024804
174.3911854580001,79.93202544,40.00878480348,1.9978618654033065,1.9582223404646475,39.923240636520006,1.1087960001532338,1.134574000388966
174.49409615199966,79.98938208,40.00695359688,1.9993869787235707,1.9585273631287003,39.982428483119996,4.096788999959244,4.160716000114917
174.59153947999948,80.00796240000001,40.00514039712,1.99994204759146,1.9586383769022782,40.00282200288001,1.0126469996976084,2.1773879998363554
174.69109397099965,80.03877912,40.00352759748,2.0007930281888937,1.958808573021765,40.03525152252,1.3223919995652977,1.3990600000397535
174.79119761999937,79.94872872,40.002119997840005,1.9986122916564673,1.9583724257152797,39.94660872216,1.3140959999873303,1.393503999679524
174.8914573639995,80.01397368000002,40.001004,2.0002991344917245,1.958709794282331,40.01296968000002,1.1671860002024914,2.2788520000176504
174.99069166499976,79.99211448000001,40.00004760168,1.9998004821534348,1.9586100638146733,39.99206687832001,1.1997609999525594,1.2555949997477
175.0914671949995,79.96602600000001,39.9991776012,1.9991917533224728,1.958488318048481,39.96684839880001,1.1653530000330647,2.281777999996848
175.1904242319997,79.97548248,39.99847800096,1.9994631415245478,1.9585425956888958,39.97700447904,0.9092000000237022,0.9748860002218862
175.2911946690001,79.98329952,39.99797039916,1.9996839520057181,1.95858675778513,39.98532912084,0.7918270002846839,1.9087160007984494
175.39321260799989,80.03020176000001,39.9975539994,2.0008773976828818,1.9588254469205626,40.032647760600014,3.667095999844605,3.7192449999565724
175.49165398900004,79.99795944000002,39.99726359964001,2.000085811888392,1.9586671297616647,40.00069584036001,1.3575400007539429,1.3810590007778956
175.59079728899997,80.03053440000001,39.99708119988001,2.000909366362466,1.9588318406564795,40.03345320012,1.2642060000871425,1.3293359997987864
175.6913828529996,80.01459144,39.9969972,2.000514964658397,1.9587529603156657,40.01759424,1.3306330001796596,1.3464109997585183
175.79107271700013,80.0104572,39.9969828,2.000412321101381,1.9587324316042625,40.01347440000001,0.8929960004024906,0.9769050002432778
175.89122882899937,79.95293424000002,39.997036800000004,1.998971439804261,1.9584442553448385,39.955897440000015,1.4040219994058134,1.473782999710238
175.99227267900005,80.03357568,39.9971484,2.000982042009775,1.9588463757859411,40.03642728,2.512652000405069,2.5740790006238967
176.09295466999993,79.96771296000001,39.997285199640004,1.9993285184445408,1.9585156710728944,39.97042776036001,2.7206740005567553,3.833525000118243
176.1915822209994,80.00218872000002,39.99746759976,2.000181349493238,1.9586862372826337,40.00472112024002,1.1559079994185595,2.2665559999950347
176.29135293799936,79.98707736,39.99767399964001,1.9997932219938568,1.9586086117827577,39.989403360359994,1.4615609998145374,1.543376999507018
176.39122813799986,79.97902272,39.99789359964001,1.9995808659463967,1.9585661405732655,39.981129120359995,1.266057000066212,1.3207620004322962
176.492804126,79.98838416,39.99810120048,1.9998045346972644,1.9586108743234392,39.990282959519995,3.1000140006653965,3.166755000165722
176.59192303599957,80.02956024000001,39.99832920036,2.0008225803411737,1.958814483452221,40.03123103964001,1.3637259999086382,1.3807449995510979
176.694648228,80.03238768,39.99855600036,2.000881923819442,1.9588263521478746,40.03383167964,4.554797000309918,4.6287800005302415
176.79110016899995,80.07361128000001,39.9987576,2.0019024610904417,1.9590304596020744,40.07485368000001,1.2116870002500946,1.2656690005314886
176.89235787300004,80.00076312000002,39.99897,2.0000705798174305,1.9586640833474722,40.001793120000016,2.4438360005660797,2.4600030001238338
176.9927135629996,80.01012456000001,39.999168,2.000294720130179,1.958708911410022,40.01095656000001,1.2760580002577626,1.2965030000486877
177.0914824679994,80.00722584,39.99933719964,2.000213789560495,1.958692725296085,40.00788864036,1.266631999897072,1.291855000090436
177.1934732209993,79.96557456000001,39.99950519976,1.9991640936718338,1.958482786118353,39.966069360240006,3.7176159994487534,3.775949999180739
177.29394378300003,80.00437464000001,39.99965279976001,2.000126727111992,1.9586753128063845,40.00472184024,3.6939490000804653,4.801355999916268
177.39151198299987,80.03597544,39.99977400024,2.000910691133399,1.9588321056106661,40.03620143976,1.7447689997425186,1.8012520004049293
177.49370185099997,79.96300848,39.999889200240005,1.9990807494416811,1.9584661172723226,39.963119279759994,3.284387000348943,4.441128000507888
177.5940451890001,79.88816448000001,39.999978,1.9972052104628661,1.9580910094765596,39.888186480000016,4.248699000527267,4.301367000152823
177.69228704799934,79.99249464,40.00006080000001,1.9998093262898238,1.958611832641951,39.99243384,2.504670999769587,2.585616999567719
177.79160968399992,79.97393808000001,40.0001256,1.999342174065574,1.958518402197101,39.973812480000014,1.228206000632781,2.340150000236463
177.8909493379997,79.9798068,40.000176,1.999486372259962,1.9585472418359786,39.9796308,1.2125940002079005,1.2715570001091692
177.99359119499968,79.96353119999999,40.000219200000004,1.9990773250562583,1.958465432395238,39.96331199999999,3.8337480000336654,3.906081999957678
178.0929197939995,79.9813512,40.0002444,1.9995215629232508,1.9585542799686364,39.981106800000006,1.1545560000740807,1.1738530001821346
178.19069820099958,79.95882672000002,40.0002624,1.9989575548384408,1.9584414783516744,39.95856432000002,0.6587329999092617,1.7417879998902208
178.29111572500005,79.98132744,40.000273199999995,1.9995195292816152,1.9585538732403092,39.981054240000006,1.2640200002351776,1.329336000708281
178.39198838599987,80.08271136000002,40.000273199999995,2.0020541099704294,1.959060789378072,40.082438160000024,1.4429860002564965,2.626061000228219
178.49429784899985,79.99943256000002,40.0002696,1.999972334186468,1.9586444342212799,39.999162960000014,0.803939000434184,0.8305139999720268
178.59053226800006,79.95305304,40.0002624,1.9988132137853176,1.9584126101410497,39.95279064,0.7334010006161407,0.7473460000255727
178.69322866199946,80.09855928,40.0002516,2.0024513865807787,1.959140244700142,40.098307680000005,0.9867749995464692,1.0074049996546819
178.790244668,80.02801584,40.0002336,2.0006887119779218,1.9587877097795705,40.02778223999999,0.7683270005145459,0.8107170006041997
178.89048648599965,79.99432416000002,40.00021800012,1.9998472048267346,1.9586194083493331,39.99410615988002,0.6300659997577895,0.6574560002263752
178.9909991959994,80.08090560000002,40.00019760000001,2.002012750057015,1.9590525173953892,40.080708000000016,1.1472030000732047,1.1651300001176423
179.091682151,80.02582992,40.000176,2.0006369451974413,1.9587773564234745,40.02565392,0.640066000414663,0.661992000459577
179.19323958199948,80.07437160000002,40.00015680012,2.0018514427363394,1.9590202559312542,40.07421479988002,2.703969999856781,3.8790069993410725
179.2921908419994,80.02673280000002,40.000136399999995,2.0006614977442934,1.958782266932845,40.026596400000024,2.447076999487763,2.458780999404553
179.39013186299962,79.98840792,40.0001184,1.9997042788753345,1.9585908231590532,39.98828952,0.544712999726471,0.5863249998583342
179.49668872799975,80.01815544,40.0000968,2.0004490449133114,1.9587397763666485,40.01805864,6.844593000096211,6.861353000203962
179.5909230769994,80.02155312000001,40.000078800000004,2.0005348869462725,1.9587569447732407,40.02147432,0.8904769993023365,0.911199999791279
179.69196725899928,80.02138680000002,40.0000644,2.000531449144367,1.9587562572128596,40.02132240000002,1.0248129992760369,1.046238999151683
179.79026695299945,80.07111648000001,40.00005,2.001775409780738,1.9590050493401339,40.07106648000001,0.7236599994939752,0.7591789999423781
179.89240478299962,80.00520624,40.000035600000004,2.0001283758857453,1.9586756425611354,40.00517064,2.570783000010124,2.5830240001596394
179.9911753359993,80.00575272,40.000023600119995,2.0001426379098435,1.9586784949659548,40.00572911988001,0.6907150000188267,1.7953999995370395
180.0934477969995,80.00078688,40.00001280012,2.00001903198791,1.9586537737815681,40.00077407988001,3.8018579998606583,3.8429879996328964
180.19105305299945,80.01623088,40.0000032,2.0004056119675506,1.9587310897774963,40.01622767999999,0.6098610001572524,1.7172679999930551
180.2911800359998,80.00741592000001,39.999996,2.00018559801856,1.9586870869876982,40.00741992000001,1.2064459997418453,1.2289090000194847
180.39117470099973,80.02179072,39.9999888,2.000545328152692,1.9587590330145246,40.02180192,0.9644780002417974,0.9882200001811725
180.49114151399954,80.02580616000002,39.999985200000005,2.000645894238981,1.9587791462317825,40.02582096000001,1.3826519998474396,1.4240230002542376
180.5908102859994,80.00076312000002,39.9999816,2.0000199980091997,1.958653966985826,40.00078152000002,1.08388799981185,1.0949259994958993
180.69414591299937,79.98377472,39.999978,1.9995954677775074,1.9585690609394877,39.98379672,1.2770399998771609,1.2923179992867517
180.79037207199963,80.00076312000002,39.999978,2.0000201780110984,1.9586540029862058,40.00078512000002,0.6308619995252229,0.6412140000975342
180.89204200599943,80.01064728,39.9999744,2.000267462171176,1.9587034598182214,40.01067288,2.0590149997588014,2.072403999591188
180.99112960099956,80.0090316,39.9999744,2.000227070145325,1.9586953814130512,40.0090572,0.6811779994677636,1.8168079996030428
181.09017458400012,80.05353408,39.9999744,2.0013396328573654,1.9589178939554592,40.053559680000006,0.5266940006549703,0.5632680004055146
181.19043762399997,80.02255104000001,39.9999744,2.000565056361636,1.9587629786563134,40.02257664000001,0.7792160004100879,0.8153460003086366
181.2939405319994,79.9328808,39.999978,1.9983231190777158,1.9583145911995294,39.93290280000001,3.842043999611633,4.954283999722975
181.39089627700014,80.02559232000002,39.999978,2.0006409083525,1.9587781490544862,40.02561432000002,0.737326000489702,0.8047720002650749
181.49327879700013,79.97885640000001,39.9999816,1.999472329757272,1.9585444333354407,39.978874800000014,0.65391800035286,0.6670300008408958
181.59297097599938,79.99525080000001,39.9999816,1.9998821899458077,1.9586264053731477,39.99526920000001,3.3951109999179607,3.4317419995204546
181.69215197999984,80.02236096000001,39.999985200000005,2.0005597642071127,1.9587619202254087,40.02237576000001,1.9185130004188977,3.021346000423364
181.7905409519999,79.96191552000002,39.999985200000005,1.9990486276479924,1.9584596929135847,39.961930320000015,0.8614580001449212,0.9498119998170296
181.89306345499972,79.96365,39.9999888,1.9990918097457069,1.9584683293331275,39.963661200000004,0.8619030004410888,3.825359000074968
181.99089362199993,80.06743368000001,39.9999888,2.001686402472193,1.958987247878425,40.06744488000001,1.033442999869294,1.0548690006544348
182.0940302279996,80.01195408,39.999992400000004,2.000299232056854,1.958709813795357,40.01196167999999,1.128166999478708,1.1403339995013084
182.1902292019995,80.05966416000001,39.999992400000004,2.001491984283477,1.9589483642406815,40.05967176000001,0.7275309999386081,0.7615309996253927
182.29299730099956,80.01083736,39.999992400000004,2.0002713140515493,1.958704230194296,40.01084495999999,1.0933140001725405,1.1267780000707717
182.3908277269993,80.05949784000002,39.999996,2.001487646148765,1.9589474966137392,40.05950184000002,0.65656599963404,1.749434999510413
182.49270325699945,79.98543792,39.999996,1.9996361479636144,1.9585771969767092,39.98544191999999,2.927548000116076,2.941084999292798
182.5930966319993,79.96122648,39.999999599999995,1.999030681990307,1.9584561037820476,39.96122688,2.8925649994562264,3.9903789993331884
182.69355065699983,80.03621304000002,39.999999599999995,2.0009053460090542,1.958831036585797,40.036213440000026,3.7503200001083314,3.7625060003847466
182.79094731699934,80.02751688,39.999999599999995,2.0006879420068793,1.958787555785362,40.02751728,1.165499999842723,1.2056669993398828
182.89296099700005,80.01409248,39.999999599999995,2.0003523320035237,1.9587204337846909,40.01409288000001,2.7008220004063332,2.7286740005365573
182.9925962489997,80.07344496,39.999999599999995,2.0018361440183616,1.9590171961876586,40.07344536000001,2.7989159998469404,2.811156999996456
183.0954459609993,80.01694368000001,40.0000032,2.0004234319661256,1.9587346537772112,40.01694048000001,5.714666999665496,5.7267039992439095
183.19140918999983,79.95749616000002,40.0000032,1.9989372440850208,1.9584374162009903,39.95749296000002,0.9575519998179516,2.1109409999553463
183.29130114999953,80.04892464000001,40.0000032,2.0012229559021635,1.9588945585644189,40.04892144000001,0.9418299996468704,2.078088999951433
183.3905174699994,79.93349856,40.0000032,1.9983373041330157,1.9583174282105893,39.93349536,0.54924999949435,0.5620829997496912
183.49376142899928,80.04417264,40.0000032,2.0011041559116673,1.9588707985663196,40.04416944,3.9918239999678917,4.003194999313564
183.5913043139999,79.95234024000001,40.0000032,1.9988083460953325,1.9584116366030528,39.95233704000001,0.9174229999189265,0.9298860004491871
183.69006944000012,79.98070968,40.0000032,1.9995175820385935,1.958553483791705,39.98070648,0.6113240006015985,0.6841399999757414
183.79091998999957,80.04376872000002,40.0000032,2.001094057912476,1.9588687789664814,40.043765520000015,1.4252639994083438,1.4663940000900766
183.89224567699966,80.0358804,40.0000032,2.000896849928252,1.9588293373696366,40.035877199999995,1.9095489997198456,3.082346000155667
183.99094491399956,79.90574688,40.0000032,1.9976435121885188,1.9581786698216899,39.90574367999999,0.7608460000483319,1.8511039997974876
184.09050268400006,80.01967608,40.0000032,2.0004917419606603,1.9587483157761183,40.019672879999995,0.6543070003317553,0.6663820004177978
184.19125665799947,79.97890392,40.0000032,1.9994724380422046,1.9585444549924271,39.97890071999999,1.5185439997367212,1.6920279995247256
184.29387369899996,79.99681896000001,40.0000032,1.999920314006375,1.9586340301852612,39.99681576000001,4.044713999974192,4.059085000335472
184.39299173899963,79.97065920000001,40.0000032,1.9992663200586946,1.9585032313957251,39.97065600000001,2.8508980003607576,3.9350460001514875
184.4908310359997,79.95205512,40.0000032,1.9988012180959023,1.9584102110031667,39.952051919999995,0.5714540002372814,1.667323000219767
184.59241285699954,80.00116704,39.999999599999995,2.000029196000292,1.9586558065840447,40.00116744,2.2030919999451726,2.2194809998836718
184.69364887599932,80.04638232000002,39.999999599999995,2.0011595780115967,1.9588818829863055,40.046382720000025,4.133363999244466,4.186234999906446
184.7930196419993,79.93525680000002,39.999999599999995,1.9983814399838151,1.9583262553807492,39.935257200000024,2.6680249993660254,3.7605429997711326
184.89642627099965,80.02141056,39.999999599999995,2.000535284005353,1.958757024185057,40.02141096000001,3.0030859998078085,3.0429939997702604
184.99087884599976,80.01753768,39.999999599999995,2.000438462004385,1.9587376597848631,40.01753808000001,1.0656659997039242,1.0787960000016028
185.09379778099992,79.90824168000002,39.999999599999995,1.9977060619770612,1.9581911797793985,39.90824208000002,3.34488800035615,4.768485000568035
185.19239453499995,79.97826239999999,39.999999599999995,1.9994565799945658,1.9585412833828995,39.978262799999996,2.744712000094296,2.8135460006524227
185.29190335899966,79.98213528000001,39.999999599999995,1.9995534019955346,1.9585606477830932,39.98213568000001,2.2461850003310246,2.2794260003138334
185.39043038899945,79.98741,39.999999599999995,1.9996852699968528,1.9585870213833567,39.9874104,0.6856959998913226,0.6991410000409815
185.49245766199965,80.04868704000002,39.999999599999995,2.0012171960121727,1.9588934065864207,40.04868744000002,0.8255689999714377,0.8383839995076414
185.59020532799968,79.97538744,39.999999599999995,1.9993847059938474,1.9585269085827557,39.97538784000001,0.730585999917821,0.7745689999865135
185.69385697799953,80.08444584,39.999999599999995,2.0021111660211117,1.9590722005882086,40.084446240000005,2.748728999904415,2.762414999779139
185.79230578499937,80.04155904000001,39.999999599999995,2.0010389960103905,1.9588577665860643,40.041559440000015,0.9884229993986082,1.0498689998712507
185.8944008919998,80.01433008000001,39.999999599999995,2.000358272003583,1.9587216217847028,40.01433048000001,0.8260499998868909,0.8509019999110023
185.99108224500014,80.05712184000001,39.999999599999995,2.001428066014281,1.9589355805868425,40.05712224000001,1.353504000690009,1.3650410000991542
186.09248345099968,79.96700016000001,39.999999599999995,1.9991750239917507,1.9584849721823363,39.96700056000002,2.70802500017453,2.7212659997530864
186.19210933299928,80.01145512000001,39.999999599999995,2.0002863980028645,1.958707246984559,40.01145552000001,0.9643859993957449,0.9847749997788924
186.29282012099975,79.97151456,39.999999599999995,1.9992878839928792,1.9585075441825621,39.97151496000001,2.7630260001387796,3.849710999929812
186.39106264699967,79.96288968000002,39.999999599999995,1.9990722619907233,1.9584644197821308,39.96289008000002,0.7193450001068413,1.8398259999230504
186.49178484299955,80.08266384,39.999999599999995,2.002066616020666,1.9590632905881193,40.08266424,1.5923229993859422,1.610544999493868
186.60313582299932,80.04528936000001,150.00000119999999,0.533635258130918,1.6653770190101698,-69.95471183999997,13.152139999874635,13.201029999436287
186.69410613699984,79.96424400000001,148.7905164,0.5374283652933138,1.4397872882667988,-68.8262724,4.27195800057234,4.2873470001723035
186.79309737899985,80.06006808000001,144.60672960000002,0.5536399882734088,1.262557828268121,-64.54666152000001,3.490946000056283,3.5288349999973434
186.89124182900014,79.99154424000002,140.19128192304,0.5705885782820113,1.124163978270899,-60.199737683039984,1.0213310006292886,1.0340720000385772
186.99407155900008,79.97581512000002,136.2254364,0.5870843010931255,1.0167480428353444,-56.249621279999985,3.7622460004058667,4.860394000388624
187.09168298199984,80.12973240000001,132.824196,0.6032766228827766,0.9340537588448309,-52.69446359999999,1.421429999936663,2.5220409997928073
187.19270638599937,79.98828912000002,129.4265952,0.6180205003183149,0.8708471071395277,-49.43830607999999,2.2942779996810714,3.3824249994722777
187.29123884299952,79.94195712000001,126.0144576,0.63438718574463,0.8235551228605482,-46.07250047999999,0.8646619999126415,0.8888109996405547
187.3909766709994,79.99209072000001,123.16219981416002,0.6494857256585252,0.7887412434201436,-43.17010909416001,0.8970149992819643,1.9936250000682776
187.49242310099999,79.86654288000001,120.31102140588001,0.6638339692135359,0.7637597885788221,-40.44447852588,1.9356990005690022,1.9988110007034265
187.59080416599954,79.93435392,117.46526400000002,0.680493545053455,0.7471065398737488,-37.53091008000001,0.692363999405643,1.782899999852816
187.69258313799946,80.02024632000001,114.62396095692,0.6981109852771066,0.7506300279184791,-34.60371463691999,2.39133499962918,2.4184839994632057
187.7906627530001,80.07230448000001,112.3538328,0.7126797767774952,0.7535437862185568,-32.28152831999999,0.7733450001978781,0.7857350001359009
187.8945199079999,80.01981864,109.51999852356,0.730641158863658,0.7571360626357894,-29.50017988356001,4.383887000585673,5.528294000214373
187.99120037099965,79.95400344000001,107.2690236,0.7453596644837924,0.7600797637598162,-27.31502015999999,0.7583269998576725,1.8531229998188792
188.09437801399963,79.98900192,104.56496367119999,0.7649694420735608,0.7640017192777699,-24.575961751199983,4.001121000328567,5.106564999550756
188.19063267399997,80.02131552,102.5212176,0.7805341898319398,0.7671146688294457,-22.49990208,0.8251240005847649,0.8371620006073499
188.2904846149995,80.06683968000002,100.11682407456,0.7997341148214194,0.7709546538273416,-20.049984394559985,0.7386229999610805,0.7778270000926568
188.39167070699932,80.04094128,97.8735417174,0.8177995796975465,0.7745677468025671,-17.832600437400004,1.694712999778858,1.8462149992046761
188.49084615599986,80.00209368,96.18123585348,0.8317848379685318,0.7773647984567641,-16.179142173480002,1.0001090004152502,1.0795549997055787
188.59063589200014,79.94278872000001,94.174192188,0.8488821285603402,0.7807842565751258,-14.231403467999996,0.7204010007626493,0.7332900004257681
188.69262573800006,80.06622192000002,92.64714746436,0.8642060129352641,0.7838490334501106,-12.580925544359985,2.437873000417312,2.512560000468511
188.79173192599956,79.98738624,90.82626727716,0.880663585963687,0.8032119439528259,-10.838881037159993,2.0240519997969386,2.03447799958667
188.89558435799972,80.02217088000002,89.463996,0.8944622916239962,0.8059716850848878,-9.441825119999976,2.1124790000612848,2.139330999852973
188.9926074750001,80.07753168,88.40035494252,0.9058507936090111,0.8259475067897125,-8.32282326251999,2.2065360008127755,3.305480000562966
189.0911525419997,79.95226896000001,87.0063516,0.9189245094147818,0.8285622499508667,-7.05408263999999,1.2785950002580648,1.2991690000490053
189.19148639800005,80.04920976000001,85.58162373024,0.9353551179669296,0.8499208235540793,-5.532413970239986,1.6918230003284407,1.7053420006050146
189.29059780899934,80.01991368000002,84.14709986268001,0.9509527222041501,0.8701272032840935,-4.127186182679992,1.0869249999814201,1.1324079996484215
189.39394208399972,80.02530720000001,82.71519119999999,0.967480169470974,0.8895977965214696,-2.689883999999978,4.157807999945362,4.171530999883544
189.49138924499948,80.00178480000001,81.2915864676,0.9841336388715447,0.8929284904015838,-1.2898016675999884,1.2267609999980778,2.3245379998115823
189.59471546499935,80.01908208000002,79.60272798672001,1.0052303998092813,0.9153888722831234,0.41635409328000605,4.4825729992226115,5.582090999268985
189.69093854999937,80.04405384,78.21462648168,1.0233898369219792,0.9369890652108945,1.8294273583200038,1.0806099999172147,1.1034069993911544
189.79357342499952,79.95509640000002,76.57151215932001,1.0441885519204568,0.9584289625528071,3.3835842406800083,3.8054879996707314,3.825857999800064
189.8936588509996,79.98009192000002,75.2192532,1.0632928208864485,0.9794017342195354,4.760838720000024,3.918192999663006,3.95769399983692
189.99265703799938,79.99121160000001,73.6157304,1.0866048759600435,1.000842362567637,6.37548120000001,2.8672509997704765,2.8810289995817584
190.09112464099962,80.01939096000001,72.0309996,1.1109021310874605,1.022854316271602,7.9883913600000085,1.234483000189357,1.2867799996456597
190.19233204899956,79.9769556,70.4630484,1.1350198070624489,1.0452874144297715,9.513907199999991,2.4681329996383283,2.482578000126523
190.29368406899994,80.02141056,68.9100444,1.1612445073391942,1.068478833011656,11.111366160000003,3.7475240005733212,3.7660420002794126
190.39251591999982,79.99591608,67.3703316,1.1874057048577744,1.0922642073808797,12.62558448,2.6440990004630294,2.659822000168788
190.4913745289996,79.98080472000001,65.84244120000001,1.2147302448439594,1.1167574148734958,14.138363519999999,1.0498129995539784,2.15301600019302
190.59622621800008,80.05766832000002,64.07313216300001,1.2494733067884969,1.1433005932564961,15.984536157000008,3.525464000631473,3.538409000611864
190.69097700199927,79.95369456,62.316336202920006,1.2830294499286297,1.1712463645909228,17.637358357079997,1.0690729995985748,1.0825359995578765
190.79406645899962,80.00983944,60.5698452,1.3209516909909487,1.201187429870928,19.43999423999999,0.9965720000764122,1.0103690001415089
190.89179754999986,80.00140464000002,58.83030103571999,1.3598673342063228,1.232923410738007,21.171103604280027,1.666916000431229,1.7533430000185035
190.99507565800013,79.9765992,57.094190556479994,1.4007834846328848,1.2664954255169825,22.88240864352,1.1968340004386846,1.2197610003568116
191.0905664719994,80.02316880000001,55.11448426104,1.451944436620044,1.3035852277375948,24.90868453896001,0.964533999649575,1.0032939999291557
191.19476668700008,80.02421424,53.15355,1.505529061370313,1.3439739944641385,26.870664240000004,1.071184000466019,1.093851000405266
191.2934909249998,79.98546168,51.25197464352,1.5606318046540455,1.38730555650212,28.73348703648,3.2001629997466807,4.311884999879112
191.39466697999978,80.02884744000002,49.460894950320004,1.6180226322306417,1.4334489716478243,30.567952489680017,4.852283000218449,4.865394000262313
191.49136783199992,80.01038592000002,47.904051599999995,1.670221687887461,1.4808035148957517,32.10633432000002,0.9721269998408388,2.068348000648257
191.59304465500009,79.99753176,46.505340000000004,1.7201794839044289,1.5286787086974873,33.49219176,2.7069890002167085,3.8092479999249917
191.6928179460001,79.98805152,45.39537000000001,1.7620310511842945,1.5753491771948487,34.59268151999999,1.0061270004371181,1.018831000692444
191.79533893000007,79.95633192,44.41924505952,1.8000380648716954,1.620286954730218,35.537086860479995,4.110029000003124,4.1256960003011045
191.89223071200013,79.98543792,43.38262898712,1.843720396561193,1.6649736430964133,36.602808932879995,2.4171690001821844,2.430151000226033
191.99091331899945,80.05206096,42.96641252832,1.8631311354476274,1.7046051415666563,37.085648431680006,0.8310509992952575,1.922382999509864
192.09155262399963,80.02879992,42.45005546352,1.8852460626058256,1.7407333257744901,37.578744456479996,1.0519799998292,2.1754789995611645
192.19406310900013,80.06009184,41.998097656080006,1.9062790056732442,1.7738424617542412,38.06199418391999,1.7198620007548016,1.7753440006345045
192.29300383099962,79.99064136000001,41.56716049344,1.9243710758790917,1.8039481845792116,38.42348086656001,2.7417109995440114,3.8411549994634697
192.39300821899997,79.96873464000001,41.2496057664,1.9386545193394016,1.8308894515312497,38.719128873600006,3.353351000441762,3.386852000403451
192.49264689699976,80.00934048,40.973965959960005,1.9526872394579913,1.8552490091165983,39.03537452004,2.897862000281748,2.910862000135239
192.5948644129994,79.95110472000002,40.761813599999996,1.9614216753103455,1.8764835423553479,39.18929112000002,1.7841029994087876,1.7947329997696215
192.6909064219999,80.04010968,40.5670248,1.9730337650987904,1.8957935869040365,39.47308488,0.7454570004483685,1.8497709997973288
192.7944268299998,79.99047504,40.38926672304,1.980488420067541,1.8972845178977866,39.601208316960005,1.0524990002522827,1.0649810001268634
192.89068619299996,79.9661448,40.211876077919996,1.988620094348414,1.9155516331879123,39.75426872208,0.7378820000667474,0.7530120001320029
192.99419471199963,80.01561312000001,40.025682916920005,1.9991067556819904,1.9176489654546276,39.98993020308001,4.401090000101249,4.412219999721856
193.09049783599949,79.98560424,39.8905308,2.0051275988536106,1.9351446921344244,40.09507344,0.6822149998697569,0.6974739999350277
193.19489481399978,79.99800696000001,39.7842948,2.010793640107453,1.9362779003851929,40.213712160000014,1.2857620004069759,1.2995770002817153
193.2926909809994,79.9918056,39.715129302840005,2.0141393721782457,1.9369470467993515,40.27667629716,3.0341789997692103,3.0682910000905395
193.39567391699984,79.98277680000001,39.66522006528,2.0164460620252806,1.9374083847687584,40.31755673472001,1.8736049996732618,1.8931610002255184
193.4909272269997,79.98555672,39.6347064372,2.018068604765238,1.93773289331675,40.3508502828,1.2212419997013058,1.2684089997492265
193.59456219299955,80.05196592000001,39.61908841536,2.020540328458555,1.9542943803451112,40.43287750464002,1.5566179999950691,1.6126749997056322
193.69091883599958,79.89027912000002,39.6151308,2.0166607431724044,1.953518463287881,40.275148320000014,0.686567000229843,1.7757879995770054
193.79253706500003,80.01107496000002,39.619216800000004,2.0195016818202225,1.9540866510174446,40.39185816000001,2.925233000496519,2.9605480003738194
193.89126822799972,80.02872864000001,39.6324888264,2.019270830821285,1.954040480817657,40.39623981360001,0.9033110000018496,2.0622000001822016
193.99394778899932,80.00477855999999,39.64761716616,2.0178962640984537,1.953765567473091,40.35716139383999,1.0544990000198595,4.56209299954935
194.09333101899938,80.02057896000001,39.67005115944,2.0171534097192128,1.9536169965972427,40.35052780056001,2.8789729994969093,3.9755839998179
194.19425092099937,80.00527752000002,39.69586915488,2.015455996387085,1.9532775139308172,40.30940836512002,0.8313839998663752,0.8643470000606612
194.29086632799954,80.06453496000002,39.721490447760004,2.0156478031784193,1.953315875289084,40.34304451224001,1.1549999999260763,1.1930009995921864
194.39388689499992,79.97225112000001,39.750612049080004,2.0118495539454444,1.952556225442489,40.221639070920006,4.057584999827668,4.0708070000619045
194.49032764999993,79.97842872,39.7776456,2.0106375707666317,1.9523138288067265,40.20078312,0.5556760006584227,0.5683610006599338
194.59605027899943,80.08884144000001,39.806946,2.011931320729804,1.9525725787993609,40.28189544000001,2.5298739992649644,2.542745000027935
194.69060676299978,80.02587744,39.8355984,2.008903610194042,1.9519670366922086,40.19027904,0.7572900003651739,0.8071980000750045
194.7944260280001,79.98783768000001,39.8630268,2.006567089882899,1.9514997326299799,40.12481088000001,4.131178000534419,5.246493000413466
194.89328334199945,80.05298760000001,39.8887848,2.006904647543938,1.9515672441621876,40.164202800000005,3.17953400008264,3.210311999282567
194.9941047429993,80.01002952000002,39.91064636196,2.004728983699445,1.9511321113932891,40.09938315804002,0.954811999690719,4.927635999592894
195.0928411469995,80.03519136,39.93238556568,2.0042677197023377,1.9510398585938677,40.10280579432,2.83052799932193,2.846508999937214
195.19594691899965,79.95084336000001,39.95180756964,2.0011821297606542,1.950422740605531,39.999035790360004,1.962366000043403,1.9834029999401537
195.292581918,79.98517656000001,39.96753002676,2.0012539305392765,1.9504371007612553,40.01764653324001,2.689118000489543,2.7019700000892044
195.39393684599963,79.9792128,39.98244362292,2.000358296113542,1.9502579738761086,39.99676917708,1.4270230003603501,1.4657829997304361
195.49099061200013,80.01682488,39.9941352,2.000713966681795,1.9503291079897591,40.02268968,0.7316230003198143,1.8275480006195721
195.59363769099946,80.01853560000002,40.00402558368,2.0002620844399295,1.950238731541386,40.014510016320024,0.9675900000729598,0.9836270000960212
195.69313714500004,80.05721688000001,40.012893586800004,2.000785489465585,1.950343412546517,40.04432329320001,2.948807999928249,4.045788000439643
195.79401326900006,79.99111656000001,40.01991718968,1.9987826606654608,1.9499428467864923,39.97119937032001,0.7074560007822583,0.7279930005097413
195.89118896199943,80.04766536,40.025265592320004,1.9999283996096566,1.9501719945753315,40.02239976767999,1.0374419998697704,1.0934799993265187
195.99176224799976,80.02259856,40.02911879472,1.9991096723956687,1.950008249132534,39.99347976528001,1.4243559999158606,1.449059999686142
196.09121823799978,79.94742192000001,40.03149120336,1.9971132605045128,1.9496089667543026,39.91593071664001,1.110924999920826,1.2047410000377567
196.19038755699967,79.97973551999999,40.0328928,1.9978505155640411,1.9497564177662083,39.94684271999999,0.7772159997330164,0.8121800001390511
196.29061255899978,80.02476072000002,40.0334724,1.9989462797636315,1.9499755706061264,39.99128832000002,0.9137739998550387,0.9594230004950077
196.39315546999933,79.98175512000002,40.033268400960004,1.997882219331411,1.9497627585196824,39.94848671904001,0.7758459996694,3.9918610000313492
196.49056809299964,79.99981272000001,40.032382802040004,1.9983774914323438,1.9498618129398688,39.967429917960004,0.8635880003566854,0.8743660000618547
196.59060998199948,80.0690256,40.03094520288,2.000178241962658,1.9502219630459317,40.038080397120005,0.7704939998802729,0.8348659994226182
196.69125556499966,79.98904944,40.02908280336,1.9982733512266688,1.949840984898734,39.959966636640004,0.7051410002532066,1.8935119996967842
196.79211374499937,80.0251884,40.027101596280005,1.999275121320233,1.9500413389174467,39.99808680372,2.4852819997249753,2.5452829995629145
196.89111150499957,79.9710156,40.0249404,1.998029598564999,1.9497922343663998,39.9460752,0.6918999997651554,1.7957139998543425
196.99312172200007,80.01007704000001,40.0224564,1.9991295946542653,1.9500122335842531,39.98762064000001,3.21421900025598,3.2266270000036457
197.09141971099962,79.97044536000001,40.0199148,1.9982662571785388,1.949839566089108,39.95053056000001,1.0254239996356773,2.122441999745206
197.19326299899967,80.00259264,40.0173804,1.9991961452829132,1.9500255437099827,39.98521224,3.242089000195847,3.2564049997745315
197.29130326299946,79.96645368,40.01488560000001,1.9984176508554103,1.9498698448244822,39.951568079999994,1.356077999844274,1.4953029995012912
197.3941711970001,80.02471320000001,40.01267880396,1.9999838949068331,1.9501830936347666,40.01203439604001,0.8991439999590511,0.9128850006163702
197.49079202999928,79.92827136000001,40.01057759628,1.9976785180784637,1.9497220182690929,39.91769376372001,0.7611609999003122,1.8532709991632146
197.59029326099972,80.04676248000001,40.00844039652,2.0007468845739513,1.9503356915681904,40.03832208348001,0.7278639996002312,0.7650679999642307
197.6908910100001,80.01214415999999,40.00648199688,1.9999795074768116,1.9501822161487623,40.00566216311999,1.0160720003113966,1.03433100048278
197.79226143899996,80.07940872,40.0048596,2.0017420263612173,1.9505347199256435,40.07454912,2.6117650004380266,2.646783999807667
197.89266761099952,80.0203176,40.0032792,2.000343951802831,1.9502551050139663,40.0170384,2.877435999835143,2.887546999772894
197.99372401599976,80.05339151999999,40.001903999999996,2.0012395289984197,1.950434220453084,40.051487519999995,3.556225000465929,3.5858729997926275
198.09104265599944,79.9948944,40.0007268,1.9998360229794625,1.9501535192492927,39.994167600000004,0.6658249994870857,1.7654729999776464
198.19576008399963,80.00575272,39.99981480156,2.000153078630748,1.9502169303795498,40.005937918440004,2.7663230002872297,2.785083000162558
198.2923572489999,79.97424696000002,39.998986801200004,1.9994068189147411,1.9500676784363482,39.97526015880001,2.87386099989817,2.966011000353319
198.39389192099952,80.01787032,39.998375998920004,2.0005279794899815,1.9502919105513965,40.019494321079996,3.5195199998270255,4.61759300014819
198.49097474300015,80.00684568000001,39.99785399928,2.0002784569752223,1.9502420060484447,40.008991680720015,1.049591000082728,1.0754430004453752
198.59310099899994,80.05065912000002,39.99746999952,2.00139306613545,1.9504649278804902,40.05318912048002,3.071717000239005,3.091235999818309
198.69047143599983,80.05396176,39.997224,2.00148794726354,1.9504839041061082,40.056737760000004,0.6442140002036467,0.72628900034033
198.79608667499997,79.95870792000001,39.9970584,1.9991147128959865,1.9500092572325973,39.96164952000001,2.8565840002556797,2.871917999982543
198.8919346980001,80.00280648,39.996986400000004,2.00022085863949,1.950230486381298,40.00582008,0.8341060001839651,0.8471800001643714
198.9907625299993,80.00040672000002,39.99699,2.0001606800911773,1.9502184506716356,40.00341672000002,0.5583610000030603,1.6624719992250903
199.09053209899957,79.93188288,39.99704640012,1.9984446371460116,1.9498752420826024,39.934836479880005,0.7796239997333032,0.7910499998615705
199.19199339899933,79.9389396,39.99716040024,1.9986153716932449,1.9499093889920491,39.94177919976,2.337722999982361,2.373185999203997
199.29232692200003,80.0013096,39.99731400036,2.0001670511994867,1.9502197248932975,40.00399559964,2.0587740000337362,3.1629220002287184
199.3935502739996,79.97859504,39.997483200000005,1.9995906902462302,1.950104452702646,39.98111184,1.3300029995662044,1.345687999673828
199.49063631799982,80.02385784,39.997692,2.000711887075884,1.950328692068577,40.026165840000004,1.1348139996698592,1.1807230002887081
199.59268142400015,80.00599032000001,39.99789359964001,2.000255091451118,1.9502373329436238,40.00809672036,3.1867370007603313,3.221385000870214
199.6929981509993,80.0962308,39.99812039964,2.0024998674867955,1.9506862881507592,40.09811040036,0.9166820000245934,0.929014999201172
199.7944465619994,79.95706848,39.99834719964001,1.9990093110827247,1.949988176869945,39.958721280359995,4.642279000108829,4.657593999581877
199.8908026499994,79.99648632000002,39.99857399964,1.9999834574282576,1.9501830061390515,39.997912320360015,0.8638849994895281,0.8796809997875243
199.990752574,79.98237288000001,39.99877560036,1.9996205303664383,1.9501104207266877,39.983597279640016,0.8488290004606824,0.8629220001239446
200.09399755100003,80.01152640000002,39.998988000359994,2.0003387685528424,1.9502540683639686,40.01253839964003,3.868211000735755,3.8857480003571254
200.19144973099992,80.03428848000001,39.999168,2.0008988306956788,1.9503660807925358,40.03512048000002,1.2022979999528616,2.297519000421744
200.29095581399997,80.06885928000001,39.999351600000004,2.0017539304312124,1.9505371007396426,40.06950768000001,0.9769970001798356,1.0489060005056672
200.3961422679995,79.95942072,39.999529200240005,1.999009046324481,1.9499881239182963,39.95989151975999,6.062135999854945,6.1982489996808
200.49171126799956,79.93404504,39.99965279976001,1.9983684718503256,1.9498600090234652,39.934392240239994,1.8054920001304708,1.860047999798553
200.59130937200007,79.96155912,39.999784799880004,1.99904973289356,1.949996261232112,39.96177432012,1.307262000409537,1.374374000079115
200.69153017000008,79.99351632000001,39.99989759976,1.9998430276101502,1.95015492017543,39.993618720240015,1.3340210007299902,1.3646510005855816
200.79177352499937,80.01623088,39.99999359988001,2.0004060920709756,1.9502675330675951,40.01623728011999,1.0772579998956644,1.1366109993105056
200.8912719789996,80.01019584000002,40.000066800119995,2.0002515555739024,1.9502366257681807,40.01012903988003,1.3148739999451209,1.3796149996778695
200.99125371799983,79.9350192,40.0001256,1.998369205120696,1.9498601556775392,39.9348936,1.2957429999005399,1.3108359999023378
201.09269129599943,80.00306784000001,40.000179599999996,2.000067715695957,1.9501998577925916,40.00288824000002,1.1324999995849794,1.1624270000538672
201.19069702099932,80.01718128,40.000219200000004,2.000418569706238,1.9502700285946477,40.01696208,1.1958339991906541,1.3021129998378456
201.2981118079997,79.93896336,40.000248,1.9984616935375001,1.9498786533609,39.93871536,8.115687999634247,8.244134999586095
201.39197246599997,79.99503696000001,40.0002624,1.9998628049000002,1.9501588756334,39.99477456000001,1.8172890004279907,1.9277540004623006
201.49135888,80.018298,40.000273199999995,2.000443786968935,1.950275072047187,40.018024800000006,1.526617000308761,1.5986369999154704
201.59093314999973,80.05705056000001,40.000273199999995,2.001412594351981,1.9504688335237963,40.05677736000001,1.2605390002136119,1.319224999861035
201.69183864499973,79.97427072,40.0002696,1.9993432924262091,1.9500549731386418,39.974001120000004,1.4434860004257644,2.585023000392539
201.79094938900016,80.01727632000001,40.0002624,2.0004187852527693,1.950270071703954,40.01701392000001,1.3564110004153918,1.4552460006598267
201.89121866999994,80.04338856,40.0002516,2.0010721272563194,1.950400740104664,40.04313696,1.4763760000278126,1.556543999868154
201.99142874599966,79.95583296,40.00023600012,1.998884030578223,1.9499631207690447,39.95559695988,1.1958340001001488,2.29842600037955
202.09135440999944,79.98227784000001,40.00021800012,1.9995460484680374,1.9500955243470075,39.98205983988001,1.243149999936577,1.261871999304276
202.19122935199994,80.06524776,40.00019760000001,2.0016213059907484,1.9505105758515497,40.06505016,1.381116000629845,1.4370420003615436
202.2915710039997,79.97942664000001,40.000176,1.9994768683017796,1.950081688313756,39.97925064000001,1.4842090004094644,1.5982850000000326
202.39217103099963,80.06838408,40.00015680012,2.001701755323114,1.950526665718023,40.06822727988,1.9760690001930925,2.0000510003228555
202.4915493159997,80.030772,40.000136399999995,2.0007624773999524,1.9503388101333905,40.030635600000004,1.8002509996222216,9.984903000258782
202.5912946999997,80.01271440000001,40.0001184,2.000311939076661,1.9502487024687323,40.01259600000001,1.4279489996624761,9.633212999688112
