elapsed_time_s,target_speed_kmh,reference_speed_kmh,raw_factor,applied_factor,speed_difference_kmh,processing_time_ms,can_to_control_latency_ms
4.759758324999893,20.016908640000004,127.1531826216,0.1574235754646353,0.2,-107.1362739816,2.2588890005863504,6.555533000209834
4.858345040999666,20.047677840000006,126.0144576,0.1590902998101704,0.20000000000000004,-105.96677976,0.5714540002372814,5.657851000250957
4.958239889999277,20.019949920000002,125.44445699784,0.15959214459627116,0.20000000000000004,-105.42450707784,0.7441970001309528,4.8297639996235375
5.05808223799977,20.056587840000002,124.87418820936,0.1606143601620359,0.20000000000000004,-104.81760036936,0.5904540003029979,4.679020000367018
5.159572279999338,19.96729776,123.73291738512,0.16137417739736612,0.20000000000000004,-103.76561962512,2.1849799995834474,6.274898999436118
5.258350165999218,20.027386800000006,123.16219981416002,0.1626098496959247,0.20000000000000004,-103.13481301416002,0.6162319996292354,4.72239200007607
5.358514296999601,20.001345840000003,122.591538,0.1631543756307226,0.20000000000000004,-102.59019216,0.5813240004499676,5.69798099968466
5.458018176999758,20.0229912,122.02107659244,0.16409452988911388,0.20000000000000004,-101.99808539244,0.6913449997227872,4.795152000042435
5.558071731999917,19.9676304,121.45086060228,0.16440913058153453,0.20000000000000004,-101.48323020228,0.8909590005714563,4.982469999958994
5.657721947000027,20.038886640000005,120.88081799999999,0.16577391658617008,0.20000000000000004,-100.84193135999999,0.5965650007055956,4.684039000494522
5.758242991999396,20.060959680000003,119.7414689886,0.16753560691584557,0.20000000000000004,-99.6805093086,0.6313809999483055,4.725613999653433
5.858249805999549,20.01709872,119.1721104,0.16796798053515044,0.20000000000000004,-99.15501168,0.6314000002021203,4.724780999822542
5.95899411299979,20.00973312,118.60297621884,0.1687118971034849,0.20000000000000004,-98.59324309883999,2.098701000250003,2.1396090005509905
6.058162134999293,19.966703760000005,118.03404657672002,0.1691605459533407,0.20000000000000004,-98.06734281672001,1.0095159996126313,5.111138999382092
6.159566545999951,20.013606000000003,116.89667342964,0.1712076606871638,0.20000000000000004,-96.88306742964,2.10125700050412,6.231602000298153
6.258389172999159,19.985189040000005,116.32827416652,0.1717999272592309,0.20000000000000004,-96.34308512652,1.0033309999926132,5.113026999424619
6.358200261999627,20.035869120000005,115.7599908,0.1730811222559289,0.20000000000000004,-95.72412168,1.2003159999949276,5.3039750000607455
6.458204834999378,19.951283520000004,115.19188143912001,0.17320043106114597,0.20000000000000004,-95.24059791912,1.0786659995574155,5.178714000066975
6.558636617999582,19.990083600000002,114.62396095692,0.17439707573456678,0.20000000000000004,-94.63387735692,1.1179809998793644,5.260011000245868
6.658374149999872,20.01341592,113.48854624908,0.17634745162807333,0.20000000000000004,-93.47513032908,1.251039000635501,5.357365000236314
6.757865954999943,20.010327120000003,112.92112494684,0.17720623248679365,0.20000000000000004,-92.91079782684,0.6457140007114504,4.740392000712745
6.858247997000035,20.034966240000003,112.3538328,0.1783202739123645,0.20000000000000004,-92.31886656,1.089147000129742,5.202288000873523
6.958444684999449,20.037057120000004,111.78672425928,0.17924361996265065,0.20000000000000004,-91.74966713928,1.015386999824841,5.123509999975795
7.058626946000004,19.988681760000006,111.21980693688,0.17972232024592596,0.20000000000000004,-91.23112517688,0.9115150005527539,3.0117350006548804
7.159118730000046,20.049222240000002,110.08638186876,0.18212263769284176,0.20000000000000004,-90.03715962876,1.6852860007929849,5.78605700047774
7.261586009999519,20.016433440000004,109.51999852356,0.18276509961506307,0.20000000000000004,-89.50356508356,0.6856039999547647,8.035556999857363
7.3581569709995165,19.959552000000002,108.95409000000001,0.18319231522194349,0.20000000000000004,-88.994538,0.6453989999499754,5.590441999629547
7.461289909999323,19.981720080000006,108.3896203248,0.18435086330335732,0.20000000000000004,-88.4079002448,4.133937999540649,8.22024499939289
7.558161357999779,20.017074960000006,107.82759520152001,0.18563963076974782,0.20000000000000004,-87.81052024152001,0.6118620003690012,4.696836000221083
7.6589729069992245,19.968723360000002,106.7157381744,0.18712069748668328,0.20000000000000004,-86.7470148144,1.1430369995650835,6.230174999473093
7.758720456999981,20.009210400000008,106.16814247644001,0.18846717982694566,0.20000000000000004,-86.15893207644001,1.1452220005594427,5.266678000225511
7.858642454999426,19.945747440000005,105.6267,0.18883243952523374,0.20000000000000004,-85.68095256,1.170611999441462,5.2781790000153705
7.95843126499949,20.033208000000002,105.09255256644,0.19062443066396084,0.20000000000000004,-85.05934456644,1.0644989997672383,5.167268999684893
8.05895721699926,20.02021128,104.56496367119999,0.19146194458549892,0.20000000000000004,-84.54475239119999,0.8472179997625062,6.281305999436881
8.157668509999894,20.005171200000003,104.04380160000001,0.19227643446661605,0.20000000000000004,-84.0386304,0.5870280001545325,4.78985600057058
8.258235794999564,19.972026000000003,103.02222167028,0.19386134055543827,0.20000000000000004,-83.05019567028,0.542656999641622,4.627852999874449
8.358835007999915,20.001132000000002,102.5212176,0.19509261076118942,0.20000000000000004,-82.5200856,1.0561290000623558,6.185953000567679
8.461487530999875,19.97323776,102.02755057092,0.19576318012374977,0.20000000000000004,-82.05431281092,4.105363000235229,8.269042000392801
8.5582197549993,19.985165280000004,101.53988167572,0.196820844678794,0.20000000000000004,-81.55471639571999,0.9220900001309928,5.012044999602949
8.661205653999787,19.9847376,100.5844645674,0.19868612599322982,0.20000000000000004,-80.5997269674,3.5828919999403297,7.728719000624551
8.75849744199968,19.967654160000002,100.11682407456,0.1994435435260061,0.20000000000000004,-80.14916991455999,1.2303720004638308,5.382254000323883
8.857775095999386,20.063074320000005,99.6554196,0.20132446785663832,0.2002648935713277,-79.59234527999999,0.6811599996581208,4.765892999785137
8.957813335999163,19.995928560000003,99.20090335536,0.20157002490562087,0.2003140049811242,-79.20497479535999,0.8374399994863779,4.922783999973035
9.058481956999458,20.03551272,98.7524092962,0.20288631804318893,0.2005772636086378,-78.7168965762,1.0409989999971003,5.156287999852793
9.157906778999859,19.966299840000005,98.30977200000001,0.20309578014279195,0.20061915602855843,-78.34347216,0.7421600002999185,4.839227000047686
9.257974464999279,20.006074080000005,97.4428009488,0.20531095047762354,0.20106219009552473,-77.4367268688,0.6176589995448012,4.716965999250533
9.358254522999232,20.047749120000002,97.0172352,0.20664110947577283,0.2013282218951546,-76.96948608,0.5799159998787218,4.672501999266387
9.458417783999721,19.971669600000002,96.5968788276,0.20675274234941043,0.20135054846988212,-76.6252092276,1.196000999698299,5.312883000442525
9.558094240999708,19.99754424,96.18123585348,0.20791523484335073,0.2015830469686702,-76.18369161348001,1.010850000056962,5.114380000122765
9.660827228000016,19.963710000000006,95.3645667192,0.2093409605559573,0.2018681921111915,-75.4008567192,3.0482340007438324,7.167837999986659
9.758071385999756,20.016433440000004,94.96329557112,0.21078073712184175,0.20215614742436838,-74.94686213112,0.5823609999424662,4.689686999881815
9.858243646999654,19.97212104,94.5663588,0.21119689172171024,0.20223937834434208,-74.59423776,0.6178800003908691,4.736929000500822
9.95922847699967,20.007262080000004,94.174192188,0.2124495216275335,0.20248990432550673,-74.166930108,1.4193570004863432,6.5229769998040865
10.05831227499948,19.972738800000002,93.78619850916,0.21296031950851793,0.20259206390170362,-73.81345970916,0.567952999517729,5.652961999658146
10.15911412099922,19.995786,93.02273843976,0.2149558950358029,0.20299117900716063,-73.02695243976001,1.9100689996776055,6.009190999975544
10.25830266199955,20.027838240000005,92.64714746436,0.21617328528872862,0.20323465705774577,-72.61930922436,0.5949730002612341,4.698466000263579
10.358379013999183,19.993623840000005,92.2753512,0.21667350576282612,0.20333470115256524,-72.28172735999999,0.6223069995030528,5.721204999645124
10.457685112000036,20.04344856,91.90774187532001,0.21808226544386755,0.20361645308877355,-71.86429331532001,0.65943600020546,4.747466000480927
10.557812316999843,19.929091680000006,91.54380003408001,0.21770007004931832,0.2035400140098637,-71.61470835408,0.557306000700919,4.645983000045817
10.658571957999811,20.014603920000003,90.82626727716,0.2203614055714151,0.20407228111428305,-70.81166335716,0.8560510004826938,5.947986000137462
10.758140375000039,19.998732240000006,90.49275072252001,0.22099816924918742,0.20419963384983753,-70.49401848252,0.6298800008153194,4.739725000035833
10.858561195999755,20.016124560000005,90.229986,0.22183450809800642,0.2043669016196013,-70.21386143999999,1.086518000192882,5.174343999897246
10.957587678999516,20.020829040000006,89.97537570984001,0.22251453669462656,0.20450290733892534,-69.95454666984,0.5786209994766978,4.664631999730773
11.058011980999254,20.02294368,89.72053831224,0.22317012421746024,0.20463402484349208,-69.69759463224,0.5520089998753974,4.637186999389087
11.158673267999802,20.009756880000005,89.20390877064,0.22431479915805985,0.204862959831612,-69.19415189064,1.2472050002543256,5.332050000106392
11.257965495999997,19.979391600000003,88.93996612884001,0.22463907363150445,0.20492781472630092,-68.96057452884001,0.6599550006285426,4.754170000524027
11.363744255999336,20.022896160000002,88.67209319999999,0.22580831733427495,0.20516166346685502,-68.64919703999999,5.876836999959778,10.967049000100815
11.458204182999907,19.899724320000004,88.40035494252,0.22510909976480611,0.20502181995296126,-68.50063062251999,0.812680000308319,4.901950000203215
11.558443129999432,20.04831936,88.12578072492,0.22749664394554162,0.20549932878910837,-68.07746136492,0.6385289998434018,5.722555999454926
11.663536155999282,19.959718320000004,87.56936560116,0.22793037477178668,0.20558607495435738,-67.60964728116,2.641561000018555,10.463595999681274
11.7584122749995,20.01517416,87.28852283424,0.2292990362319295,0.20585980724638592,-67.27334867424,0.6579920000149286,5.748907999986841
11.857677521999904,19.996950240000004,87.0063516,0.2298332233482596,0.20596664466965195,-67.00940136,0.585084000704228,4.67007699990063
11.95822756599955,19.98457128,86.72295272472,0.23044154577434592,0.20608830915486923,-66.73838144472,0.7231780000438448,4.804410999895481
12.058125859999564,19.98174384,86.43866369616,0.2311667370314481,0.20623334740628965,-66.45691985616,0.5718800002796343,4.660558000068704
12.158652681999229,19.980484560000008,85.86785308104,0.232688763525308,0.20653775270506164,-65.88736852103999,1.0303129993189941,5.1144720000593225
12.257682442999794,20.005907760000003,85.58162373024,0.2337640592454777,0.20675281184909558,-65.57571597024,0.6457330000557704,4.732948000309989
12.35856991899982,19.956368160000004,85.29498720000001,0.23396882765462215,0.20679376553092446,-65.33861904,0.6411399999706191,5.724556000131997
12.45923344699986,20.013178320000005,85.00807466063999,0.23542679210056744,0.20708535842011352,-64.99489634063998,1.5107280005395296,6.596791999982088
12.558889069999168,19.984903920000008,84.72106294092,0.23589061829803085,0.2071781236596062,-64.73615902092,1.1317219996271888,6.217119999746501
12.65779864399974,20.040359760000005,84.4340256,0.23734933420016877,0.2074698668400338,-64.39366584,0.6153809999887017,4.700131999925361
12.75852156199926,19.918162080000002,83.86035093324,0.23751584459569647,0.20750316891913934,-63.94218885324,0.6171400000312133,5.707777999305108
12.858462521999172,20.000371680000008,83.57374440000001,0.2393140551926737,0.20786281103853477,-63.57337272,0.5348229997252929,5.616349999399972
12.958262943999216,20.03698584,83.28733227324,0.24057663144095962,0.20811532628819196,-63.25034643324,0.7649569997738581,4.848522999964189
13.057732081999347,19.973142720000002,83.001146121,0.24063695085466566,0.20812739017093318,-63.02800340100001,0.6186949995026225,0.630602999990515
13.157994029999827,19.995120720000003,82.71519119999999,0.24173456447260203,0.20834691289452045,-62.72007047999999,0.9958310001820792,5.081176000203413
13.257816026,19.950499440000005,82.1443748994,0.2428711578173532,0.20857423156347066,-62.193875459400005,0.5540090005524689,4.64453900076478
13.358139307999409,20.047226400000007,81.8595684,0.2448977778876245,0.20897955557752493,-61.812341999999994,0.5978059998597018,4.686688000219874
13.458833965999474,20.0621952,81.5753019186,0.24593467297269808,0.20918693459453966,-61.5131067186,1.8127149996871594,5.925947999458003
13.557603073999417,19.978916400000003,81.2915864676,0.24576856312138654,0.20915371262427734,-61.312670067599996,0.5458050000015646,4.627352999705181
13.66010376199938,19.961880480000005,80.72594195508,0.2472796228393074,0.20945592456786152,-60.76406147508,2.232222000202455,7.319896999433695
13.758414140999776,20.00232,80.44411162860001,0.2486486530219652,0.20972973060439307,-60.441791628600015,0.6794560003982042,4.78079999993497
13.857822092999413,20.01267936,80.16292080000001,0.24965007712144138,0.2099300154242883,-60.15024144000001,0.6024360000083107,4.69900299958681
13.957762164999622,19.981530000000003,79.88247759636,0.2501365831561351,0.21002731663122703,-59.90094759636,0.5646580002576229,4.648965000342287
14.057919017999666,20.005884000000002,79.60272798672001,0.2513215879151472,0.21026431758302946,-59.59684398672001,0.61649200051761,4.716020999694592
14.15990643799978,19.9515924,79.04533843908,0.2524069451024823,0.21048138902049648,-59.09374603908,2.350112000385707,6.447587000366184
14.258339225999407,20.057918400000005,78.76773554364,0.2546463759756968,0.21092927519513938,-58.709817143639995,0.6021760000294307,4.697038999438519
14.358466022999892,20.004838560000007,78.49080000000001,0.2548685777186626,0.21097371554373257,-58.48596144,0.6020099999659578,5.692499999895517
14.45845407699926,20.021636880000003,78.21462648168,0.2559832831866763,0.21119665663733528,-58.19298960168,0.8826619996398222,4.943486999763991
14.558097032999285,19.973118960000008,77.93913190176,0.25626560718145464,0.21125312143629096,-57.96601294176,0.5512859997907071,4.639093999685429
14.660203769999498,20.017692720000003,77.39014492224,0.25865945515560623,0.21173189103112128,-57.37245220224,2.450910000334261,7.5350669994804775
14.75767639499918,20.018358000000003,77.11665906204,0.2595853897650743,0.2119170779530149,-57.098301062039994,0.6683259998681024,4.7711709994473495
14.857913026999995,19.980199440000007,76.84376400000001,0.2600106814132635,0.21200213628265274,-56.86356456,0.6059730003471486,4.694539999945846
14.958172881999417,19.992578400000003,76.57151215932001,0.2610968209482667,0.21221936418965337,-56.57893375932001,0.6126769994807546,4.698873000052117
15.05771766899943,19.965254400000003,76.29985502604,0.2616683136971382,0.21233366273942766,-56.33460062604,0.5852869999216637,4.672150000260444
15.158414623999306,20.039338080000004,75.75834779604001,0.26451656699207327,0.21290331339841467,-55.719009716040006,0.9138669993262738,5.001432999961253
15.258447900999272,20.003579280000004,75.48852418956,0.2649883474972807,0.21299766949945617,-55.48494490955999,0.5828429993925965,5.673591999766359
15.358010688999457,19.98718488,75.2192532,0.2657190018472558,0.2131438003694512,-55.232068319999996,0.6381949997376068,4.772559000230103
15.457981224999457,19.971503280000004,74.95062063156,0.2664621468336509,0.2132924293667302,-54.97911735155999,0.6715110002915026,4.758819000016956
15.558439471999918,20.023395120000004,74.68255015488,0.268113435849132,0.21362268716982644,-54.65915503488,0.6474740002886392,5.732704999900307
15.657629104999614,20.01522168,74.415006,0.2689675477550858,0.2137935095510172,-54.39978432000001,0.6645849998676567,4.765818000123545
15.758637676000035,20.015744400000003,73.88164732212,0.27091632530515236,0.2141832650610305,-53.86590292212,0.7884570004534908,5.534757000532409
15.857885032999548,19.99274472,73.6157304,0.2715825084036659,0.2143165016807332,-53.62298568,0.6463809995693737,4.7320769999714685
15.958455467000022,19.973855520000008,73.35037389672,0.2723074806424835,0.21446149612849674,-53.37651837671999,0.8361990003322717,4.924802000459749
16.058303537999564,20.029192560000006,73.08552889116,0.2740514143343994,0.21481028286687992,-53.05633633115999,0.6575300003532902,5.745315999774903
16.162763441999232,20.002723920000005,72.5572975266,0.27568176602314703,0.21513635320462943,-52.55457360659999,4.634722999981022,9.721527999317914
16.257857379999223,20.004078240000002,72.29392966188,0.2767048123343057,0.21534096246686119,-52.28985142188,0.638769999568467,4.7297809996962314
16.357594318999872,19.94201712,72.0309996,0.2768532608285503,0.21537065216571008,-52.08898248,0.6188440002006246,4.738354999972216
16.4575998549999,20.012893200000008,71.76857475492001,0.27885315081623585,0.2157706301632472,-51.75568155492,0.5987880003885948,4.686076999860234
16.55959440499919,20.059724160000002,71.50660123428,0.28052968276701484,0.216105936553403,-51.446877074279996,1.8560859998615342,6.95079899924167
16.658968448999985,19.992031920000006,70.98396198156,0.28164153369170175,0.2163283067383404,-50.99193006156,1.036795000800339,6.24265800070134
16.75853853299941,20.027196720000003,70.72330840811999,0.28317675135373915,0.21663535027074787,-50.696111688119984,0.6033800000295741,5.701666999812005
16.857790185999875,19.941589440000005,70.4630484,0.2830077592839427,0.21660155185678856,-50.521458960000004,0.5806570006825496,4.672113000196987
16.957936279999558,20.071960560000004,70.20323360676001,0.2859121941936765,0.21718243883873534,-50.13127304676,0.6895670003359555,4.778837000230851
17.05847197299954,19.980532080000007,69.94382558364,0.28566541668652295,0.21713308333730463,-49.96329350364,0.5807689994981047,5.668980999871565
17.159823215999495,20.008164960000002,69.42616643052,0.28819342891449556,0.21763868578289913,-49.41800147052,1.9987360001323395,7.0831709999765735
17.257644178999726,19.965777120000002,69.16793076036001,0.2886565623767705,0.21773131247535413,-49.20215364036001,0.5642309997710981,4.652501000236953
17.358439375999296,20.01947472,68.9100444,0.290516061835537,0.21810321236710745,-48.89056968,0.6033609997757594,5.690426000001025
17.45879317699928,19.980840960000002,68.65255165284,0.2910429471148934,0.21820858942297872,-48.67171069284,1.403725999807648,5.492070999935095
17.55781567899976,19.981031040000005,68.39542353851999,0.2921398831421342,0.21842797662842686,-48.41439249851999,0.5943249998381361,4.680206000557519
17.659641613999156,20.031402240000006,67.88219487408,0.29509066813702506,0.21901813362740505,-47.850792634079994,2.233239999441139,6.316787999821827
17.757818083999155,19.957080960000006,67.62610951776,0.2951091095186966,0.21902182190373937,-47.669028557759994,0.6772149999960675,4.768003999743087
17.858234125999843,20.010731040000007,67.3703316,0.2970258653142804,0.21940517306285612,-47.35960055999999,0.693326000146044,4.779096000675054
17.958827782999833,19.97896392,67.11490889388001,0.29768294778720644,0.21953658955744132,-47.135944973880015,0.8958670005085878,5.982635000691516
18.05853055499938,19.98316944,66.85980869843999,0.2988816424846615,0.21977632849693232,-46.876639258439994,0.6806599994888529,5.773742999735987
18.158661258999928,19.977158160000002,66.35051611272,0.3010851961733301,0.22021703923466607,-46.37335795272,1.2714829999822541,5.3644570007236325
18.258414475999416,19.996926480000003,66.09634228008,0.30254210430077977,0.23668205224788882,-46.099415800079996,0.6550839998453739,5.757389999416773
18.35790778199953,20.002486320000003,65.84244120000001,0.30379320625797207,0.23693227263932728,-45.83995488000001,0.6373630003508879,4.738374000226031
18.458637495999938,19.9986372,65.58885333036001,0.3049090841590145,0.23715544821953577,-45.590216130360005,1.1358520005160244,5.278364000332658
18.559742623999227,19.953612000000003,65.0825172,0.30658943228458907,0.2374915178446507,-45.12890519999999,0.6437699994421564,6.687997999506479
18.658539510999617,19.98706608,64.82977294716,0.308300726215571,0.23783377663084707,-44.84270686715999,0.5878620004295954,5.682629999682831
18.761618540999734,20.046418560000003,64.57730664636,0.3104251261171164,0.23825865661115617,-44.530888086359994,0.7043260002319585,8.149465999849781
18.85828894899987,19.99664136,64.07313216300001,0.31209089808703566,0.23859181100514001,-44.07649080300001,0.5783430005976697,4.685188000621565
18.95861498999966,20.020401360000005,63.821447030879995,0.31369394288902813,0.2389124199655385,-43.80104567087999,0.6971599996177247,5.785371999991185
19.058103776999815,19.959670800000005,63.569988,0.3139794646492619,0.23896952431758525,-43.6103172,0.9209600002577645,5.0285819997952785
19.158483799999885,20.030047920000005,63.067842216360006,0.31759526275348204,0.2396926839384293,-43.037794296360005,0.7060670004648273,4.820041000130004
19.258293832999698,20.011728960000003,62.817102,0.318571349566556,0.23988790130104407,-42.80537303999999,0.6329180005195667,5.71992700042756
19.35866778199943,19.98309816,62.5666041918,0.31938920799890547,0.24005147298751395,-42.5835060318,1.0600360001262743,5.174750999685784
19.458524333999776,20.002510080000004,62.0662572,0.3222767246226022,0.24062897631225333,-42.06374712,1.3557629999922938,4.490017000534863
19.557904452999537,19.949430240000005,61.816400204400004,0.32272067241113844,0.25704731553203036,-41.8669699644,0.7972359999257606,4.896505999568035
19.65872285399928,20.017360080000007,61.56674539092,0.32513266622913306,0.2575297142956293,-41.54938531091999,1.2734839992845082,5.398217999754706
19.757759095999972,19.971574560000004,61.06795901532,0.327038513846349,0.2579108838190725,-41.09638445531999,0.5492500004038448,4.648409000765241
19.858961095999803,20.056160160000005,60.81883578072,0.329768893181575,0.2584569596861177,-40.762675620719996,1.1666669997794088,5.338550000487885
19.957722703999934,19.895495040000007,60.321011824440006,0.32982694484476527,0.25846857001875573,-40.42551678444,0.5728240003008978,4.670780000196828
20.058321434999925,20.01001824,60.07231577268,0.33309883234267224,0.25912294751833714,-40.06229753268,0.5796020004709135,5.661759000759048
20.1579113709995,20.010160800000005,59.575234631040004,0.3358805202182833,0.25967928509345933,-39.565073831039996,0.5831389999002567,4.685187000177393
20.25775801599957,19.985402880000006,59.32685536668,0.336869411946356,0.2598770634390739,-39.34145248668,0.5656200000885292,4.653353999856336
20.358138224999493,19.99635624,59.07854160000001,0.3384707153976191,0.2601973241293265,-39.08218536000001,0.5446759996630135,4.628890999811119
20.45781856999929,19.98027072,58.582136562840006,0.34106422012395404,0.2607160250745935,-38.601865842840006,0.7602339992445195,4.844893999688793
20.55813075899914,20.05829856,58.3340112,0.3438525509797276,0.27734333025562036,-38.275712639999995,0.774456999351969,4.886708999947587
20.657895512999858,19.97216856,57.83792895972001,0.3453126506986305,0.2776353501994009,-37.86576039972001,0.6420099998649675,4.727632000140147
20.759245960000044,20.031307200000008,57.342037042080015,0.34933023368702765,0.27843886679708035,-37.31072984208001,1.782547000402701,5.896614000448608
20.857709377999527,19.93902336,57.094190556479994,0.3492303361455921,0.27841888728879327,-37.155167196479994,0.6207870001162519,4.703149999841116
20.958301404999474,20.033160480000003,56.598664646159996,0.35395111537069057,0.27936304313381294,-36.56550416616,0.6163059997561504,4.7169099998427555
21.05802491799932,20.054188080000007,56.35103055192,0.35587970412577874,0.2797487608848306,-36.29684247191999,0.5709540000680136,4.655038999771932
21.15774030099965,19.98316944,55.85601705192,0.3577621623365123,0.2801252525269773,-35.872847611919994,0.6168620002426906,4.716391000329168
21.258681814999363,20.020258800000008,55.608700944960006,0.3600202568985656,0.2805768714393879,-35.58844214496,0.9150139994744677,5.025432999900659
21.35789843099974,19.971883440000003,55.11448426104,0.3623708668923892,0.28104699343815265,-35.14260082103999,0.7280859999809763,4.8107080001500435
21.458328362999964,20.050790400000004,54.621129599999996,0.3670885341778066,0.29825530158608343,-34.57033919999999,0.6819370000812341,3.798024999923655
21.557660813999973,19.974900960000003,54.37496027988001,0.3673547687609287,0.2983085485027079,-34.40005931988,0.5468050003401004,4.630761000044004
21.657815240999298,20.032875360000006,53.8841592,0.3717767087288987,0.29919293649630185,-33.851283839999994,0.5867319996468723,4.6719829997527995
21.75792325999919,19.95665328,53.39627886095999,0.3737461430967066,0.2995868233698634,-33.439625580959984,0.6077499992898083,4.719372999716143
21.85845276799955,20.015340480000003,53.15355,0.37655698405844956,0.30014899156221203,-33.138209520000004,1.3485959998433827,5.433366999568534
21.957594974999665,20.01619584,52.671082802399994,0.3800224862490951,0.3008420920003412,-32.65488696239999,0.6186959999467945,4.706706999968446
22.058563544999743,20.01374856,52.19287323912,0.38345749750751684,0.3015290942520255,-32.179124679119994,0.8195689997592126,4.927969000164012
22.15859002599973,20.027386800000006,51.95559953016001,0.385471190422395,0.31831751348609943,-31.928212730160002,0.9766089997356175,5.084028000055696
22.258417595999163,19.99930248,51.48505812023999,0.3884486724923751,0.3189130099000954,-31.48575564023999,0.5841949996465701,5.671944999448897
22.358186460999605,19.952115120000002,51.0203592,0.3910618316462186,0.31943564173086414,-31.06824408,0.5934540004091104,4.682021000007808
22.458514946999458,19.9736892,50.56239573828,0.39503051444372583,0.3202293782903656,-30.588706538280004,0.5815100003019325,5.673259000104736
22.558171809999294,20.002011120000006,50.11288355160001,0.39913909762156125,0.32105109492593265,-30.1108724316,0.667454999529582,4.768780999256705
22.659536386999207,19.952471520000003,49.674693600000005,0.40166269933469706,0.3215558152685598,-29.72222208,2.384168999924441,6.492864999927406
22.758533165999324,20.019902400000003,49.460894950320004,0.40476223529939337,0.3381970992747266,-29.44099255032,0.627065999651677,5.714444999284751
22.85841079199963,19.994502960000002,49.0451436,0.4076754902191784,0.33877975025868357,-29.05064064,0.6805849998272606,5.780186999800208
22.957662518999314,19.966870080000003,48.64577069988,0.4104543887933357,0.339335529973515,-28.67890061988,0.6239909998839721,4.716483999800403
23.057817186999273,20.02078152,48.26415827052,0.41481675507078714,0.3402080032290053,-28.24337675052,0.5855089993929141,4.677519999859214
23.158293823999884,19.971051840000005,47.904051599999995,0.4168969256871794,0.34062403735228375,-27.93299975999999,0.7735680001133005,4.876969000179088
23.258064707999438,20.074075200000006,47.56612169268001,0.42202463614117236,0.3416495794430824,-27.49204649268,0.7551050002803095,4.846541999540932
23.358597862999886,19.949263920000007,47.243744846640006,0.4222625446978894,0.3577721724940438,-27.29448092664,0.669159000608488,5.764112000179011
23.465510085999995,19.979748000000008,46.9368576,0.4256728937899755,0.35845424231246104,-26.957109599999995,7.642699000825814,12.047196000821714
23.55749943599949,19.961215200000005,46.64561323176,0.42793338573602113,0.35890634070167016,-26.684398031759997,0.5220089997237665,4.6093350001683575
23.65819538999949,20.009590560000003,46.36896329808,0.43152982376098414,0.3596256283066627,-26.359372738079994,0.5921020001551369,4.682427999796346
23.760501389999263,20.007167040000006,46.106276400000006,0.4339358673518906,0.36010683702484403,-26.09910936,3.395185000044876,7.486010999855353
23.857666471999437,20.013320880000002,45.85713242256,0.43642765743795603,0.3606051950420571,-25.843811542559997,0.6263440000111586,4.715224999927159
23.95835320399965,19.965919680000006,45.620395287120004,0.43765336872556604,0.3608503372995791,-25.65447560712,0.6464179996328312,4.744206999930611
24.05784582399974,19.969721280000005,45.39537000000001,0.4399065649206076,0.36130097653858745,-25.42564872,0.559213000087766,4.645427000468771
24.158465999999862,20.080205280000005,45.18155368188,0.44443370454640085,0.3622064044637461,-25.101348401879992,0.7416970001941081,5.827632000546146
24.261703680999744,19.981149840000004,44.87924234376,0.4452203022268307,0.378809184016363,-24.898092503759994,1.1709450000125798,8.511601999998675
24.35850144199958,20.025509760000006,44.68884653556,0.44810979276596946,0.37938708212419076,-24.663336775559998,0.5831019998367992,4.708853999545681
24.458275233999302,19.958958,44.5069872,0.44844549711511367,0.3794542229940196,-24.5480292,0.5884729998797411,4.68729899967002
24.558657812999627,20.028622320000004,44.33338849428,0.45177287367926194,0.3801196983068493,-24.304766174279997,1.1135000004287576,5.216565999944578
24.65851097599989,19.986258240000005,44.136726030000005,0.4528260258002649,0.3803303287310499,-24.15046779,0.578916999984358,5.668611000146484
24.7580266519999,19.972976400000004,43.8472512,0.45551262287566163,0.3808676481461292,-23.8742748,0.58417600030225,4.671964999943157
24.859175780999976,19.984832640000004,43.4890224,0.4595374082264954,0.381672605216296,-23.50418976,1.686916000835481,5.876892000742373
24.95807709499968,19.9319904,43.38262898712,0.4594463467374849,0.38165439291849385,-23.45063858712,1.0552020003160578,5.191473000195401
25.05864362199918,20.007547200000005,43.28707946904,0.4622059849131171,0.3822063205536203,-23.279532269039997,1.0737769998740987,5.183010999644466
25.158457617999375,20.028954960000004,43.1952732,0.4636839514190178,0.3825019138548004,-23.16631824,0.7552349998150021,5.839780999849609
25.257732011999906,19.999540080000003,43.10433691128,0.4639797642906394,0.39879748394196823,-23.104796831279998,0.5865840003025369,4.67572400066274
25.360344423999777,19.969673760000003,42.96641252832,0.46477405454406046,0.39895634199265245,-22.996738768319997,1.0188690002905787,6.962391999877582
25.458868620999965,19.964826720000005,42.87318746436,0.46567162137400075,0.39913585535864055,-22.908360744359996,0.9799240006032051,6.102600000303937
25.558174163999865,19.99794816,42.779347200000004,0.46746735209648077,0.39949500150313655,-22.781399040000004,0.5651760002365336,4.651187000490609
25.658617817999584,19.988111520000004,42.6381012,0.46878521691768027,0.39975857446737645,-22.649989679999997,0.90377400010766,5.987116000142123
25.75813699399987,20.00768976,42.54392974068,0.4702830669840282,0.400058144480646,-22.536239980679998,0.9624600006645778,5.100157000015315
25.8586927059996,19.95011928,42.45005546352,0.4699668601645147,0.39999490311674335,-22.499936183520003,0.9478860001763678,6.050265999874682
25.958558146999167,20.042997120000003,42.31059147756,0.4737111068425994,0.40074375245236027,-22.26759435756,0.7534009992014035,5.837039999278204
26.057787576999544,19.984214880000007,42.21909,0.4733454671808418,0.40067062452000873,-22.234875119999995,0.6503619997602073,3.7883209997744416
26.158008060999236,20.036106720000003,42.12922288896,0.47558690490943,0.40111891206572636,-22.093116168959998,0.6090279994168668,4.692797999268805
26.257971892999194,19.989465840000005,42.04125272988,0.47547264988592697,0.4010960610610258,-22.051786889879995,0.6569739998667501,4.740724999464874
26.359284745999503,20.037864960000004,41.913595566359994,0.47807554301264643,0.4016166396863697,-21.87573060635999,1.6185439999389928,5.824075999953493
26.458268635999957,19.99901736,41.831661600000004,0.47808326504534543,0.40161818409290945,-21.832644240000004,1.0903700003837002,5.203862000598747
26.558189410999148,19.964042640000006,41.75251997616,0.47815180140981056,0.40163189136580246,-21.788477336159996,0.610657999459363,4.70668699927046
26.658466858999418,20.024440560000006,41.63912953272,0.48090439893237474,0.4021824108703153,-21.614688972719993,0.6508440001198323,5.735556000217912
26.758330077999744,19.935198000000003,41.56716049344,0.47959008417585114,0.40191954791901063,-21.631962493439996,0.8470689999739989,5.0068219998138375
26.85866495299979,20.035702800000003,41.4980532,0.4828106683327497,0.4025636647503903,-21.4623504,1.4116900001681643,5.543998000575812
26.961190510999586,19.987470000000002,41.3997516,0.48279202718694575,0.4186093372377014,-21.4122816,3.793877000134671,7.876980000219191
27.05820416499955,20.005123680000004,41.33770620588,0.48394372876825015,0.4188396775539623,-21.33258252588,1.1563150001165923,5.287345000397181
27.15822034899975,19.97585136,41.278314618,0.48393088586250665,0.41883710897281357,-21.302463258000003,1.091295000151149,5.202066000492778
27.26035797499935,19.992507120000003,41.194102256280004,0.4853245009594101,0.41911583199219427,-21.20159513628,2.4159280001185834,7.608846000039193
27.358397775999947,20.030570640000008,41.14107,0.48687529614567654,0.41942599102944755,-21.11049935999999,1.1414630007493543,5.243586000688083
27.458055064999826,19.974497040000003,41.0660496,0.48639928199960103,0.41933078820023245,-21.091552559999997,0.6421580001187976,4.728984000394121
27.558638758999223,20.029311360000005,41.01892605936,0.4882943871084009,0.4197098092219924,-20.989614699359993,1.0677579994080588,5.2017889993294375
27.65816160199938,19.963068480000004,40.973965959960005,0.4872134784196392,0.4194936274842401,-21.01089747996,0.6150469998829067,4.701335999925504
27.7584605309994,20.03613048,40.91043679056,0.4897559657594098,0.4200021249521942,-20.874306310559998,0.7765680002194131,4.042268999910448
27.859100262999164,20.018476800000002,40.8705408,0.4898021021537352,0.4200113522310593,-20.852064,1.1398889992051409,6.263749999561696
27.96177661999991,20.021423040000002,40.8142152,0.49055023946656706,0.42016097969362565,-20.792792159999998,4.304718000639696,8.41993399990315
28.05766108899934,19.932703200000006,40.778880344280005,0.48879966864504504,0.41981086552932123,-20.84617714428,0.5863059996045195,4.685464999965916
28.15948074699918,20.034277200000002,40.728879924480005,0.49189364493076676,0.4204296607864656,-20.694602724480003,2.081237999846053,6.187155999214156
28.258684972999617,20.02695912,40.696452875880006,0.4921057660990791,0.42047208502012806,-20.669493755880005,0.7972720004545408,4.92878400018526
28.357779827999366,19.994716800000003,40.6640664,0.4917048040232396,0.4203918926049602,-20.6693496,0.5716579998988891,4.657612999835692
28.466210444999888,19.984927680000002,40.6155312,0.49205136777824543,0.4204612053559613,-20.630603519999998,8.120260999930906,12.747374000355194
28.558233443999598,19.986757200000003,40.583191523400004,0.4924885512879333,0.4205486420578989,-20.5964343234,0.5489160002980498,5.631887999697938
28.658477112999208,20.049697440000003,40.5346923234,0.494630556956902,0.42097704319169266,-20.4849948834,0.640990999272617,5.728055999497883
28.761492753999846,19.962118080000007,40.50236367684,0.49286303977895285,0.42062353975610284,-20.54024559683999,0.5957880002824822,8.443100000476988
28.857741413999975,19.988562960000003,40.4700408,0.4939101262284866,0.4208329570460096,-20.481477839999997,0.578065000809147,3.665449000436638
28.9584752389992,19.948717440000003,40.4215668,0.49351667981360886,0.42075426776303404,-20.472849359999998,1.2980019992028247,4.483294999772625
29.058161954999377,20.020971600000003,40.38926672304,0.49570029922278996,0.4211909916448702,-20.36829512304,1.1455180001576082,5.240565999883984
29.158118934999948,20.014984080000005,40.3408383228,0.49614695460326746,0.4212803227209657,-20.3258542428,0.7654010005353484,4.854560000239871
29.25867951700002,19.927761120000003,40.30857087732,0.4943802443567293,0.4209269806716581,-20.380809757319998,1.0126460001629312,5.1297130003149505
29.35863742299989,19.9875888,40.26020487768,0.49646018595104047,0.4213429689905204,-20.272616077680002,0.7181050004874123,5.805669000437774
29.458192561999567,19.959029280000003,40.2279804,0.496147931900653,0.4212805181804429,-20.268951119999997,1.011164000374265,5.132694000167248
29.558206820999658,20.066305680000003,40.195773921960004,0.4992143133991819,0.42189379448014863,-20.12946824196,1.0942770004476188,5.221899999924062
29.659223298999677,19.99348128,40.14753032052,0.4980002784824111,0.42165098749679447,-20.154049040519997,1.4563200002157828,6.625181999879715
29.758262189999186,20.01885696,40.1156948844,0.49902804918841975,0.4218565416379962,-20.0968379244,1.063869999597955,5.197010999836493
29.857684252999206,19.954990080000005,40.06943609868,0.4980102547701533,0.42165298275434293,-20.114446018679995,0.6641219997618464,4.75116999950842
29.95882326999981,20.04468408,40.039948800000005,0.5006171256642565,0.4221743569331636,-19.995264720000005,1.0331459998269565,5.182824999792501
30.057849400999658,19.99896984,40.01172747516,0.4998277030756975,0.42201647241545176,-20.01275763516,0.5701569998564082,4.654000999835262
30.15818566500002,20.033611920000006,39.971845455120004,0.5011930695692685,0.42228954571416594,-19.93823353512,0.9359970008517848,4.110900000341644
30.258546354999453,19.978892640000005,39.946938957,0.50013575912552,0.42207808362541627,-19.968046316999995,1.166815000033239,5.299067999658291
30.357797063999897,19.962331920000004,39.91210297704001,0.5001573565663431,0.42208240311358086,-19.949771057040003,0.6022510006005177,4.685558000346646
30.45886446899931,20.036724480000004,39.8905308,0.5022927516422019,0.4225094821287526,-19.853806319999997,0.9981829998650937,6.121266999798536
30.558059139999386,20.021708160000003,39.860622,0.5022929185600767,0.4225095155123276,-19.838913839999996,0.6644369996138266,4.768670999510505
30.65893068999958,20.0277432,39.84205698072,0.5026784437784334,0.42258662055599894,-19.814313780720003,1.378912000291166,5.533663999813143
30.758044321999478,19.971075600000006,39.8244106278,0.5014782462608225,0.43836494569696366,-19.853335027799993,1.0614800003168057,5.1878429994758335
30.858030320999205,20.021446800000007,39.79966784148,0.5030556254827147,0.4386804215413421,-19.778221041479995,0.6009539993101498,4.742484999951557
30.958338879999246,20.014675200000003,39.7769554548,0.5031726277478276,0.4387038219943647,-19.7622802548,0.8156240000971593,4.908097999759775
31.05827595199935,20.009756880000005,39.7629,0.5032267988501845,0.4387146562148361,-19.753143119999997,0.8509399995091371,5.030952000197431
31.15823122799975,19.985925600000005,39.743434799999996,0.5028736368805247,0.4386440238209041,-19.75750919999999,0.7211410002128105,4.832986000110395
31.25889382999958,19.970552880000003,39.731511714839996,0.5026376298826017,0.43859682242131953,-19.760958834839993,0.979108000137785,5.205325000133598
31.357642067999222,20.044565280000008,39.715129302840005,0.5047085489047277,0.43901100622574474,-19.670564022839997,0.6323069992504315,4.7324099996330915
31.459913325999878,19.945913760000007,39.705194304,0.5023502367797406,0.43853934380074727,-19.759280543999996,0.9326079998572823,6.441604999963602
31.558048461,20.00621664,39.69160551396,0.5040415065337577,0.4388775977515507,-19.685388873959997,0.7845130003261147,4.880561000391026
31.658198017999894,20.041048800000006,39.6833328,0.505024336060806,0.4390741636569604,-19.642283999999997,0.5711210005756584,4.660706000322534
31.759709281999676,20.032685280000003,39.6720432,0.5049572359812313,0.4390607436410454,-19.639357919999995,1.767417999872123,6.954317000236188
31.858301609999216,19.984903920000008,39.66522006528,0.5038394817199896,0.43883719278879707,-19.680316145279996,0.6236959998204838,5.711166999390116
31.959645148999698,19.961476560000005,39.6559692576,0.5033662506225194,0.43874254656930306,-19.694492697599994,0.9480340004301979,6.864777999908256
32.058611667999685,19.996403760000007,39.65043474684,0.5043173899018509,0.43893277442516937,-19.65403098683999,1.015368000480521,5.129954000040016
32.15851559099974,19.969293600000004,39.6430247538,0.5037277988755345,0.43881485621990607,-19.673731153799995,0.8581430001868284,5.066544999863254
32.25848655199934,20.026483920000004,39.638646,0.5052262360323813,0.43911454365127545,-19.612162079999997,0.6326759994408349,3.729356999429001
32.35861184999976,19.985545440000003,39.632886000000006,0.5042667203190805,0.4389226405086153,-19.647340560000004,0.9171450001304038,5.049971000516962
32.46171137999954,19.989204480000005,39.6280296,0.5044208526582913,0.43895346697645743,-19.638825119999993,0.7963269999891054,9.11261100009142
32.55884070299999,19.955869200000002,39.62527202556001,0.5036146928436884,0.43879223501353687,-19.669402825560006,1.1141660006614984,5.254233999949065
32.65777929599972,20.033802000000005,39.6217956204,0.5056257972741962,0.4391944558996384,-19.587993620399995,0.6840670002929983,4.774338000061107
32.758660141999826,19.996522560000006,39.6199055826,0.5047089907448428,0.43901109459376775,-19.62338302259999,1.1252410004090052,5.279437999888614
32.858404025999334,19.96361496,39.617699987520005,0.5039064601501034,0.43885058847481984,-19.654085027520004,0.6828079995102598,5.766094000136945
32.95906488699984,19.974972240000003,39.6166212,0.5042068615382073,0.4389106687524406,-19.641648959999994,1.7340470003546216,5.879966000065906
33.05807170299977,19.949691600000005,39.6155556,0.5035822746355728,0.4387857513719137,-19.665863999999996,0.6604000000152155,4.763040999932855
33.15889354799947,20.037057120000004,39.61520760204,0.5057920514082624,0.43922770672645167,-19.578150482039998,1.372466000248096,5.508792999535217
33.260318144999474,19.986282000000003,39.61519079796,0.5045105576275353,0.4389714079703062,-19.628908797959994,2.381002000220178,7.569235000119079
33.36011334399973,20.025581040000006,39.61550880432,0.5054985192520424,0.43916900029520767,-19.589927764319995,2.198535999923479,5.345884000234946
33.4596899649996,19.959338160000005,39.61645800804,0.5038143025292503,0.43883215695064925,-19.657119848039994,2.539430000069842,5.751538000367873
33.55840588799947,20.053902960000006,39.617388,0.5061894277330955,0.43930718199141827,-19.563485039999993,1.0362949997215765,5.422791999990295
33.65842629399958,19.997282880000004,39.619216800000004,0.50473695582998,0.43901668761079515,-19.62193392,0.6149729997559916,4.75161400026991
33.75783248699918,20.017930320000005,39.6215388,0.5052284925390127,0.4391149949526017,-19.60360848,0.7244379994517658,4.8080039996420965
33.85797695099973,19.99561968,39.6233507808,0.5046423203988375,0.4389977605245667,-19.627731100800002,0.8423099998253747,3.9811200003896374
33.957956171999285,20.026697760000005,39.626432377920004,0.5053873527902794,0.43914676700285504,-19.59973461792,0.8362359994862345,4.92606199986767
34.06141026399928,20.041880400000004,39.62872202364,0.5057412749279242,0.439217551430384,-19.586841623639998,4.27445799959969,7.392582999273145
34.15808398599984,19.966299840000005,39.6324888264,0.5037861721845752,0.4388265308817142,-19.666188986399995,0.6625290006923024,4.746558000078949
34.25818039399928,19.99811448,39.635208,0.5045542962711336,0.4389801556990259,-19.637093519999997,0.5827129998579039,4.671704999964277
34.3582657829993,19.972406160000002,39.639585600000004,0.5038500241031784,0.43883930126543486,-19.66717944,1.271742999961134,5.362567999327439
34.458347653999226,20.053617840000005,39.6426935682,0.5058591138742985,0.43924111921965886,-19.589075728199997,1.177704999463458,5.27436399988801
34.559536504999414,19.997116560000002,39.64761716616,0.504371207888577,0.43894353802251457,-19.65050060616,1.4838199995210744,6.965372000195202
34.65845900499971,19.986068160000002,39.65106483504,0.5040487120118432,0.43887903884716783,-19.66499667504,0.609583999903407,5.706852000002982
34.758771804999924,19.994716800000003,39.65646843684,0.5041981192007845,0.4389089202849561,-19.66175163684,1.5515430004597874,5.739038000683649
34.858107811999616,19.993790160000007,39.6602172,0.5041270969136298,0.43889471582752515,-19.66642703999999,0.958755999818095,5.063546000201313
34.957898195999405,20.054853360000003,39.666042000000004,0.5055925005071088,0.4391877965462209,-19.61118864,0.668177000079595,3.8100060000942904
35.05809197599956,20.006715600000007,39.67005115944,0.504327950563763,0.43893488655755175,-19.663335559439993,0.5771759997514891,4.659502000322391
35.15870539199932,20.032328880000005,39.676235958,0.5048948922777249,0.43904827490034415,-19.643907077999994,0.9080519994313363,5.065396999270888
35.258213326999794,19.973475360000002,39.68261515692,0.5033306217601173,0.43873542079682265,-19.70913979692,0.7968270001583733,4.867968000326073
35.358415441000034,20.063644560000004,39.6869628438,0.505547492736255,0.43917879499205015,-19.6233182838,0.958238000748679,4.187606000414235
35.45834775299954,19.997686800000004,39.69361924488,0.5038010436042429,0.4388295051656478,-19.695932444879993,0.879291999808629,4.969765999703668
35.55807239599926,19.990392480000004,39.698136,0.5035599777279217,0.4387812919903835,-19.707743519999994,1.046794999638223,5.177028999241884
35.6612383899992,19.991865600000004,39.7050156,0.5035098286172189,0.43877126216824297,-19.71315,3.44290699922567,8.531915999810735
35.758114300999296,19.944488160000006,39.7096703532,0.5022577116002873,0.43852083876485665,-19.765182193199998,0.6350289995680214,4.7353729996757465
35.85780574,20.026769040000005,39.7167323526,0.5042400986618171,0.43891731617716256,-19.689963312599993,0.6591960000150721,2.750453000771813
35.96167506099937,20.004981120000004,39.721490447760004,0.503631180363428,0.43879553251748477,-19.71650932776,0.7799949999025557,8.627252000223962
36.05952602399975,20.012869440000003,39.72869044812,0.5037384624125468,0.4388169889273085,-19.715821008119995,1.553969000269717,6.732034999913594
36.15835052299917,19.9618092,39.7335276,0.5023920705193062,0.43854771054866043,-19.7717184,0.9913129997585202,5.100434999803838
36.259705302999464,20.004696000000003,39.7408212,0.5033790293191023,0.43874510230861963,-19.736125199999996,1.2977440001122886,7.028058999821951
36.35889593699994,20.025414720000008,39.74570995104,0.5038383952549328,0.4388369754957857,-19.72029523103999,1.1668710003505112,6.2772510000286275
36.458581374999994,19.959718320000004,39.75306595092,0.5020925516699191,0.43848780677878296,-19.79334763092,0.6394550000550225,4.783134000717837
36.56068716699974,20.015364240000004,39.7579800492,0.5034301092568395,0.4387553182961671,-19.742615809199997,3.590594999877794,7.7044400004524505
36.6583904249992,19.974948480000002,39.7653564492,0.5023203678688981,0.4385333700185788,-19.790407969199997,0.8810519993858179,5.050470999776735
36.75794436099932,20.036605680000005,39.772736449199996,0.5037773980070971,0.4388247760462186,-19.736130769199992,0.9459599996262114,5.030544999499398
36.86143982399972,19.946982960000003,39.7776456,0.5014621317858995,0.43836172280197905,-19.830662639999996,3.7312459999157,7.860091000111424
36.95880944700002,20.023751520000005,39.7850004,0.5032990151735679,0.4387290994795128,-19.761248879999997,1.0262949999741977,6.123767000644875
37.05816174999927,19.972334880000002,39.789895151159996,0.5019448984252413,0.43845827612984745,-19.817560271159994,0.584120999519655,4.675057999520504
37.158607588999985,20.020425120000006,39.79722115116,0.5030608806569012,0.4386814725761794,-19.776796031159996,1.0553130005064304,5.140139000104682
37.259019242999784,20.012418000000004,39.80209204872,0.5027981437634906,0.4386289251974973,-19.789674048719995,1.7754919999788399,5.879891999938991
37.360168204999354,19.98169632,39.809367648359995,0.5019345320051366,0.4384562028458265,-19.827671328359994,1.955939999788825,6.751887999598694
37.45809820699924,19.99148544,39.8141964,0.5021195263908429,0.43849320172296774,-19.82271096,0.5591019998973934,4.650964999200369
37.56161824499941,19.983692160000004,39.821392800000005,0.5018330790278135,0.4384359122503619,-19.83770064,2.6325620001443895,8.858571000018856
37.65821324299941,20.053641600000002,39.82615915248,0.5035293893950918,0.4387751743238175,-19.77251755248,1.0357760002079885,5.144453999491816
37.75838287499937,19.981363680000005,39.833249952959996,0.5016252428209211,0.4383943450089834,-19.85188627295999,1.2053350001224317,4.3810159995700815
37.85827355699985,20.026674,39.837939646680006,0.5027035579052335,0.4386100080258459,-19.811265646680006,1.1577780005609384,5.269790000056673
37.95893619599974,19.946246400000003,39.8449032462,0.500597184958713,0.43818873343654174,-19.898656846199994,1.1073699997723452,5.25766000009753
38.05850931799978,20.027624400000008,39.85177924548,0.5025528289874672,0.4385798622422926,-19.824154845479995,1.221704999807116,5.340976000297815
38.1584994269997,20.046751200000003,39.856312800000005,0.502975558742604,0.43866440819332,-19.809561600000002,1.0326459996576887,5.168325000340701
38.25843672099927,20.00412576,39.8630268,0.5018215465765886,0.4384336057601169,-19.85890104,0.7154189997891081,5.807371999253519
38.35861294499955,19.982575440000005,39.867447556079995,0.5012253521345025,0.43831436687169967,-19.88487211607999,1.001200999780849,5.123083000398765
38.458880318999945,19.976659200000004,39.87398395692,0.5009948146034984,0.43826825936549885,-19.897324756919996,1.9178279999323422,6.005023999932746
38.5578206149994,20.057134320000007,39.87827764272,0.5029588915473522,0.43866107475426963,-19.821143322719994,0.5598050001935917,4.659075999370543
38.6583553269993,19.945391040000004,39.88462204188001,0.5000772232229446,0.4380847410893881,-19.939231001880003,0.6936229992788867,5.775149999863061
38.75794611499987,20.01410496,39.8887848,0.5017476731955995,0.4384188310839191,-19.874679840000002,0.6310839999059681,3.7214680005490663
38.85914024399972,19.952685360000004,39.894919200000004,0.5001309881083805,0.4380954940664753,-19.94223384,1.1896670002897736,6.370437000441598
38.95816372699937,20.026769040000005,39.898939160160005,0.5019373813326141,0.438456772711322,-19.87217012016,0.5955090000497876,4.676298000049428
39.05905118499959,20.03325552,39.904859961,0.502025456036658,0.43847438765213076,-19.871604441,1.0552209996603779,6.301121000433341
39.15793051699984,19.99635624,39.90873243852,0.5010521512003592,0.43827972668487103,-19.912376198519997,0.5984910003462574,4.685372000494681
39.258394949999456,20.002557600000003,39.91442643756,0.5011360399050437,0.4382965044258079,-19.91186883756,1.1481299998195027,5.399458999818307
39.35769121499925,20.005979040000007,39.9181464,0.5011750505529488,0.43830430655538893,-19.91216735999999,0.634472999990976,4.740280999612878
39.45805483099957,20.08253376,39.923604000000005,0.5030240696706639,0.43867411037893195,-19.841070240000004,0.8301429998027743,4.957137000019429
39.56011882599978,19.987541280000002,39.9289212,0.5005780441671438,0.43818490527822795,-19.941379919999996,0.8119210006043431,7.120985999790719
39.66142236499945,20.017193760000005,39.93238556568,0.5012771833297092,0.438324733110741,-19.915191805679996,3.9660459997321595,8.094687999800954
39.75854740899922,19.963068480000004,39.93746276664,0.49985820573146855,0.43804093759109286,-19.97439428664,0.8379759992749314,5.926558999817644
39.858333663999474,20.026198800000007,39.94076523276,0.5013974740667769,0.43834879125815457,-19.914566432759994,0.6176770002639387,4.731633000119473
39.95792126699962,19.99381392,39.94559643168,0.500526108158028,0.4381745180764048,-19.95178251168,0.7289929999387823,4.813966999790864
40.0591673229992,19.986638400000004,39.9487356,0.5003071586576073,0.43813072817632065,-19.962097199999995,1.4368199999807985,5.592554000031669
40.15979886900004,19.967939280000003,39.9533184,0.4997817472903578,0.43802564590287074,-19.985379119999997,1.982606000638043,6.178285000714823
40.258451549999336,20.000181600000005,39.9562943706,0.5005514629183486,0.4381795890284689,-19.956112770599994,0.6321589999060961,5.718870999771752
40.35908100300003,20.03727096,39.96062997156,0.5014253022102138,0.43835435688684193,-19.923359011560002,1.32216900055937,4.491721000704274
40.45869308900001,19.958649120000004,39.96344042784,0.49942269500140624,0.43795383544508043,-20.004791307839994,0.9969800003091223,6.092044000070018
40.55903153700001,20.003626800000003,39.96753002676,0.5004969480627576,0.4381686860573507,-19.96390322676,1.0803140003190492,5.258567000055336
40.65875958699962,19.946982960000003,39.9701772,0.4990466482095056,0.4378786260867003,-20.02319424,1.1374260002412484,5.266492999908223
40.759002570999655,19.985640480000008,39.974025600000004,0.49996566970728124,0.4380624303862554,-19.988385119999997,1.132759000029182,5.28321500041784
40.85892075399988,20.02135176,39.97773,0.5008126214269795,0.43823182073019507,-19.95637824,1.3464849998854334,5.457089000628912
40.9588160659996,19.972810080000002,39.98011797648,0.4995685628479099,0.43798300901438114,-20.00730789648,1.1357410003256518,5.268011999760347
41.058192109999254,19.95993216,39.98358357732,0.49920318226108,0.4379099328970152,-20.023651417319996,0.7737529995210934,4.86455999998725
41.158442131999436,19.986567120000004,39.98581562196,0.4998414264938361,0.4380375817435664,-19.999248501959997,1.063609999619075,5.19549199998437
41.2582866089997,20.02741056,39.98904962112,0.5008223688672668,0.43823377021825255,-19.961639061120003,0.7291600004464271,4.8238930003208225
41.358257125999444,19.996950240000004,39.991129199999996,0.5000346486840388,0.4380762261816069,-19.994178959999992,1.0022199994637049,5.1196570002502995
41.457679485999506,20.01296448,39.9941352,0.5003974802785585,0.43814879250051086,-19.98117072,0.7078999997247593,4.794577999746252
41.55868135299988,19.989347040000002,39.99606358104,0.49978285986813675,0.4380258684184265,-20.006716541039996,0.9895350003716885,5.095526999866706
41.65947910599971,20.015839440000008,39.998847582,0.5004104030488967,0.4381513770545785,-19.983008141999996,1.1971120002272073,6.138526000540878
41.75819830599994,20.018381760000004,40.000630817520005,0.5004516516582556,0.43815962677645026,-19.98224905752,0.5024340007366845,5.58838699998887
41.8588502599996,19.961666640000004,40.0031976168,0.4990017755884788,0.4378696515624949,-20.041530976799997,1.0505359996386687,6.2388980004470795
41.95863203299996,20.00486232,40.00483800000001,0.5000610756129046,0.43808151156738007,-19.999975680000006,1.0791100003189058,5.18162200023653
42.058572307999384,19.973617920000006,40.0071996,0.4992505878866864,0.43791941402213647,-20.033581679999994,0.6448059993999777,4.7919299995555775
42.157762552999884,20.032376400000004,40.00870078524,0.5007004978124744,0.438209396007294,-19.976324385239998,0.607435999882,4.703854000581487
42.25822848600001,19.9456524,40.01085598608,0.49850601564083513,0.4377704995729662,-20.065203586080003,0.90996000017185,5.0359900005787495
42.35864201000004,20.008164960000002,40.012893586800004,0.5000429403236303,0.43807788450952523,-20.004728626800002,0.706271000126435,5.796261000796221
42.45859543400002,19.99823328,40.01418961272,0.4997785404016483,0.4380250045251288,-20.015956332720002,0.6450480004787096,4.766337000546628
42.558020496999234,20.029881600000007,40.016036412,0.5005463658063208,0.43817856960606333,-19.98615481199999,0.7453640000676387,4.833578999750898
42.66114006499993,19.997401680000003,40.017204,0.49972011237966557,0.43801331892073225,-20.019802319999997,0.6073240001569502,7.9442400001425995
42.75780984299945,19.984262400000006,40.018867199999995,0.49937101667885314,0.4379434997805698,-20.03460479999999,0.6836779994046083,4.7706519999337615
42.858176404000005,20.010493440000005,40.01991718968,0.5000133644744308,0.43807196933968534,-20.009423749679996,1.1581300004763762,5.289883000841655
42.95912321399919,19.997686800000004,40.021403990399996,0.4996747941375791,0.438004255272315,-20.023717190399992,1.8354739995629643,5.957781999313738
43.05850401799944,20.030855760000005,40.02234000912001,0.5004918691769525,0.43816767028018966,-19.991484249120003,1.0860000002139714,5.228992999946058
43.15881390999948,19.996403760000007,40.0236576084,0.4996146018349718,0.4379922168117935,-20.027253848399994,1.300427999922249,5.476106999594776
43.25859840599969,19.962070560000008,40.024483200000006,0.49874649124763726,0.4378185946943266,-20.062412639999998,1.0412950005047605,5.173751000256743
43.35817867499918,19.959124320000008,40.025642399999995,0.49865843802172205,0.4378009840491436,-20.066518079999987,0.782530999458686,3.961322999202821
43.458153488999415,20.0144376,40.02636359304,0.5000313744084466,0.4380755713264885,-20.011925993040002,0.5836760001329822,4.686188000050606
43.55928822799979,20.047749120000002,40.02736919364,0.5008510307788456,0.4382395026005683,-19.979620073639996,1.2830760006181663,6.453327000599529
43.65770929399969,19.999183680000005,40.028285994120004,0.4996262813485895,0.43799455271451704,-20.02910231412,0.7440310000674799,4.8267820002365625
43.75843556399923,20.00662056,40.028850005399995,0.4998050295549599,0.43803030235579116,-20.022229445399994,0.7220119996418362,4.896153999652597
43.85779440399983,19.981767600000005,40.02962880492,0.4991744414463335,0.4379041847340659,-20.047861204919997,0.7814199998392724,4.889654000180599
43.95788690399968,20.05342776,40.0301028,0.5009586875205327,0.4382610339489057,-19.97667504,0.5939170005149208,4.712242999630689
44.058346262999294,19.960407360000005,40.0307472,0.49862689947491173,0.43779467633978153,-20.070339839999995,0.7749579999654088,4.863282999394869
44.158101127999544,20.023822800000005,40.03113719628,0.5002061945385047,0.4381105353525001,-20.007314396279995,0.598046999584767,4.685836000135168
44.25840214999971,19.954586160000005,40.03165799676,0.4984701398481933,0.4377633244144378,-20.07707183676,0.6745110003976151,3.7692840005547623
44.36167546099932,20.037413520000005,40.03196400288,0.5005353601576595,0.43817636847633107,-19.994550482879998,0.7785119996697176,8.239725999374059
44.45934056999977,19.98276552,40.03236720252,0.4991652234530389,0.43790234113540694,-20.04960168252,1.6168219999599387,5.810890999782714
44.558499128999756,20.005076160000005,40.0326012,0.49971961752013266,0.4380132199488257,-20.027525039999997,0.5739160005759913,5.669850999765913
44.664314833999924,19.999967760000004,40.0328928,0.4995883724895345,0.43798697094270606,-20.032925039999995,6.426160000046366,10.924307000095723
44.75832210599947,20.00310408,40.033054798559995,0.4996646941047207,0.43800223526574333,-20.029950718559995,0.5403610002758796,5.629591999422701
44.85801074799929,19.996902720000005,40.033245598920004,0.499507407426878,0.43797077793017475,-20.03634287892,0.8580699995945906,4.016120999949635
44.958554939999885,20.039171760000006,40.033381199400004,0.5005615603685342,0.438181608518506,-19.9942094394,0.6895110000186833,5.781223000667524
45.058501271999376,20.02004496,40.03343880048,0.500083069550347,0.43808591035486855,-20.01339384048,1.1013140001523425,5.2739009997821995
45.158699791999425,19.946745360000005,40.03348200012,0.4982515725197277,0.4377196109487447,-20.086736640119998,0.8444209997833241,5.945077999967907
45.25852625099924,20.038601520000004,40.0334832,0.5005460409200667,0.4381785046288125,-19.994881679999995,1.1573889996725484,5.304178999722353
45.35841195199919,20.011871520000007,40.03344,0.49987888924858837,0.43804507429451683,-20.021568479999992,0.8805139996184153,5.019562999223126
45.458818327999325,19.942326000000005,40.033387200599996,0.4981423605270433,0.4376977685502078,-20.09106120059999,1.4181159995132475,5.560368999795173
45.55784982899968,19.944725760000004,40.033268400960004,0.498203782919751,0.4377100530287494,-20.08854264096,0.7066589996611583,4.805689000022539
45.661227623999366,20.008806480000004,40.0331639988,0.4998057730485597,0.4380304510545111,-20.024357518799995,4.145789999711269,8.251135000136856
45.761517126999934,20.041714080000006,40.03297559856,0.5006301375389371,0.4381953239525866,-19.991261518559995,3.7011710001024767,8.816236000711797
45.85778732499966,19.979890560000005,40.032828,0.4990876627551769,0.43788682899583453,-20.052937439999997,0.5984729996271199,4.693298999882245
45.958909082999526,20.017502640000004,40.0325724,0.5000303862561678,0.4380753736960327,-20.015069759999996,1.2032049999106675,5.385217999901215
46.05854209399968,19.969650000000005,40.032382802040004,0.49883740617564176,0.4378367776799275,-20.06273280204,1.0850179996850784,5.185140000321553
46.15858274199945,20.088069840000006,40.032070802279996,0.5017994182518258,0.43842918009516435,-19.94400096227999,1.075573999514745,3.2461089995194925
46.25839977399937,20.069156880000005,40.031842797719996,0.5013298283920878,0.4383352621232167,-19.96268591771999,1.0354609994465136,5.139138999766146
46.358432717999676,20.204707680000002,40.031477997479996,0.5047205022325656,0.4390133968913123,-19.826770317479994,1.0673510005290154,5.241085000307066
46.458491810999476,20.671615440000004,40.03108319736,0.5163891103841844,0.44134711852163605,-19.359467757359994,1.3340220002646674,5.429199999525736
46.559279414999764,21.198160800000004,40.030804800000006,0.5295462058759308,0.44397853761998535,-18.832644000000002,1.9161800000802032,6.042486999831453
46.65785218699966,21.903523919999998,40.0303656,0.5471727173033862,0.46461737355666555,-18.126841680000005,0.8645139996588114,4.947172999891336
46.75900581499991,22.609243440000007,40.03006080312,0.5648066224830168,0.4846552233419358,-17.420817363119994,1.0631650002324022,6.168193000121391
46.85822528299923,23.40548856,40.02958080324,0.5847048130492927,0.5046651412834071,-16.624092243240003,1.2970399993719184,5.372753999836277
46.95906149899929,24.15323952,40.02908280336,0.6033922795246411,0.5244105689316539,-15.875843283359998,1.2616320000233827,6.423826999707671
47.061444091999874,24.823794240000005,40.0285656036,0.6201519806087545,0.5277625091484767,-15.204771363599995,3.726783000274736,8.859774000484322
47.15945548499985,25.45307784,40.0278456,0.6358842815162653,0.5493868636220344,-14.57476776,1.813956000660255,6.001671999911196
47.260088585999256,25.921529999999997,40.0272912,0.6475964079228024,0.569028772482188,-14.105761200000003,2.609690000099363,6.7799799999193056
47.3589358069994,26.48742192,40.0267188,0.6617435231788222,0.571858195533392,-13.539296879999998,1.7352129998471355,5.844131999765523
47.45896702899972,27.00465336,40.02594119604,0.6746787846345941,0.5924223133536325,-13.021287836040003,1.0811290003402974,4.198939000161772
47.55807780899977,27.5709492,40.025541600000004,0.6888338820129793,0.6117046270855019,-12.454592400000003,0.7181040000432404,4.807762999917031
47.66026975099976,28.217625120000005,40.02453240408,0.705008239324829,0.6149394985478718,-11.806907284079994,2.4666139997862047,7.629605000147421
47.7584644059998,28.87147656000001,40.0239156042,0.721355622611055,0.6362227233605084,-11.15243904419999,0.9593680006219074,5.0416750000295
47.858958208999866,29.046635280000004,40.023082800000005,0.7257470751353516,0.6541275937154771,-10.97644752,1.3119290006216033,5.450958999972499
47.958903743999144,29.38804272000001,40.022242795800004,0.7342927499076597,0.6558367286699387,-10.634200075799995,1.8269189995407942,5.994393999571912
48.06471174499984,30.525291360000004,40.0213992042,0.7627242417050867,0.6615230270294241,-9.496107844199997,5.276142000184336,11.663709000458766
48.16038978399956,30.497539680000006,40.020552,0.7620469522759208,0.6816278120787235,-9.523012319999996,2.3269630000868347,7.538695999755873
48.26394228499976,31.27054752000001,40.01970239568,0.7813788121366831,0.7015780120903155,-8.749154875679988,6.233212000552157,10.396169000159716
48.360044146999826,31.754253600000002,40.01885640432,0.7934822844306005,0.7039987065490989,-8.264602804319995,2.2583330000998103,6.448789999922155
48.46213108699976,32.48800992,40.0180104,0.8118347113028889,0.7255659074998569,-7.530000479999998,0.9646270000303048,8.80332900032954
48.559276594999574,32.831151840000004,40.01717039580001,0.8204266197553486,0.7445380499509553,-7.186018555800004,1.2857989995609387,5.760111999734363
48.661333330999696,33.33139488000001,40.0163340042,0.8329447389283997,0.7470416737855656,-6.684939124199985,3.414056000110577,7.533603999945626
48.76140616399971,33.96973104000001,40.01529719592,0.8489186241371612,0.7674170638558848,-6.045566155919985,4.023806000077457,8.197930000278575
48.85979398899963,34.56812664000001,40.01447760408001,0.8638904893881542,0.7867117489623388,-5.446350964079997,1.119499999731488,6.339843999739969
48.96045727599994,35.16847056,40.013470796040004,0.8789157716226033,0.7897168054092285,-4.845000236040001,2.7186180004719063,6.905187000484148
49.06053977600004,35.646450480000006,40.0124808,0.8908832885962924,0.8099501020466413,-4.366030319999993,3.3694070007186383,7.583234000776429
49.15847264900003,36.18219096,40.01170919616,0.90429006125718,0.8288180938887492,-3.8295182361599984,0.7403270001304918,4.838598000787897
49.265133236999645,36.76065192000001,40.0107636,0.9187690664319141,0.831713894923696,-3.250111679999989,4.168141000263859,11.99008399999002
49.359577126999284,37.15485408,40.0098456036,0.9286427757835908,0.851099671095675,-2.854991523599999,2.364037999541324,6.526031999783299
49.459487550999256,37.646353440000006,40.00895879652,0.9409480919377113,0.853560734326499,-2.3626053565199925,1.6040639993661898,6.755888000043342
49.562074739999844,38.33769816000001,40.0080996,0.9582484182777832,0.8744982711167559,-1.670401439999992,4.811264000636584,9.018851000291761
49.660695363999366,38.80208736,40.00727520324,0.9698757829140437,0.8935737734762135,-1.2051878432399974,3.509019999910379,7.689420999668073
49.76136552199932,39.379194000000005,40.006327203,0.9843241495322028,0.8964634467998454,-0.6271332029999925,3.887525999743957,8.036186000026646
49.86014037099994,39.89164968000001,40.005575997120005,0.9971522390496715,0.9166012052498107,-0.11392631711999712,2.260462000776897,7.436362000589725
49.96808153599977,40.41710208000001,40.0048596,1.010304810068625,0.9353419262135736,0.4122424800000033,3.6118360003456473,15.182838999862724
50.061058179999236,40.84380792000001,40.0040424,1.020992016546808,0.9374793675092101,0.8397655200000074,2.753525999651174,7.883924999987357
50.16027305499938,40.87103688,40.003402802400004,1.0216890068548854,0.9543212953783453,0.8676340775999947,2.652395000040997,6.850036999821896
50.2616790029997,40.89413160000001,40.0026828024,1.022284725302137,0.9544404390677956,0.8914487976000061,3.6655780004366534,8.919664000131888
50.359920565999346,40.854618720000005,40.00201200216,1.021314095845828,0.9542463131765337,0.8526067178400041,1.8122339997717063,7.1109679993242025
50.46063011299975,40.52038680000001,40.00148879796,1.0129719672350415,0.9525778874543764,0.5188980020400109,3.449056000135897,7.6507169997057645
50.559060122999654,40.40405784,40.000910398200006,1.0100784566597798,0.9519991853393241,0.4031474417999945,1.479227999880095,5.625314000099024
50.658677634000014,40.19413824,40.00037639832,1.004844000460159,0.9509522940994,0.19376184168000066,1.4373930007423041,4.637075000573532
50.75932975499927,39.996407520000005,39.9999672,0.9999110079270266,0.9499656955927736,-0.003559679999995069,1.9865879994540592,6.367510999552906
50.86199122299968,39.93800544,39.9995172,0.9984621874386024,0.9496759314950887,-0.061511760000001914,0.980441999672621,8.35854399974778
50.96075455299979,39.87097848,39.9991776012,0.996794956074393,0.9493424852222467,-0.1281991212000051,1.0418870006105863,7.84897900030046
51.05899067199971,39.78204480000001,39.998806801200004,0.9945807883150781,0.9488996516703838,-0.21676200119999578,1.3775600000371924,5.535146000511304
51.15936504699948,39.89046168000001,39.99847800096,0.9972994892216299,0.9494433918516942,-0.10801632095999025,1.7713070001263986,5.964948999462649
51.26065010399998,39.8031912,39.99823079904,0.995123794349307,0.9490082528772296,-0.19503959904000112,3.3856290001494926,7.594179000079748
51.3592562649992,39.94185456000001,39.99797039916,0.9985970328344167,0.9497029005742516,-0.056115839159993186,1.669656999183644,5.8489279999776045
51.46103975599999,39.87803520000001,39.99774599928,0.9970070613658543,0.9493849062805391,-0.11971079927999284,3.2832390006660717,8.45011900037207
51.56106932900002,39.99550464000001,39.997584,0.9999480128599768,0.9499730965793636,-0.0020793599999962,3.866600000037579,8.02613000087149
51.659566747999634,39.95725104000001,39.9974184,0.9989957511857818,0.9497826442445245,-0.04016735999999099,1.7503799999758485,6.909779000125127
51.761720522999894,40.01802912,39.997303200359994,1.0005181829268885,0.9500871305927459,0.020725919640007362,4.145697000240034,8.403026000451064
51.8592902599994,40.046493600000005,39.99719160036,1.0012326365344002,0.9502300213142483,0.04930199964000792,1.645583000026818,5.807149999782268
51.959253127999546,39.99431664000001,39.99710280024,0.9999303409485956,0.9499695621970873,-0.0027861602399923413,1.3360029997784295,6.48047599952406
52.059730078999564,40.0226148,39.99704999976,1.0006391671445807,0.9501113274362843,0.025564800239997965,2.339816000130668,6.487642000138294
52.16056792499967,39.9407616,39.997005599880005,0.9985937947344695,0.9497022529542621,-0.05624399988000306,3.372481000042171,7.52934499996627
52.26017891799984,40.086481680000006,39.99698399988,1.002237610718855,0.9504310161511392,0.08949768012000447,1.2190389998067985,7.368231000327796
52.35994452399973,40.01672232,39.9969792,1.0004936152778259,0.9500822170629334,0.019743120000001113,1.3626150002892246,6.716091000271263
52.4618628319995,40.00496112000001,39.9969936,1.0001992029720956,0.9500233346017873,0.007967520000008221,0.9222560001944657,7.5790869996126276
52.561335895999946,40.026012480000006,39.997012799880004,1.0007250461494486,0.950128503237258,0.02899968012000187,1.0170909999942523,8.517787000528187
52.66061151299982,40.016959920000005,39.997052399880005,1.0004977246803333,0.9500830389434348,0.0199075201200003,1.591730000654934,7.188061999841011
52.760644474999935,40.09111488,39.99710639988,1.0023503820296429,0.9504535704132968,0.09400848011999585,3.1946260005497606,7.364009000411897
52.86043765499926,40.03435224000001,39.99716040024,1.0009298620048985,0.9501694664083479,0.03719183976001261,1.6282849992421689,7.809200999872701
52.958443158999216,40.07303352,39.99723240024,1.0018951591200482,0.9503625258313778,0.07580111976000126,1.3413549995675567,5.4746259993407875
53.060542747,39.92980824,39.99731400036,0.9983122426581097,0.9496459425389902,-0.06750576035999956,2.466392000314954,7.690809999985504
53.15976210400004,40.04506800000001,39.9973896,1.0011920377923866,0.9502219015658455,0.04767840000000945,2.5509490005788393,6.741351000528084
53.25886479199926,39.955088880000005,39.997483200000005,0.9989400753095384,0.9497715090692759,-0.04239431999999965,1.5254509999067523,5.673017999470176
53.359301963999314,39.967158960000006,39.99756599964,0.9992397777494693,0.9498314495572621,-0.03040703963999647,1.6448779997517704,5.822093999995559
53.46178342999974,40.00066056000001,39.99767399964001,1.0000746683509654,0.9499984276775613,0.0029865603600001123,4.209976000311144,8.425044999967213
53.56062527999984,39.91434048,39.997781999640004,0.9979138463317602,0.9495662632737203,-0.08344151964000446,1.528599000266695,7.595346000016434
53.65976496799976,40.010639760000004,39.99787200036,1.000319210973021,0.9500473362019723,0.012767759640006204,2.1523870000237366,6.3156579999485984
53.765639878,39.953188080000004,39.997987200359994,0.9988799656308809,0.9497594871335444,-0.044799120359989786,8.044687000619888,12.170161000540247
53.859923912999875,40.04549568000001,39.99810120048,1.0011849182360546,0.9502204776545791,0.047394479520008304,1.2077050005245837,6.372640999870782
53.95947170099953,39.962692080000004,39.998196,0.9991123619675248,0.9498059664008731,-0.03550391999999647,2.411114000096859,6.588422000277205
54.059004172999266,40.02945768000001,39.9983112,1.0007786948764978,0.9501392329826678,0.031146480000003862,1.4815419999649748,5.607182999483484
54.16243743199993,39.956110560000006,39.99840479964,0.998942601839952,0.9497720143753586,-0.042294239639993236,1.4917650005372707,8.895775000382855
54.261287207999885,40.03991208000001,39.99851999964,1.0010348402981004,0.9501904620669883,0.04139208036000497,3.956842000661709,8.289616000183742
54.35907567100003,39.956562000000005,39.99863159964001,0.9989482240277345,0.9497731388129151,-0.04206959964000134,1.7355100007989677,5.86189200021181
54.459043372999986,39.92802624000001,39.99872160036,0.9982325595036179,0.9496300059080918,-0.07069536035999135,1.7464360007579671,5.998579000333848
54.56083514199963,40.02753312,39.99882960036,1.0007176089882326,0.9501270158050147,0.02870351964000406,1.31074399996578,7.645828000022448
54.659328504999394,39.972837600000005,39.99893520024,0.9993475426255888,0.949853002532486,-0.026097600239992857,2.1351639998101746,6.2909170001148595
54.758910478999496,40.01446512000001,39.9990204,1.0003861274562618,0.9500607194986206,0.015444720000012069,1.570155999615963,6.047246999514755
54.86140553599944,39.97195848,39.999121200000005,0.999320917080548,0.9498476774234779,-0.027162720000006857,2.971289000015531,7.871979999436007
54.96017688599932,40.06345824,39.99920039964,1.001606478122512,0.9503047896318706,0.06425784035999982,2.4166690000129165,6.591792999643076
55.06082552499993,40.02515712,39.99929279976,1.0006466194382357,0.9501128178950153,0.025864320240003735,3.5878920007235138,7.727885000349488
55.15931590599939,40.03755984000001,39.99938039964001,1.0009545007942258,0.9501743941662133,0.038179440359996875,1.8003810000664089,5.983838000247488
55.26141601299969,40.003107840000006,39.999450000239996,1.0000914472513993,0.9500017834576481,0.0036578397600095514,3.8391919997593504,8.113150000099267
55.36066496299918,39.99196440000001,39.999529200240005,0.9998108777680326,0.9499456695609747,-0.0075648002399972825,2.913232999162574,7.22120999944309
55.45987526399949,40.005317520000006,39.99960480024,1.000142819405055,0.9500120578883792,0.005712719760005314,0.9347929999421467,6.822260000262759
55.558782447999874,39.98718864,39.9996648,0.9996880933862227,0.9499211126846128,-0.012476159999998515,1.3205949999246513,5.484293000336038
55.65885387399976,40.03204752000001,39.9997332,1.0008078633884492,0.950145066685058,0.032314320000011776,1.4798390002397355,5.652425000334915
55.76048302899926,39.92035176000001,39.999784799880004,0.9980141633191928,0.9495863266712068,-0.07943303987999428,3.186791999723937,7.357304999459302
55.858958891999464,40.03363944,39.99984359976,1.0008448993095616,0.9501524738692805,0.03379584024000337,1.7256949995498871,5.9433930000523105
55.959754514999986,39.92405832000001,39.99989759976,0.9981040131522626,0.9496042966378208,-0.07583927975998961,1.354818000436353,4.61790800000017
56.06211412599987,40.03668072,39.999939600240005,1.0009185293809737,0.9501671998835629,0.036741119759994945,1.07810999998037,8.603603000665316
56.159200336999675,39.98538288,39.99998640024,0.9996349118698724,0.9499104763813426,-0.014603520239994339,1.7867140004454996,5.946356000094966
56.25869821699962,39.98766384,40.00002720012,0.999690916207178,0.9499216772488038,-0.01236336011999839,1.5369700004157494,5.819873000291409
56.35898134999934,39.96920232000001,40.00006080000001,0.9992285391726204,0.9498292018418923,-0.030858479999999133,1.497042999289988,5.646814999636263
56.46187719199952,39.94679664000001,40.0000968,0.998667499224652,0.9497169938522986,-0.05330015999999205,4.0061019999484415,8.226355999795487
56.563017523999406,39.99669264000001,40.00012319988,0.9999142362671524,0.9499663412607987,-0.003430559879987527,5.170677000023716,10.357076000218512
56.65952878099961,39.98588184,40.0001508,0.9996432773448444,0.9499121494763371,-0.01426896000000255,1.587951999681536,6.728923999617109
56.75914297700001,40.03475616000001,40.000176,1.0008645001961993,0.950156394046608,0.03458016000000441,1.7111390006903093,5.894337000427186
56.859118530999694,39.99669264000001,40.000194,0.9999124664245381,0.9499659872922759,-0.0035013599999871303,1.9286610004201066,6.1029879998386605
56.961280212999554,40.03171488000001,40.000212,1.0007875678258908,0.9501410075725464,0.03150288000001211,4.121863000364101,8.271245000287308
57.05987863399969,39.947366880000004,40.00022880012,0.9986784595562155,0.9497191859186113,-0.052861920119994465,1.6158039998117601,7.062949000101071
57.15866196499974,40.03703712000001,40.0002408,1.0009199024621873,0.9501674744998057,0.036796320000007654,1.5870080005697673,5.751094000515877
57.260119542999746,39.992059440000006,40.0002516,0.9997951972882092,0.94994253346501,-0.00819215999999301,2.6185980004811427,7.005170000411454
57.359633903999566,39.96649368000001,40.000258800000005,0.999155877461473,0.9498146694996628,-0.0337651199999911,2.0520890002444503,6.247379999877012
57.465483627999674,39.97345536000001,40.000266,0.9993297384572394,0.9498494416988161,-0.02681063999999367,8.327135999934399,12.620798000170907
57.55901650299984,39.945656160000006,40.0002696,0.9986346732023027,0.9497104286478287,-0.054613439999997127,1.752066000335617,5.951301000095555
57.659022427999844,40.06020312000001,40.000273199999995,1.0014982377670365,0.9502831415607755,0.05992992000001607,1.949495000189927,15.385157999844523
57.759494877999714,39.967016400000006,40.000273199999995,0.99916858567856,0.9498172111430803,-0.03325679999998954,1.6646559997752775,6.818222000219976
57.86003375599921,40.07089512,40.000273199999995,1.0017655359413897,0.9503366011956461,0.07062192000000778,2.9916409994257265,7.098392999978387
57.95923592700001,39.973574160000005,40.000273199999995,0.9993325285588301,0.9498499997191342,-0.026699039999989793,2.0503290006672614,6.229545000678627
58.05961817299976,39.98172384000001,40.0002696,0.9995363591249397,0.9498907658323561,-0.01854575999999497,2.1351089999370743,3.2762380005806335
58.15925581399915,40.04468784,40.000266,1.0011105386149182,0.9502056017303518,0.04442183999999827,1.7443429997001658,5.902132999835885
58.26803636399927,39.963571200000004,40.00026120012,0.9990827559866062,0.9498000452046894,-0.03669000011999657,6.2789730000076815,15.342212999712501
58.36048038699937,39.99210696000001,40.0002552,0.9997962952996362,0.9499427530672955,-0.008148239999989926,2.55974499941658,7.361805000073218
58.46155512599944,39.92614920000001,40.000248,0.9981475414852431,0.9496130023044168,-0.07409879999998736,4.240680000293651,8.438230000137992
58.56047319999925,40.06766376000001,40.0002408,1.0016855638529059,0.9503206067779494,0.06742296000000891,2.64407999929972,6.819184999585559
58.659656425999856,39.95639568,40.0002336,0.9989040584002989,0.949764305687428,-0.04383792000000142,1.740102000439947,6.925446000423108
58.761070058999394,40.04758656,40.0002264,1.0011839972985752,0.9502202934670833,0.047360159999996654,3.3096469996962696,7.572679000077187
58.85959868199916,40.001040720000006,40.000215600000004,1.0000206278888157,0.9499876195851313,0.0008251200000017889,1.976457999262493,6.144895999568689
58.961125464999895,40.089618,40.000208400000005,1.0022352283544602,0.9504305396782602,0.0894095999999962,1.338189000307466,7.799590000104217
59.05956710499959,40.0057452,40.00019760000001,1.0001386893148747,0.9500112318703431,0.005547599999992769,1.707213000372576,6.83803700030694
59.16057523099971,39.929689440000004,40.0001868,0.9982375742305284,0.9496310088534738,-0.0704973599999974,3.1594399997629807,7.43891700039967
59.26105694199941,40.02425424,40.000179599999996,1.000601863297634,0.950103866666895,0.024074640000002034,3.200293000190868,8.361839999452059
59.36074052799995,39.9312576,40.0001688,0.998277227270101,0.9496389394613884,-0.06891119999999518,3.7086900001668255,7.876647000557568
59.46084997299931,40.06664208,40.000158,1.001662095434723,0.9503159130943128,0.06648408000000217,3.6017809998156736,7.7784039995094645
59.55856076799955,39.93375240000001,40.0001508,0.9983400462580259,0.9496515032589734,-0.06639839999998998,1.4923580001777736,5.638739999994868
59.660162847999345,40.00652928000001,40.00014,1.00015973144094,0.9500154402955562,0.006389280000007602,2.2570179999092943,7.44202799978666
59.75970365499961,40.00344048,40.00013160012,1.0000827217248454,0.9500000383523373,0.00330887988000228,2.2905380001247977,6.432215999666369
59.8586165429997,39.97777968,40.00012080012,0.999441473683751,0.9498717887441184,-0.022341120120003666,1.465950000238081,5.702667000150541
59.961151083000004,40.01755392000001,40.0001112,1.0004360667877346,0.9500707073649151,0.017442720000012457,1.5828590003366116,8.319709000716102
60.05942564599991,39.96917856,40.000104,0.9992268660101484,0.9498288672093979,-0.030925439999997195,1.9136600003548665,6.487068000751606
60.16151364199959,40.03097832000001,40.0000932,1.0007721262009461,0.9501379192475574,0.03088512000000776,2.342593000321358,8.088630999736779
60.25881874499919,39.97426320000001,40.00008359988001,0.9993544913521112,0.9498543922777904,-0.02582039987999707,1.2041299996781163,5.861261999598355
60.36165182699915,40.08667176,40.0000752,1.0021649099299694,0.9504164759933621,0.08659656000000382,3.481741999166843,8.37746899924241
60.45947203099968,39.96685008000001,40.000068,0.9991695534117594,0.9498174046897201,-0.03321791999999135,2.1773680000478635,6.351361999804794
60.55963708799936,40.04913096,40.00006080000001,1.0012267521353366,0.9502288444344356,0.04907015999999231,1.8115479997504735,6.981001999520231
60.66104623999945,39.97832616,40.0000536,0.9994568147278683,0.9498748569529418,-0.021727439999999376,3.9029709996611928,6.0797469996032305
60.761974919999375,40.0394844,40.0000464,1.0009859488562993,0.9501806837786281,0.039437999999996975,1.3848739999957616,8.948996999606607
60.85973608599943,39.89393064000001,40.0000392,0.9973472885996573,0.9494529517272996,-0.10610855999999558,1.562155000101484,7.013483999799064
60.95887662699988,39.9794904,40.00003319988,0.9994864304292612,0.9498807800932204,-0.02054279987999763,1.4047640006538131,5.549645999963104
61.06062226499944,40.08802608000001,40.000028400000005,1.0021999404380424,0.9504234820949766,0.08799768000000796,1.1167960001330357,7.234228999550396
61.159625932999916,39.963476160000006,40.0000212,0.9990863744842217,0.9498007689042125,-0.03654503999999292,1.4213380000001052,6.720184000187146
61.26037398099925,40.03694208,40.00001760000001,1.0009231115938308,0.9501681163261344,0.03692447999999615,2.353408999624662,7.544177999989188
61.35936683399996,39.96955872,40.00001280012,0.999238648240635,0.9498312236554952,-0.030454080119994842,1.7424540001229616,5.8591510005499
61.46084296799927,40.06994472000001,40.0000068,1.001748447702764,0.950333183547921,0.06993792000000809,3.2639979999657953,7.435028999680071
61.559072807999655,39.961290240000004,40.0000032,0.999032176077426,0.9497899292228534,-0.03871295999999802,1.770046999808983,5.933504000495304
61.65934169999946,40.04499672000001,39.999999599999995,1.0011249280112495,0.9502084796096181,0.0449971200000121,1.7806209998525446,5.928855999627558
61.75958731399987,39.98673720000001,39.999996,0.9996685299668531,0.9499172000007388,-0.013258799999995574,1.263909000044805,6.584421999832557
61.858631482999954,39.96518688000001,39.999992400000004,0.999129861834674,0.949809466374303,-0.03480551999999193,1.430079000783735,5.622796000352537
61.96152637999967,39.99759552000001,39.9999888,0.9999401679832474,0.9499715276040177,-0.0023932799999855092,4.113584999686282,8.320838999679836
62.059777868999845,39.98357712,39.9999888,0.9995897078851183,0.9499014355843919,-0.016411679999997375,1.798955000595015,6.973483999900054
62.16030922899972,40.053122640000005,39.999985200000005,1.0013284364915216,0.9502491813056725,0.053137440000000424,2.6022279998869635,7.722885000475799
62.2603674689999,39.960553680000004,39.99998400012,0.9990142416026997,0.9497863423279082,-0.039430320119997475,1.234889999977895,7.736663000287081
62.35999010999967,40.07246328,39.9999816,1.0018120428335398,0.9503459025740761,0.07248168000000277,1.4002819998495397,6.817759000114165
62.461816971999724,39.90134376000001,39.9999816,0.9975340528656647,0.9494903045805011,-0.09863783999998788,4.086900000402238,9.248094999747991
62.560931029999665,40.03696584000001,39.999978,1.0009246965085834,0.9501684333090848,0.03698784000000899,2.937121999821102,8.097001999885833
62.66092489899984,39.896544240000004,39.999978,0.9974141545777852,0.9494663249229253,-0.10343375999999438,3.1709770000816206,8.334838999871863
62.76115632799974,39.96972504000001,39.999978,0.9992436755840218,0.9498322291241725,-0.030252959999991447,3.3937220005100244,7.565531000182091
62.861005138999644,40.04152776,39.999978,1.0010387445713096,0.9501912429216302,0.04154976000000232,3.37959199987381,7.564864000414673
62.95884593599931,39.878629200000006,39.9999744,0.9969663680584757,0.9493767676190633,-0.12134519999999327,1.4190419997248682,5.560349999541359
63.059586279999166,40.10444424,39.9999744,1.0026117476715186,0.9505058435416719,0.10446984000000015,1.5584139991915436,6.746905999534647
63.16137501199955,39.938504400000014,39.9999744,0.9984632490164798,0.9496761438106641,-0.0614699999999857,3.3792770000218297,8.54043500021362
63.25882191399978,40.0181004,39.9999744,1.0004531502900162,0.9500741240653714,0.018126000000002307,1.7790660003811354,5.943633999777376
63.358608186999845,39.97694808,39.9999744,0.9994243416315787,0.9498683623336839,-0.0230263199999996,1.4341720006996184,5.583388000559353
63.45860451899989,40.02613128,39.9999744,1.0006539224185105,0.9501142784910703,0.026156880000002047,1.4686909998999909,5.650537000292388
63.55903857999965,39.97295640000001,39.9999744,0.999324549567712,0.9498484039209106,-0.027017999999991105,1.7132869998022215,6.064117000278202
63.65909882100004,40.013490960000006,39.999978,1.0003378241858034,0.9500510588445289,0.013512960000007013,1.4061530000617495,5.581554000855249
63.75873451699954,39.99372264,39.999978,0.9998436159139888,0.949952217190166,-0.0062553599999972676,1.354928999717231,5.4849219995958265
63.859229931999835,39.959579520000005,39.999978,0.9989900374445208,0.9497815014962724,-0.04039847999999324,1.4167090002956684,6.578737000381807
63.95975503199952,40.045828320000005,39.999978,1.0011462586304425,0.9502127457334567,0.04585032000000666,1.8524380002418184,6.146896999780438
64.06185061999986,39.886731360000006,39.999978,0.997168832442858,0.9494172604959398,-0.11324663999999274,4.0716399998927955,9.212242000103288
64.15920777999963,40.02508584000001,39.999978,1.0006276963452332,0.9501090332764148,0.025107840000011095,1.5000800003690529,5.666463000125077
64.26178406099916,39.900749760000004,39.9999816,0.9975192028588334,0.9494873345791349,-0.09923183999999452,3.906822999852011,9.067869999853428
64.3611256969998,40.03361568000001,39.9999816,1.0008408523867924,0.9501516644847267,0.033634080000013,3.1915150002532755,8.363654000277165
64.45953331799956,39.9818664,39.9999816,0.9995471197916752,0.9498929179657032,-0.01811519999999689,1.8863269997382304,6.072154000321461
64.55877426799998,40.00344048,39.9999816,1.0000864720397773,0.9500007884153236,0.0034588800000037168,1.2290940003367723,5.371717000343779
64.659424425,40.0410288,39.999985200000005,1.0010260903796533,0.9501887120832988,0.04104359999999474,1.4818570007264498,6.641923000643146
64.75885059999928,39.993603840000006,39.999985200000005,0.9998404659409724,0.9499515871955627,-0.006381359999998892,1.4592090001315228,5.799001999548636
64.85997652499918,40.03717968,39.999985200000005,1.000929862344049,0.950169466476178,0.03719447999999659,2.041088999249041,7.207396000012523
64.96156560500003,39.89067552,39.999985200000005,0.9972672569888851,0.9494369454051452,-0.10930968000000263,3.9179160003186553,8.085780000328668
65.05959599799917,40.00814496000001,39.9999888,1.0002039040570934,0.9500242748187868,0.008156160000012846,1.6861579997566878,6.860482999400119
65.15848905199982,39.9045276,39.9999888,0.9976134693317715,0.9495061878737225,-0.09546119999999547,1.330262000010407,5.524867000531231
65.25952469799995,40.03929432,39.9999888,1.0009826382751388,0.9501800216623959,0.03930552000000631,2.0454040004551644,6.23076800002309
65.3594187689996,39.93351480000001,39.9999888,0.9983381495346823,0.9496511239143046,-0.06647399999998527,1.5729329998066532,6.718442999954277
65.45928854299927,39.95934192,39.99998999988,0.9989837977489464,0.9497802535571575,-0.04064807988000041,2.1228309997241013,6.306379999841738
65.56092456899933,40.0039632,39.999992400000004,1.0000992700188613,0.9500033480111405,0.00397079999999761,1.1467039994386141,7.5231780001558946
65.65849063899987,39.95487504000001,39.999992400000004,0.9988720657856927,0.9497579071645067,-0.04511735999999189,1.271076000193716,5.429274000562145
65.7620261029997,39.97480968,39.999992400000004,0.999370431880382,0.9498575803834446,-0.025182720000003656,4.103919000044698,8.332117000463768
65.86008781099918,39.96827568,39.999992400000004,0.9992070818493454,0.9498249103772373,-0.031716720000005694,2.1255349993225536,6.365232999996806
65.96046066799954,40.100999040000005,39.999996,1.0025250762525078,0.9504885092578698,0.10100304000000193,2.9943449999336735,7.0986720002110815
66.06156257299972,39.90792528000001,39.999996,0.9976982317698233,0.9495231403613329,-0.09207071999999528,3.573039000002609,8.760104999964824
66.16136188399923,40.02142680000001,39.999996,1.000535770053577,0.9500906480180836,0.021430800000004524,3.8736749993404374,7.97405599951162
66.26028327199947,39.98084472000001,39.999996,0.9995212179521219,0.9498877375977925,-0.019151279999995552,2.5168180000036955,7.673142999919946
66.35905928800003,40.03744104000001,39.999996,1.000936126093613,0.9501707192260908,0.03744504000000859,1.8051030001515755,6.115118000707298
66.45945781199953,40.030431840000006,39.999996,1.0007608960760896,0.9501356732225861,0.030435840000002656,2.3618719997102744,6.53829200018663
66.55971998199948,39.9918456,39.999999599999995,0.9997961499979615,0.9499427240069604,-0.008153999999997552,2.35966800028109,6.77675899987662
66.66110287399988,40.01959728,39.999999599999995,1.0004899420048996,0.9500814824083481,0.019597680000003947,1.4022089999343734,8.353914000508667
66.76034821199937,39.951406080000005,39.999999599999995,0.9987851619878518,0.9497405264049386,-0.048593519999990065,2.3910210002213717,7.374212999820884
66.86061293700004,40.03886664000001,39.999999599999995,1.0009716760097171,0.9501778292093116,0.03886704000001373,3.2872010006030905,7.687606000217784
66.95975149599963,39.992653440000005,39.999999599999995,0.9998163459981637,0.9499467632070009,-0.0073461599999902205,1.8095479999828967,5.956949000392342
67.05884844299999,40.05174456,39.999999599999995,1.0012936240129364,0.9502422188099555,0.05174496000000772,1.6273970004476723,5.807206000099541
67.16053841399935,40.00878648,39.999999599999995,1.0002196720021967,0.9500274284078075,0.008786880000002384,2.8886949994557654,7.073244999446615
67.26063541399981,40.006125360000006,39.999999599999995,1.0001531440015317,0.9500141228076745,0.006125760000010416,2.898565000577946,8.06048300000839
67.35963174899916,40.14823392,39.999999599999995,1.0037058580370588,0.95072466561478,0.14823432000000736,1.6201379994527088,6.7973889999848325
67.4589891809992,40.00902408,39.999999599999995,1.0002256120022563,0.9500286164078194,0.009024480000007884,1.207278000038059,6.356584999593906
67.5617056129995,40.04456904000001,40.0000032,1.0011141459108686,0.9502063231895419,0.04456584000001129,3.792579999753798,8.967089999714517
67.66113258399946,39.943684080000004,40.0000032,0.9985920221126383,0.9497018984298958,-0.056319119999997724,3.5373159998925985,7.690958000239334
67.76156181199985,40.03523136000001,40.0000032,1.000880703929544,0.950159634793277,0.03522816000000972,4.247771999871475,8.340821000274445
67.86150343999998,39.95924688,40.0000032,0.9989810920815126,0.9497797124236708,-0.040756319999999846,4.392998000184889,8.557343000575202
67.95944290499938,40.023161280000004,40.0000032,1.0005789519536838,0.950099284398105,0.023158080000001746,1.4987650001785369,6.64288600000873
68.0611681169994,40.03302168000001,40.0000032,1.0008254619339634,0.9501485863941609,0.03301848000000973,3.499186000226473,7.661384000130056
68.16000204199918,40.05846864,40.0000032,1.001461635883069,0.950275821183982,0.05846543999999909,2.3532979994342895,6.509531999654428
68.26037087999975,40.01332464000001,40.0000032,1.0003330359733573,0.9500501012020397,0.01332144000000568,1.401170999997703,7.66016200032027
68.3610260559999,39.97737576000001,40.0000032,0.9994343140452551,0.9498703568164192,-0.022627439999993726,3.292719999990368,7.670125000004191
68.45945930699963,40.047372720000006,40.0000032,1.0011842379052611,0.9502203415884204,0.04736952000000372,1.97034699976939,6.465698000283737
68.55997825899976,39.95713224,40.0000032,0.9989282260857418,0.9497691392245166,-0.0428709600000019,2.875510000194481,6.979206999858434
68.65837649099922,40.04896464,40.0000032,1.0012240359020772,0.9502283011877837,0.04896143999999936,1.3006509998376714,5.445495999993
68.75912976099971,39.88934496000001,40.0000032,0.9972335442213166,0.9494302028516315,-0.11065823999999225,1.409153000167862,5.572961000325449
68.8598951239992,40.008406320000006,40.0000032,1.000210077983194,0.950025509604007,0.008403120000004094,2.0179589992039837,7.1991539998634835
68.96111930999996,39.93798168,40.0000032,0.998449462124043,0.9496733864321768,-0.06202152000000183,3.9038790000631707,8.208707999983744
69.05931227899964,39.98832912,40.0000032,0.9997081480233482,0.9499251236120378,-0.01167407999999881,1.4660420001746388,6.645293000474339
69.16029608999997,39.958842960000005,40.0000032,0.9989709940823206,0.9497776928238323,-0.041160239999996406,2.10694199995487,7.1608020007261075
69.26081074499962,39.949338960000006,40.0000032,0.9987333941013286,0.949730172827634,-0.05066423999999614,1.26961299974937,7.848405000004277
69.35911006799961,40.03770240000001,40.0000032,1.0009424799246018,0.9501719899922886,0.03769920000000582,1.3927820000390057,5.501440999978513
69.45939407199967,39.929451840000006,40.0000032,0.9982362161411028,0.9496307372355888,-0.07055135999999607,2.0016250000480795,6.319733000054839
69.56113791400003,40.01981112000001,40.0000032,1.0004951979603842,0.9500825335994451,0.019807920000005197,3.066087000661355,8.394489000238536
69.66147888099931,39.91868856,40.0000032,0.9979671341626292,0.9495769208398941,-0.08131464000000221,1.6654709997965256,8.892681999896013
69.76060769899959,40.00146840000001,40.0000032,1.0000366299970698,0.9499908200067821,0.0014652000000054954,1.381707999826176,7.883536000008462
69.85992987199916,39.940500240000006,40.0000032,0.998512426119006,0.9496859792311694,-0.05950295999999611,2.8608239999812213,7.00903999950242
69.9595792909995,39.99669264000001,40.0000032,0.9999172360066214,0.9499669412086925,-0.003310559999988527,1.5576180003336049,6.721886999912385
70.05972325499988,40.03192872,40.0000032,1.000798137936149,0.950143121594598,0.031925520000001484,1.6391190001741052,6.807925000430259
70.1584125849995,40.00013784000001,40.0000032,1.000003365999731,0.9499841672073144,0.00013464000000595888,1.2153910001870827,5.372069000259216
70.25903875999938,40.07068128000001,40.0000032,1.001766951858644,0.950336884379097,0.07067808000000753,1.6080629993666662,5.75361199935287
70.3609685499996,39.96036360000001,40.0000032,0.9990090100792793,0.949785296023224,-0.03963959999999389,3.2966090002446435,7.4640109996835236
70.46083630599969,40.048845840000006,40.0000032,1.0012210659023149,0.9502277071878311,0.04884264000000371,3.197904000444396,7.335637999858591
70.55901088599967,39.916431360000004,39.999999599999995,0.9979107939791082,0.9495656528031898,-0.08356823999999108,1.6056929998740088,6.096803000218642
70.65929837099975,40.02572736,39.999999599999995,1.000643194006432,0.9501121328086546,0.02572776000000232,1.5065429997775936,5.693093000445515
70.75947579900003,39.91369896,39.999999599999995,0.9978424839784249,0.9495519908030532,-0.08630063999999749,1.7088250006054295,5.885652000870323
70.85953409499962,39.991465440000006,39.999999599999995,0.9997866459978667,0.9499408232069415,-0.0085341599999893,1.6101560004244675,6.779315000130737
70.96152744099982,40.03717968,39.999999599999995,1.0009295020092952,0.9501693944092272,0.037180080000005944,4.329200000029232,8.487861000503472
71.06171592399915,39.86073792,39.999999599999995,0.9965184579651847,0.9492871856004051,-0.13926167999999706,3.406054999686603,9.067980999134306
71.1615362349994,40.04323848,39.999999599999995,1.0010809720108098,0.9501996884095302,0.04323888000000409,3.550335999534582,8.714437999515212
71.25943679199918,39.92700456000001,39.999999599999995,0.9981751239817516,0.9496185188037185,-0.07299503999998791,1.8416599996271543,5.9453750000102445
71.36112574399976,39.99474432000001,39.999999599999995,0.9998686179986865,0.9499572176071055,-0.0052552799999858735,3.1519399999524467,8.328802000505675
71.45991242699984,39.96884592,39.999999599999995,0.9992211579922117,0.9498277256058105,-0.03115367999999563,2.2272209998845938,6.380548000379349
71.55876812899987,40.061296080000005,39.999999599999995,1.0015324120153244,0.9502899764104331,0.06129648000000998,1.1986859999524313,5.480478000208677
71.66168937899965,39.98398104,39.999999599999995,0.9995995359959956,0.9499034012065674,-0.01601855999999202,4.274568999790063,8.717771000192442
71.75949300899993,40.01821920000001,39.999999599999995,1.0004554900045552,0.9500745920082793,0.0182196000000161,1.9895320001523942,6.153137000183051
71.8601045359992,40.01560560000001,39.999999599999995,1.0003901500039019,0.9500615240081486,0.015606000000012443,1.8352150000282563,16.880829999536218
71.95909574099915,39.98666592000001,39.999999599999995,0.9996666579966669,0.9499168256067015,-0.013333679999988135,1.4066709991311654,5.584349999480764
72.05895173799945,40.04395128,39.999999599999995,1.0010987920109882,0.9502032524095658,0.04395168000000638,1.4477650001936127,4.856153999753587
72.16129205199923,39.93130512000001,39.999999599999995,0.9982826379828268,0.9496400216039336,-0.06869447999998357,4.089862999535399,8.23004099947866
72.26137108900002,40.06994472000001,39.999999599999995,1.0017486280174865,0.9503332196108655,0.06994512000001407,1.8925120002677431,8.799421000730945
72.36061824299941,39.98155752000001,39.999999599999995,0.9995389479953899,0.9498912836064461,-0.018442079999985594,2.600060999611742,7.77084899982583
72.46203528299975,40.08422448,39.999999599999995,1.0021056220210565,0.9504046184115795,0.08422488000000783,4.634724000425194,8.819198999844957
72.56143032799991,39.9870936,39.999999599999995,0.9996773499967736,0.9499189640067229,-0.012905999999993867,3.971602000092389,8.10620700030995
72.6607363889998,40.01565312,39.999999599999995,1.0003913380039136,0.9500617616081509,0.01565352000000786,3.196089000084612,7.503233000534237
72.75910687999931,40.075528320000004,39.999999599999995,1.0018882180188824,0.9503611376111447,0.07552872000000832,1.8101959994965,5.97485699927347
72.85971520399926,40.03794000000001,39.999999599999995,1.0009485100094855,0.9501731960092653,0.03794040000001786,2.3245009997481247,6.803555999795208
72.96159562199955,40.0794012,39.999999599999995,1.0019850400198504,0.9503805020113383,0.07940160000000418,4.355756000222755,8.715846000086458
73.05920817399965,40.00054176000001,39.999999599999995,1.000013554000136,0.9499862048073954,0.0005421600000161675,1.510543000222242,5.694037000466778
73.15912470900003,40.0447116,39.999999599999995,1.001117800011178,0.9502070540096038,0.04471200000000408,1.492987000347057,5.636536000565684
73.25862634799978,39.968727120000004,39.999999599999995,0.9992181879921821,0.9498271316058047,-0.031272479999991276,1.268447000256856,5.417885000497336
73.35888159099977,40.04138520000001,39.999999599999995,1.0010346400103467,0.9501904220094375,0.041385600000012346,1.267204999749083,5.429292000371788
73.45942074699997,39.97566504000001,39.999999599999995,0.9993916359939167,0.9498618212061516,-0.024334559999985572,1.8641599999682512,5.996709000100964
73.55873962399983,40.00049424,39.999999599999995,1.0000123660001239,0.9499859672073929,0.000494640000006541,1.4089679998505744,5.580572999861033
73.66172063399972,39.982341600000005,39.999999599999995,0.9995585499955858,0.9498952040064854,-0.01765799999999018,0.8137169998008176,8.147743999870727
73.75943302199994,39.9952908,39.999999599999995,0.999882279998823,0.9499599500071327,-0.004708799999995961,1.5775820002090768,5.778502000794106
73.8586718409997,40.02456312,39.999999599999995,1.0006140880061412,0.9501063116085964,0.024563520000008054,1.2832430002163164,5.564109000260942
73.96155233199988,39.958272720000004,39.999999599999995,0.9989568279895685,0.949774859605282,-0.041726879999991695,2.99354900016624,5.779150000307709
74.058730062,40.07930616,39.999999599999995,1.0019826640198268,0.9503800268113336,0.07930656000000624,1.2139830005253316,5.637999000100535
74.159482647,39.95746488,39.999999599999995,0.9989366319893666,0.9497708204052415,-0.04253471999999192,1.4418380005736253,6.631071000811062
74.25903632399968,40.04478288,39.999999599999995,1.001119582011196,0.9502074104096074,0.04478328000000431,1.4154489999782527,5.636777000290749
74.36079079599949,39.91740552000001,39.999999599999995,0.9979351479793518,0.9495705236032386,-0.08259407999998558,3.2582750000074157,7.436787999722583
74.45930621499974,40.003345440000004,39.999999599999995,1.0000836460008367,0.9500002232075355,0.003345840000008593,1.8973460000779596,6.041284000275482
74.56011030099944,40.00486608,39.999999599999995,1.0001216620012168,0.9500078264076115,0.004866480000004003,2.3960019998412463,6.568495999999868
74.66009311399921,39.98821032000001,39.999999599999995,0.999705267997053,0.9499245476067788,-0.011789279999987912,2.7089699997304706,6.851870999526
74.75824810199992,40.02413544000001,39.999999599999995,1.0006033960060343,0.9501041732085751,0.024135840000013786,1.1352230003467412,5.265623000013875
74.85793976199966,39.945062160000006,39.999999599999995,0.9986265639862659,0.9497088068046213,-0.054937439999989124,0.5254340003375546,4.608815999745275
74.9610548669998,40.079852640000006,149.65691552964,0.2678115641910451,0.8035458068455772,-109.57706288963999,3.725874999872758,7.990963000338525
75.06213312399996,39.99483936000001,148.45440614004,0.2694082338133641,0.6967182922391346,-108.45956678003998,4.665409000153886,8.762328000557318
75.16169878299934,40.12856064,146.1742992,0.2745254183506973,0.6122797174614472,-106.04573856,4.154530999585404,8.450026999526017
75.26040361199921,39.97317024,144.06729953688,0.2774617860437317,0.5453161311779041,-104.09412929688,2.591319999737607,6.794924999667273
75.36330497299969,39.98759256,142.41242850228002,0.280787238730079,0.4924103526883391,-102.42483594228003,2.383983000072476,10.04640399969503
75.46048422199965,40.07391264,140.74697249316,0.2847230880362099,0.45087289975791334,-100.67305985316,2.724674000091909,7.8912389999459265
75.55803290299991,40.02320880000001,139.0741735608,0.28778318630455707,0.41825495706724214,-99.05096476079999,1.0139980004169047,5.101897000713507
75.66149705099997,40.01973984,137.93905800000002,0.2901262370517275,0.3926292130641392,-97.91931816000002,3.57757700021466,8.663752000757086
75.75918334599919,39.97262376,136.2254364,0.2934299556407954,0.3727893615794705,-96.25281264,1.492673000029754,5.631369999719027
75.85853574099929,40.06381464000001,135.08788374036,0.2965759291706944,0.3734185562854503,-95.02406910036001,0.6973999998081126,5.790315999547602
75.96142799099925,39.981177360000004,133.38977811192,0.2997319429263463,0.37404975903658066,-93.40860075192,3.850043999591435,7.943536999846401
76.058989913,40.05181584,132.25860548784,0.3028295640368174,0.3746692832586749,-92.20678964783998,1.0387950005679158,4.208272000141733
76.15850247799972,39.931020000000004,131.1269868,0.30452175386981445,0.3750077212252743,-91.1959668,1.0689800001273397,5.192270000407007
76.25827482499972,39.92550768000001,129.4265952,0.30847993504197513,0.37579935745970644,-89.50108752,0.6677150004179566,4.7508739999102545
76.35896629799936,40.02762816000001,128.29045856759998,0.31200783446345143,0.3765049373440017,-88.26283040759998,1.1098329996457323,5.249363000075391
76.45894616699934,39.98775888,127.1531826216,0.31448492326771793,0.377000355104855,-87.1654237416,1.1292409999441588,6.229489999896032
76.55832226699931,40.06174752000001,125.44445699784,0.3193584513717479,0.377975060725661,-85.38270947784,0.7271599997693556,2.8072499999325373
76.65766130999964,40.00726584000001,124.30363679999999,0.3218511289767832,0.3784735962466681,-84.29637095999999,0.5956579998382949,3.7257829999362
76.7579574069996,40.00329792,123.16219981416002,0.3248017490785416,0.37906372026701973,-83.15890189416001,0.5602319997706218,2.6436919997649966
76.8580189989998,40.04704008000001,121.45086060228,0.32973862746962046,0.3800510959452355,-81.40382052228,0.8782740005699452,4.963711000527837
76.95818555599999,40.041504,120.31102140588001,0.3328165909664785,0.3806666886446071,-80.26951740588001,1.090962000489526,5.207140000493382
77.0580444039997,39.96378504,119.1721104,0.335345114774438,0.381172393406199,-79.20832536,0.5577490001087426,4.64311199993972
77.15903640099987,40.01890824,117.46526400000002,0.34068716893191503,0.38224080423769446,-77.44635576000002,1.1528340000950266,6.32632500037289
77.25838981499965,39.95230896,116.32827416652,0.34344452581501916,0.3827922756143153,-76.37596520652,1.0841659996003727,5.206011000154831
77.35829425699922,39.96010224,115.19188143912001,0.34690033482194044,0.3834834374156995,-75.23177919912001,0.6137880000096629,5.693944999620726
77.45848712899988,40.04033976000001,113.48854624908,0.35281392777841314,0.38466615600699405,-73.44820648908,1.073905999874114,4.257810000126483
77.55830238399994,39.96967752,112.3538328,0.3557482332725546,0.3852530171058224,-72.38415528000002,1.0530910003581084,5.157288000191329
77.65871307499947,40.06020312000001,110.6530092,0.36203446620772073,0.38651026369285557,-70.59280607999999,0.938663999477285,6.025153999871691
77.75827073299934,40.00873896000001,109.51999852356,0.3653098931643366,0.38716534908417877,-69.51125956356,0.9545709999656538,4.1324750000057975
77.85874675799914,40.04269200000001,108.3896203248,0.3694329021543594,0.3879899508821833,-68.34692832479999,1.0408499992990983,6.138914999610279
77.95873227499942,39.939763680000006,106.7157381744,0.3742631064850858,0.3889559917483286,-66.7759744944,0.9272179995605256,6.0144489998492645
78.0587551259996,40.01520168000001,105.6267,0.3788360488399241,0.38987058021929627,-65.61149831999998,1.1853710002469597,5.31545699959679
78.1587004209996,40.08334536,104.56496367119999,0.3833343784830295,0.39077024614791733,-64.48161831119998,1.0918520001723664,5.2101780001976294
78.25809655800003,40.53623472,103.02222167028,0.39347078778533034,0.39279752800837753,-62.48598695028,0.9283490007874207,5.0092670007870765
78.35846572899936,41.02096248,102.02755057092,0.4020577015762627,0.394514910766564,-61.00658809092,1.0659059998943121,5.194472999392019
78.45837535600003,41.71724928000001,101.05852320000001,0.41280287856017284,0.396663946163346,-59.34127392,0.5733610005336232,5.663166000886122
78.5610786949992,42.43487256,99.6554196,0.4258160040901579,0.399266571269343,-57.22054704,3.098660999967251,8.302876000016113
78.65810746099942,43.06534416,98.7524092962,0.43609411119103864,0.4013221926895192,-55.6870651362,1.0133690002476214,5.167733000234875
78.75812768199921,43.92987552,97.8735417174,0.44884321900645113,0.40387201425260166,-53.9436661974,0.5767689999629511,4.663056999561377
78.85830984999939,44.58660192000001,96.5968788276,0.4615739396670917,0.4064181583847298,-52.01027690759999,1.194185999338515,5.37884599998506
78.95817630999954,45.24563304000001,95.77031400000001,0.4724390173765119,0.4085911739266138,-50.524680960000005,1.0689250002542394,5.18658399960259
79.05829579199963,45.831364560000004,94.5663588,0.4846476605589683,0.4110329025631051,-48.73499424,0.7854570003473782,4.8736899998402805
79.15986876099942,46.38939192000001,93.78619850916,0.49462919552570633,0.4130292095564527,-47.39680658915999,2.5868749999062857,5.820186999699217
79.25920184200004,47.00748456,93.02273843976,0.5053332695687225,0.4314900215589067,-46.01525387976,1.3219110005593393,6.430272000216064
79.36053332499978,47.51868096000001,91.90774187532001,0.517025878238449,0.43382854329285203,-44.38906091532,2.80436000048212,7.1297270005743485
79.45883079599935,47.941822800000004,91.18332720000001,0.5257740013680923,0.4522176349079001,-43.241504400000004,1.1274069993305602,5.235548000200652
79.55907063199993,48.54962736,90.229986,0.538065331850988,0.4546759010044793,-41.680358639999994,1.9161240006724256,5.153547000190883
79.65870006999921,48.94302168,89.463996,0.5470694789890673,0.4731546166013969,-40.52097431999999,1.4464129999396391,5.5732020000505145
79.75834837699949,49.56503472000001,88.93996612884001,0.557286413266666,0.47519800345691665,-39.374931408840006,1.2441680000847555,5.3432899994732
79.85886671799926,49.99214448000001,88.12578072492,0.5672817201591424,0.49361474679736184,-38.13363624492,1.0519990000830148,5.176140000003215
79.95932077999987,50.52995208,87.28852283424,0.5788842615191903,0.4959352550693714,-36.75857075424,1.8271779999849969,5.987487000311376
80.0600789759992,51.15645576000001,86.43866369616,0.5918237692778284,0.5151129579110628,-35.28220793616,1.2502979998316732,6.842888999926799
80.16127212399988,51.63061032,85.58162373024,0.6032908476093389,0.517406373577365,-33.951013410239995,1.674157000707055,8.075594000729325
80.26014906799992,52.17633000000001,84.72106294092,0.615860190946672,0.5370971370512264,-32.54473294092,1.169779000520066,7.440399000188336
80.35935758999949,52.70727096,83.86035093324,0.6285124063213078,0.5396275801261535,-31.153079973239997,1.6577489996052464,5.960688999948616
80.45973568799945,53.197629840000005,83.001146121,0.6409264489245474,0.5598873538858323,-29.803516281,2.2919819994058344,6.518162000247685
80.55933930999981,53.790750720000005,81.8595684,0.6571101188459235,0.5793319068778506,-28.068817679999995,1.7976590006583137,6.130100000518723
80.65868129799946,54.38496456000001,81.008424,0.671349495208054,0.5821797821502767,-26.623459439999998,0.9324599996034522,6.018782999490213
80.76137480399939,54.91390968,79.88247759636,0.6874337318063136,0.6032305720814841,-24.96856791636,1.1633149997578585,8.599861999755376
80.8579449129993,55.44606240000001,79.04533843908,0.7014463280808408,0.6228737232813555,-23.59927603907999,0.6961589997445117,4.779836999659892
80.96108262999951,55.99292256000001,77.93913190176,0.7184186068505028,0.6262681790352879,-21.946209341759996,1.8990859998666565,8.282986999802233
81.06201155099916,56.57979456000001,76.84376400000001,0.7362965010407352,0.6482738434363774,-20.263969439999997,4.180567999355844,9.39483799993468
81.15983484799926,57.09004056000001,76.0287708,0.7509004809531922,0.6687991709397404,-18.93873023999999,2.796989999296784,6.887519999509095
81.26214601399988,57.5636724,74.95062063156,0.7680212907504764,0.6886435949018876,-17.386948231559998,4.3124960002387525,9.399004999977478
81.35858202899999,58.18642200000001,73.88164732212,0.7875625965175133,0.692551856055295,-15.695225322119995,0.985294000201975,2.251591999993252
81.45947480199993,58.70286936,72.82114560000001,0.8061239476023843,0.7152662743647129,-14.118276240000007,2.4430399998891517,6.5333480006302125
81.56211425099991,59.21052552,71.50660123428,0.8280427890287518,0.7378215772975207,-12.29607571428,4.39944200024911,8.625289000519842
81.66144927599998,59.79416616,70.4630484,0.8485889770275679,0.7599750572435302,-10.668882240000002,3.4678160000112257,8.650196999951731
81.76122280799973,60.31429632000001,69.16793076036001,0.8719979860170401,0.7823796429982323,-8.853634440359997,3.8929339998503565,8.082594999905268
81.85966042999917,60.8335236,68.138622,0.8927906349500287,0.8044618413885916,-7.3050983999999985,2.1290169997882913,6.312880999757908
81.9611831379998,61.35405768000001,66.85980869843999,0.9176523067352353,0.8270999344579204,-5.50575101843998,2.926473000115948,8.34837599995808
82.06223726499957,61.90346016,65.58885333036001,0.9438106784426112,0.8504420832548587,-3.6853931703600082,4.611778000253253,8.918886000174098
82.16206855799919,62.406102960000005,64.3250772,0.9701675563632283,0.8743871778765326,-1.91897423999999,4.522925999481231,8.746290999624762
82.26176769999984,62.96950008,63.067842216360006,0.9984406928649527,0.8991978808742167,-0.098342136360003,4.33625599998777,8.529565000571893
82.36219140899993,63.485044560000006,61.816400204400004,1.0269935543008413,0.9247570155595417,1.6686443556000015,4.484499000682263,8.690919000400754
82.46570853899993,64.08785952000001,60.321011824440006,1.0624466928128318,0.9522949510101998,3.7668476955600028,8.415488000537152,12.632094000764482
82.5597046999992,64.62471672000001,59.07854160000001,1.0938779964737653,0.980611560102913,5.546175120000001,2.207257999543799,6.390881999323028
82.65940898999997,65.18269656000001,57.589956,1.131841402344534,1.0108575285512373,7.59274056000001,1.8939010005851742,6.091636000746803
82.76041933899978,65.64748968,56.1034692,1.1701146224305146,1.0427089473270927,9.544020480000007,2.422743999886734,7.61103200056823
82.86020814899985,66.25289448000001,54.621129599999996,1.2129535761193782,1.0767578730855498,11.631764880000013,2.7600640005402965,7.205765999970026
82.96103677199972,66.7545156,53.15355,1.2558806627214927,1.1125824310127383,13.600965600000002,3.090180000071996,8.004408000488183
83.06140164699991,67.33860768000001,51.7195728,1.3019946614872273,1.1504648771076362,15.619034880000008,1.4851720006845426,7.915721000244957
83.16554191699925,67.84193952000001,50.11288355160001,1.3537823951029446,1.191128380706698,17.729055968400004,8.023667000088608,12.189160999696469
83.26269449899974,68.40797400000001,48.64577069988,1.4062471005350679,1.234152124672372,19.762203300120007,5.372050000005402,9.720639000079245
83.36090554299972,69.02761104000001,47.243744846640006,1.4610952468749794,1.2795407491128934,21.783866193360005,3.4190930000477238,7.622660999913933
83.46095661699928,69.46968960000001,46.23597981828,1.502502809998508,1.3241331612900165,23.23370978172001,2.9946969998491113,8.166354999957548
83.56192961299985,69.98468760000002,45.287192655720006,1.5453527475645057,1.3683770785449143,24.69749494428001,4.314069999963976,8.491786000377033
83.65999282099983,70.58826288,44.5069872,1.586004070839466,1.4119024770038247,26.081275680000005,2.8662320000876207,7.063818999995419
83.763086037,71.13932856000001,43.4890224,1.6357996715971248,1.4566819159224846,27.650306160000007,5.03330400078994,10.20077700013644
83.85922921399924,71.64831528,43.10433691128,1.6622066458758193,1.4977868619131516,28.543978368720005,1.814233999539283,6.153988999358262
83.96159049199923,72.1740528,42.685211742119996,1.690844436617416,1.5363983768540044,29.488841057880002,3.6401519992068643,8.82245899992995
84.06552292499964,72.75049416,42.21909,1.7231658512772303,1.5737518717386498,30.53140416,7.950852000249142,12.129048999668157
84.15968962499937,73.180764,41.831661600000004,1.7494108816370801,1.608883673718336,31.349102399999992,2.253906999612809,6.613792999814905
84.26138329999958,73.78505208,41.46461093628,1.779470503012505,1.64300103957717,32.32044114372,3.241108999645803,7.772386000397091
84.35886412799937,74.33421696,41.194102256280004,1.804486877697834,1.6752982072013027,33.14011470372,1.5743220001240843,5.844724999406026
84.4616459129993,74.86644096,40.952280427560005,1.8281385109293327,1.7058662679469088,33.91416053244,3.0522910001309356,8.128558999487723
84.56124333099979,75.43328328000001,40.745187270360006,1.8513421666090557,1.7349614476793382,34.688096009640006,2.3832240003685,8.463193999887153
84.66345195799931,75.99002760000002,40.5670248,1.8731969616859854,1.762608550480668,35.42300280000002,2.068125999358017,10.06645999950706
84.76301226499982,76.50124776,40.405414476960004,1.8933414927255003,1.7887551389296346,36.095833283039994,4.4160349998492165,9.67395400039095
84.86049612999977,77.06138976000001,40.2279804,1.915616667646582,1.8141274446730242,36.83340936000001,3.309683999759727,7.434416999785753
84.96139166199919,77.60221488,40.06943609868,1.9366934610431525,1.83864064794705,37.532778781320005,3.259775999140402,8.557213999665692
85.06114130499918,78.17456952,39.9233664,1.9581156743335153,1.8625356532243433,38.25120312000001,3.499612999803503,8.06174299941631
85.16127580600005,78.67008432000002,39.8076768,1.9762540957929002,1.885279341738055,38.86240752000001,2.4956520001069293,7.9083880000325735
85.26035856699946,79.21128960000001,39.731511714839996,1.9936641265631492,1.906956298703074,39.47977788516002,2.1588130002783146,7.051966000290122
85.36395097699915,79.73921304000001,39.675668473440005,2.0097761703342103,1.9275202730293013,40.063544566560005,6.515513999147515,10.776193999845418
85.46050514099989,80.25630192,39.6430247538,2.0244747321483585,1.946911164853113,40.6132771662,1.6293960006805719,7.0391509998444235
85.56276163999974,80.62624512,39.62286837756,2.0348412020988826,1.9489844588432177,41.00337674243999,4.430906000379764,9.371486000418372
85.65899811500003,80.86066128000002,39.6155556,2.041134096324526,1.9674143863394795,41.245105680000016,1.635935000194877,5.883818000256724
85.75935706399923,80.90119584,39.61689239052001,2.0420883859976606,1.9676052442741065,41.28430344947999,1.462597999307036,5.854484999872511
85.85905742799969,80.74437984000001,39.626432377920004,2.037639398619975,1.9667154467985692,41.117947462080004,1.5992850003385684,5.749982999986969
85.96246401899953,80.64195048,39.6426935682,2.034219757072415,1.9660315184890573,40.9992569118,4.412422999848786,9.65560100030416
86.06211171599989,80.36735616000001,39.66407516088,2.0262001782223567,1.9644276027190457,40.70328099912001,4.25481000002037,9.07018500038248
86.1598680119996,80.23306464000001,39.6869628438,2.021647888647499,1.963517144804074,40.546101796200006,1.6696020002200385,6.149619000098028
86.2589635509994,80.12179655999999,39.71436844716,2.01745110630683,1.9626777883359403,40.407428112839995,1.2675019997914205,5.419754999820725
86.36038520299917,79.93663488,39.74326324884,2.011325400722678,1.9614526472191098,40.19337163116,2.495040999747289,7.706384999437432
86.4598870639993,79.91555976,39.772736449199996,2.009305038944773,1.961048574863529,40.1428233108,2.657672999703209,6.825481999840122
86.56060759299999,79.8227532,39.80209204872,2.00549139734395,1.9602858465433644,40.020661151279995,2.972271000544424,7.133505000638252
86.6598083379995,79.78977432,39.8285316,2.003332061581703,1.9598539793909149,39.96124272000001,1.76658399959706,6.730905999575043
86.75936425599957,79.884054,39.85405075476,2.004414921122139,1.9600705512990022,40.03000324524,1.8632339997566305,6.022395000400138
86.86084692699933,79.90422624,39.88040635764,2.0035960898551006,1.9599067850455945,40.02381988236,1.4600799995605485,7.580624000183889
86.95900093299952,79.95818520000002,39.904859961,2.003720481117967,1.9599316632981678,40.05332523900002,1.7941779997272533,5.904984999688168
87.05929988099979,79.98857423999999,39.92539323564,2.0034511311612326,1.9598777933068208,40.06318100435999,1.6338049999831128,6.211324000105378
87.16052156599926,79.98859800000002,39.94559643168,2.0024384449186186,1.959675256058298,40.04300156832002,1.3513549993149354,6.684812999992573
87.26118850199964,79.96274712000002,39.96344042784,2.0008974768922805,1.9593670624530304,39.99930669216002,3.5655949995998526,4.76663399967947
87.35961945599956,80.03559528000001,39.978931223880004,2.001944344930201,1.9595764360606145,40.056664056120006,1.501394000115397,15.531715000179247
87.46171019299982,80.01052848000002,39.991129199999996,2.000706908771159,1.9593289488288061,40.01939928000002,3.9721390003251145,4.011990999970294
87.56205269699967,80.03483496000001,40.002357599999996,2.00075294962115,1.9593381569988044,40.032477360000016,4.202420000183338,9.383077999700618
87.66058650599916,79.98420240000002,40.0115484,1.9990279206490298,1.9589931512043803,39.97265400000001,3.041308999854664,7.327896999413497
87.76038403799976,80.01273816000001,40.01832478908,1.9994024882779073,1.9590680647301557,39.994413370920014,3.303591000076267,7.470214000022679
87.86147312899993,79.96393512000002,40.024483200000006,1.9978755183527268,1.9587626707451196,39.93945192000001,2.946493000308692,8.141559000250709
87.96150064699941,80.01178776,40.028285994120004,1.9988811854635349,1.9589638041672812,39.98350176588,3.9712689995212713,8.499434999976074
88.06147955199958,79.9792128,40.030946403840005,1.9979345977273202,1.9587744866200383,39.948266396159994,3.901729999597592,8.078853000370145
88.16246358599983,79.99156800000002,40.03270680204,1.9981553681981796,1.9588186407142103,39.95886119796001,1.7515469999125344,9.299948000261793
88.26206357799947,79.90408368,40.03343880048,1.9959335514050807,1.9583742773555906,39.87064487952,4.593908000060765,8.771050000177638
88.36191775999941,80.00534880000001,40.03331159916,1.9984694146981015,1.9588814500141947,39.972037200840006,2.7694159998645773,8.774105999691528
88.45967533299972,79.99064136000001,40.0325724,1.9981389294883287,1.95881535297224,39.95806896000001,1.9358090003152029,6.110932999945362
88.55948977299977,79.78326408000001,40.0312188,1.9930261049158966,1.9577927880577537,39.75204528000001,2.212053999755881,6.41086300038296
88.66241656099919,80.03367072,40.0294188,1.9993712903970517,1.9590618251539846,40.00425192,1.3660039994647377,9.553266999319021
88.76181653099957,79.94212344000002,40.0272912,1.9971904429046154,1.9586256556554975,39.91483224000002,4.48992499968881,8.61852900015947
88.86004394599968,80.08960176000002,40.025140804079996,2.000982386346434,1.959384044343861,40.064460955920026,2.5599500004318543,6.811148000451794
88.96073217799949,79.97227488000001,40.022666404199995,1.998174586179188,1.9588224843104118,39.94960847580002,2.6972850000674953,7.993518999683147
89.06408854599977,79.91791200000002,40.02012720432,1.9969429780166523,1.9585761626779048,39.89778479568002,4.6604280005340115,11.056309999730729
89.16182645299978,80.01969984000002,40.0175904042,1.9996131459129942,1.959110196257173,40.002109435800016,4.280459000256087,8.835532999910356
89.25988234599936,80.02143432,40.0155012,1.9997608906620414,1.9591397452069825,40.005933119999995,2.1311459995558835,6.408270999600063
89.35972132299958,79.93694376,40.0130712,1.99777076247024,1.9587417195686223,39.92387256000001,1.653729999816278,6.922483000380453
89.46070233799946,80.0268516,40.0107636,2.000133074191066,1.9592141819127875,40.016088,1.6153779997694073,7.7755149995937245
89.55940261199976,79.98429744,40.0086108,1.9991770731514629,1.9590229817048668,39.975686640000006,1.0470540000824258,6.309362000138208
89.66174096399936,80.04521808000003,40.006638,2.000798419502284,1.9593472509750312,40.038580080000024,2.017940999394341,8.309838999593921
89.76089907799997,79.99667640000001,40.0048596,1.9996739696094323,1.9591223609964608,39.99181680000001,2.9673810004169354,8.21170700055518
89.86206337399926,79.9931124,40.003402802400004,1.9996576989995665,1.9591191068744875,39.9897095976,3.3451839999543154,8.954219999395718
89.95977048399982,79.95882672000002,40.00201200216,1.9988701247247878,1.9589615920195318,39.95681471784002,2.7265449998594704,6.885927000439551
90.06101837299957,80.02086408000001,40.0008168018,2.000480752093021,1.9592837174931785,40.02004727820001,1.9881429998349631,8.059445999606396
90.16194142399945,79.85870208000001,39.99981480156,1.9964767956097014,1.9584829261965147,39.858887278440015,2.01369899968995,8.910440999898128
90.2644062039999,80.06489136000002,39.9990503988,2.00166980370119,1.9595215278148124,40.06584096120002,4.249069000252348,10.846418000255653
90.35913067199999,80.06225400000002,39.9984264,2.0016350943246115,1.9595145859394967,40.063827600000025,1.5145430006668903,5.702593000023626
90.46018392899987,79.96728528,39.997893600000005,1.999287414475246,1.9590450499696235,39.969391679999994,1.3141509998604306,7.189005999862275
90.56171047099997,80.02841976,39.9974976,2.0008356662792823,1.9593547003304308,40.03092216,3.7882100004935637,8.344339000359469
90.66014292599993,80.01542304,39.997242000359996,2.0005235120781535,1.959292269490205,40.018181039640005,2.2580740005651023,7.4189910001223325
90.7597557149993,80.06365584000001,39.997070400240005,2.0017380032793497,1.9595351677304442,40.066585439760004,1.6514159997313982,6.906816000082472
90.86177761699946,79.93340352,39.99699,1.9984854740319211,1.9588846618809586,39.93641352,4.40270099988993,8.625917999779631
90.96142690599936,79.95488256000002,39.99699,1.9990224904424063,1.9589920651630557,39.95789256000002,2.6116899998669396,8.269412000117882
91.05949128099928,79.95229272000002,39.99704640012,1.9989549208253574,1.9589785512396458,39.95524631988002,1.3483550001183175,6.005856999763637
91.1587824899998,80.00035919999999,39.99716040024,2.0001509707054095,1.9592177612156563,40.00319879975999,1.5212100006465334,5.7287220006401185
91.26050168399979,80.06838408,39.99731400036,2.0018440258083166,1.9595563722362377,40.07107007964,1.5339139999923646,7.025689000329294
91.36189561299943,80.01965232,39.997483200000005,2.0006171868333955,1.9593110044412534,40.02216912,4.444035000233271,8.789032000095176
91.45959107399995,80.01330840000001,39.997692,2.000448135857439,1.959277194246062,40.01561640000001,1.492228000643081,6.340677000480355
91.56266882699947,80.04455279999999,39.9979116,2.001218303607631,1.9594312277961006,40.04664119999999,3.724338999745669,9.222650000083377
91.66147089899914,80.00012160000001,39.9981384,2.0000961244736333,1.959206791969301,40.00198320000001,1.7890849994728342,7.8627389993926045
91.76115211499928,79.92867528000002,39.9983688,1.9982983726076353,1.9588472415961014,39.93030648000002,3.0897169999661855,8.372247999432147
91.86202262799998,79.97686056,39.99857399964,1.9994927959361706,1.9590861262618084,39.978286560360004,3.3957590003410587,8.533490999980131
91.9655440359993,80.02516464000001,39.99879359964,2.0006894568120237,1.959325458436979,40.02637104036001,7.720829999925627,12.846562000049744
92.06252144799964,79.94483208,39.99900479976,1.9986705289347517,1.9589216728615246,39.945827280239996,5.159954000191647,9.418337999704818
92.16827517000002,80.01418752000001,39.99920039964,2.000394675907575,1.9592665022560893,40.014987120360004,10.425392000797729,15.555660000245553
92.26394226499997,80.01333216000002,39.99936600036,2.000365009767402,1.9592605690280547,40.01396615964002,5.84409500061156,10.479930000656168
92.35947456199938,80.03858904,39.999529200240005,2.0009882776200216,1.9593852225985786,40.03905983976,1.8950309995489079,6.338899999718706
92.45958045099997,80.0065368,39.9996648,2.000180181509921,1.9592236033765587,40.00687200000001,1.449616000172682,6.73633200040058
92.5622630859998,79.99641504,39.9997944,1.9999206555921698,1.9591716981930083,39.99662064,1.6791570005807444,8.610677000433498
92.66243647699957,80.05914144000002,39.99989759976,2.001483659810179,1.9594842990366101,40.05924384024002,4.16160500026308,8.746808999603672
92.76072679899971,79.97945040000002,39.99999359988001,1.9994865799238515,1.9590848830593446,39.97945680012001,2.7422660004958743,7.122801000150503
92.8601960119995,79.99273224000001,40.00007279988,1.999814666343307,1.9591505003432357,39.99265944012001,1.9137720000799163,6.632626999817148
92.96072174099936,79.99066512,40.00013759988,1.9997597488324634,1.959139516841067,39.990527520120004,1.5395249993161997,7.605920000059996
93.06156749499951,80.01200160000002,40.0001868,2.000290698642438,1.959245706803062,40.01181480000002,3.5068170000158716,8.432266999989224
93.16169660699961,80.06258664000002,40.00022160012,2.001553577387177,1.9594982825520098,40.06236503988002,1.8685679997361149,8.4846749996359
93.26127896899925,80.03036808000002,40.000248,2.0007467973698567,1.9593369265485456,40.03012008000002,2.7967679998255335,6.627273999583849
93.36355593099961,80.0104572,40.000266,2.0002481283499463,1.9592371927445635,40.0101912,4.482203000407026,10.469967000062752
93.46143254299932,80.00275896000001,40.000273199999995,2.0000553136222083,1.959198629799016,40.00248576000001,4.198271999484859,8.456284999738273
93.56196438400002,80.02761192000001,40.000273199999995,2.0006766333785944,1.9593228937502931,40.02733872000002,4.72861400066904,8.847162000165554
93.66111133199956,79.96170168,40.0002696,1.999029068544078,1.95899338078339,39.96143208,3.1392549999509356,8.48308199965686
93.76228357199943,79.98448752,40.00026120012,1.9995991306116783,1.95910739319691,39.98422631988,4.567277999740327,6.437455999730446
93.8605592469994,79.99981272000001,40.000248,1.999982918105908,1.959184150695756,39.99956472000001,1.7182510000566253,7.812220000232628
93.96208614099942,80.01131256,40.00023,2.000271312439953,1.9592418295625649,40.01108255999999,1.0331650000807713,8.96427599946037
94.06372216599993,80.03713968000001,40.000212,2.0009178871351985,1.959371144501614,40.03692768000001,6.272491000345326,10.632653999891772
94.16126499499933,80.00278272,40.000194,2.0000598677096417,1.9591995406165026,40.00258872,3.623502999289485,8.344338999449974
94.25889414099947,79.99959888000001,40.000176,1.9999811720828429,1.959183801491143,39.999422880000004,1.2396689999150112,5.9565969995674095
94.35950064899953,80.0403948,40.00015440000001,2.001002146131716,1.9593879963009175,40.040240399999995,1.5494139997827006,6.734794000294642
94.46156399699976,79.93708632,40.0001328,1.9984205232438628,1.958871671723347,39.93695352,4.21053199988819,8.387785000195436
94.56225533999987,79.98242040000001,40.0001148,1.9995547712778068,1.9590985213301357,39.98230560000001,3.971509000621154,7.1674870005153934
94.66149084499921,80.05267872,40.0000968,2.001312124824658,1.9594499920395059,40.05258192,3.7673949991585687,7.930943999781448
94.75880722599959,79.97617152000002,40.000078800000004,1.9994003491813124,1.9590676369108369,39.97609272000002,1.5061359999890556,5.695630000445817
94.8621398159994,79.99173432000002,40.00006080000001,1.9997903183187162,1.9591456307383175,39.99167352000001,2.063514999463223,8.835347000058391
94.96252678399924,79.98845544000001,40.0000464,1.9997090663374832,1.959129380342071,39.98840904000001,4.180549000011524,9.45387599949754
95.06170602899965,79.99479936,40.00003319988,1.9998683241152906,1.9591612318976324,39.99476616012,4.078103000210831,8.748254000238376
95.16164052699969,80.01040968000001,40.0000212,2.000259181862634,1.9592394034471012,40.01038848000001,3.6935970001650276,8.96121999994648
95.26244405699981,79.90876440000001,40.0000104,1.9977185905931667,1.9587312851932077,39.90875400000001,5.1449729999148985,7.286174000000756
95.36674605199914,80.00622792,40.0000032,2.000155537987557,1.9592186746720857,40.00622472,9.118166999542154,12.866097999904014
95.46138651899946,80.01021960000001,39.999996,2.0002556900255692,1.9592387050796882,40.01022360000001,3.240774999540008,8.119076999719255
95.5622471429997,80.06947704000001,39.9999888,2.0017374864864967,1.9595350643718736,40.06948824000001,2.186128000175813,8.81127299999207
95.66153290799957,79.95262536000001,39.999985200000005,1.9988163735620583,1.958950841786986,39.95264016000001,3.7957470003675553,8.38193300023704
95.76140355299958,79.98094728000001,39.9999816,1.999524601781317,1.9590924874308377,39.98096568000001,1.6341749997081934,8.43941499988432
95.8654490989993,80.01133632000003,39.999978,2.00028450815648,1.9592444687058703,40.01135832000003,6.644774999585934,12.003213999378204
95.95950303799964,80.00173728000001,39.999978,2.000044532024493,1.959196473479473,40.001759280000016,1.5269880004780134,6.084525000005669
96.0595181109993,79.99909992000002,39.9999744,1.9999787779864184,1.959183322671858,39.99912552000002,1.5978219998942222,6.747462000021187
96.16263745699962,80.00368560000001,39.9999744,2.0000934200597893,1.9592062510865322,40.00371120000001,5.379809999794816,9.573934000400186
96.25875511499999,80.01209664000001,39.9999744,2.000303696194366,1.9592483063134476,40.01212224000001,1.6345450003427686,3.8061360000938294
96.36689889399986,79.98508152000001,39.999978,1.999628137795476,1.9591131946336695,39.98510352000001,9.611303999918164,13.768409000476822
96.45897657899968,80.05284504000001,39.999978,2.001322226727225,1.9594520124200194,40.05286704000001,1.6765090003900696,5.836557999828074
96.56085331199938,79.99135416,39.999978,1.9997849538817247,1.9591445578509192,39.99137616,3.5004829996978515,7.693217999985791
96.66209473899926,80.11181736,39.9999816,2.0027963552863235,1.959746838131839,40.111835760000005,2.224739999292069,9.402875999512617
96.76041107999936,80.05878504,39.9999816,2.0014705466764515,1.9594816764098646,40.058803440000005,2.7713780000340194,7.100948999323009
96.86167735899926,80.00755848,39.999985200000005,2.0001897020701898,1.9592255074886122,40.007573279999995,4.538647999652312,8.783623999988777
96.96130503699987,80.06420232000002,39.999985200000005,2.0016057985941456,1.9595087267934035,40.064217120000016,3.20829300017067,8.550047000426275
97.06090249199951,80.04517056,39.9999888,2.001129824316351,1.9594135319378445,40.045181760000006,2.169034999496944,7.787311999891244
97.16151266799989,79.99841088000002,39.9999888,1.9999608319890336,1.959179733472381,39.998422080000026,3.3328879999316996,8.839533000355004
97.25986973199997,80.01418752000001,39.999992400000004,2.000355068067463,1.959258580688067,40.014195120000004,1.6315259999828413,7.027022000329453
97.3611698629993,79.97655168000001,39.999992400000004,1.9994141718886929,1.9590704014523128,39.97655928000001,3.4264629994140705,8.020648999263358
97.46141106999949,79.88633496000001,39.999996,1.9971585737158575,1.9586192818177457,39.88633896000001,3.46970499958843,8.651547999761533
97.56140738299928,80.04557448000001,39.999996,2.0011395621139565,1.9594154794973657,40.04557848000001,1.3840589999745134,8.436266999524378
97.6598645239992,80.00071560000002,39.999996,2.0000180900018094,1.9591911850749362,40.00071960000002,2.274796999699902,15.834498999538482
97.76125021200005,80.02236096000001,39.999999599999995,2.000559044005591,1.9592993758756925,40.02236136000002,1.7656770005487488,8.487935000630387
97.86104489199988,80.08225992000001,39.999999599999995,2.0020565180205656,1.9595988706786875,40.08226032000002,3.7066889999550767,5.865132000508311
97.96095151899954,80.02716048,39.999999599999995,2.000679032006791,1.9593233734759326,40.02716088000001,3.663243999653787,7.792960000188032
98.06017226499989,80.03488248,39.999999599999995,2.000872082008721,1.9593619834763185,40.03488288,1.506673000221781,7.2292479999305215
98.16101096199964,79.99109280000002,39.999999599999995,1.999777339997774,1.959143035074129,39.99109320000002,3.5067050002908218,7.731661999969219
98.261335874,80.05838112,40.0000032,2.0014593678832506,1.9594794406512244,40.058377920000005,3.274461000728479,5.557331000090926
98.36176136099948,79.96681008,40.0000032,1.9991700920663926,1.9590215854878528,39.96680688,4.17042000026413,8.31811700027174
98.46191976999944,80.00461224,40.0000032,2.0001151459907884,1.959210596272732,40.00460904,3.603225000006205,9.038868999596161
98.56170630199995,80.03400336000001,40.0000032,2.0008499239320066,1.9593575518609756,40.03400016000001,4.167623000284948,8.357469000657147
98.66033787199922,80.05151448000001,40.0000032,2.001287701896984,1.9594451074539712,40.05151128000001,2.4163549996956135,7.131782999749703
98.7591939999993,80.01623088,40.0000032,2.0004056119675506,1.9592686894680844,40.01622767999999,1.5473959992959863,5.7255379997513955
98.86137473799954,80.00104824000002,40.0000032,2.0000260459979167,1.9591927762741577,40.001045040000015,3.420889000153693,17.587897999874258
98.95950209499915,80.03982456000001,40.0000032,2.000995453920364,1.9593866578586472,40.03982136000001,1.429115999599162,6.01237599948945
99.06220256399956,79.96279464000001,40.0000032,1.9990697060744238,1.9590015082894592,39.96279144000001,1.3940039998487919,9.027146999869728
99.16183050099971,79.90474896,40.0000032,1.9976185641905149,1.9587112799126773,39.904745760000004,1.493061000473972,8.7463090003439
99.26478195499931,80.00021664000002,40.0000032,2.00000525599958,1.9591886182744904,40.00021344000002,3.935748999538191,11.4205559993934
99.36185412899977,80.00316288000002,40.0000032,2.0000789119936875,1.9592033494733119,40.00315968000002,4.692762000559014,8.932775000175752
99.46108852199995,80.08104816,40.0000032,2.0020260438379163,1.9595927758421576,40.08104495999999,2.269129000524117,7.579011999951035
99.56324892699922,79.9705404,40.0000032,1.999263350058932,1.9590402370863607,39.9705372,5.526497999198909,7.73238500005391
99.65871336999953,80.04975624000001,40.0000032,2.0012437459005006,1.9594363162546744,40.049753040000006,1.5037459997984115,5.667833000188693
99.7617757149992,80.03523888000002,39.999999599999995,2.0008809920088106,1.9593637654763365,40.03523928000003,2.8341199995338684,8.363042999917525
99.86289210299947,79.99354008000002,39.999999599999995,1.9998385219983859,1.9591552714742515,39.99354048000002,1.8465860002834233,10.215981999863288
99.96109346100002,80.01889200000002,39.999999599999995,2.000472320004724,1.959282031075519,40.01889240000003,2.660025000295718,5.954338000265125
100.06176134099951,79.98370344000001,39.999999599999995,1.9995926059959266,1.9591060882737596,39.98370384000002,1.8890119999923627,8.570490999773028
100.16237166499923,79.83073656,39.999999599999995,1.9957684339576847,1.9583412538661111,39.83073696000001,4.238384000018414,9.008331999211805
100.26085861999945,80.02692288000001,39.999999599999995,2.0006730920067315,1.9593221854759206,40.02692328000002,3.622835999522067,5.017729999963194
100.36079306299962,80.00024040000001,39.999999599999995,2.0000060300000606,1.9591887730745865,40.000240800000014,1.0963519998767879,7.010633000390953
100.45962898699963,80.05393800000002,39.999999599999995,2.001348470013485,1.9594572610772714,40.05393840000002,1.6543600004297332,6.823222000093665
100.55906221699934,79.9821828,39.999999599999995,1.9995545899955462,1.9590984850736834,39.98218320000001,1.206963999720756,5.368383999666548
100.65923534800004,80.03920680000002,39.999999599999995,2.0009801900098028,1.959383605076535,40.03920720000002,1.5677660003348137,5.762019000030705
100.76090459699935,80.05391424000001,39.999999599999995,2.001347876013479,1.9594571422772702,40.053914640000016,1.4270239998950274,7.726236999587854
100.85953799899926,79.97275008000001,39.999999599999995,1.9993187719931882,1.959051321473212,39.972750480000016,1.630007999665395,6.8261480000728625
100.96182897999915,79.95043944,39.999999599999995,1.9987610059876102,1.9589397682720964,39.95043984,0.8588479995523812,8.874366999407357
101.06078631299988,79.97973551999999,39.999999599999995,1.999493407994934,1.9590862486735612,39.979735919999996,3.5449090000838623,7.640735000677523
101.16185403299914,80.01977112,39.999999599999995,2.000494298004943,1.959286426675563,40.019771520000006,3.7125229991943343,6.324676999611256
101.26147584099999,80.02777824,39.999999599999995,2.000694476006945,1.9593264622759634,40.02777864000001,3.277350000644219,8.515843000168388
101.36434568299956,80.05084920000002,39.999999599999995,2.001271250012713,1.959441817077117,40.05084960000002,5.85035499989317,11.114181000266399
101.46041169099954,80.01656351999999,39.999999599999995,2.000414108004141,1.9592703886754026,40.016563919999996,2.823490000082529,6.9581130001097335
101.56128798199916,79.91513208000002,39.999999599999995,1.997878321978784,1.9587632314703312,39.915132480000025,3.266996999627736,7.471435999832465
101.66350290599985,80.07306480000001,39.999999599999995,2.0018266400182667,1.9595528950782277,40.073065200000016,3.575817000637471,10.314723000192316
101.76162076299988,79.96096512000001,149.9212426914,0.5333531371841199,1.6658581945113982,-69.9602775714,2.6992290004272945,8.303302000058466
101.86354882999967,80.03561904000001,148.07335658184,0.5405133029166149,1.4407892161924416,-68.03773754183997,6.350992000079714,10.608339000100386
101.96176428199942,80.04571704000001,143.51957662680002,0.5577337874131711,1.2641781304365876,-63.4738595868,3.8415809995058225,8.000685999832058
102.06255779299954,80.03756736000001,139.0741735608,0.5755027357758085,1.1264430515044317,-59.036606200799994,4.05371400029253,9.071907000361534
102.16183994699986,79.96818816000001,135.08788374036,0.5919715813573592,1.0195487574750173,-55.11969558036,4.512350999902992,18.174888000430656
102.2599792309993,79.98812280000001,131.6929289166,0.6073835813208757,0.9371157222441889,-51.7048061166,1.988736999919638,7.228043999930378
102.36109439599932,79.96471920000002,128.29045856759998,0.623309949101665,0.8743545676156842,-48.325739367599965,3.177384999617061,8.353450999493361
102.46256284399988,79.95331440000001,124.87418820936,0.640270944271949,0.8275378429469372,-44.92087380935999,2.873195000574924,9.71730600031151
102.56188340599965,79.94970288,122.02107659244,0.6552122396611718,0.7930727222897842,-42.07137371243999,3.808968999692297,8.53543500033993
102.65996057699977,80.05543488,119.1721104,0.6717631718637418,0.7688108122045758,-39.11667551999999,2.2185910002008313,6.390030000147817
102.76056236399927,79.96414896,116.32827416652,0.6874008020228515,0.752528810168231,-36.36412520652,2.6235989998895093,3.8243589997364325
102.85947915999986,80.00751096,114.0561612,0.7014746956081142,0.7553435888852835,-34.04865024,1.7407880004611798,6.020931999955792
102.95933961899937,79.99166304,111.21980693688,0.719221380103611,0.7588929257843829,-31.22814389688,1.81597399932798,5.9727449997808435
103.06042693199925,79.97850000000001,108.3896203248,0.7378796951252037,0.7626245887887014,-28.411120324799995,2.3681129996475647,7.569882000098005
103.1595346389995,80.02224216,106.16814247644001,0.7537312068708173,0.7657948911378242,-26.145900316440006,2.2382959996321006,6.4389019998998265
103.26099088299998,80.03205504,103.52979776772,0.7730340130631796,0.7696554523762966,-23.497742727719995,3.603058000408055,7.795571000315249
103.35866528899987,80.00808120000002,101.53988167572,0.7879473550650333,0.7726381207766674,-21.531800475719976,1.453746000152023,5.6705560000409605
103.45953585699954,80.05752576000002,99.20090335536,0.8070241605886986,0.7764534818814004,-19.14337759535998,1.7322319999948377,5.9203179998803535
103.55956259699997,80.01097992,97.0172352,0.8247089267701581,0.7799904351176923,-17.006255280000005,1.2382049999359879,6.370196000716533
103.66165709300003,79.98779016000002,95.3645667192,0.838757967574301,0.7828002432785209,-15.376776559199982,4.461332000573748,8.602973000051861
103.75941662999958,79.83320760000001,93.4022304,0.8547248524806107,0.7859936202597828,-13.569022799999985,2.0885339999949792,6.338029999824357
103.8593761279999,80.01337968000001,91.90774187532001,0.8705836749698885,0.7891653847576384,-11.89436219532,2.0711820006908965,6.2009900002522045
103.96008628599975,79.80790320000001,90.229986,0.8844942434103893,0.8082311564881887,-10.422082799999984,2.128275000359281,6.366065999827697
104.06168071799948,79.99230456000001,88.93996612884001,0.8993966159613973,0.8112116309983903,-8.947661568840005,4.203141999823856,8.585102000324696
104.16110589299933,79.95671208000002,87.56936560116,0.9130671614565272,0.8315827370900177,-7.612653521159984,3.5509469998942222,7.7525339993371745
104.25849073799964,80.03020176000001,86.43866369616,0.9258611637185145,0.8504384224157171,-6.408461936159995,1.4853760003461502,5.633165999824996
104.35905119099971,79.99501320000002,85.00807466063999,0.9410284084111706,0.8534718713542484,-5.013061460639975,1.897050000479794,6.036062000021047
104.46067877099995,79.96802184,83.28733227324,0.960146275037957,0.8748067520909901,-3.319310433239991,2.0583290006470634,7.86077600059798
104.55964891999974,79.97907024,81.8595684,0.9770277537891343,0.895250952430619,-1.880498160000002,2.31316700046591,6.512660999760556
104.66193904899956,79.97648040000001,80.44411162860001,0.9941868805667344,0.9150381380578421,-0.4676312285999984,3.0359570000655367,8.4439519996522
104.76001760899999,80.05386672,79.04533843908,1.0127588584075362,0.9187525336260025,1.0085282809200038,2.1328500006347895,7.270563000020047
104.85965339799986,80.06655456000001,77.39014492224,1.0345833392668953,0.9419186947541811,2.676409637760017,2.2955929998715874,6.462012000156392
104.9596910829996,79.9438104,76.0287708,1.0514941851460262,0.9638337928325502,3.9150396,1.8524930001149187,6.009560999700625
105.06316502699974,80.00508744,74.415006,1.0751203519354684,0.9860911046531339,5.590081439999992,5.5360900005325675,9.711028000310762
105.16191907999928,80.04842568000001,72.82114560000001,1.0992469978390453,1.0087222832903162,7.22728008,4.607426999427844,8.815198999400309
105.26036453500001,79.99907616000002,71.245044,1.1228721559916508,1.0315522578305831,8.754032160000023,2.064645000245946,7.648069000424584
105.36251782799991,79.94925144,69.684786,1.1472985141979197,1.0547015091040506,10.264465439999995,5.164066000361345,9.341949000372551
105.4600028599998,79.97092056000002,68.138622,1.1736503940452454,1.0784912860922897,11.832298560000027,2.6588400005493895,6.8368709999049315
105.56015900900002,79.99182936,66.6049968,1.2009884123288481,1.1029907113396014,13.386832560000002,2.297111000189034,7.450695000443375
105.66263093699945,79.99128288000001,65.0825172,1.2290748164239722,1.1282075323564755,14.908765680000016,1.7096760002459632,7.701476999500301
105.76169090199983,79.9977456,63.318792978,1.2634123589152289,1.1552484976682262,16.678952622000004,3.6579670004357467,6.845241000519309
105.85942775299918,79.97947416000001,61.56674539092,1.299069386438536,1.1840126754222884,18.41272876908001,2.2974079993218766,6.5679029994498705
105.9623608919992,80.02055520000002,59.82372,1.33760580585761,1.2147313015093528,20.196835200000017,4.524387999481405,8.704918999683287
106.06188101299995,80.00290152000001,58.08593863908,1.3773195956615627,1.247248960339795,21.91696288092001,3.5675580002134666,8.795477000603569
106.16142689299977,80.03621304000002,56.1034692,1.426582244935399,1.2831156172589158,23.932743840000022,3.682504000607878,7.823201000064728
106.26104681199922,79.98833664000001,54.129274907040006,1.4777278427869132,1.3220380623645154,25.859061732960008,2.775934000055713,6.229675999747997
106.36203841899987,79.97648040000001,52.431354000000006,1.5253559997706716,1.3627016498457465,27.545126400000008,1.2009820002276683,8.861144000547938
106.46201610299977,80.05994928000003,50.3362908,1.5905015647279284,1.4082616328221829,29.723658480000026,2.3954650005180156,9.140556000602373
106.56171861499934,80.00073936000001,48.64577069988,1.6445569308288779,1.4555206924235218,31.354968660120008,2.9891589992985246,8.618918000138365
106.65972230399984,79.98465384000002,47.402834399999996,1.6873390558265864,1.5018843651041347,32.581819440000025,2.581135000582435,6.694720000268717
106.7628879469994,80.00332920000002,45.85713242256,1.7446212829618926,1.5504317486756862,34.146196777440025,2.735729999585601,9.353781999379862
106.86198494999917,80.00629920000002,44.87924234376,1.7827016460567338,1.5968857281518958,35.12705685624002,1.6502679991390323,8.69551199957641
106.95915851299924,80.04417264,44.00340175728001,1.8190451065924087,1.6413176038399984,36.04077088271999,1.8809749999491032,6.103413999881013
107.06273488499937,80.03880288,43.1952732,1.8529528105866917,1.6836446451893372,36.84352968,5.382160999943153,9.521969999696012
107.16264778999994,79.97911776000002,42.73230025872,1.8716314655605133,1.7212420092635725,37.24681750128002,5.258419000711001,9.36126300075557
107.26229374599916,80.00686944,42.21909,1.8950401214237447,1.756001631695607,37.78777944,2.2636849998889375,9.3839859991931
107.35980072299935,80.01288072000001,41.7917524068,1.9145615130266946,1.7877136079618248,38.22112831320001,2.5993389999712235,6.789350999497401
107.46174791999965,80.02112544,41.3997516,1.9328890234210971,1.8167486910536794,38.621373840000004,3.9753609999024775,8.468693000395433
107.56349522499931,80.00848512,41.11550109288,1.9459445462980172,1.842587862102547,38.89298402712,6.350863000079698,10.457188999680511
107.66223914799957,80.00770104,40.85133081912,1.9585090481936835,1.8657720993207745,39.15637022088,4.6041489995332086,8.977239000159898
107.75958002899915,79.99035624,40.6640664,1.9671017515356013,1.88603802976374,39.326289839999994,2.0600889993147575,6.2859169993316755
107.85941574799926,79.97586264000002,40.486201523279995,1.9753856778589873,1.9039075593827897,39.48966111672002,2.18494299951999,6.320677000076103
107.96128042500004,79.99028496000001,40.30857087732,1.9844485482616627,1.9057201334633247,39.68171408268001,3.4230000001116423,7.588031000523188
108.06218693899973,79.94846736,40.13154,1.9921604643131061,1.9072625166736135,39.816927359999994,3.9823619999879156,9.184946000459604
108.16148370399969,80.03963448,39.9592116,2.003033375162987,1.9264166883714882,40.08042288,3.6571520004144986,7.978630000252451
108.2595711899994,79.93554191999999,39.84205698072,2.0063106169112115,1.927072136721133,40.09348493927999,2.2716109997418243,6.424438000067312
108.36212593399978,79.97491224000001,39.7497229272,2.011961501881933,1.9282023137152773,40.22518931280001,4.7136880002653925,9.109481999985292
108.46220393399926,79.94758824,39.68739488232,2.01443275571648,1.9454484021155178,40.26019335768,2.5879679997160565,8.905403999960981
108.56205713399959,80.04583584,39.6478476504,2.0189200822656113,1.9463458674253442,40.39798818959999,1.6329339996445924,9.22087199978705
108.66127049099941,79.97876136000002,39.62660757228,2.0183095717723654,1.946223765326695,40.35215378772002,3.6005399997520726,7.7409039995472995
108.76170010799979,79.98653088,39.6166212,2.0190144554780964,1.9463647420678412,40.369909680000006,4.424405999998271,8.6343080001825
108.8605267539997,80.0055864,39.616077600000004,2.019523164504302,1.9464664838730823,40.389508799999994,1.9136979999530013,6.792017999941891
108.96162236299915,80.0359992,39.6233507808,2.019920012387808,1.9465458534497835,40.4126484192,1.1378699991837493,8.407432999774755
109.05972394199944,79.97275008000001,39.638089170360004,2.0175732926046517,1.9460765094931523,40.33466090964001,1.9384389997867402,4.181548999440565
109.1591721169998,80.018298,39.658328362439995,2.0176921545635427,1.9461002818849304,40.359969637560006,1.9371240005057189,6.13467400035006
109.26005824200001,79.97750208000001,39.68046844272,2.015538253925859,1.9456695017573937,40.29703363728001,1.3788930000373512,7.204895000541001
109.36327694099964,80.02186200000001,39.70733764644,2.0152915491974426,1.9456201608117105,40.31452435356001,6.117228999755753,10.344668000470847
109.46207406799931,79.98386976000002,39.7335276,2.013007014257652,1.9451632538237522,40.25034216000002,2.8420089993232978,8.449508000012429
109.56038374299987,79.95407472000002,39.7628964,2.010770893440248,1.9447160296602715,40.19117832000002,2.6123570005438523,6.787221000195132
109.65994490199955,79.99315992,39.789895151159996,2.010388808920195,1.9446396127562608,40.20326476884,2.0825900001000264,6.268954000006488
109.76338310499978,80.10176688000001,39.81899875212,2.011646937147944,1.9448912384018107,40.28276812788001,6.327844000225014,10.473856000317028
109.86168807599915,79.90966728,39.84720595416,2.0054020192012363,1.9436422548124692,40.06246132583999,1.767824999660661,8.836995999445207
109.96171238999978,80.02043640000001,39.87181564344,2.006942375426175,1.9439503260574569,40.14862075656001,4.1421969999646535,8.395192000534735
110.06011962199955,80.0055864,39.894919200000004,2.005407906679004,1.9436434323080227,40.110667199999995,2.8773249996447703,7.07074499950977
110.16173812899979,80.02708920000002,39.9181464,2.004779690872621,1.943517789146746,40.10894280000002,4.386960999909206,8.545954000510392
110.26114343299923,80.06166,39.9391236,2.0045923090811137,1.9434803127884446,40.1225364,2.4556700000175624,16.8033669997385
110.36165012499987,79.98586560000001,39.9562943706,2.001833925291479,1.9429286360305178,40.02957122940001,4.454702000657562,8.569417000217072
110.46139315699929,79.99147296000001,39.974025600000004,2.001086249366889,1.9427791008455997,40.017447360000006,3.8982859996394836,6.1660450000999845
110.5656841329992,80.02975032,39.9869099784,2.0013987168108316,1.9428415943343882,40.042840341600005,7.872368999414903,12.063474999195023
110.65980392499932,80.02041264,39.997933218360004,2.000613686790915,1.942684588330405,40.02247942164,1.4285239994933363,6.3145109998004045
110.7607605129997,80.05158576,40.00795561512,2.000891685896255,1.942740188151473,40.04363014488,1.954606000253989,8.052797999880568
110.86177691699959,80.01183528000001,40.015432800000006,1.999524425486159,1.9424667360694536,39.99640248000001,3.8657109998894157,9.030238999912399
110.95984575499915,79.98227784000001,40.0218768,1.9984639460986,1.9422546401919418,39.96040104000001,2.101996999954281,6.582051999430405
111.06181211900002,80.00444592,40.026708,1.9987765648876243,1.9423171639497467,39.977737919999996,4.25175400050648,8.452545000181999
111.16250329599916,79.9337124,40.0301028,1.9968400480850126,1.9419298605892243,39.9036096,2.4227619996963767,9.784677999959968
111.26172931899964,80.05997304000002,40.032106797240004,1.9998940711638917,1.9425406652050001,40.02786624276001,3.67887399988831,8.879699999852164
111.36115808699924,80.00751096,40.0331904012,1.9985294741235953,1.9422677457969408,39.9743205588,3.673300999253115,7.837164999727975
111.46211584199955,79.95790008,40.033473599880004,1.9972761014732348,1.9420170712668687,39.92442648012,3.631671000221104,9.042091999617696
111.56177777899939,80.00057304000002,40.033044000000004,1.9983634779308816,1.9422345465583981,39.96752904000002,4.27142099943012,8.49591599944688
111.65930549699988,80.02502208,40.032070802279996,1.9990227953794046,1.9423664100481028,39.99295127772,1.8564370002422947,5.991820000417647
111.75956624099945,79.99532208000002,40.030515603,1.9983585241156612,1.942233555795354,39.964806477000025,2.206258000114758,6.3627150002503186
111.86104317099944,80.00934048,40.0285656036,1.9988060844429634,1.9423230678608145,39.980774876400005,3.0305299997053226,8.210021999730088
111.95977592700001,79.94371536,40.02633120384,1.9972781155703436,1.9420174740862906,39.91738415616,1.8721780006671906,7.0641890006299946
112.06033428699993,80.00313912,40.024120795920005,1.9988731177364274,1.9423364745195073,39.979018324079995,2.9608069999085274,7.178469000791665
112.16324783299933,79.91225712,40.02161039568,1.9967276761213455,1.941907386196491,39.89064672432001,5.492162999871653,10.179850999520568
112.26233163199959,80.01269064000002,40.0190675958,1.9993641892945386,1.9424346888311297,39.993623044200014,4.628167999726429,8.777234999797656
112.35959349399945,80.04384,40.0167504,2.0002583718042235,1.9426135253330665,40.027089600000004,2.396779999799037,6.633904999944207
112.46535627199955,79.97740704,40.0142736,1.9987219520586272,1.9423062413839474,39.96313344,0.853403000292019,12.28144099968631
112.56171602599989,79.99042752000001,40.0119012,1.9991658761768616,1.9423950262075942,39.978526320000014,2.268889000333729,8.738141999856452
112.6587883659995,79.96129776000001,40.0098456036,1.9985405230557867,1.9422699555833791,39.95145215640001,1.4290600001913845,5.7274270002380945
112.76302358199973,80.01328464,40.007767203360004,1.9999437667513766,1.9425506043224972,40.00551743663999,2.737785000135773,9.658324000156426
112.86167566999939,80.01088488000002,40.006023597,1.999970946525161,1.9425560402772541,40.00486128300002,1.836659999753465,8.135633000165399
112.9639416129994,79.98325200000001,40.004309997360004,1.9993658684596316,1.9424350246641482,39.978942002640004,6.613034000110929,10.785527999360056
113.05987823099986,79.96536072000002,40.0029156,1.9989883117419576,1.9423595133206133,39.96244512000002,1.6078600001492305,6.8685189999087015
113.1613214379995,80.06560416,40.00169520216,2.0015552779792354,1.942872906568069,40.063908957840006,3.5659100003613275,8.04718600011256
113.2600664169995,79.93615968,40.0005504018,1.9983764942495124,1.9422371498221245,39.935609278200005,1.2202790003357222,6.5601440001046285
113.3602697339993,80.00147592,39.99958920144,2.0000574385178913,1.9425733386758002,40.00188671856,1.3225399998191278,6.565236999449553
113.46473080499982,80.0029728,39.9988667988,2.000130983770774,1.9425880477263768,40.00410600119999,4.229660999953921,11.140422000607941
113.56053051299932,79.96191552000002,39.99823079904,1.999136309846964,1.9423891129416146,39.96368472096002,1.839881999330828,7.205468999927689
113.66183110699967,79.8766884,39.99774599928,1.9970297426619457,1.941967799504611,39.87894240072001,1.7690280001261272,8.254801000475709
113.76159269499931,80.01337968000001,39.9974184,2.000463601920868,1.9426545713563956,40.01596128000001,2.5326340000901837,8.632306999970751
113.86219266599983,79.95790008,39.9971736,1.9990887576116128,1.9423796024945443,39.96072648,2.60070900003484,8.951793000051111
113.96237840899994,79.95873168,39.99704160024,1.999116146618209,1.9423850802958638,39.96169007976,2.328501000192773,9.3945230000827
114.06183976899956,80.00337672,39.9969828,2.0002352957483587,1.9426089101218937,40.00639392000001,2.0959969997420558,8.391043999836256
114.16140385399922,80.09710992000002,39.99699839988,2.0025780214607387,1.9430774552643697,40.100111520120024,3.710560999934387,8.541101999981038
114.26012707299924,80.03155608,39.997070400240005,2.0009354505003887,1.9427489410722996,40.034485679759996,1.7362139997203485,6.981761999668379
114.35977645499952,80.03987208000001,39.99719280024,2.001137241799623,1.9427892993321465,40.04267927976001,1.5246920002027764,6.103562999669521
114.46068691299934,79.96526568,39.9973428,1.999264453137622,1.9424147415997464,39.96792288,1.5594520000377088,8.119539999825065
114.56026271899918,80.00594280000001,39.997533600000004,2.0002719067657715,1.9426162323253762,40.00840920000001,2.0076619994142675,7.582437999190006
114.66350865999993,79.9947756,39.997727999640006,1.9999829890517777,1.9425584487825773,39.99704760035999,4.3976460001431406,10.698878000766854
114.76176525999927,80.01682488,39.99794759964001,2.00052326886693,1.942666504745608,40.018877280359995,2.3668719995839638,8.395154999561782
114.86120867599948,80.01815544,39.998156400359996,2.0005460911513366,1.9426710692024893,40.019999039640005,3.8362109999070526,8.051112999964971
114.96307492699998,79.98579432,39.998386800359995,1.9997255069116964,1.9425069523545613,39.98740751964,5.16358400000172,9.72317700052372
115.06376084399926,80.05700304000003,39.998612400480006,2.0014945078204587,1.9428607525363137,40.05839063952002,4.286513999431918,11.13255099971866
115.16217279899956,79.97821488000001,39.998811599999996,1.9995147775840425,1.9424648064890304,39.979403280000014,4.858764000346127,9.096722000322188
115.25953080999989,79.96379256,39.99900479976,1.9991445527284668,1.9423907615179152,39.96478776024,1.1776669998653233,6.014801000674197
115.36150195199934,79.97591016000001,39.99920039964,1.9994377227780735,1.9424493955278366,39.97670976036001,1.3628549995701178,8.281505000013567
115.46135668899933,79.99508448,39.99936600036,1.999908810536648,1.9425436130795515,39.995718479640004,2.9101209993314114,7.849683000131336
115.56026622599984,79.98705360000001,39.999529200240005,1.9996998764555476,1.9425018262633313,39.987524399760005,1.668638000410283,6.8637230006061145
115.66255705799995,79.99976520000001,39.99967680024,2.000010290071144,1.9425639089864508,40.00008839976001,5.117268000503827,9.489858000051754
115.75986573599948,80.01741888000002,39.9997944,2.0004457542911775,1.9426510018304575,40.01762448000002,2.1992949996274547,6.431771999814373
115.86203586199917,80.0190108,39.999905999999996,2.0004799711279326,1.9426578451978085,40.01910480000001,4.045731999212876,8.581490999858943
115.96023277599943,80.04146400000002,39.99999359988001,2.0010369201719103,1.942769235006604,40.04147040012001,1.6171190000022762,7.04061400028877
116.0608045809995,79.9284852,40.00007279988,1.9982084932665367,1.9422035496255292,39.928412400119996,3.0649760001324466,7.281192999471386
116.16001464099918,79.99332624,40.00013160012,1.9998265765645638,1.9425271662851347,39.99319463988,1.5532659999735188,6.582569999409316
116.25979632099916,80.01893952,40.0001832,2.0004643258733874,1.9426547161468994,40.01875632,1.665767999838863,5.9769489998870995
116.36177446299916,79.97728824000002,40.00022160012,1.9994211292009465,1.9424460768124112,39.97706663988002,1.5015239996500895,9.011016999465937
116.45953974099939,79.96070376,40.000248,1.999005200167759,1.9423628910057738,39.96045576,2.382427999691572,3.634134000094491
116.56254554799943,79.99232832,40.0002624,1.999795089344214,1.9425208688410647,39.99206592,4.968637000274612,9.52371099992888
116.66051973599951,80.02055520000002,40.000273199999995,2.0005002165835215,1.9426618942889262,40.02028200000002,3.0114379997030483,7.5239750003675
116.76132674799919,80.0124768,40.000273199999995,2.0002982579628985,1.9426215025648017,40.01220360000001,4.178456999397895,8.59582499924727
116.85900672699972,79.95892176,40.0002696,1.9989595710124912,1.9423537651747202,39.95865215999999,1.876049000202329,5.029248000028019
116.96004883599926,80.05655160000002,40.0002624,2.0014006608116657,1.9428419831345551,40.05628920000002,1.698675999250554,6.9124649999139365
117.06227879699964,80.02416672000001,40.000248,2.0005917643310616,1.9426802038384343,40.02391872000001,4.23134700031369,8.660770999995293
117.15932709899971,80.01228672,40.0002336,2.0002954862743603,1.942620948227094,40.012053120000004,2.062180999928387,6.258379000428249
117.2617515259999,79.99408656,40.000215600000004,1.9998413848549355,1.942530127943209,39.993870959999995,2.7341000004525995,9.064851000402996
117.36028033499952,79.96604976000002,40.00019760000001,1.999141368241641,1.9423901246205502,39.96585216000001,1.3384109997787164,6.826185999670997
117.45979393699963,79.99472808,40.000176,1.9998594026186283,1.9425337314959474,39.99455208,2.6001539999924717,6.7731480003203615
